#ifdef __has_include
    #if __has_include("lvgl.h")
        #ifndef LV_LVGL_H_INCLUDE_SIMPLE
            #define LV_LVGL_H_INCLUDE_SIMPLE
        #endif
    #endif
#endif

#if defined(LV_LVGL_H_INCLUDE_SIMPLE)
    #include "lvgl.h"
#else
    #include "../lvgl/lvgl.h"
#endif


#ifndef LV_ATTRIBUTE_MEM_ALIGN
#define LV_ATTRIBUTE_MEM_ALIGN
#endif

#ifndef LV_ATTRIBUTE_IMG_BIGGESTHEART
#define LV_ATTRIBUTE_IMG_BIGGESTHEART
#endif

const LV_ATTRIBUTE_MEM_ALIGN LV_ATTRIBUTE_LARGE_CONST LV_ATTRIBUTE_IMG_BIGGESTHEART uint8_t BiggestHeart_map[] = {
  0xb3, 0x9a, 0xfb, 0xff, 	/*Color of index 0*/
  0xad, 0x92, 0xfb, 0xff, 	/*Color of index 1*/
  0x77, 0x92, 0xfa, 0xff, 	/*Color of index 2*/
  0xaa, 0x89, 0xfa, 0xff, 	/*Color of index 3*/
  0xa2, 0x87, 0xfb, 0xff, 	/*Color of index 4*/
  0x99, 0x83, 0xfb, 0xff, 	/*Color of index 5*/
  0x9c, 0x7c, 0xfc, 0xff, 	/*Color of index 6*/
  0x5d, 0x81, 0xfa, 0xff, 	/*Color of index 7*/
  0x91, 0x7a, 0xfa, 0xff, 	/*Color of index 8*/
  0x76, 0x7b, 0xf8, 0xff, 	/*Color of index 9*/
  0x89, 0x73, 0xfb, 0xff, 	/*Color of index 10*/
  0x92, 0x6f, 0xfc, 0xff, 	/*Color of index 11*/
  0x54, 0x7d, 0xe1, 0xff, 	/*Color of index 12*/
  0x5f, 0x73, 0xfa, 0xff, 	/*Color of index 13*/
  0x45, 0x71, 0xfc, 0xff, 	/*Color of index 14*/
  0x83, 0x6b, 0xfa, 0xff, 	/*Color of index 15*/
  0x72, 0x70, 0xd5, 0xff, 	/*Color of index 16*/
  0x68, 0x66, 0xfa, 0xff, 	/*Color of index 17*/
  0x58, 0x67, 0xfc, 0xff, 	/*Color of index 18*/
  0x84, 0x63, 0xfa, 0xff, 	/*Color of index 19*/
  0x76, 0x62, 0xfb, 0xff, 	/*Color of index 20*/
  0x3a, 0x67, 0xfc, 0xff, 	/*Color of index 21*/
  0x46, 0x64, 0xfc, 0xff, 	/*Color of index 22*/
  0x2e, 0x66, 0xfc, 0xff, 	/*Color of index 23*/
  0x76, 0x64, 0xe6, 0xff, 	/*Color of index 24*/
  0x79, 0x5a, 0xfc, 0xff, 	/*Color of index 25*/
  0x2a, 0x61, 0xfc, 0xff, 	/*Color of index 26*/
  0x70, 0x5a, 0xfb, 0xff, 	/*Color of index 27*/
  0x6a, 0x57, 0xfb, 0xff, 	/*Color of index 28*/
  0x55, 0x58, 0xfc, 0xff, 	/*Color of index 29*/
  0x27, 0x5b, 0xfc, 0xff, 	/*Color of index 30*/
  0x33, 0x59, 0xfc, 0xff, 	/*Color of index 31*/
  0x76, 0x59, 0xe5, 0xff, 	/*Color of index 32*/
  0x64, 0x60, 0xd3, 0xff, 	/*Color of index 33*/
  0x3b, 0x57, 0xfc, 0xff, 	/*Color of index 34*/
  0x43, 0x55, 0xfc, 0xff, 	/*Color of index 35*/
  0x67, 0x51, 0xfb, 0xff, 	/*Color of index 36*/
  0x66, 0x54, 0xe4, 0xff, 	/*Color of index 37*/
  0x4d, 0x5d, 0xc8, 0xff, 	/*Color of index 38*/
  0x26, 0x51, 0xfb, 0xff, 	/*Color of index 39*/
  0x7b, 0x48, 0xfa, 0xff, 	/*Color of index 40*/
  0x61, 0x4a, 0xfb, 0xff, 	/*Color of index 41*/
  0x42, 0x4c, 0xfc, 0xff, 	/*Color of index 42*/
  0x6f, 0x46, 0xfb, 0xff, 	/*Color of index 43*/
  0x5b, 0x45, 0xfb, 0xff, 	/*Color of index 44*/
  0x67, 0x49, 0xe7, 0xff, 	/*Color of index 45*/
  0x38, 0x47, 0xfc, 0xff, 	/*Color of index 46*/
  0x54, 0x42, 0xfb, 0xff, 	/*Color of index 47*/
  0x2b, 0x45, 0xfb, 0xff, 	/*Color of index 48*/
  0x21, 0x46, 0xfb, 0xff, 	/*Color of index 49*/
  0x52, 0x46, 0xe8, 0xff, 	/*Color of index 50*/
  0x45, 0x41, 0xfb, 0xff, 	/*Color of index 51*/
  0x67, 0x41, 0xee, 0xff, 	/*Color of index 52*/
  0x6b, 0x3b, 0xf8, 0xff, 	/*Color of index 53*/
  0x60, 0x3b, 0xfb, 0xff, 	/*Color of index 54*/
  0x53, 0x3a, 0xfb, 0xff, 	/*Color of index 55*/
  0x66, 0x46, 0xcb, 0xff, 	/*Color of index 56*/
  0x42, 0x54, 0xa5, 0xff, 	/*Color of index 57*/
  0x46, 0x3a, 0xfb, 0xff, 	/*Color of index 58*/
  0x37, 0x3b, 0xfb, 0xff, 	/*Color of index 59*/
  0x23, 0x3b, 0xfb, 0xff, 	/*Color of index 60*/
  0x6e, 0x33, 0xf9, 0xff, 	/*Color of index 61*/
  0x5d, 0x39, 0xe8, 0xff, 	/*Color of index 62*/
  0x61, 0x33, 0xf8, 0xff, 	/*Color of index 63*/
  0x4c, 0x33, 0xfb, 0xff, 	/*Color of index 64*/
  0x41, 0x34, 0xfb, 0xff, 	/*Color of index 65*/
  0x4c, 0x41, 0xc2, 0xff, 	/*Color of index 66*/
  0x3a, 0x31, 0xfb, 0xff, 	/*Color of index 67*/
  0x5c, 0x2e, 0xf9, 0xff, 	/*Color of index 68*/
  0x69, 0x2c, 0xfb, 0xff, 	/*Color of index 69*/
  0x50, 0x2e, 0xfa, 0xff, 	/*Color of index 70*/
  0x22, 0x32, 0xfb, 0xff, 	/*Color of index 71*/
  0x60, 0x29, 0xfb, 0xff, 	/*Color of index 72*/
  0x46, 0x2a, 0xfb, 0xff, 	/*Color of index 73*/
  0x5e, 0x2c, 0xec, 0xff, 	/*Color of index 74*/
  0x40, 0x32, 0xe1, 0xff, 	/*Color of index 75*/
  0x38, 0x2a, 0xfb, 0xff, 	/*Color of index 76*/
  0x22, 0x2b, 0xfb, 0xff, 	/*Color of index 77*/
  0x52, 0x25, 0xfb, 0xff, 	/*Color of index 78*/
  0x48, 0x28, 0xef, 0xff, 	/*Color of index 79*/
  0x5f, 0x22, 0xfb, 0xff, 	/*Color of index 80*/
  0x49, 0x3d, 0xa7, 0xff, 	/*Color of index 81*/
  0x5c, 0x2e, 0xd0, 0xff, 	/*Color of index 82*/
  0x43, 0x23, 0xfa, 0xff, 	/*Color of index 83*/
  0x37, 0x43, 0x8f, 0xff, 	/*Color of index 84*/
  0x31, 0x23, 0xfb, 0xff, 	/*Color of index 85*/
  0x4c, 0x20, 0xfb, 0xff, 	/*Color of index 86*/
  0x3b, 0x21, 0xfb, 0xff, 	/*Color of index 87*/
  0x3c, 0x2f, 0xca, 0xff, 	/*Color of index 88*/
  0x5b, 0x24, 0xe4, 0xff, 	/*Color of index 89*/
  0x20, 0x22, 0xfa, 0xff, 	/*Color of index 90*/
  0x49, 0x1c, 0xfa, 0xff, 	/*Color of index 91*/
  0x55, 0x2c, 0xbd, 0xff, 	/*Color of index 92*/
  0x58, 0x1a, 0xf8, 0xff, 	/*Color of index 93*/
  0x39, 0x1b, 0xfa, 0xff, 	/*Color of index 94*/
  0x44, 0x19, 0xf8, 0xff, 	/*Color of index 95*/
  0x3e, 0x1e, 0xe9, 0xff, 	/*Color of index 96*/
  0x33, 0x1a, 0xfa, 0xff, 	/*Color of index 97*/
  0x2b, 0x1a, 0xfb, 0xff, 	/*Color of index 98*/
  0x1f, 0x1a, 0xf7, 0xff, 	/*Color of index 99*/
  0x52, 0x1b, 0xe0, 0xff, 	/*Color of index 100*/
  0x39, 0x15, 0xf9, 0xff, 	/*Color of index 101*/
  0x42, 0x28, 0xb6, 0xff, 	/*Color of index 102*/
  0x53, 0x14, 0xf3, 0xff, 	/*Color of index 103*/
  0x2c, 0x39, 0x81, 0xff, 	/*Color of index 104*/
  0x41, 0x20, 0xca, 0xff, 	/*Color of index 105*/
  0x44, 0x13, 0xf2, 0xff, 	/*Color of index 106*/
  0x34, 0x12, 0xfa, 0xff, 	/*Color of index 107*/
  0x4b, 0x11, 0xf5, 0xff, 	/*Color of index 108*/
  0x3e, 0x1a, 0xda, 0xff, 	/*Color of index 109*/
  0x2a, 0x12, 0xfa, 0xff, 	/*Color of index 110*/
  0x33, 0x13, 0xf3, 0xff, 	/*Color of index 111*/
  0x21, 0x13, 0xf9, 0xff, 	/*Color of index 112*/
  0x41, 0x29, 0xa1, 0xff, 	/*Color of index 113*/
  0x42, 0x12, 0xea, 0xff, 	/*Color of index 114*/
  0x1e, 0x13, 0xf2, 0xff, 	/*Color of index 115*/
  0x31, 0x11, 0xed, 0xff, 	/*Color of index 116*/
  0x4d, 0x0d, 0xeb, 0xff, 	/*Color of index 117*/
  0x1e, 0x11, 0xec, 0xff, 	/*Color of index 118*/
  0x32, 0x0c, 0xf6, 0xff, 	/*Color of index 119*/
  0x29, 0x0a, 0xf9, 0xff, 	/*Color of index 120*/
  0x4a, 0x13, 0xcf, 0xff, 	/*Color of index 121*/
  0x23, 0x0c, 0xf3, 0xff, 	/*Color of index 122*/
  0x40, 0x0e, 0xe1, 0xff, 	/*Color of index 123*/
  0x2f, 0x0b, 0xeb, 0xff, 	/*Color of index 124*/
  0x34, 0x1f, 0xa6, 0xff, 	/*Color of index 125*/
  0x41, 0x08, 0xe9, 0xff, 	/*Color of index 126*/
  0x1f, 0x0b, 0xea, 0xff, 	/*Color of index 127*/
  0x3b, 0x0a, 0xe0, 0xff, 	/*Color of index 128*/
  0x3a, 0x21, 0x91, 0xff, 	/*Color of index 129*/
  0x29, 0x04, 0xf7, 0xff, 	/*Color of index 130*/
  0x36, 0x0d, 0xd4, 0xff, 	/*Color of index 131*/
  0x2c, 0x08, 0xe5, 0xff, 	/*Color of index 132*/
  0x25, 0x03, 0xf2, 0xff, 	/*Color of index 133*/
  0x1c, 0x08, 0xe4, 0xff, 	/*Color of index 134*/
  0x43, 0x0b, 0xc9, 0xff, 	/*Color of index 135*/
  0x25, 0x29, 0x6c, 0xff, 	/*Color of index 136*/
  0x29, 0x02, 0xec, 0xff, 	/*Color of index 137*/
  0x36, 0x06, 0xda, 0xff, 	/*Color of index 138*/
  0x1c, 0x07, 0xde, 0xff, 	/*Color of index 139*/
  0x2a, 0x04, 0xe2, 0xff, 	/*Color of index 140*/
  0x22, 0x02, 0xea, 0xff, 	/*Color of index 141*/
  0x3b, 0x02, 0xde, 0xff, 	/*Color of index 142*/
  0x1d, 0x03, 0xe0, 0xff, 	/*Color of index 143*/
  0x29, 0x03, 0xdb, 0xff, 	/*Color of index 144*/
  0x22, 0x01, 0xe3, 0xff, 	/*Color of index 145*/
  0x29, 0x18, 0x8f, 0xff, 	/*Color of index 146*/
  0x31, 0x1c, 0x7e, 0xff, 	/*Color of index 147*/
  0x3d, 0x01, 0xd4, 0xff, 	/*Color of index 148*/
  0x1c, 0x02, 0xda, 0xff, 	/*Color of index 149*/
  0x22, 0x01, 0xdb, 0xff, 	/*Color of index 150*/
  0x29, 0x02, 0xd3, 0xff, 	/*Color of index 151*/
  0x32, 0x01, 0xcf, 0xff, 	/*Color of index 152*/
  0x3b, 0x01, 0xca, 0xff, 	/*Color of index 153*/
  0x23, 0x01, 0xd2, 0xff, 	/*Color of index 154*/
  0x1b, 0x01, 0xd3, 0xff, 	/*Color of index 155*/
  0x2b, 0x01, 0xca, 0xff, 	/*Color of index 156*/
  0x22, 0x01, 0xca, 0xff, 	/*Color of index 157*/
  0x39, 0x01, 0xc2, 0xff, 	/*Color of index 158*/
  0x28, 0x17, 0x7d, 0xff, 	/*Color of index 159*/
  0x1b, 0x01, 0xcb, 0xff, 	/*Color of index 160*/
  0x2d, 0x00, 0xc2, 0xff, 	/*Color of index 161*/
  0x22, 0x01, 0xc2, 0xff, 	/*Color of index 162*/
  0x34, 0x01, 0xbb, 0xff, 	/*Color of index 163*/
  0x1a, 0x01, 0xc2, 0xff, 	/*Color of index 164*/
  0x28, 0x01, 0xb7, 0xff, 	/*Color of index 165*/
  0x22, 0x00, 0xbb, 0xff, 	/*Color of index 166*/
  0x18, 0x01, 0xb8, 0xff, 	/*Color of index 167*/
  0x1b, 0x00, 0xba, 0xff, 	/*Color of index 168*/
  0x31, 0x00, 0xb2, 0xff, 	/*Color of index 169*/
  0x27, 0x16, 0x6a, 0xff, 	/*Color of index 170*/
  0x1a, 0x01, 0xb2, 0xff, 	/*Color of index 171*/
  0x21, 0x00, 0xb2, 0xff, 	/*Color of index 172*/
  0x2e, 0x00, 0xab, 0xff, 	/*Color of index 173*/
  0x17, 0x00, 0xb2, 0xff, 	/*Color of index 174*/
  0x22, 0x00, 0xaa, 0xff, 	/*Color of index 175*/
  0x1a, 0x00, 0xab, 0xff, 	/*Color of index 176*/
  0x17, 0x00, 0xaa, 0xff, 	/*Color of index 177*/
  0x2c, 0x00, 0xa2, 0xff, 	/*Color of index 178*/
  0x22, 0x00, 0xa2, 0xff, 	/*Color of index 179*/
  0x1a, 0x00, 0xa3, 0xff, 	/*Color of index 180*/
  0x17, 0x00, 0xa3, 0xff, 	/*Color of index 181*/
  0x1b, 0x12, 0x65, 0xff, 	/*Color of index 182*/
  0x29, 0x00, 0x9a, 0xff, 	/*Color of index 183*/
  0x21, 0x00, 0x9a, 0xff, 	/*Color of index 184*/
  0x1a, 0x00, 0x9b, 0xff, 	/*Color of index 185*/
  0x16, 0x00, 0x9b, 0xff, 	/*Color of index 186*/
  0x23, 0x00, 0x93, 0xff, 	/*Color of index 187*/
  0x1b, 0x00, 0x92, 0xff, 	/*Color of index 188*/
  0x16, 0x00, 0x93, 0xff, 	/*Color of index 189*/
  0x1c, 0x12, 0x54, 0xff, 	/*Color of index 190*/
  0x22, 0x00, 0x8b, 0xff, 	/*Color of index 191*/
  0x16, 0x00, 0x8c, 0xff, 	/*Color of index 192*/
  0x1b, 0x00, 0x8a, 0xff, 	/*Color of index 193*/
  0x21, 0x00, 0x83, 0xff, 	/*Color of index 194*/
  0x1b, 0x00, 0x82, 0xff, 	/*Color of index 195*/
  0x17, 0x00, 0x83, 0xff, 	/*Color of index 196*/
  0x1f, 0x00, 0x7c, 0xff, 	/*Color of index 197*/
  0x1a, 0x00, 0x7a, 0xff, 	/*Color of index 198*/
  0x16, 0x00, 0x7b, 0xff, 	/*Color of index 199*/
  0x13, 0x0c, 0x4e, 0xff, 	/*Color of index 200*/
  0x1c, 0x00, 0x73, 0xff, 	/*Color of index 201*/
  0x16, 0x00, 0x72, 0xff, 	/*Color of index 202*/
  0x18, 0x00, 0x69, 0xff, 	/*Color of index 203*/
  0x0f, 0x09, 0x3e, 0xff, 	/*Color of index 204*/
  0x0a, 0x06, 0x2f, 0xff, 	/*Color of index 205*/
  0x06, 0x02, 0x39, 0xff, 	/*Color of index 206*/
  0x03, 0x01, 0x2d, 0xff, 	/*Color of index 207*/
  0x03, 0x01, 0x23, 0xff, 	/*Color of index 208*/
  0x02, 0x00, 0x1a, 0xff, 	/*Color of index 209*/
  0x01, 0x00, 0x12, 0xff, 	/*Color of index 210*/
  0x00, 0x00, 0x0a, 0xff, 	/*Color of index 211*/
  0x00, 0x00, 0x01, 0xff, 	/*Color of index 212*/
  0x59, 0x9e, 0xfa, 0xff, 	/*Color of index 213*/
  0x61, 0x97, 0xf6, 0xff, 	/*Color of index 214*/
  0x48, 0x8e, 0xfd, 0xff, 	/*Color of index 215*/
  0x5a, 0x8c, 0xfb, 0xff, 	/*Color of index 216*/
  0x3d, 0x84, 0xfc, 0xff, 	/*Color of index 217*/
  0x5a, 0x88, 0xd9, 0xff, 	/*Color of index 218*/
  0x44, 0x7e, 0xfc, 0xff, 	/*Color of index 219*/
  0x34, 0x79, 0xfc, 0xff, 	/*Color of index 220*/
  0x2f, 0x71, 0xfc, 0xff, 	/*Color of index 221*/
  0x2c, 0x6b, 0xfc, 0xff, 	/*Color of index 222*/
  0x48, 0x73, 0xc0, 0xff, 	/*Color of index 223*/
  0xfa, 0xf5, 0xfe, 0xff, 	/*Color of index 224*/
  0xf4, 0xec, 0xfd, 0xff, 	/*Color of index 225*/
  0xed, 0xe2, 0xfd, 0xff, 	/*Color of index 226*/
  0xe8, 0xdb, 0xfd, 0xff, 	/*Color of index 227*/
  0xe4, 0xd3, 0xfd, 0xff, 	/*Color of index 228*/
  0xdf, 0xcd, 0xfd, 0xff, 	/*Color of index 229*/
  0xdc, 0xc8, 0xfd, 0xff, 	/*Color of index 230*/
  0xda, 0xc3, 0xfd, 0xff, 	/*Color of index 231*/
  0xd3, 0xc0, 0xfc, 0xff, 	/*Color of index 232*/
  0xd1, 0xba, 0xfc, 0xff, 	/*Color of index 233*/
  0xcb, 0xb1, 0xfc, 0xff, 	/*Color of index 234*/
  0xc4, 0xab, 0xfc, 0xff, 	/*Color of index 235*/
  0xbf, 0xa2, 0xfc, 0xff, 	/*Color of index 236*/
  0xbe, 0x97, 0xfc, 0xff, 	/*Color of index 237*/
  0xb4, 0x88, 0xfc, 0xff, 	/*Color of index 238*/
  0xab, 0x7b, 0xfc, 0xff, 	/*Color of index 239*/
  0xa3, 0x72, 0xfb, 0xff, 	/*Color of index 240*/
  0x9d, 0x6a, 0xfb, 0xff, 	/*Color of index 241*/
  0x97, 0x62, 0xfa, 0xff, 	/*Color of index 242*/
  0x92, 0x5c, 0xf9, 0xff, 	/*Color of index 243*/
  0x8b, 0x58, 0xfa, 0xff, 	/*Color of index 244*/
  0x87, 0x52, 0xf9, 0xff, 	/*Color of index 245*/
  0x83, 0x4a, 0xf4, 0xff, 	/*Color of index 246*/
  0x7a, 0x41, 0xf1, 0xff, 	/*Color of index 247*/
  0x74, 0x3b, 0xf4, 0xff, 	/*Color of index 248*/
  0x72, 0x38, 0xeb, 0xff, 	/*Color of index 249*/
  0x6a, 0x32, 0xe7, 0xff, 	/*Color of index 250*/
  0x63, 0x2a, 0xe2, 0xff, 	/*Color of index 251*/
  0x5a, 0x22, 0xdb, 0xff, 	/*Color of index 252*/
  0x54, 0x1b, 0xd4, 0xff, 	/*Color of index 253*/
  0x4c, 0x0c, 0xe1, 0xff, 	/*Color of index 254*/
  0x46, 0x04, 0xde, 0xff, 	/*Color of index 255*/

  0xd4, 0xd4, 0xd4, 0xd4, 0xd4, 0xd4, 0xd4, 0xd4, 0xd4, 0xd4, 0xd4, 0xd4, 0xd4, 0xd4, 0xd4, 0xd4, 0xd4, 0xd4, 0xd4, 0xd4, 0xd4, 0xd4, 0xd4, 0xd4, 0xd4, 0xd4, 0xd4, 0xd4, 0xd4, 0xd4, 0xd4, 0xd4, 0xd4, 0xd3, 0xd4, 0xd3, 0xd3, 0xd3, 0xd3, 0xd3, 0xd2, 0xd3, 0xd2, 0xd2, 0xd2, 0xd2, 0xd2, 0xd0, 0xd1, 0xd0, 0xcd, 0xc8, 0xaa, 0x81, 0x7d, 0x71, 0x66, 0x66, 0x66, 0x66, 0x81, 0x93, 0xbe, 0xcc, 0xcd, 0xd1, 0xd0, 0xd1, 0xd1, 0xd2, 0xd2, 0xd2, 0xd2, 0xd2, 0xd2, 0xd3, 0xd3, 0xd3, 0xd3, 0xd3, 0xd4, 0xd3, 0xd4, 0xd3, 0xd4, 0xd4, 0xd4, 0xd4, 0xd4, 0xd4, 0xd4, 0xd4, 0xd4, 0xd4, 0xd4, 0xd4, 0xd4, 0xd4, 0xd4, 0xd4, 0xd4, 0xd4, 0xd4, 0xd4, 0xd4, 0xd4, 0xd4, 0xd4, 0xd4, 0xd4, 0xd4, 0xd4, 0xd4, 0xd4, 0xd4, 0xd4, 0xd4, 0xd4, 0xd4, 0xd4, 0xd3, 0xd4, 0xd3, 0xd3, 0xd3, 0xd3, 0xd3, 0xd3, 0xd3, 0xd2, 0xd2, 0xd2, 0xd2, 0xd1, 0xd1, 0xd0, 0xd0, 0xcd, 0xcc, 0xcc, 0x88, 0x68, 0x39, 0x26, 0x10, 0x10, 0x10, 0x10, 0x10, 0x10, 0x26, 0x54, 0x88, 0xbe, 0xcd, 0xcd, 0xcd, 0xd0, 0xd1, 0xd0, 0xd1, 0xd1, 0xd1, 0xd2, 0xd2, 0xd2, 0xd3, 0xd3, 0xd3, 0xd3, 0xd3, 0xd3, 0xd3, 0xd4, 0xd3, 0xd4, 0xd4, 0xd4, 0xd4, 0xd4, 0xd4, 0xd4, 0xd4, 0xd4, 0xd4, 0xd4, 0xd4, 0xd4, 0xd4, 0xd4, 0xd4, 0xd4, 0xd4, 0xd4, 0xd4, 0xd4, 0xd4, 0xd4, 0xd4, 0xd4, 
  0xd4, 0xd4, 0xd4, 0xd4, 0xd4, 0xd4, 0xd4, 0xd4, 0xd4, 0xd4, 0xd4, 0xd4, 0xd4, 0xd4, 0xd4, 0xd4, 0xd4, 0xd4, 0xd4, 0xd4, 0xd4, 0xd4, 0xd4, 0xd4, 0xd4, 0xd4, 0xd4, 0xd4, 0xd3, 0xd4, 0xd3, 0xd3, 0xd3, 0xd4, 0xd3, 0xd3, 0xd3, 0xd3, 0xd2, 0xd2, 0xd2, 0xd2, 0xd1, 0xd2, 0xcd, 0xbe, 0x7d, 0x3e, 0x34, 0x2b, 0x36, 0x2b, 0x2f, 0x2b, 0x2c, 0x2c, 0x2f, 0x34, 0x2c, 0x29, 0x29, 0x29, 0x2c, 0x2c, 0x29, 0x29, 0x2d, 0x42, 0x81, 0xc8, 0xd0, 0xd1, 0xd1, 0xd2, 0xd2, 0xd2, 0xd2, 0xd2, 0xd3, 0xd3, 0xd3, 0xd3, 0xd4, 0xd3, 0xd4, 0xd3, 0xd4, 0xd4, 0xd4, 0xd4, 0xd4, 0xd4, 0xd4, 0xd4, 0xd4, 0xd4, 0xd4, 0xd4, 0xd4, 0xd4, 0xd4, 0xd4, 0xd4, 0xd4, 0xd4, 0xd4, 0xd4, 0xd4, 0xd4, 0xd4, 0xd4, 0xd4, 0xd4, 0xd4, 0xd4, 0xd4, 0xd4, 0xd3, 0xd4, 0xd3, 0xd4, 0xd3, 0xd3, 0xd3, 0xd3, 0xd3, 0xd2, 0xd2, 0xd2, 0xd2, 0xd1, 0xd1, 0xd0, 0xcd, 0xbe, 0x51, 0x18, 0x05, 0x05, 0x09, 0x08, 0x09, 0x05, 0x09, 0x05, 0x07, 0x09, 0xd8, 0x09, 0x02, 0x02, 0x02, 0x02, 0x02, 0x02, 0xd5, 0xda, 0x26, 0x88, 0xcc, 0xcd, 0xd0, 0xd0, 0xd1, 0xd1, 0xd2, 0xd2, 0xd2, 0xd3, 0xd3, 0xd3, 0xd3, 0xd3, 0xd3, 0xd4, 0xd3, 0xd4, 0xd3, 0xd4, 0xd4, 0xd4, 0xd4, 0xd4, 0xd4, 0xd4, 0xd4, 0xd4, 0xd4, 0xd4, 0xd4, 0xd4, 0xd4, 0xd4, 0xd4, 0xd4, 0xd4, 0xd4, 0xd4, 0xd4, 0xd4, 
  0xd4, 0xd4, 0xd4, 0xd4, 0xd4, 0xd4, 0xd4, 0xd4, 0xd4, 0xd4, 0xd4, 0xd4, 0xd4, 0xd4, 0xd4, 0xd4, 0xd4, 0xd4, 0xd4, 0xd4, 0xd4, 0xd4, 0xd4, 0xd4, 0xd4, 0xd4, 0xd4, 0xd4, 0xd3, 0xd4, 0xd3, 0xd4, 0xd3, 0xd3, 0xd3, 0xd3, 0xd2, 0xd2, 0xd1, 0xd2, 0xcd, 0xaa, 0x71, 0x5c, 0x3e, 0x36, 0x35, 0x36, 0x3f, 0x37, 0x40, 0x37, 0x37, 0x37, 0x40, 0x37, 0x40, 0x37, 0x37, 0x37, 0x37, 0x37, 0x37, 0x37, 0x37, 0x2f, 0x2f, 0x2c, 0x2f, 0x32, 0x58, 0x51, 0x81, 0xc8, 0xd1, 0xd1, 0xd1, 0xd2, 0xd2, 0xd2, 0xd3, 0xd3, 0xd3, 0xd3, 0xd3, 0xd4, 0xd3, 0xd4, 0xd3, 0xd4, 0xd4, 0xd4, 0xd4, 0xd4, 0xd4, 0xd4, 0xd4, 0xd4, 0xd4, 0xd4, 0xd4, 0xd4, 0xd4, 0xd4, 0xd4, 0xd4, 0xd4, 0xd4, 0xd4, 0xd4, 0xd4, 0xd4, 0xd4, 0xd4, 0xd4, 0xd4, 0xd4, 0xd4, 0xd3, 0xd3, 0xd3, 0xd3, 0xd3, 0xd3, 0xd2, 0xd2, 0xd2, 0xd2, 0xd1, 0xd1, 0xbe, 0x51, 0x39, 0x18, 0x0a, 0x0a, 0x09, 0x0a, 0x0d, 0x0f, 0x0d, 0x0d, 0x0d, 0x0d, 0x0d, 0x0d, 0x09, 0x0d, 0x07, 0x07, 0x07, 0x07, 0xd8, 0x07, 0x02, 0xd6, 0x00, 0xd5, 0xd6, 0xda, 0xdf, 0x39, 0xbe, 0xcd, 0xd1, 0xd1, 0xd1, 0xd2, 0xd1, 0xd2, 0xd2, 0xd2, 0xd3, 0xd3, 0xd3, 0xd4, 0xd3, 0xd4, 0xd4, 0xd3, 0xd4, 0xd4, 0xd4, 0xd4, 0xd4, 0xd4, 0xd4, 0xd4, 0xd4, 0xd4, 0xd4, 0xd4, 0xd4, 0xd4, 0xd4, 0xd4, 0xd4, 0xd4, 0xd4, 0xd4, 
  0xd4, 0xd4, 0xd4, 0xd4, 0xd4, 0xd4, 0xd4, 0xd4, 0xd4, 0xd4, 0xd4, 0xd4, 0xd4, 0xd4, 0xd4, 0xd4, 0xd4, 0xd4, 0xd4, 0xd4, 0xd4, 0xd4, 0xd4, 0xd4, 0xd4, 0xd4, 0xd3, 0xd4, 0xd3, 0xd4, 0xd3, 0xd3, 0xd3, 0xd3, 0xd2, 0xd2, 0xd2, 0xd2, 0xcd, 0x93, 0x3e, 0x34, 0x35, 0x36, 0x36, 0x3f, 0x40, 0x40, 0x46, 0x40, 0x46, 0x40, 0x46, 0x40, 0x46, 0x40, 0x46, 0x40, 0x40, 0x40, 0x40, 0x3a, 0x40, 0x3a, 0x40, 0x3a, 0x37, 0x33, 0x37, 0x2f, 0x2c, 0x2f, 0x29, 0x32, 0x66, 0xbe, 0xd1, 0xd1, 0xd2, 0xd2, 0xd2, 0xd2, 0xd3, 0xd3, 0xd3, 0xd3, 0xd3, 0xd4, 0xd3, 0xd4, 0xd4, 0xd4, 0xd4, 0xd4, 0xd4, 0xd4, 0xd4, 0xd4, 0xd4, 0xd4, 0xd4, 0xd4, 0xd4, 0xd4, 0xd4, 0xd4, 0xd4, 0xd4, 0xd4, 0xd4, 0xd4, 0xd4, 0xd4, 0xd4, 0xd3, 0xd4, 0xd3, 0xd4, 0xd3, 0xd3, 0xd3, 0xd3, 0xd2, 0xd2, 0xd2, 0xd2, 0xd1, 0xd1, 0xcc, 0x51, 0x0b, 0x0a, 0x0b, 0x0a, 0x11, 0x0f, 0x12, 0x0d, 0x11, 0x12, 0x12, 0x12, 0x0d, 0x12, 0x0d, 0x0e, 0x0e, 0x0d, 0x0e, 0x0d, 0xdb, 0x0d, 0x07, 0x07, 0x07, 0x07, 0xd7, 0x02, 0xd6, 0x02, 0xd6, 0xd5, 0xd6, 0xdf, 0xbe, 0xcd, 0xd1, 0xd0, 0xd1, 0xd1, 0xd2, 0xd2, 0xd3, 0xd2, 0xd3, 0xd3, 0xd3, 0xd3, 0xd3, 0xd4, 0xd4, 0xd4, 0xd4, 0xd4, 0xd4, 0xd4, 0xd4, 0xd4, 0xd4, 0xd4, 0xd4, 0xd4, 0xd4, 0xd4, 0xd4, 0xd4, 0xd4, 0xd4, 0xd4, 0xd4, 
  0xd4, 0xd4, 0xd4, 0xd4, 0xd4, 0xd4, 0xd4, 0xd4, 0xd4, 0xd4, 0xd4, 0xd4, 0xd4, 0xd4, 0xd4, 0xd4, 0xd4, 0xd4, 0xd4, 0xd4, 0xd4, 0xd4, 0xd4, 0xd4, 0xd4, 0xd3, 0xd4, 0xd3, 0xd3, 0xd3, 0xd3, 0xd2, 0xd3, 0xd2, 0xd2, 0xd2, 0xaa, 0x5c, 0x3e, 0x2b, 0x35, 0x36, 0x37, 0x3f, 0x40, 0x40, 0x46, 0x46, 0x49, 0x49, 0x46, 0x49, 0x49, 0x49, 0x49, 0x4c, 0x49, 0x43, 0x49, 0x43, 0x46, 0x43, 0x46, 0x43, 0x40, 0x41, 0x41, 0x41, 0x3a, 0x3a, 0x3a, 0x33, 0x2f, 0x2a, 0x2c, 0x32, 0x42, 0x81, 0xcd, 0xd2, 0xd2, 0xd2, 0xd2, 0xd2, 0xd3, 0xd3, 0xd3, 0xd3, 0xd3, 0xd4, 0xd3, 0xd4, 0xd4, 0xd4, 0xd4, 0xd4, 0xd4, 0xd4, 0xd4, 0xd4, 0xd4, 0xd4, 0xd4, 0xd4, 0xd4, 0xd4, 0xd4, 0xd4, 0xd4, 0xd4, 0xd4, 0xd4, 0xd3, 0xd4, 0xd3, 0xd4, 0xd3, 0xd3, 0xd3, 0xd3, 0xd2, 0xd2, 0xd2, 0xd1, 0xd1, 0xd0, 0x81, 0x21, 0x20, 0x0f, 0x14, 0x14, 0x11, 0x11, 0x11, 0x12, 0x11, 0x16, 0x12, 0x16, 0x12, 0x16, 0x16, 0x16, 0x16, 0x16, 0x12, 0x0e, 0x0e, 0x0e, 0x0e, 0xdb, 0x0e, 0xdb, 0xdb, 0xdb, 0x07, 0xdb, 0xd8, 0xd7, 0xd8, 0xd8, 0xd8, 0xd6, 0xd6, 0xda, 0x39, 0xcc, 0xcd, 0xd0, 0xd1, 0xd1, 0xd2, 0xd2, 0xd3, 0xd3, 0xd3, 0xd3, 0xd4, 0xd3, 0xd4, 0xd3, 0xd4, 0xd4, 0xd4, 0xd4, 0xd4, 0xd4, 0xd4, 0xd4, 0xd4, 0xd4, 0xd4, 0xd4, 0xd4, 0xd4, 0xd4, 0xd4, 0xd4, 0xd4, 
  0xd4, 0xd4, 0xd4, 0xd4, 0xd4, 0xd4, 0xd4, 0xd4, 0xd4, 0xd4, 0xd4, 0xd4, 0xd4, 0xd4, 0xd4, 0xd4, 0xd4, 0xd4, 0xd4, 0xd4, 0xd4, 0xd4, 0xd3, 0xd4, 0xd3, 0xd4, 0xd3, 0xd3, 0xd3, 0xd3, 0xd2, 0xd2, 0xd2, 0xcd, 0xaa, 0x66, 0xf9, 0x36, 0x35, 0x3f, 0x37, 0x44, 0x40, 0x46, 0x46, 0x46, 0x49, 0x49, 0x53, 0x49, 0x53, 0x49, 0x53, 0x49, 0x57, 0x49, 0x53, 0x4c, 0x49, 0x4c, 0x4c, 0x4c, 0x4c, 0x49, 0x4c, 0x49, 0x43, 0x41, 0x43, 0x41, 0x41, 0x41, 0x3a, 0x3a, 0x33, 0x33, 0x37, 0x2f, 0x58, 0x93, 0xcc, 0xd1, 0xd1, 0xd2, 0xd2, 0xd2, 0xd3, 0xd3, 0xd3, 0xd3, 0xd4, 0xd3, 0xd4, 0xd4, 0xd4, 0xd4, 0xd4, 0xd4, 0xd4, 0xd4, 0xd4, 0xd4, 0xd4, 0xd4, 0xd4, 0xd4, 0xd4, 0xd4, 0xd4, 0xd4, 0xd4, 0xd4, 0xd4, 0xd3, 0xd4, 0xd3, 0xd3, 0xd3, 0xd3, 0xd2, 0xd2, 0xd1, 0xd1, 0xcc, 0x88, 0x38, 0x0f, 0x13, 0x19, 0x1b, 0x1b, 0x1d, 0x1b, 0x1d, 0x1d, 0x1d, 0x1d, 0x1d, 0x1d, 0x22, 0x1d, 0x16, 0x22, 0x16, 0x16, 0x16, 0x15, 0x16, 0x15, 0x15, 0x0e, 0x15, 0x0e, 0x0e, 0x0e, 0xdb, 0xdc, 0xdb, 0xdb, 0xdb, 0xd9, 0xd9, 0xd7, 0xd7, 0xd6, 0xd5, 0xd5, 0xda, 0x54, 0xbe, 0xd0, 0xd1, 0xd1, 0xd2, 0xd2, 0xd2, 0xd3, 0xd2, 0xd3, 0xd3, 0xd4, 0xd3, 0xd4, 0xd4, 0xd4, 0xd4, 0xd4, 0xd4, 0xd4, 0xd4, 0xd4, 0xd4, 0xd4, 0xd4, 0xd4, 0xd4, 0xd4, 0xd4, 0xd4, 0xd4, 
  0xd4, 0xd4, 0xd4, 0xd4, 0xd4, 0xd4, 0xd4, 0xd4, 0xd4, 0xd4, 0xd4, 0xd4, 0xd4, 0xd4, 0xd4, 0xd4, 0xd4, 0xd4, 0xd4, 0xd4, 0xd4, 0xd4, 0xd4, 0xd3, 0xd4, 0xd3, 0xd3, 0xd3, 0xd3, 0xd2, 0xd2, 0xd1, 0xc8, 0x3e, 0x3d, 0x44, 0x44, 0x44, 0x40, 0x46, 0x46, 0x46, 0x49, 0x46, 0x49, 0x49, 0x49, 0x53, 0x53, 0x53, 0x53, 0x53, 0x57, 0x57, 0x57, 0x55, 0x57, 0x55, 0x57, 0x55, 0x57, 0x4c, 0x4c, 0x4c, 0x4c, 0x4c, 0x4c, 0x43, 0x4c, 0x43, 0x43, 0x43, 0x41, 0x41, 0x41, 0x3a, 0x3a, 0x3a, 0x33, 0x2f, 0x32, 0xaa, 0xd0, 0xd0, 0xd1, 0xd2, 0xd2, 0xd3, 0xd3, 0xd3, 0xd3, 0xd4, 0xd4, 0xd3, 0xd4, 0xd4, 0xd4, 0xd4, 0xd4, 0xd4, 0xd4, 0xd4, 0xd4, 0xd4, 0xd4, 0xd4, 0xd4, 0xd4, 0xd4, 0xd4, 0xd4, 0xd3, 0xd4, 0xd3, 0xd3, 0xd3, 0xd3, 0xd3, 0xd2, 0xd2, 0xd1, 0xd1, 0xc8, 0x20, 0xf2, 0x14, 0x1b, 0x1b, 0x1c, 0x1d, 0x1d, 0x1d, 0x23, 0x1d, 0x23, 0x1d, 0x1f, 0x1d, 0x1f, 0x1d, 0x1f, 0x22, 0x16, 0x1f, 0x16, 0x1a, 0x16, 0x15, 0x15, 0x15, 0x17, 0x0e, 0xde, 0x0e, 0xdd, 0x0e, 0x0e, 0x0e, 0xdc, 0xdb, 0xdb, 0xdb, 0xd9, 0xd9, 0xd7, 0xd7, 0xd6, 0xd5, 0xd5, 0xd6, 0x68, 0xd0, 0xd0, 0xd1, 0xd1, 0xd2, 0xd2, 0xd3, 0xd3, 0xd3, 0xd3, 0xd3, 0xd4, 0xd3, 0xd4, 0xd4, 0xd4, 0xd4, 0xd4, 0xd4, 0xd4, 0xd4, 0xd4, 0xd4, 0xd4, 0xd4, 0xd4, 0xd4, 0xd4, 0xd4, 
  0xd4, 0xd4, 0xd4, 0xd4, 0xd4, 0xd4, 0xd4, 0xd4, 0xd4, 0xd4, 0xd4, 0xd4, 0xd4, 0xd4, 0xd4, 0xd4, 0xd4, 0xd4, 0xd4, 0xd4, 0xd3, 0xd4, 0xd3, 0xd3, 0xd3, 0xd3, 0xd3, 0xd2, 0xd2, 0xd2, 0xaa, 0x71, 0x35, 0x44, 0x3f, 0x46, 0x44, 0x46, 0x48, 0x49, 0x48, 0x49, 0x49, 0x53, 0x4e, 0x53, 0x53, 0x53, 0x57, 0x49, 0x2f, 0x1c, 0x19, 0x14, 0x0f, 0x0f, 0x0a, 0x0f, 0x0a, 0x0f, 0x11, 0x14, 0x1b, 0x1c, 0x29, 0x3a, 0x4c, 0x4c, 0x4c, 0x4c, 0x4c, 0x4c, 0x43, 0x4c, 0x43, 0x43, 0x41, 0x41, 0x3a, 0x33, 0x2f, 0x2a, 0x5c, 0xb6, 0xd1, 0xd1, 0xd2, 0xd2, 0xd3, 0xd3, 0xd3, 0xd3, 0xd3, 0xd4, 0xd4, 0xd4, 0xd4, 0xd4, 0xd4, 0xd4, 0xd4, 0xd4, 0xd4, 0xd4, 0xd4, 0xd4, 0xd4, 0xd4, 0xd4, 0xd3, 0xd4, 0xd3, 0xd3, 0xd3, 0xd3, 0xd2, 0xd2, 0xd2, 0xd2, 0xd2, 0xbe, 0x51, 0xf4, 0x19, 0x1c, 0x1c, 0x24, 0x1d, 0x24, 0x2a, 0x24, 0x2a, 0x2a, 0x2a, 0x23, 0x23, 0x23, 0x23, 0x22, 0x22, 0x22, 0x1f, 0x22, 0x16, 0x1f, 0x16, 0x1a, 0x16, 0x15, 0x15, 0x15, 0x15, 0x15, 0xde, 0x0e, 0xdd, 0xdd, 0xdd, 0xdd, 0x0e, 0xdc, 0xdc, 0xdb, 0xdb, 0xd9, 0xd7, 0xd7, 0xd7, 0xd5, 0xd5, 0xd5, 0xdf, 0x88, 0xd1, 0xd0, 0xd1, 0xd1, 0xd2, 0xd2, 0xd3, 0xd3, 0xd3, 0xd3, 0xd4, 0xd4, 0xd4, 0xd4, 0xd4, 0xd4, 0xd4, 0xd4, 0xd4, 0xd4, 0xd4, 0xd4, 0xd4, 0xd4, 0xd4, 0xd4, 0xd4, 
  0xd4, 0xd4, 0xd4, 0xd4, 0xd4, 0xd4, 0xd4, 0xd4, 0xd4, 0xd4, 0xd4, 0xd4, 0xd4, 0xd4, 0xd4, 0xd4, 0xd4, 0xd4, 0xd3, 0xd4, 0xd4, 0xd3, 0xd3, 0xd3, 0xd3, 0xd2, 0xd2, 0xd2, 0xcc, 0x92, 0x35, 0x3f, 0x3f, 0x46, 0x48, 0x49, 0x4e, 0x4e, 0x53, 0x4e, 0x53, 0x53, 0x4e, 0x53, 0x49, 0x40, 0x37, 0x1c, 0x05, 0x00, 0xec, 0xec, 0x00, 0x01, 0x01, 0x01, 0x01, 0x04, 0x04, 0x04, 0x04, 0x05, 0x04, 0x05, 0x05, 0x05, 0x0a, 0x1c, 0x3a, 0x41, 0x4c, 0x4c, 0x4c, 0x4c, 0x4c, 0x4c, 0x43, 0x41, 0x41, 0x3a, 0x33, 0x3a, 0x2a, 0x33, 0x93, 0xcd, 0xd1, 0xd2, 0xd2, 0xd3, 0xd3, 0xd4, 0xd3, 0xd4, 0xd3, 0xd4, 0xd4, 0xd4, 0xd4, 0xd4, 0xd4, 0xd4, 0xd4, 0xd4, 0xd4, 0xd4, 0xd4, 0xd4, 0xd3, 0xd4, 0xd3, 0xd4, 0xd3, 0xd3, 0xd2, 0xd2, 0xd1, 0xd1, 0xcd, 0xbe, 0xf6, 0xf5, 0x24, 0x24, 0x29, 0x29, 0x2a, 0x2c, 0x2a, 0x2a, 0x2a, 0x2a, 0x2a, 0x2a, 0x2a, 0x2a, 0x23, 0x27, 0x23, 0x22, 0x22, 0x22, 0x1f, 0x1f, 0x22, 0x1a, 0x1f, 0x1a, 0x1a, 0x1a, 0x15, 0x17, 0x15, 0x15, 0x17, 0x0e, 0xde, 0xde, 0xde, 0xdd, 0xdd, 0xdd, 0xdc, 0xdc, 0xdc, 0xdb, 0xd9, 0xd7, 0xd7, 0xd7, 0xd6, 0xd5, 0xd6, 0x54, 0xcc, 0xd0, 0xd1, 0xd1, 0xd2, 0xd2, 0xd3, 0xd3, 0xd3, 0xd3, 0xd3, 0xd4, 0xd3, 0xd4, 0xd4, 0xd4, 0xd4, 0xd4, 0xd4, 0xd4, 0xd4, 0xd4, 0xd4, 0xd4, 0xd4, 0xd4, 
  0xd4, 0xd4, 0xd4, 0xd4, 0xd4, 0xd4, 0xd4, 0xd4, 0xd4, 0xd4, 0xd4, 0xd4, 0xd4, 0xd4, 0xd4, 0xd4, 0xd4, 0xd4, 0xd4, 0xd3, 0xd4, 0xd3, 0xd3, 0xd3, 0xd2, 0xd2, 0xd2, 0x93, 0xfb, 0x35, 0x3f, 0x44, 0x48, 0x49, 0x4e, 0x4e, 0x4e, 0x53, 0x56, 0x57, 0x56, 0x53, 0x49, 0x24, 0x03, 0xe9, 0xea, 0xeb, 0xec, 0xec, 0x00, 0x00, 0x01, 0x01, 0x01, 0x01, 0x04, 0x04, 0x04, 0x05, 0x05, 0x05, 0x05, 0x08, 0x08, 0x08, 0x08, 0x08, 0x08, 0x0a, 0x1d, 0x4c, 0x55, 0x55, 0x55, 0x4c, 0x4c, 0x4c, 0x43, 0x43, 0x43, 0x3a, 0x41, 0x3a, 0x33, 0x58, 0xcc, 0xd1, 0xd2, 0xd2, 0xd2, 0xd3, 0xd3, 0xd3, 0xd4, 0xd3, 0xd4, 0xd4, 0xd4, 0xd4, 0xd4, 0xd4, 0xd4, 0xd4, 0xd4, 0xd4, 0xd3, 0xd4, 0xd4, 0xd3, 0xd3, 0xd3, 0xd3, 0xd2, 0xd2, 0xd1, 0xd1, 0xc8, 0x38, 0xf5, 0x29, 0x29, 0x2c, 0x2c, 0x2e, 0x2c, 0x33, 0x2a, 0x33, 0x2a, 0x33, 0x2e, 0x2a, 0x2e, 0x2a, 0x27, 0x2a, 0x2a, 0x27, 0x2a, 0x27, 0x22, 0x27, 0x22, 0x1f, 0x1f, 0x1f, 0x1f, 0x1f, 0x1a, 0x1f, 0x1a, 0x1a, 0x17, 0x17, 0x17, 0xde, 0x15, 0xdd, 0xde, 0xde, 0xdd, 0xdd, 0xdd, 0xdc, 0xdc, 0xdb, 0xd9, 0xd9, 0xd7, 0xd7, 0xd7, 0xd5, 0xd5, 0xda, 0x88, 0xd1, 0xd0, 0xd1, 0xd2, 0xd2, 0xd3, 0xd3, 0xd3, 0xd4, 0xd3, 0xd4, 0xd4, 0xd4, 0xd4, 0xd4, 0xd4, 0xd4, 0xd4, 0xd4, 0xd4, 0xd4, 0xd4, 0xd4, 0xd4, 
  0xd4, 0xd4, 0xd4, 0xd4, 0xd4, 0xd4, 0xd4, 0xd4, 0xd4, 0xd4, 0xd4, 0xd4, 0xd4, 0xd4, 0xd4, 0xd4, 0xd4, 0xd4, 0xd3, 0xd4, 0xd3, 0xd3, 0xd3, 0xd2, 0xd2, 0xcd, 0x93, 0x3f, 0x3f, 0x44, 0x44, 0x46, 0x4e, 0x4e, 0x53, 0x4e, 0x53, 0x56, 0x5b, 0x5b, 0x2f, 0x1b, 0xec, 0xea, 0xe9, 0xeb, 0xeb, 0xeb, 0xec, 0xec, 0x00, 0x00, 0x01, 0x01, 0x01, 0x04, 0x04, 0x04, 0x05, 0x05, 0x05, 0x06, 0x08, 0x08, 0x08, 0x0a, 0x0a, 0x0a, 0x0a, 0x0f, 0x0f, 0x14, 0x2f, 0x55, 0x55, 0x55, 0x55, 0x43, 0x4c, 0x43, 0x43, 0x43, 0x41, 0x41, 0x3a, 0x3a, 0x4b, 0xb6, 0xd1, 0xd2, 0xd2, 0xd2, 0xd3, 0xd3, 0xd3, 0xd4, 0xd3, 0xd4, 0xd4, 0xd4, 0xd4, 0xd4, 0xd4, 0xd4, 0xd4, 0xd4, 0xd4, 0xd4, 0xd3, 0xd3, 0xd3, 0xd3, 0xd2, 0xd2, 0xd2, 0xd0, 0xaa, 0x2d, 0xf5, 0x29, 0x2b, 0x2c, 0x2f, 0x2f, 0x33, 0x33, 0x33, 0x33, 0x2e, 0x33, 0x2e, 0x2e, 0x2e, 0x2e, 0x2e, 0x2e, 0x27, 0x2e, 0x27, 0x2a, 0x27, 0x2a, 0x27, 0x22, 0x27, 0x22, 0x1f, 0x1f, 0x1f, 0x1f, 0x1a, 0x1a, 0x1a, 0x1a, 0x1a, 0x17, 0x17, 0xde, 0x17, 0xde, 0xde, 0xdd, 0xde, 0xdd, 0xdd, 0xdd, 0xdc, 0xdc, 0xdc, 0xdb, 0xd9, 0xd7, 0xd7, 0xd5, 0xd5, 0xda, 0x88, 0xd0, 0xd0, 0xd1, 0xd2, 0xd2, 0xd3, 0xd3, 0xd3, 0xd3, 0xd4, 0xd3, 0xd4, 0xd4, 0xd4, 0xd4, 0xd4, 0xd4, 0xd4, 0xd4, 0xd4, 0xd4, 0xd4, 0xd4, 
  0xd4, 0xd4, 0xd4, 0xd4, 0xd4, 0xd4, 0xd4, 0xd4, 0xd4, 0xd4, 0xd4, 0xd4, 0xd4, 0xd4, 0xd4, 0xd3, 0xd4, 0xd3, 0xd4, 0xd3, 0xd3, 0xd3, 0xd2, 0xd2, 0xc8, 0x52, 0x44, 0x44, 0x48, 0x46, 0x4e, 0x4e, 0x4e, 0x56, 0x56, 0x56, 0x53, 0x5b, 0x46, 0x01, 0xea, 0xea, 0xea, 0xea, 0xeb, 0xeb, 0xeb, 0xec, 0x00, 0x00, 0x00, 0x01, 0x01, 0x01, 0x04, 0x04, 0x05, 0x05, 0x06, 0x06, 0x08, 0x08, 0x0a, 0x0a, 0x0a, 0x0a, 0x0a, 0x0f, 0x0f, 0x0f, 0x11, 0x14, 0x14, 0x24, 0x62, 0x55, 0x55, 0x4c, 0x55, 0x4c, 0x4c, 0x4c, 0x4c, 0x43, 0x43, 0x41, 0x41, 0x3a, 0x92, 0xd2, 0xd1, 0xd2, 0xd2, 0xd3, 0xd3, 0xd3, 0xd4, 0xd4, 0xd3, 0xd4, 0xd4, 0xd4, 0xd4, 0xd4, 0xd3, 0xd4, 0xd3, 0xd4, 0xd3, 0xd3, 0xd3, 0xd2, 0xd1, 0xd1, 0xd1, 0x71, 0xf6, 0x28, 0x29, 0x2c, 0x2f, 0x33, 0x3a, 0x3a, 0x3a, 0x3b, 0x3b, 0x3b, 0x3b, 0x2e, 0x33, 0x30, 0x2e, 0x2e, 0x2e, 0x30, 0x2e, 0x30, 0x2e, 0x31, 0x2e, 0x27, 0x2e, 0x27, 0x27, 0x27, 0x27, 0x27, 0x1f, 0x1f, 0x1f, 0x1f, 0x1e, 0x1e, 0x1a, 0x1a, 0x17, 0x17, 0x17, 0x17, 0x17, 0xde, 0xde, 0xdd, 0xdd, 0xdd, 0xdd, 0xdd, 0xdc, 0xdc, 0xdc, 0xd9, 0xd7, 0xd7, 0xd5, 0xd5, 0xd5, 0x54, 0xcf, 0xd0, 0xd1, 0xd2, 0xd2, 0xd2, 0xd3, 0xd3, 0xd3, 0xd4, 0xd3, 0xd4, 0xd4, 0xd4, 0xd4, 0xd4, 0xd4, 0xd4, 0xd4, 0xd4, 0xd4, 0xd4, 
  0xd4, 0xd4, 0xd4, 0xd4, 0xd4, 0xd4, 0xd4, 0xd4, 0xd4, 0xd4, 0xd4, 0xd4, 0xd4, 0xd4, 0xd4, 0xd4, 0xd4, 0xd3, 0xd3, 0xd3, 0xd3, 0xd2, 0xd1, 0x81, 0x3f, 0x44, 0x44, 0x4e, 0x4e, 0x4e, 0x56, 0x53, 0x56, 0x53, 0x56, 0x5f, 0x24, 0xec, 0xe9, 0xe9, 0xea, 0xea, 0xeb, 0xeb, 0xeb, 0xeb, 0xec, 0xec, 0x00, 0x00, 0x01, 0x01, 0x01, 0x04, 0x04, 0x05, 0x06, 0x06, 0x08, 0x08, 0x08, 0x0a, 0x0a, 0x0f, 0x0f, 0x0f, 0x14, 0x0f, 0x14, 0x14, 0x14, 0x1b, 0x1b, 0x1b, 0x1b, 0x43, 0x55, 0x55, 0x55, 0x55, 0x55, 0x4c, 0x55, 0x4c, 0x4c, 0x4c, 0x43, 0x41, 0x3a, 0x4b, 0xcc, 0xd1, 0xd2, 0xd2, 0xd3, 0xd3, 0xd3, 0xd3, 0xd4, 0xd4, 0xd3, 0xd4, 0xd3, 0xd4, 0xd4, 0xd3, 0xd4, 0xd3, 0xd3, 0xd3, 0xd2, 0xd2, 0xd0, 0xcf, 0x38, 0xf7, 0x2b, 0x2f, 0x2f, 0x37, 0x3a, 0x3a, 0x3a, 0x41, 0x3b, 0x41, 0x3b, 0x3b, 0x3b, 0x3b, 0x3b, 0x30, 0x3b, 0x30, 0x30, 0x30, 0x30, 0x30, 0x30, 0x30, 0x30, 0x30, 0x30, 0x27, 0x2e, 0x27, 0x2a, 0x27, 0x27, 0x27, 0x27, 0x27, 0x1e, 0x1f, 0x1e, 0x1e, 0x1a, 0x1a, 0x1a, 0x1a, 0x17, 0x17, 0x17, 0xde, 0xde, 0xde, 0xdd, 0xde, 0xdd, 0xdd, 0xdc, 0xdc, 0xd9, 0xd9, 0xd7, 0xd7, 0xd5, 0xd5, 0xdf, 0xcc, 0xd0, 0xd0, 0xd1, 0xd2, 0xd3, 0xd3, 0xd3, 0xd3, 0xd4, 0xd3, 0xd4, 0xd4, 0xd4, 0xd4, 0xd4, 0xd4, 0xd4, 0xd4, 0xd4, 0xd4, 
  0xd4, 0xd4, 0xd4, 0xd4, 0xd4, 0xd4, 0xd4, 0xd4, 0xd4, 0xd4, 0xd4, 0xd4, 0xd4, 0xd4, 0xd3, 0xd4, 0xd3, 0xd3, 0xd3, 0xd3, 0xd2, 0xd1, 0x9f, 0x45, 0x44, 0x48, 0x48, 0x4e, 0x4e, 0x5b, 0x56, 0x56, 0x56, 0x4e, 0x46, 0x08, 0xe7, 0xe8, 0xe9, 0xea, 0xea, 0xeb, 0xeb, 0xeb, 0xec, 0xec, 0x00, 0x00, 0x00, 0x01, 0x01, 0x03, 0x04, 0x04, 0x05, 0x06, 0x08, 0x08, 0x08, 0x0a, 0x0b, 0x0f, 0x0f, 0x0f, 0x0f, 0x14, 0x0f, 0x14, 0x14, 0x14, 0x1b, 0x1b, 0x1b, 0x1b, 0x1b, 0x29, 0x55, 0x55, 0x55, 0x55, 0x55, 0x5a, 0x55, 0x55, 0x55, 0x4c, 0x4c, 0x43, 0x3a, 0x2f, 0x66, 0xcd, 0xd2, 0xd2, 0xd3, 0xd3, 0xd3, 0xd3, 0xd3, 0xd3, 0xd4, 0xd4, 0xd4, 0xd3, 0xd4, 0xd3, 0xd3, 0xd3, 0xd3, 0xd3, 0xd2, 0xd1, 0xcc, 0x52, 0x28, 0x36, 0x36, 0x37, 0x37, 0x3a, 0x3a, 0x41, 0x41, 0x43, 0x41, 0x47, 0x3b, 0x3b, 0x3b, 0x3c, 0x3b, 0x3b, 0x30, 0x3b, 0x30, 0x3b, 0x30, 0x3b, 0x30, 0x3b, 0x30, 0x30, 0x30, 0x30, 0x2e, 0x31, 0x27, 0x30, 0x27, 0x27, 0x27, 0x27, 0x27, 0x1f, 0x1e, 0x1f, 0x1e, 0x1e, 0x1a, 0x1a, 0x1a, 0x17, 0x17, 0x17, 0xde, 0xde, 0xde, 0xdd, 0xde, 0xdd, 0xdd, 0xdc, 0xdb, 0xd9, 0xd9, 0xd7, 0xd7, 0xd5, 0xd5, 0xdf, 0xcd, 0xd0, 0xd1, 0xd1, 0xd2, 0xd3, 0xd3, 0xd3, 0xd3, 0xd4, 0xd3, 0xd4, 0xd4, 0xd4, 0xd4, 0xd4, 0xd4, 0xd4, 0xd4, 0xd4, 
  0xd4, 0xd4, 0xd4, 0xd4, 0xd4, 0xd4, 0xd4, 0xd4, 0xd4, 0xd4, 0xd4, 0xd4, 0xd4, 0xd3, 0xd4, 0xd3, 0xd3, 0xd3, 0xd3, 0xd2, 0xd0, 0x52, 0x45, 0x48, 0x48, 0x4e, 0x4e, 0x56, 0x5b, 0x5b, 0x5f, 0x5b, 0x5b, 0x04, 0xe5, 0xe8, 0xe8, 0xea, 0xe9, 0xea, 0xea, 0xeb, 0xec, 0xec, 0xec, 0x00, 0x00, 0x00, 0x01, 0x01, 0x01, 0x04, 0x04, 0x06, 0x06, 0x08, 0x08, 0x0a, 0x0a, 0x0b, 0x0f, 0x0f, 0x0f, 0x14, 0x14, 0x14, 0x1b, 0x14, 0x1b, 0x1b, 0x1b, 0x1b, 0x1c, 0x1c, 0x1b, 0x1b, 0x3a, 0x55, 0x62, 0x55, 0x62, 0x55, 0x62, 0x55, 0x55, 0x55, 0x4c, 0x4c, 0x43, 0x41, 0x3a, 0x4b, 0xcd, 0xd2, 0xd2, 0xd2, 0xd3, 0xd3, 0xd3, 0xd4, 0xd3, 0xd4, 0xd3, 0xd4, 0xd3, 0xd3, 0xd3, 0xd3, 0xd2, 0xd2, 0xd2, 0xcc, 0x3e, 0x2b, 0x2c, 0x37, 0x37, 0x41, 0x41, 0x43, 0x41, 0x43, 0x43, 0x43, 0x43, 0x43, 0x43, 0x47, 0x3b, 0x47, 0x3b, 0x3c, 0x3b, 0x3c, 0x3b, 0x3c, 0x3c, 0x3c, 0x3c, 0x3c, 0x30, 0x3c, 0x30, 0x30, 0x30, 0x30, 0x30, 0x31, 0x2e, 0x31, 0x30, 0x27, 0x27, 0x27, 0x27, 0x1e, 0x27, 0x1e, 0x1e, 0x1e, 0x1a, 0x1a, 0x1a, 0x1a, 0x1a, 0x17, 0x17, 0xde, 0xde, 0xde, 0xdd, 0xdd, 0xdc, 0xdc, 0xd9, 0xd9, 0xd7, 0xd5, 0xd5, 0xd5, 0xda, 0xbe, 0xd0, 0xd1, 0xd1, 0xd2, 0xd2, 0xd3, 0xd3, 0xd3, 0xd4, 0xd4, 0xd4, 0xd4, 0xd4, 0xd4, 0xd4, 0xd4, 0xd4, 0xd4, 
  0xd4, 0xd4, 0xd4, 0xd4, 0xd4, 0xd4, 0xd4, 0xd4, 0xd4, 0xd4, 0xd4, 0xd4, 0xd3, 0xd4, 0xd3, 0xd3, 0xd3, 0xd3, 0xd2, 0xcd, 0x66, 0x45, 0x48, 0x4e, 0x4e, 0x4e, 0x56, 0x56, 0x5f, 0x5f, 0x6c, 0x40, 0x03, 0xe4, 0xe7, 0xe7, 0xe9, 0xe9, 0xea, 0xea, 0xeb, 0xec, 0xec, 0xec, 0x00, 0xed, 0x01, 0x01, 0x01, 0x03, 0x04, 0x05, 0x06, 0x06, 0x08, 0x08, 0x0b, 0x0b, 0x0f, 0x0f, 0x0f, 0x13, 0x14, 0x14, 0x14, 0x19, 0x1b, 0x1b, 0x1c, 0x1c, 0x1c, 0x24, 0x1c, 0x24, 0x1c, 0x1c, 0x2f, 0x62, 0x62, 0x62, 0x62, 0x62, 0x62, 0x62, 0x62, 0x55, 0x55, 0x4c, 0x4c, 0x43, 0x43, 0x41, 0x69, 0xcc, 0xd2, 0xd1, 0xd3, 0xd2, 0xd3, 0xd3, 0xd3, 0xd4, 0xd3, 0xd3, 0xd3, 0xd3, 0xd2, 0xd2, 0xd1, 0xd2, 0xcd, 0x52, 0x35, 0x36, 0x40, 0x40, 0x40, 0x43, 0x43, 0x43, 0x43, 0x43, 0x43, 0x47, 0x43, 0x47, 0x43, 0x47, 0x43, 0x47, 0x3b, 0x47, 0x3b, 0x47, 0x3b, 0x3c, 0x3b, 0x3c, 0x3b, 0x3c, 0x3b, 0x3c, 0x3c, 0x3c, 0x30, 0x30, 0x30, 0x30, 0x31, 0x30, 0x31, 0x30, 0x31, 0x27, 0x27, 0x27, 0x27, 0x27, 0x1e, 0x1e, 0x1e, 0x1a, 0x1a, 0x1a, 0x1a, 0x17, 0x1a, 0xde, 0xde, 0xde, 0xdd, 0xdd, 0xdc, 0xdc, 0xdc, 0xd9, 0xd9, 0xd7, 0xd7, 0xd5, 0xd5, 0xdf, 0xcc, 0xcd, 0xd1, 0xd1, 0xd2, 0xd3, 0xd3, 0xd3, 0xd3, 0xd4, 0xd3, 0xd4, 0xd4, 0xd4, 0xd4, 0xd4, 0xd4, 0xd4, 
  0xd4, 0xd4, 0xd4, 0xd4, 0xd4, 0xd4, 0xd4, 0xd4, 0xd4, 0xd4, 0xd4, 0xd4, 0xd4, 0xd3, 0xd3, 0xd3, 0xd2, 0xd3, 0xcd, 0x52, 0x45, 0x44, 0x4e, 0x4e, 0x56, 0x5b, 0x5b, 0x5f, 0x5f, 0x6a, 0x13, 0xe8, 0xe8, 0xe7, 0xe8, 0xe9, 0xea, 0xea, 0xeb, 0xeb, 0xec, 0xec, 0x00, 0xed, 0x01, 0x01, 0x01, 0x03, 0x03, 0x04, 0x05, 0x06, 0x06, 0x08, 0x0b, 0x0b, 0x0b, 0x0f, 0x0f, 0x13, 0x14, 0x14, 0x14, 0x1b, 0x19, 0x1b, 0x1c, 0x1c, 0x24, 0x24, 0x24, 0x24, 0x24, 0x24, 0x24, 0x24, 0x29, 0x62, 0x62, 0x62, 0x62, 0x62, 0x62, 0x62, 0x62, 0x62, 0x62, 0x55, 0x55, 0x55, 0x4c, 0x43, 0x43, 0x58, 0xce, 0xd1, 0xd2, 0xd3, 0xd3, 0xd3, 0xd3, 0xd3, 0xd3, 0xd3, 0xd3, 0xd3, 0xd2, 0xd2, 0xd0, 0xc8, 0xfa, 0x3d, 0x44, 0x40, 0x40, 0x46, 0x43, 0x49, 0x4c, 0x4c, 0x4c, 0x4c, 0x4d, 0x4c, 0x47, 0x4c, 0x4d, 0x4c, 0x47, 0x43, 0x47, 0x47, 0x47, 0x47, 0x47, 0x47, 0x47, 0x47, 0x3c, 0x47, 0x3c, 0x3c, 0x3c, 0x3c, 0x3c, 0x3c, 0x30, 0x3c, 0x30, 0x30, 0x30, 0x31, 0x30, 0x31, 0x31, 0x31, 0x27, 0x27, 0x27, 0x27, 0x1e, 0x1e, 0x1e, 0x1e, 0x1a, 0x1a, 0x1a, 0x17, 0x17, 0xde, 0xde, 0xde, 0xde, 0xdd, 0xdc, 0xdc, 0xd9, 0xd9, 0xd7, 0xd7, 0xd5, 0xd5, 0xda, 0xce, 0xd0, 0xd0, 0xd2, 0xd2, 0xd3, 0xd3, 0xd4, 0xd3, 0xd4, 0xd4, 0xd4, 0xd4, 0xd4, 0xd4, 0xd4, 0xd4, 
  0xd4, 0xd4, 0xd4, 0xd4, 0xd4, 0xd4, 0xd4, 0xd4, 0xd4, 0xd4, 0xd4, 0xd3, 0xd3, 0xd4, 0xd3, 0xd3, 0xd3, 0xcd, 0xfc, 0x44, 0x48, 0x4e, 0x4e, 0x56, 0x5b, 0x5f, 0x5f, 0x5f, 0x48, 0xec, 0xe8, 0xe9, 0xe9, 0xe9, 0xe9, 0xe9, 0xea, 0xea, 0xec, 0xec, 0xec, 0x00, 0xed, 0x01, 0x01, 0xee, 0x03, 0x04, 0x05, 0x06, 0x06, 0x08, 0x0b, 0x0b, 0x0b, 0x0f, 0x13, 0x13, 0x13, 0x14, 0x19, 0x19, 0x19, 0x1c, 0x1c, 0x24, 0x24, 0x24, 0x24, 0x29, 0x24, 0x29, 0x29, 0x29, 0x29, 0x29, 0x29, 0x62, 0x62, 0x6e, 0x70, 0x62, 0x6e, 0x62, 0x62, 0x62, 0x62, 0x62, 0x55, 0x61, 0x55, 0x55, 0x4c, 0x41, 0x69, 0xcd, 0xd2, 0xd2, 0xd3, 0xd3, 0xd3, 0xd3, 0xd3, 0xd3, 0xd3, 0xd2, 0xd2, 0xd1, 0xc8, 0xfa, 0x3f, 0x46, 0x46, 0x49, 0x49, 0x4c, 0x4c, 0x4c, 0x4c, 0x4c, 0x4c, 0x4d, 0x4c, 0x4d, 0x4c, 0x4d, 0x4d, 0x4d, 0x4d, 0x4d, 0x4d, 0x4c, 0x4d, 0x43, 0x4d, 0x43, 0x47, 0x47, 0x47, 0x47, 0x47, 0x47, 0x47, 0x47, 0x3c, 0x3c, 0x3c, 0x3c, 0x3c, 0x3c, 0x3c, 0x30, 0x3c, 0x30, 0x31, 0x31, 0x31, 0x27, 0x27, 0x27, 0x27, 0x27, 0x1e, 0x1e, 0x1e, 0x1e, 0x1a, 0x1a, 0x1a, 0x17, 0x17, 0xde, 0xde, 0xde, 0xdd, 0xdc, 0xdc, 0xd9, 0xd9, 0xd9, 0xd7, 0xd5, 0xd6, 0xdf, 0xc8, 0xd1, 0xd1, 0xd2, 0xd2, 0xd3, 0xd3, 0xd3, 0xd3, 0xd4, 0xd3, 0xd4, 0xd4, 0xd4, 0xd4, 0xd4, 
  0xd4, 0xd4, 0xd4, 0xd4, 0xd4, 0xd4, 0xd4, 0xd4, 0xd4, 0xd4, 0xd4, 0xd4, 0xd3, 0xd3, 0xd3, 0xd2, 0xd0, 0x52, 0x44, 0x48, 0x4e, 0x56, 0x56, 0x5f, 0x5f, 0x5f, 0x6a, 0x56, 0xec, 0xe7, 0xe8, 0xe9, 0xe9, 0xe9, 0xea, 0xea, 0xeb, 0xeb, 0xec, 0xec, 0x00, 0xed, 0x01, 0x01, 0x03, 0x03, 0x04, 0x05, 0xef, 0x08, 0xf0, 0x0a, 0x0b, 0x0f, 0x0f, 0x13, 0x13, 0x13, 0x14, 0x19, 0x19, 0x19, 0x1c, 0x19, 0x24, 0x24, 0x24, 0x29, 0x29, 0x29, 0x29, 0x29, 0x29, 0x29, 0x29, 0x2c, 0x2c, 0x70, 0x6e, 0x70, 0x6e, 0x6e, 0x6e, 0x70, 0x6e, 0x62, 0x62, 0x62, 0x62, 0x62, 0x61, 0x55, 0x55, 0x43, 0x43, 0x7d, 0xd1, 0xd2, 0xd3, 0xd2, 0xd2, 0xd3, 0xd2, 0xd3, 0xd2, 0xd3, 0xd2, 0xd1, 0x52, 0x35, 0x40, 0x46, 0x49, 0x53, 0x49, 0x55, 0x4c, 0x55, 0x4c, 0x55, 0x55, 0x4c, 0x55, 0x4d, 0x55, 0x4d, 0x55, 0x4d, 0x55, 0x4d, 0x55, 0x4d, 0x4d, 0x5a, 0x4d, 0x4d, 0x4d, 0x4d, 0x4d, 0x4d, 0x47, 0x4d, 0x47, 0x47, 0x47, 0x47, 0x3c, 0x47, 0x3c, 0x3c, 0x3c, 0x3c, 0x3c, 0x31, 0x3c, 0x30, 0x31, 0x30, 0x27, 0x31, 0x27, 0x27, 0x27, 0x27, 0x1e, 0x1e, 0x1e, 0x1e, 0x1a, 0x1a, 0x17, 0x17, 0xde, 0xde, 0xdd, 0xdd, 0xdc, 0xdc, 0xdc, 0xd9, 0xd7, 0xd7, 0xd5, 0xd5, 0x39, 0xd0, 0xd0, 0xd1, 0xd2, 0xd3, 0xd3, 0xd3, 0xd4, 0xd3, 0xd4, 0xd4, 0xd4, 0xd4, 0xd4, 0xd4, 
  0xd4, 0xd4, 0xd4, 0xd4, 0xd4, 0xd4, 0xd4, 0xd4, 0xd4, 0xd3, 0xd4, 0xd3, 0xd3, 0xd3, 0xd3, 0xd0, 0x5c, 0x48, 0x48, 0x4e, 0x56, 0x56, 0x5f, 0x5f, 0x67, 0x6a, 0x35, 0xe7, 0xe7, 0xe7, 0xe8, 0xe9, 0xea, 0xea, 0xeb, 0xeb, 0xeb, 0xec, 0xec, 0xed, 0xed, 0x01, 0x03, 0xee, 0x03, 0x05, 0xef, 0x08, 0xf0, 0x0a, 0x0b, 0x0b, 0x0f, 0xf2, 0x13, 0x13, 0x19, 0x19, 0x19, 0x19, 0x1c, 0x24, 0x24, 0x24, 0x24, 0x29, 0x29, 0x29, 0x2b, 0x2c, 0x2c, 0x2c, 0x2c, 0x2c, 0x2f, 0x2f, 0x49, 0x6e, 0x6e, 0x6e, 0x6e, 0x6e, 0x6e, 0x6e, 0x6e, 0x70, 0x6e, 0x62, 0x6e, 0x62, 0x62, 0x62, 0x55, 0x55, 0x4c, 0x4c, 0x92, 0xd3, 0xd2, 0xd2, 0xd2, 0xd2, 0xd2, 0xd2, 0xd2, 0xd2, 0xcd, 0x69, 0x44, 0x46, 0x49, 0x49, 0x57, 0x55, 0x57, 0x55, 0x55, 0x55, 0x55, 0x55, 0x55, 0x5a, 0x55, 0x55, 0x5a, 0x55, 0x5a, 0x55, 0x5a, 0x55, 0x5a, 0x5a, 0x55, 0x5a, 0x55, 0x5a, 0x4d, 0x5a, 0x4d, 0x4d, 0x4d, 0x4d, 0x4d, 0x4d, 0x47, 0x47, 0x4d, 0x47, 0x47, 0x47, 0x3c, 0x47, 0x3c, 0x3c, 0x3c, 0x3c, 0x31, 0x30, 0x31, 0x31, 0x31, 0x27, 0x27, 0x27, 0x27, 0x1e, 0x1e, 0x1e, 0x1a, 0x1a, 0x1a, 0x1a, 0x17, 0x17, 0xde, 0xde, 0xdd, 0xdc, 0xdc, 0xdb, 0xd9, 0xd9, 0xd7, 0xd6, 0xd5, 0x39, 0xd0, 0xd0, 0xd2, 0xd2, 0xd2, 0xd3, 0xd3, 0xd4, 0xd3, 0xd4, 0xd4, 0xd4, 0xd4, 0xd4, 
  0xd4, 0xd4, 0xd4, 0xd4, 0xd4, 0xd4, 0xd4, 0xd4, 0xd4, 0xd4, 0xd3, 0xd3, 0xd3, 0xd3, 0xd2, 0x66, 0x48, 0x48, 0x4e, 0x56, 0x56, 0x5f, 0x6a, 0x6a, 0x6a, 0x19, 0xe8, 0xe8, 0xe7, 0xe9, 0xe9, 0xea, 0xea, 0xeb, 0xeb, 0xec, 0xec, 0xec, 0xed, 0x01, 0x01, 0x03, 0xee, 0x04, 0xef, 0x06, 0x06, 0x0b, 0x0b, 0x0f, 0xf1, 0x13, 0x13, 0x13, 0x19, 0x19, 0xf4, 0x1c, 0xf5, 0x24, 0x24, 0x24, 0x24, 0x29, 0x2b, 0x29, 0x2b, 0x2c, 0x2c, 0x2f, 0x2c, 0x36, 0x2f, 0x36, 0x2f, 0x36, 0x5e, 0x7a, 0x6e, 0x7a, 0x7a, 0x7a, 0x7a, 0x6e, 0x7a, 0x6e, 0x6e, 0x6e, 0x6e, 0x6e, 0x6e, 0x62, 0x5e, 0x62, 0x57, 0x55, 0x57, 0x9f, 0xd1, 0xd1, 0xd1, 0xd2, 0xd2, 0xd1, 0xd1, 0xd0, 0x7d, 0x4e, 0x4e, 0x49, 0x53, 0x57, 0x55, 0x5e, 0x55, 0x61, 0x55, 0x5e, 0x5a, 0x62, 0x5a, 0x55, 0x5a, 0x5a, 0x55, 0x5a, 0x5a, 0x5a, 0x5a, 0x5a, 0x5a, 0x5a, 0x5a, 0x5a, 0x5a, 0x5a, 0x5a, 0x5a, 0x5a, 0x5a, 0x5a, 0x5a, 0x5a, 0x4d, 0x4d, 0x4d, 0x47, 0x4d, 0x47, 0x47, 0x47, 0x47, 0x47, 0x47, 0x3c, 0x3c, 0x3c, 0x3c, 0x3c, 0x31, 0x31, 0x31, 0x31, 0x27, 0x27, 0x27, 0x27, 0x1e, 0x1e, 0x1e, 0x1e, 0x1a, 0x1a, 0x1a, 0xde, 0xde, 0xde, 0xdd, 0xdd, 0xdc, 0xdc, 0xd9, 0xd9, 0xd7, 0xd5, 0xd6, 0x88, 0xd0, 0xd0, 0xd2, 0xd2, 0xd3, 0xd3, 0xd3, 0xd3, 0xd4, 0xd3, 0xd4, 0xd4, 0xd4, 
  0xd4, 0xd4, 0xd4, 0xd4, 0xd4, 0xd4, 0xd4, 0xd3, 0xd4, 0xd3, 0xd3, 0xd3, 0xd3, 0xd2, 0x9f, 0x48, 0x48, 0x4e, 0x56, 0x56, 0x5f, 0x5f, 0x6a, 0x6a, 0x13, 0xe7, 0xe7, 0xe8, 0xe9, 0xe9, 0xea, 0xea, 0xeb, 0xec, 0xec, 0xec, 0xed, 0xed, 0x01, 0x01, 0xee, 0x03, 0x05, 0xef, 0x06, 0xf0, 0x0b, 0x0b, 0xf1, 0x13, 0x13, 0x13, 0xf4, 0x19, 0xf4, 0x1c, 0xf5, 0x24, 0x24, 0x24, 0x28, 0x29, 0x2b, 0x29, 0x2b, 0x2c, 0x2f, 0x2c, 0x36, 0x2f, 0x36, 0x2f, 0x36, 0x37, 0x37, 0x49, 0x7a, 0x7a, 0x7a, 0x7a, 0x7a, 0x7a, 0x78, 0x7a, 0x78, 0x7a, 0x78, 0x6e, 0x7a, 0x6e, 0x6e, 0x6e, 0x62, 0x65, 0x62, 0x55, 0x53, 0x4f, 0xc8, 0xd0, 0xd1, 0xd1, 0xd1, 0xd0, 0xd0, 0x92, 0x50, 0x53, 0x53, 0x57, 0x57, 0x5e, 0x5e, 0x62, 0x61, 0x62, 0x62, 0x62, 0x62, 0x62, 0x62, 0x62, 0x62, 0x62, 0x63, 0x62, 0x62, 0x5a, 0x62, 0x5a, 0x62, 0x63, 0x62, 0x63, 0x63, 0x63, 0x5a, 0x63, 0x5a, 0x5a, 0x5a, 0x5a, 0x5a, 0x5a, 0x5a, 0x4d, 0x5a, 0x4d, 0x4d, 0x4d, 0x4d, 0x47, 0x47, 0x47, 0x3c, 0x47, 0x3c, 0x3c, 0x3c, 0x30, 0x3c, 0x31, 0x31, 0x31, 0x31, 0x27, 0x27, 0x27, 0x1e, 0x1e, 0x1e, 0x1e, 0x1a, 0x1a, 0x17, 0x17, 0xde, 0xde, 0xdd, 0xdd, 0xdc, 0xdc, 0xd9, 0xd7, 0xd7, 0xd5, 0xd6, 0xbe, 0xd0, 0xd1, 0xd2, 0xd2, 0xd3, 0xd3, 0xd4, 0xd3, 0xd4, 0xd4, 0xd4, 0xd4, 
  0xd4, 0xd4, 0xd4, 0xd4, 0xd4, 0xd4, 0xd4, 0xd4, 0xd4, 0xd3, 0xd3, 0xd3, 0xd2, 0xbe, 0x4a, 0x48, 0x4e, 0x56, 0x5b, 0x5f, 0x5f, 0x72, 0x6a, 0x20, 0xe9, 0xe8, 0xe8, 0xe9, 0xe9, 0xea, 0xeb, 0xeb, 0xec, 0xec, 0x00, 0xed, 0x01, 0x01, 0xee, 0xee, 0xee, 0x05, 0xef, 0x06, 0xf0, 0x0b, 0x0b, 0xf1, 0x13, 0x13, 0xf3, 0x19, 0xf4, 0x1c, 0xf5, 0x1c, 0x28, 0x24, 0x28, 0x2b, 0x29, 0x2b, 0x2b, 0x2c, 0x36, 0x2c, 0x36, 0x36, 0x36, 0x37, 0x36, 0x40, 0x37, 0x40, 0x46, 0x74, 0x7a, 0x7f, 0x7a, 0x7f, 0x7a, 0x7a, 0x7a, 0x7a, 0x7a, 0x7a, 0x7a, 0x78, 0x6e, 0x78, 0x6e, 0x6e, 0x6e, 0x6e, 0x62, 0x61, 0x55, 0x4c, 0x4f, 0xce, 0xd1, 0xd1, 0xd1, 0xd0, 0xb6, 0x4a, 0x49, 0x53, 0x57, 0x5e, 0x61, 0x61, 0x62, 0x62, 0x62, 0x62, 0x62, 0x62, 0x63, 0x62, 0x63, 0x62, 0x63, 0x63, 0x62, 0x63, 0x63, 0x63, 0x63, 0x63, 0x63, 0x63, 0x63, 0x63, 0x63, 0x63, 0x63, 0x63, 0x63, 0x63, 0x63, 0x5a, 0x63, 0x5a, 0x5a, 0x5a, 0x4d, 0x5a, 0x4d, 0x5a, 0x4d, 0x4d, 0x4d, 0x4d, 0x47, 0x47, 0x47, 0x47, 0x3c, 0x3c, 0x31, 0x3c, 0x31, 0x31, 0x31, 0x31, 0x27, 0x27, 0x27, 0x27, 0x27, 0x1e, 0x1e, 0x1e, 0x1a, 0x1a, 0x17, 0xde, 0xde, 0xdd, 0xdd, 0xdc, 0xdc, 0xd9, 0xd7, 0xd6, 0xd5, 0xdf, 0xcd, 0xd0, 0xd1, 0xd2, 0xd3, 0xd3, 0xd3, 0xd3, 0xd4, 0xd3, 0xd4, 0xd4, 
  0xd4, 0xd4, 0xd4, 0xd4, 0xd4, 0xd4, 0xd4, 0xd3, 0xd4, 0xd3, 0xd3, 0xd2, 0xcc, 0xfb, 0x44, 0x4e, 0x4e, 0x5b, 0x5b, 0x67, 0x72, 0x6a, 0x34, 0xe9, 0xe9, 0xe9, 0xe9, 0xe9, 0xea, 0xeb, 0xeb, 0xec, 0xec, 0xed, 0xed, 0x01, 0xee, 0xee, 0x04, 0x05, 0xef, 0x06, 0xf0, 0xf0, 0x0b, 0xf1, 0x13, 0x13, 0xf3, 0x19, 0x19, 0xf5, 0x24, 0xf5, 0x29, 0x28, 0x24, 0x2b, 0x2b, 0x2c, 0x2b, 0x2f, 0x36, 0x2c, 0x36, 0x36, 0x36, 0x37, 0x37, 0x37, 0x40, 0x37, 0x46, 0x49, 0x7c, 0x8d, 0x7f, 0x89, 0x7f, 0x85, 0x7f, 0x85, 0x7f, 0x85, 0x7f, 0x85, 0x7a, 0x7a, 0x7a, 0x7a, 0x78, 0x7a, 0x6e, 0x6e, 0x6e, 0x61, 0x5e, 0x4c, 0x49, 0x92, 0xcf, 0xd2, 0xd1, 0xc8, 0x59, 0x49, 0x53, 0x57, 0x5e, 0x61, 0x61, 0x62, 0x65, 0x62, 0x6e, 0x62, 0x70, 0x62, 0x70, 0x63, 0x6e, 0x63, 0x70, 0x63, 0x73, 0x63, 0x73, 0x63, 0x73, 0x63, 0x73, 0x63, 0x73, 0x63, 0x73, 0x63, 0x73, 0x63, 0x63, 0x63, 0x63, 0x63, 0x63, 0x63, 0x63, 0x5a, 0x63, 0x5a, 0x5a, 0x5a, 0x5a, 0x4d, 0x4d, 0x4d, 0x4d, 0x47, 0x47, 0x47, 0x3c, 0x47, 0x3c, 0x3c, 0x3c, 0x3c, 0x31, 0x31, 0x31, 0x27, 0x27, 0x27, 0x27, 0x1e, 0x1e, 0x1e, 0x1a, 0x1a, 0x1a, 0x17, 0x17, 0xde, 0xdd, 0xdd, 0xdc, 0xd9, 0xd9, 0xd7, 0xd7, 0xd5, 0x54, 0xd0, 0xd1, 0xd1, 0xd2, 0xd3, 0xd3, 0xd3, 0xd4, 0xd3, 0xd4, 0xd4, 
  0xd4, 0xd4, 0xd4, 0xd4, 0xd4, 0xd4, 0xd3, 0xd4, 0xd3, 0xd3, 0xd3, 0xd3, 0x52, 0x44, 0x48, 0x56, 0x56, 0x5b, 0x5f, 0x6a, 0x72, 0x3e, 0xe9, 0xe9, 0xea, 0xe9, 0xea, 0xea, 0xeb, 0xec, 0xec, 0xec, 0xed, 0xed, 0x01, 0xee, 0xee, 0x05, 0xef, 0xef, 0x06, 0xf0, 0x0b, 0x0b, 0xf1, 0x13, 0xf2, 0x13, 0xf4, 0x19, 0xf5, 0xf5, 0x24, 0x28, 0x28, 0x2b, 0x2b, 0x2b, 0x2b, 0x35, 0x36, 0x35, 0x36, 0x36, 0x36, 0x37, 0x3f, 0x37, 0x3f, 0x40, 0x46, 0x46, 0x53, 0x84, 0x91, 0x84, 0x8d, 0x86, 0x8d, 0x86, 0x8d, 0x86, 0x8d, 0x86, 0x8d, 0x7f, 0x85, 0x7f, 0x85, 0x7a, 0x7a, 0x78, 0x7a, 0x78, 0x6e, 0x6e, 0x62, 0x5e, 0x55, 0x5e, 0xb6, 0xd0, 0xd1, 0x69, 0x53, 0x53, 0x57, 0x5e, 0x62, 0x65, 0x6e, 0x6b, 0x70, 0x6e, 0x62, 0x70, 0x6e, 0x73, 0x70, 0x73, 0x70, 0x73, 0x73, 0x73, 0x73, 0x73, 0x73, 0x76, 0x73, 0x76, 0x63, 0x76, 0x63, 0x73, 0x73, 0x73, 0x73, 0x63, 0x76, 0x63, 0x73, 0x63, 0x63, 0x63, 0x63, 0x63, 0x63, 0x5a, 0x63, 0x5a, 0x5a, 0x5a, 0x5a, 0x5a, 0x4d, 0x4d, 0x4d, 0x47, 0x47, 0x3c, 0x47, 0x3c, 0x3c, 0x3c, 0x3c, 0x3c, 0x31, 0x31, 0x31, 0x27, 0x27, 0x27, 0x27, 0x1e, 0x1e, 0x1e, 0x1a, 0x1a, 0x17, 0x17, 0xde, 0xdd, 0xdd, 0xdc, 0xdb, 0xd9, 0xd7, 0xd5, 0xda, 0xcc, 0xd0, 0xd1, 0xd2, 0xd2, 0xd3, 0xd3, 0xd3, 0xd4, 0xd3, 0xd4, 
  0xd4, 0xd4, 0xd4, 0xd4, 0xd4, 0xd4, 0xd3, 0xd3, 0xd3, 0xd3, 0xd2, 0x9f, 0x48, 0x48, 0x4e, 0x56, 0x5b, 0x5f, 0x6a, 0x72, 0x59, 0xeb, 0xe9, 0xea, 0xe9, 0xea, 0xea, 0xeb, 0xec, 0xec, 0xed, 0xed, 0xed, 0xee, 0xee, 0x04, 0xef, 0xef, 0xef, 0xf0, 0xf0, 0x0b, 0xf1, 0xf1, 0x13, 0xf2, 0x19, 0xf4, 0xf5, 0xf5, 0x24, 0x28, 0x28, 0x28, 0x2b, 0x2b, 0x35, 0x2b, 0x36, 0x36, 0x36, 0x36, 0x36, 0x3f, 0x37, 0x3f, 0x40, 0x44, 0x40, 0x44, 0x49, 0x60, 0x8c, 0x8f, 0x8c, 0x8f, 0x8f, 0x8d, 0x8f, 0x8d, 0x91, 0x8d, 0x8f, 0x8d, 0x8d, 0x8d, 0x86, 0x85, 0x7f, 0x89, 0x7f, 0x85, 0x7a, 0x7a, 0x77, 0x6e, 0x6b, 0x62, 0x61, 0x57, 0x83, 0xcd, 0x92, 0x5f, 0x5e, 0x5e, 0x65, 0x61, 0x6b, 0x6e, 0x62, 0x6e, 0x6e, 0x6e, 0x73, 0x6e, 0x73, 0x6e, 0x73, 0x73, 0x74, 0x73, 0x74, 0x76, 0x73, 0x76, 0x76, 0x76, 0x76, 0x76, 0x76, 0x76, 0x76, 0x76, 0x73, 0x76, 0x73, 0x76, 0x73, 0x73, 0x73, 0x73, 0x73, 0x63, 0x73, 0x63, 0x63, 0x63, 0x63, 0x5a, 0x63, 0x5a, 0x5a, 0x5a, 0x5a, 0x4d, 0x4d, 0x4d, 0x47, 0x4d, 0x47, 0x47, 0x3c, 0x3c, 0x3c, 0x3c, 0x3c, 0x31, 0x31, 0x31, 0x27, 0x27, 0x27, 0x27, 0x1e, 0x1e, 0x1e, 0x1e, 0x1a, 0x1a, 0x17, 0xde, 0xdd, 0xdc, 0xdc, 0xd9, 0xd7, 0xd7, 0xd5, 0xdf, 0xcd, 0xd0, 0xd1, 0xd2, 0xd3, 0xd3, 0xd3, 0xd4, 0xd3, 0xd4, 
  0xd4, 0xd4, 0xd4, 0xd4, 0xd3, 0xd4, 0xd3, 0xd4, 0xd2, 0xd3, 0xcc, 0x44, 0x48, 0x4e, 0x56, 0x5b, 0x5f, 0x6a, 0x67, 0x60, 0x00, 0xe9, 0xea, 0xea, 0xea, 0xeb, 0xeb, 0xec, 0xec, 0xed, 0xed, 0x01, 0x01, 0xee, 0xee, 0xef, 0x06, 0xf0, 0xf0, 0x0b, 0xf1, 0xf1, 0x13, 0xf3, 0x13, 0xf4, 0x19, 0xf5, 0xf5, 0x28, 0x28, 0x28, 0x2b, 0x2b, 0x2b, 0x35, 0x35, 0x36, 0x35, 0x36, 0x36, 0x3f, 0x3f, 0x3f, 0x44, 0x40, 0x44, 0x46, 0x46, 0x60, 0x8c, 0x96, 0x8f, 0x96, 0x91, 0x8f, 0x91, 0x8f, 0x8f, 0x8f, 0x8f, 0x8f, 0x91, 0x8f, 0x8f, 0x91, 0x8d, 0x91, 0x8d, 0x8d, 0x84, 0x85, 0x7f, 0x85, 0x7a, 0x7a, 0x78, 0x6b, 0x6e, 0x61, 0x55, 0x6d, 0x60, 0x5e, 0x65, 0x65, 0x6b, 0x6e, 0x6e, 0x6e, 0x77, 0x70, 0x77, 0x73, 0x7a, 0x76, 0x7a, 0x76, 0x7a, 0x76, 0x7f, 0x76, 0x7f, 0x7f, 0x7f, 0x7f, 0x7f, 0x76, 0x76, 0x76, 0x76, 0x76, 0x76, 0x76, 0x76, 0x76, 0x76, 0x76, 0x76, 0x76, 0x76, 0x73, 0x76, 0x73, 0x73, 0x63, 0x73, 0x63, 0x63, 0x63, 0x5a, 0x63, 0x63, 0x5a, 0x5a, 0x5a, 0x4d, 0x4d, 0x4d, 0x4d, 0x47, 0x47, 0x47, 0x47, 0x3c, 0x3c, 0x3c, 0x3c, 0x31, 0x31, 0x31, 0x31, 0x27, 0x27, 0x27, 0x27, 0x1e, 0x1e, 0x1a, 0x1a, 0x17, 0x17, 0xde, 0xdd, 0xdc, 0xdc, 0xd9, 0xd9, 0xd6, 0xd5, 0x54, 0xcf, 0xd1, 0xd1, 0xd2, 0xd3, 0xd3, 0xd3, 0xd3, 0xd4, 
  0xd4, 0xd4, 0xd4, 0xd4, 0xd4, 0xd3, 0xd3, 0xd3, 0xd2, 0xd1, 0x69, 0x45, 0x4e, 0x4e, 0x56, 0x5f, 0x67, 0x6a, 0x72, 0xf3, 0xe9, 0xea, 0xea, 0xeb, 0xeb, 0xec, 0xec, 0xed, 0xed, 0xed, 0x01, 0xee, 0xee, 0xef, 0xef, 0xf0, 0xf0, 0x0b, 0xf1, 0xf2, 0xf2, 0x13, 0xf3, 0xf3, 0xf4, 0xf5, 0xf5, 0xf5, 0x2b, 0x28, 0x2b, 0x2b, 0x2b, 0x35, 0x35, 0x35, 0x36, 0x35, 0x3f, 0x3f, 0x3f, 0x3f, 0x40, 0x44, 0x46, 0x44, 0x4f, 0x74, 0x9a, 0x96, 0x95, 0x95, 0x96, 0x95, 0x96, 0x95, 0x95, 0x96, 0x95, 0x96, 0x96, 0x95, 0x96, 0x95, 0x8f, 0x8f, 0x91, 0x8f, 0x91, 0x91, 0x8d, 0x8d, 0x8d, 0x84, 0x7f, 0x7c, 0x7a, 0x78, 0x77, 0x6e, 0x61, 0x57, 0x61, 0x6b, 0x6b, 0x6e, 0x77, 0x6e, 0x7a, 0x77, 0x73, 0x7a, 0x76, 0x7a, 0x7c, 0x7a, 0x7f, 0x7a, 0x7f, 0x7f, 0x7f, 0x7f, 0x7f, 0x86, 0x7f, 0x86, 0x7f, 0x86, 0x7f, 0x86, 0x86, 0x7f, 0x86, 0x7f, 0x7f, 0x76, 0x7f, 0x76, 0x76, 0x76, 0x76, 0x76, 0x76, 0x76, 0x76, 0x76, 0x73, 0x73, 0x63, 0x73, 0x63, 0x63, 0x63, 0x63, 0x63, 0x5a, 0x5a, 0x5a, 0x4d, 0x4d, 0x4d, 0x4d, 0x47, 0x47, 0x47, 0x47, 0x3c, 0x3c, 0x3c, 0x3c, 0x31, 0x31, 0x31, 0x27, 0x27, 0x27, 0x27, 0x1e, 0x1e, 0x1e, 0x1a, 0x1a, 0xde, 0xde, 0xdd, 0xdc, 0xdc, 0xd9, 0xd7, 0xd6, 0x0c, 0xcc, 0xd0, 0xd1, 0xd2, 0xd2, 0xd3, 0xd3, 0xd4, 0xd3, 
  0xd4, 0xd4, 0xd4, 0xd4, 0xd3, 0xd4, 0xd3, 0xd3, 0xd3, 0x9f, 0x45, 0x4e, 0x4e, 0x56, 0x5b, 0x5f, 0x6a, 0x72, 0x34, 0xe9, 0xea, 0xea, 0xeb, 0xeb, 0xec, 0xec, 0xed, 0xed, 0xed, 0xee, 0xee, 0xee, 0xef, 0xef, 0xef, 0xf0, 0xf1, 0xf1, 0xf2, 0xf2, 0xf2, 0xf3, 0xf4, 0xf4, 0xf5, 0xf5, 0x24, 0x28, 0x28, 0x2b, 0x2b, 0x35, 0x35, 0x35, 0x35, 0x36, 0x35, 0x3f, 0x3f, 0x3f, 0x3f, 0x44, 0x44, 0x4f, 0x4f, 0x72, 0x97, 0x95, 0x9b, 0x96, 0x9b, 0x9a, 0x95, 0x9b, 0x95, 0x9b, 0x95, 0x9b, 0x95, 0x9b, 0x95, 0x9b, 0x95, 0x95, 0x96, 0x95, 0x96, 0x96, 0x8f, 0x8f, 0x8f, 0x8f, 0x8d, 0x8d, 0x8d, 0x84, 0x85, 0x7f, 0x78, 0x6e, 0x6b, 0x61, 0x6b, 0x6b, 0x6e, 0x77, 0x7a, 0x77, 0x7a, 0x7c, 0x7a, 0x7c, 0x7a, 0x7f, 0x7f, 0x7f, 0x7f, 0x7f, 0x7f, 0x7f, 0x86, 0x86, 0x86, 0x86, 0x86, 0x8b, 0x86, 0x86, 0x86, 0x7f, 0x86, 0x86, 0x86, 0x7f, 0x8b, 0x7f, 0x86, 0x7f, 0x86, 0x76, 0x7f, 0x76, 0x76, 0x76, 0x76, 0x76, 0x73, 0x76, 0x73, 0x73, 0x73, 0x63, 0x63, 0x63, 0x63, 0x63, 0x5a, 0x5a, 0x5a, 0x5a, 0x4d, 0x4d, 0x4d, 0x4d, 0x47, 0x47, 0x47, 0x47, 0x3c, 0x3c, 0x3c, 0x31, 0x31, 0x31, 0x31, 0x27, 0x27, 0x27, 0x1e, 0x1e, 0x1e, 0x1a, 0x17, 0xde, 0xdd, 0xdd, 0xdc, 0xdc, 0xd9, 0xd7, 0xd5, 0x54, 0xcf, 0xd0, 0xd2, 0xd2, 0xd3, 0xd3, 0xd3, 0xd4, 
  0xd4, 0xd4, 0xd4, 0xd3, 0xd4, 0xd3, 0xd3, 0xd3, 0xd1, 0xfc, 0x4e, 0x4e, 0x56, 0x5b, 0x5f, 0x72, 0x72, 0x72, 0xec, 0xeb, 0xeb, 0xeb, 0xec, 0xec, 0xec, 0xed, 0xed, 0xee, 0xee, 0xee, 0xee, 0xef, 0xef, 0xf0, 0x0b, 0xf1, 0xf1, 0xf2, 0xf2, 0xf4, 0xf4, 0xf4, 0xf5, 0xf5, 0x28, 0x28, 0x28, 0x28, 0x2b, 0x35, 0xf7, 0x35, 0x35, 0x35, 0x3f, 0x3f, 0x3f, 0x3f, 0x3f, 0x4a, 0x44, 0x4a, 0x60, 0x8a, 0x9b, 0x9a, 0x9b, 0x9a, 0x9b, 0x9a, 0x9b, 0x9b, 0x9b, 0x9b, 0x9b, 0x9b, 0x9b, 0x9b, 0x9b, 0x9b, 0x9a, 0x9b, 0x9b, 0x9b, 0x9b, 0x95, 0x9b, 0x96, 0x95, 0x96, 0x8f, 0x91, 0x8f, 0x8c, 0x8f, 0x8d, 0x84, 0x7f, 0x7c, 0x7a, 0x6e, 0x6e, 0x6e, 0x77, 0x7a, 0x77, 0x7a, 0x7a, 0x7c, 0x7f, 0x7c, 0x7f, 0x86, 0x84, 0x7f, 0x86, 0x86, 0x86, 0x86, 0x86, 0x86, 0x86, 0x86, 0x8b, 0x8b, 0x8b, 0x8b, 0x8b, 0x8b, 0x8b, 0x8b, 0x86, 0x8b, 0x8b, 0x86, 0x8b, 0x86, 0x8b, 0x76, 0x8b, 0x7f, 0x86, 0x7f, 0x7f, 0x76, 0x7f, 0x76, 0x76, 0x76, 0x73, 0x73, 0x73, 0x73, 0x63, 0x63, 0x63, 0x63, 0x5a, 0x5a, 0x5a, 0x4d, 0x5a, 0x4d, 0x4d, 0x4d, 0x4d, 0x47, 0x47, 0x3c, 0x47, 0x31, 0x3c, 0x31, 0x31, 0x31, 0x27, 0x27, 0x27, 0x27, 0x1e, 0x1e, 0x1e, 0x1a, 0x17, 0xde, 0xdd, 0xdd, 0xdc, 0xdb, 0xd9, 0xd8, 0x0c, 0xcc, 0xd0, 0xd1, 0xd2, 0xd2, 0xd3, 0xd3, 0xd4, 
  0xd4, 0xd4, 0xd3, 0xd4, 0xd3, 0xd3, 0xd2, 0xd2, 0x7d, 0x4e, 0x4e, 0x56, 0x5b, 0x5f, 0x67, 0x72, 0x72, 0xef, 0xeb, 0xeb, 0xeb, 0xec, 0xec, 0xed, 0xed, 0xed, 0xee, 0xee, 0xee, 0xef, 0xef, 0xf0, 0xf0, 0xf1, 0xf1, 0xf2, 0xf2, 0xf3, 0xf3, 0xf5, 0xf4, 0x28, 0xf5, 0x28, 0x28, 0x28, 0x2b, 0xf7, 0x35, 0x35, 0x35, 0x35, 0x3f, 0x3f, 0x3f, 0x3f, 0x4a, 0x44, 0x4a, 0x46, 0x83, 0x97, 0x9a, 0xa0, 0x9a, 0x9d, 0x9a, 0xa0, 0xa0, 0xa0, 0xa0, 0xa0, 0x9a, 0xa0, 0x9b, 0xa0, 0xa0, 0xa0, 0xa0, 0xa0, 0xa0, 0x9b, 0xa0, 0x9b, 0xa0, 0x9b, 0x9a, 0x9b, 0x95, 0x9b, 0x95, 0x95, 0x96, 0x8f, 0x91, 0x8b, 0x8d, 0x84, 0x85, 0x7c, 0x7a, 0x77, 0x7a, 0x77, 0x7a, 0x85, 0x84, 0x85, 0x7f, 0x84, 0x86, 0x84, 0x86, 0x8d, 0x86, 0x8f, 0x8c, 0x8b, 0x8f, 0x8f, 0x8f, 0x8b, 0x8f, 0x8b, 0x95, 0x8b, 0x8b, 0x8b, 0x8b, 0x8b, 0x8b, 0x8b, 0x8b, 0x8b, 0x8b, 0x8b, 0x8b, 0x86, 0x8b, 0x86, 0x86, 0x86, 0x7f, 0x86, 0x86, 0x7f, 0x7f, 0x76, 0x7f, 0x76, 0x76, 0x76, 0x73, 0x73, 0x76, 0x63, 0x63, 0x63, 0x63, 0x63, 0x5a, 0x5a, 0x5a, 0x4d, 0x5a, 0x4d, 0x4d, 0x47, 0x47, 0x47, 0x47, 0x3c, 0x3c, 0x3c, 0x31, 0x31, 0x31, 0x27, 0x27, 0x27, 0x1e, 0x1e, 0x1e, 0x1a, 0x17, 0x15, 0xdd, 0xdd, 0xdb, 0xd9, 0xd7, 0xd6, 0x39, 0xd0, 0xd0, 0xd2, 0xd2, 0xd3, 0xd3, 0xd3, 
  0xd4, 0xd4, 0xd4, 0xd3, 0xd3, 0xd3, 0xd2, 0xcd, 0x4a, 0x48, 0x56, 0x5b, 0x5b, 0x6a, 0x72, 0x72, 0x59, 0xeb, 0xec, 0xec, 0xec, 0xec, 0xed, 0xed, 0xed, 0xee, 0xee, 0xee, 0xef, 0xef, 0xf0, 0xf0, 0xf1, 0xf1, 0xf2, 0xf2, 0xf3, 0xf4, 0xf4, 0xf5, 0x28, 0xf6, 0x28, 0x28, 0xf7, 0x2b, 0xf8, 0x35, 0x35, 0x35, 0x35, 0x3f, 0xfa, 0x3f, 0x4a, 0x3f, 0x4a, 0x44, 0x6d, 0x97, 0x9d, 0x97, 0x9d, 0x9d, 0x9d, 0xa0, 0x9d, 0xa0, 0x9d, 0xa0, 0x9d, 0xa0, 0xa0, 0xa0, 0xa0, 0xa0, 0xa0, 0xa0, 0xa0, 0xa0, 0xa0, 0xa0, 0xa0, 0xa0, 0xa0, 0xa0, 0x9b, 0x9a, 0x9b, 0x9a, 0x95, 0x9a, 0x95, 0x90, 0x8f, 0x8c, 0x91, 0x86, 0x84, 0x7a, 0x7c, 0x7a, 0x7c, 0x7c, 0x7c, 0x85, 0x7f, 0x8d, 0x7f, 0x8d, 0x86, 0x8c, 0x8f, 0x86, 0x8f, 0x8f, 0x8b, 0x8f, 0x8f, 0x8b, 0x95, 0x95, 0x8b, 0x95, 0x8b, 0x95, 0x95, 0x95, 0x8b, 0x95, 0x8b, 0x95, 0x8b, 0x8b, 0x8b, 0x8b, 0x8b, 0x8b, 0x8b, 0x8b, 0x8b, 0x86, 0x8b, 0x86, 0x7f, 0x86, 0x7f, 0x7f, 0x7f, 0x76, 0x76, 0x76, 0x76, 0x73, 0x73, 0x73, 0x63, 0x73, 0x63, 0x63, 0x5a, 0x63, 0x5a, 0x5a, 0x5a, 0x4d, 0x4d, 0x4d, 0x47, 0x47, 0x3c, 0x47, 0x3c, 0x3c, 0x31, 0x31, 0x31, 0x27, 0x27, 0x27, 0x27, 0x1e, 0x1e, 0x1e, 0x17, 0xde, 0xde, 0xdd, 0xdc, 0xdb, 0xd7, 0xd8, 0xd5, 0xbe, 0xd1, 0xd1, 0xd2, 0xd3, 0xd3, 0xd3, 
  0xd4, 0xd4, 0xd3, 0xd4, 0xd3, 0xd2, 0xd3, 0x92, 0x44, 0x4e, 0x56, 0x5b, 0x5f, 0x67, 0x72, 0x7b, 0x04, 0xec, 0xec, 0xec, 0xed, 0xed, 0xed, 0xed, 0xee, 0xee, 0xef, 0xef, 0xef, 0xf0, 0xf1, 0xf1, 0xf2, 0xf2, 0xf3, 0xf4, 0xf4, 0xf5, 0xf5, 0x28, 0x28, 0xf7, 0x2b, 0xf7, 0xf8, 0x35, 0xf8, 0x35, 0xf9, 0x3f, 0x3f, 0xfa, 0x44, 0x4a, 0x4a, 0x4a, 0x6d, 0xa2, 0x9d, 0x9d, 0x9d, 0x9d, 0xa4, 0x9d, 0xa4, 0x9d, 0xa4, 0xa4, 0xa4, 0x9d, 0xa4, 0xa4, 0xa4, 0xa4, 0xa4, 0xa4, 0xa4, 0xa4, 0xa4, 0xa4, 0xa4, 0xa4, 0xa0, 0xa4, 0xa0, 0xa0, 0xa0, 0xa0, 0xa0, 0x9b, 0xa0, 0x95, 0x9a, 0x95, 0x96, 0x8f, 0x8f, 0x8c, 0x8d, 0x84, 0x7c, 0x84, 0x84, 0x7f, 0x89, 0x7f, 0x8d, 0x8d, 0x91, 0x8c, 0x8f, 0x8f, 0x8f, 0x96, 0x95, 0x95, 0x95, 0x95, 0x95, 0x95, 0x9b, 0x95, 0x9b, 0x95, 0x9b, 0x8b, 0x9b, 0x8b, 0x9b, 0x95, 0x9b, 0x8b, 0x9b, 0x8b, 0x9b, 0x8b, 0x95, 0x8b, 0x8b, 0x8b, 0x8b, 0x8b, 0x86, 0x8b, 0x86, 0x86, 0x86, 0x86, 0x86, 0x7f, 0x7f, 0x7f, 0x76, 0x76, 0x76, 0x73, 0x76, 0x63, 0x73, 0x63, 0x63, 0x5a, 0x63, 0x5a, 0x5a, 0x5a, 0x4d, 0x4d, 0x47, 0x4d, 0x47, 0x47, 0x3c, 0x3c, 0x3c, 0x3c, 0x31, 0x31, 0x31, 0x27, 0x27, 0x27, 0x1e, 0x1e, 0x1e, 0x17, 0x15, 0xde, 0x0e, 0xdc, 0xd9, 0xd7, 0xd6, 0x39, 0xcf, 0xd1, 0xd2, 0xd2, 0xd3, 0xd3, 
  0xd4, 0xd3, 0xd4, 0xd3, 0xd3, 0xd2, 0xcc, 0x4a, 0x4e, 0x4e, 0x5b, 0x5b, 0x6a, 0x72, 0x72, 0xf3, 0xeb, 0xed, 0xec, 0xed, 0xed, 0xed, 0x01, 0xee, 0xee, 0xef, 0xef, 0xef, 0xf0, 0xf1, 0xf1, 0xf2, 0xf3, 0xf3, 0xf4, 0xf4, 0xf5, 0xf5, 0x28, 0x28, 0xf7, 0xf7, 0xf8, 0x35, 0xf8, 0x35, 0xf9, 0x3f, 0x3f, 0xfa, 0x3f, 0x4a, 0x4a, 0x4a, 0x6d, 0x83, 0x9d, 0xa2, 0x9d, 0xa2, 0x9d, 0xa4, 0xa2, 0xa4, 0xa2, 0xa4, 0xa2, 0xa4, 0xa2, 0xa4, 0xa4, 0xa4, 0xa2, 0xa4, 0xa4, 0xa4, 0xa4, 0xa4, 0xa4, 0xa4, 0xa4, 0xa4, 0xa4, 0xa4, 0xa4, 0xa4, 0xa0, 0xa0, 0xa0, 0xa0, 0x9a, 0x9b, 0x9a, 0x9b, 0x96, 0x96, 0x90, 0x8f, 0x8c, 0x7f, 0x89, 0x86, 0x89, 0x84, 0x8d, 0x84, 0x91, 0x8b, 0x91, 0x8f, 0x96, 0x95, 0x96, 0x95, 0x95, 0x9b, 0x95, 0x9a, 0x9b, 0x9b, 0x9b, 0x9b, 0x9b, 0x9b, 0x9b, 0x9b, 0x9b, 0x9b, 0x9b, 0x9b, 0x9b, 0x9b, 0x9b, 0x9b, 0x9b, 0x8b, 0x9b, 0x8b, 0x9b, 0x8b, 0x95, 0x8b, 0x8b, 0x8b, 0x8b, 0x8b, 0x86, 0x86, 0x7f, 0x8b, 0x7f, 0x7f, 0x7f, 0x7f, 0x76, 0x76, 0x76, 0x76, 0x73, 0x63, 0x73, 0x63, 0x63, 0x63, 0x5a, 0x5a, 0x5a, 0x4d, 0x4d, 0x4d, 0x47, 0x4d, 0x47, 0x3c, 0x3c, 0x3c, 0x31, 0x31, 0x31, 0x31, 0x27, 0x27, 0x27, 0x1e, 0x27, 0x1a, 0x17, 0x17, 0xde, 0x0e, 0xdb, 0xd8, 0xd6, 0xda, 0xbe, 0xd0, 0xd1, 0xd2, 0xd3, 0xd3, 
  0xd4, 0xd4, 0xd3, 0xd3, 0xd3, 0xd3, 0x7d, 0x4e, 0x4e, 0x56, 0x56, 0x6a, 0x5f, 0x72, 0x72, 0x00, 0xec, 0xec, 0xed, 0xed, 0xed, 0xee, 0xee, 0xee, 0xee, 0xef, 0xef, 0xf0, 0xf1, 0xf1, 0xf2, 0xf3, 0xf3, 0xf5, 0xf4, 0xf6, 0xf5, 0x28, 0x28, 0x2b, 0xf8, 0xf8, 0x35, 0xf9, 0x3f, 0xf9, 0x3f, 0xfa, 0x4a, 0x4a, 0x4a, 0x4a, 0x4f, 0x83, 0x9d, 0xa2, 0xa2, 0xa2, 0xa2, 0xa4, 0xa2, 0xa8, 0xa2, 0xa8, 0xa8, 0xa8, 0xa8, 0xa8, 0xa8, 0xa8, 0xa8, 0xa8, 0xa7, 0xa7, 0xa7, 0xa8, 0xa8, 0xa8, 0xa7, 0xa4, 0xa8, 0xa4, 0xa8, 0xa4, 0xa4, 0xa4, 0xa4, 0xa4, 0x9d, 0xa0, 0xa0, 0x9b, 0x9a, 0x9b, 0x9a, 0x95, 0x90, 0x91, 0x8c, 0x8d, 0x84, 0x8d, 0x84, 0x8f, 0x8c, 0x8f, 0x8c, 0x91, 0x96, 0x96, 0x95, 0x95, 0x95, 0x9a, 0x9b, 0x9b, 0x9b, 0x9b, 0x9b, 0x9b, 0xa0, 0x9b, 0xa0, 0xa0, 0xa0, 0x9b, 0xa0, 0x9b, 0xa0, 0x9b, 0xa0, 0x9b, 0x9b, 0x9b, 0x9b, 0x9b, 0x9b, 0x9b, 0x95, 0x9b, 0x95, 0x95, 0x95, 0x8b, 0x8f, 0x8b, 0x8b, 0x8b, 0x8b, 0x86, 0x86, 0x86, 0x86, 0x7f, 0x7f, 0x7f, 0x76, 0x76, 0x73, 0x76, 0x63, 0x73, 0x63, 0x63, 0x63, 0x5a, 0x5a, 0x5a, 0x5a, 0x4d, 0x4d, 0x4d, 0x47, 0x47, 0x3c, 0x3c, 0x3c, 0x31, 0x31, 0x31, 0x31, 0x27, 0x27, 0x1e, 0x27, 0x1e, 0x1a, 0x17, 0x15, 0xdd, 0xdc, 0xdb, 0xd8, 0xd5, 0x54, 0xcf, 0xd0, 0xd2, 0xd2, 0xd3, 
  0xd4, 0xd3, 0xd3, 0xd3, 0xd3, 0xd0, 0xfc, 0x56, 0x56, 0x5b, 0x5f, 0x6a, 0x72, 0x72, 0x2d, 0xec, 0xed, 0xed, 0xed, 0xed, 0xee, 0x01, 0xee, 0xef, 0xef, 0xf0, 0xf0, 0xf1, 0xf1, 0xf2, 0xf3, 0xf4, 0xf4, 0xf5, 0xf6, 0xf5, 0x28, 0x28, 0xf7, 0xf8, 0xf8, 0xf8, 0xfa, 0x3d, 0xfa, 0x3f, 0x4a, 0x4a, 0x4a, 0x4a, 0x59, 0x6d, 0x9c, 0xa2, 0xa2, 0xa2, 0xa2, 0xa2, 0xa6, 0xa2, 0xa6, 0xa4, 0xa7, 0xa8, 0xa7, 0xa7, 0xa7, 0xa7, 0xa7, 0xa7, 0xa7, 0xab, 0xa7, 0xab, 0xa7, 0xa7, 0xa7, 0xa7, 0xa7, 0xa7, 0xa8, 0xa7, 0xa8, 0xa8, 0xa4, 0xa8, 0xa4, 0xa4, 0xa0, 0xa0, 0xa0, 0x9a, 0x9b, 0x9a, 0x96, 0x96, 0x96, 0x8f, 0x8c, 0x8c, 0x8f, 0x8c, 0x91, 0x8c, 0x8f, 0x8c, 0x95, 0x90, 0x95, 0x95, 0x9a, 0x9b, 0x9a, 0x9b, 0x9b, 0xa0, 0xa0, 0xa0, 0xa0, 0xa0, 0xa0, 0xa0, 0xa0, 0xa0, 0xa0, 0xa0, 0xa0, 0xa0, 0xa0, 0xa0, 0xa0, 0xa0, 0xa0, 0xa0, 0xa0, 0xa0, 0x9b, 0x9b, 0x9b, 0x9b, 0x9b, 0x9b, 0x95, 0x95, 0x95, 0x8b, 0x95, 0x8b, 0x8b, 0x8b, 0x8b, 0x86, 0x86, 0x7f, 0x86, 0x76, 0x7f, 0x76, 0x76, 0x76, 0x76, 0x73, 0x73, 0x63, 0x63, 0x63, 0x5a, 0x5a, 0x5a, 0x5a, 0x4d, 0x4d, 0x4d, 0x47, 0x47, 0x3c, 0x3c, 0x3c, 0x31, 0x31, 0x31, 0x31, 0x27, 0x27, 0x27, 0x1e, 0x1a, 0x17, 0x17, 0xde, 0x0e, 0xdc, 0x07, 0xd7, 0xdf, 0xcd, 0xd0, 0xd1, 0xd2, 0xd3, 
  0xd3, 0xd4, 0xd3, 0xd2, 0xd2, 0x9f, 0x4e, 0x4e, 0x5b, 0x5f, 0x6a, 0x72, 0x72, 0x64, 0xed, 0xed, 0xed, 0xed, 0xee, 0x01, 0xee, 0xee, 0xef, 0xef, 0xef, 0xf0, 0xf0, 0xf2, 0xf2, 0xf3, 0xf3, 0xf5, 0xf5, 0xf6, 0xf6, 0x28, 0xf7, 0xf7, 0xf8, 0xf8, 0xf9, 0xf9, 0x3f, 0xfa, 0x4a, 0x4a, 0x4a, 0x4a, 0x4a, 0x59, 0x79, 0xa2, 0xa2, 0xa2, 0xa2, 0xa2, 0xa6, 0xa7, 0xa6, 0xa8, 0xa8, 0xac, 0xa7, 0xab, 0xab, 0xac, 0xab, 0xab, 0xab, 0xab, 0xab, 0xae, 0xae, 0xae, 0xab, 0xab, 0xab, 0xab, 0xab, 0xab, 0xa7, 0xab, 0xa7, 0xa8, 0xa7, 0xa8, 0xa4, 0xa4, 0xa4, 0x9d, 0xa0, 0xa0, 0x9a, 0x96, 0x9a, 0x96, 0x96, 0x8c, 0x8f, 0x8c, 0x91, 0x8c, 0x8f, 0x91, 0x96, 0x96, 0x96, 0x95, 0x9a, 0x9a, 0x9b, 0x9a, 0x9b, 0xa0, 0xa0, 0xa0, 0xa0, 0xa0, 0xa0, 0xa4, 0xa0, 0xa4, 0xa0, 0xa4, 0xa4, 0xa4, 0xa4, 0xa0, 0xa4, 0xa0, 0xa4, 0xa0, 0xa0, 0xa0, 0xa0, 0xa0, 0xa0, 0xa0, 0xa0, 0xa0, 0x9b, 0x9b, 0x9b, 0x9b, 0x95, 0x95, 0x95, 0x95, 0x8b, 0x8b, 0x8b, 0x8b, 0x86, 0x8b, 0x86, 0x86, 0x7f, 0x7f, 0x7f, 0x76, 0x76, 0x76, 0x73, 0x73, 0x73, 0x63, 0x63, 0x63, 0x5a, 0x5a, 0x5a, 0x4d, 0x4d, 0x4d, 0x47, 0x47, 0x3c, 0x3c, 0x3c, 0x3c, 0x31, 0x31, 0x31, 0x27, 0x27, 0x27, 0x1e, 0x17, 0x17, 0x15, 0xdd, 0x0e, 0xd9, 0x07, 0xd8, 0xbe, 0xd0, 0xd1, 0xd2, 0xd2, 
  0xd4, 0xd3, 0xd3, 0xd2, 0xd0, 0xfb, 0x4e, 0x56, 0x5b, 0x5f, 0x6a, 0x72, 0x7b, 0x4a, 0xed, 0xed, 0xed, 0xee, 0x01, 0xee, 0xee, 0xef, 0xef, 0xf0, 0xf0, 0xf1, 0xf2, 0xf2, 0xf3, 0xf4, 0xf5, 0xf5, 0xf6, 0xf6, 0x28, 0xf7, 0xf7, 0xf8, 0xf8, 0xf9, 0x3f, 0xfa, 0xfa, 0x4a, 0x4a, 0xfb, 0x4a, 0xfb, 0x64, 0x87, 0xa4, 0xa6, 0xa2, 0xa6, 0xa7, 0xa6, 0xa7, 0xa5, 0xa7, 0xac, 0xa7, 0xac, 0xab, 0xb0, 0xab, 0xab, 0xb0, 0xab, 0xb0, 0xb0, 0xb0, 0xb0, 0xb0, 0xb0, 0xab, 0xb0, 0xab, 0xab, 0xab, 0xab, 0xab, 0xab, 0xab, 0xa7, 0xa7, 0xa8, 0xa8, 0xa4, 0xa2, 0xa0, 0x9d, 0x9a, 0x9a, 0x9a, 0x96, 0x90, 0x8f, 0x8c, 0x8c, 0x8c, 0x8c, 0x8f, 0x8c, 0x96, 0x8f, 0x96, 0x96, 0x9a, 0x95, 0x9a, 0x9b, 0xa0, 0xa0, 0xa0, 0xa0, 0xa4, 0xa4, 0xa4, 0xa4, 0xa4, 0xa4, 0xa4, 0xa4, 0xa4, 0xa4, 0xa4, 0xa4, 0xa4, 0xa4, 0xa4, 0xa4, 0xa4, 0xa4, 0xa4, 0xa4, 0xa0, 0xa0, 0xa0, 0xa0, 0xa0, 0xa0, 0x9b, 0x9b, 0x9b, 0x9b, 0x9b, 0x95, 0x95, 0x95, 0x95, 0x8b, 0x8b, 0x8b, 0x8b, 0x86, 0x86, 0x86, 0x7f, 0x7f, 0x7f, 0x7f, 0x76, 0x76, 0x73, 0x73, 0x63, 0x63, 0x63, 0x63, 0x5a, 0x5a, 0x5a, 0x4d, 0x4d, 0x47, 0x47, 0x47, 0x3c, 0x3c, 0x3c, 0x31, 0x31, 0x31, 0x27, 0x31, 0x27, 0x1e, 0x1a, 0x15, 0x17, 0x15, 0xdd, 0x0e, 0xd9, 0xd8, 0x39, 0xd0, 0xd1, 0xd1, 0xd3, 
  0xd4, 0xd3, 0xd3, 0xd2, 0xcc, 0x44, 0x4e, 0x56, 0x5b, 0x6a, 0x6a, 0x7b, 0x7b, 0xf1, 0xed, 0xee, 0x01, 0xee, 0xee, 0xee, 0xef, 0xef, 0xf0, 0xf0, 0xf1, 0xf1, 0xf2, 0xf3, 0xf4, 0xf5, 0xf5, 0xf6, 0xf6, 0xf7, 0xf7, 0xf8, 0xf8, 0xf9, 0xf9, 0xfa, 0xfa, 0xfa, 0x4a, 0xfb, 0x4a, 0x59, 0x59, 0x64, 0xa2, 0xa6, 0xa6, 0xa6, 0xa8, 0xa5, 0xa8, 0xac, 0xac, 0xab, 0xac, 0xab, 0xab, 0xb0, 0xb0, 0xb0, 0xb0, 0xb0, 0xb0, 0xb0, 0xb0, 0xb0, 0xb0, 0xb1, 0xb0, 0xb1, 0xb0, 0xb1, 0xb0, 0xb1, 0xb0, 0xb0, 0xb0, 0xab, 0xab, 0xab, 0xa7, 0xa8, 0xa8, 0xa4, 0xa4, 0xa4, 0x9a, 0x9d, 0x96, 0x9a, 0x90, 0x90, 0x8c, 0x86, 0x89, 0x86, 0x8c, 0x8c, 0x91, 0x8c, 0x96, 0x96, 0x9a, 0x95, 0x9a, 0x9b, 0x9d, 0xa0, 0xa0, 0xa0, 0xa4, 0xa4, 0xa4, 0xa4, 0xa4, 0xa4, 0xa4, 0xa4, 0xa4, 0xa4, 0xa4, 0xa4, 0xa4, 0xa4, 0xa4, 0xa4, 0xa4, 0xa4, 0xa4, 0xa4, 0xa4, 0xa4, 0xa4, 0xa0, 0xa4, 0xa0, 0xa0, 0xa0, 0xa0, 0x9b, 0x9b, 0x9b, 0x9b, 0x9b, 0x95, 0x95, 0x95, 0x95, 0x95, 0x8b, 0x8b, 0x8b, 0x86, 0x86, 0x86, 0x7f, 0x7f, 0x7f, 0x76, 0x76, 0x73, 0x73, 0x73, 0x63, 0x63, 0x63, 0x5a, 0x5a, 0x5a, 0x4d, 0x4d, 0x4d, 0x47, 0x47, 0x3c, 0x3c, 0x3c, 0x3c, 0x31, 0x31, 0x27, 0x27, 0x27, 0x1f, 0x1a, 0x17, 0x15, 0xdd, 0x0e, 0xdb, 0x07, 0xd8, 0xcc, 0xd1, 0xd1, 0xd2, 
  0xd3, 0xd3, 0xd3, 0xd3, 0x92, 0x48, 0x4e, 0x56, 0x5f, 0x5f, 0x72, 0x72, 0xfa, 0xed, 0xee, 0xee, 0xee, 0xee, 0xee, 0xef, 0xef, 0xf0, 0xf0, 0xf1, 0xf2, 0xf2, 0xf4, 0xf4, 0xf5, 0xf6, 0xf6, 0x28, 0xf7, 0xf7, 0xf8, 0xf9, 0xf9, 0xfa, 0xfa, 0xfa, 0x4a, 0xfa, 0xfb, 0x4a, 0x59, 0x59, 0x79, 0xa7, 0xa5, 0xa2, 0xa5, 0xa6, 0xa5, 0xab, 0xac, 0xab, 0xab, 0xac, 0xb0, 0xab, 0xaf, 0xb0, 0xaf, 0xb1, 0xaf, 0xb1, 0xb0, 0xb0, 0xb4, 0xb1, 0xb4, 0xb1, 0xb4, 0xb1, 0xb4, 0xb0, 0xb1, 0xb1, 0xb0, 0xb1, 0xb0, 0xab, 0xb0, 0xab, 0xab, 0xa8, 0xa8, 0xa2, 0xa4, 0x9d, 0x9d, 0x9a, 0x9a, 0x90, 0x90, 0x8c, 0x84, 0x84, 0x7c, 0x84, 0x84, 0x8d, 0x8c, 0x8f, 0x96, 0x90, 0x95, 0x9a, 0x9a, 0xa0, 0xa0, 0xa0, 0xa2, 0xa4, 0xa4, 0xa8, 0xa4, 0xa8, 0xa8, 0xa8, 0xa8, 0xa7, 0xa7, 0xa8, 0xa7, 0xa8, 0xa7, 0xa8, 0xa8, 0xa8, 0xa4, 0xa7, 0xa4, 0xa8, 0xa4, 0xa4, 0xa4, 0xa4, 0xa4, 0xa4, 0xa4, 0xa0, 0xa0, 0xa0, 0xa0, 0x9b, 0x9b, 0x9b, 0x9b, 0x9b, 0x95, 0x95, 0x8b, 0x95, 0x8b, 0x8b, 0x8b, 0x8b, 0x86, 0x86, 0x86, 0x7f, 0x76, 0x76, 0x76, 0x73, 0x73, 0x73, 0x63, 0x63, 0x63, 0x5a, 0x5a, 0x4d, 0x4d, 0x4d, 0x47, 0x47, 0x47, 0x3c, 0x3c, 0x31, 0x3c, 0x31, 0x31, 0x31, 0x27, 0x1f, 0x1a, 0x16, 0x1a, 0x15, 0x0e, 0xdc, 0x07, 0xd8, 0x68, 0xd1, 0xd1, 0xd2, 
  0xd3, 0xd3, 0xd2, 0xd0, 0x4f, 0x48, 0x53, 0x5b, 0x5f, 0x72, 0x72, 0x7b, 0xef, 0xee, 0xee, 0xee, 0xee, 0xef, 0xef, 0xef, 0xf0, 0xf1, 0xf1, 0xf2, 0xf3, 0xf3, 0xf4, 0xf5, 0xf6, 0xf6, 0xf6, 0xf7, 0xf7, 0xf8, 0xf9, 0xf9, 0xfa, 0xfa, 0x4a, 0xfa, 0xfb, 0xfb, 0x59, 0x59, 0x59, 0x87, 0xa6, 0xa6, 0xa6, 0xac, 0xa8, 0xac, 0xab, 0xac, 0xac, 0xb0, 0xaf, 0xb0, 0xaf, 0xb4, 0xb0, 0xb4, 0xb4, 0xb4, 0xb5, 0xb4, 0xb4, 0xb4, 0xb4, 0xb4, 0xb5, 0xb4, 0xb5, 0xb5, 0xb4, 0xb5, 0xb4, 0xb4, 0xb5, 0xb4, 0xb1, 0xb1, 0xb0, 0xab, 0xab, 0xa7, 0xa8, 0xa4, 0x9d, 0xa4, 0x9a, 0x9a, 0x90, 0x90, 0x84, 0x84, 0x7c, 0x77, 0x7c, 0x7a, 0x7c, 0x84, 0x84, 0x8c, 0x90, 0x96, 0x9a, 0x9b, 0x9d, 0xa0, 0x9d, 0xa4, 0xa4, 0xa4, 0xa8, 0xa8, 0xa8, 0xa8, 0xa7, 0xa7, 0xa7, 0xa7, 0xa7, 0xa7, 0xa7, 0xa7, 0xa7, 0xa7, 0xa7, 0xa7, 0xa7, 0xa7, 0xa7, 0xa8, 0xa8, 0xa7, 0xa8, 0xa8, 0xa4, 0xa4, 0xa4, 0xa4, 0xa4, 0xa0, 0xa0, 0xa0, 0x9b, 0xa0, 0x9b, 0x9b, 0x9b, 0x9b, 0x9b, 0x95, 0x95, 0x95, 0x8b, 0x8b, 0x8b, 0x86, 0x86, 0x86, 0x7f, 0x7f, 0x76, 0x76, 0x73, 0x73, 0x73, 0x63, 0x63, 0x63, 0x5a, 0x5a, 0x5a, 0x4d, 0x4d, 0x47, 0x47, 0x47, 0x47, 0x3c, 0x3c, 0x30, 0x31, 0x31, 0x31, 0x27, 0x1f, 0x1f, 0x1a, 0x17, 0x15, 0x0e, 0xdb, 0xd8, 0x39, 0xd0, 0xd1, 0xd2, 
  0xd3, 0xd3, 0xd3, 0xb6, 0x50, 0x4e, 0x56, 0x5b, 0x6a, 0x72, 0x72, 0x7b, 0x04, 0xee, 0xee, 0xef, 0xef, 0xef, 0xef, 0xf0, 0xf0, 0xf1, 0xf2, 0xf2, 0xf3, 0xf4, 0xf5, 0xf6, 0xf6, 0xf7, 0xf7, 0xf7, 0xf8, 0xf9, 0xf9, 0xfa, 0xfa, 0xfb, 0xfa, 0xfb, 0xfb, 0x59, 0x59, 0xfc, 0x79, 0xa7, 0xa5, 0xa8, 0xac, 0xac, 0xac, 0xac, 0xac, 0xb0, 0xac, 0xb0, 0xaf, 0xb0, 0xb0, 0xb4, 0xb4, 0xb4, 0xb4, 0xb4, 0xb4, 0xb4, 0xb4, 0xb4, 0xb9, 0xb5, 0xb9, 0xb5, 0xb9, 0xb5, 0xb4, 0xb5, 0xb5, 0xb4, 0xb4, 0xb4, 0xb1, 0xb4, 0xb0, 0xab, 0xab, 0xa8, 0xa8, 0xa2, 0xa4, 0x9a, 0x9d, 0x96, 0x90, 0x84, 0x7c, 0x7c, 0x61, 0x60, 0x77, 0x77, 0x7c, 0x7a, 0x84, 0x8c, 0x8f, 0x97, 0x96, 0x9d, 0x9a, 0xa0, 0xa0, 0xa4, 0xa4, 0xa8, 0xa8, 0xa8, 0xa7, 0xa7, 0xa7, 0xab, 0xa7, 0xab, 0xab, 0xab, 0xa7, 0xab, 0xa7, 0xab, 0xae, 0xa7, 0xa7, 0xa7, 0xa7, 0xa7, 0xa7, 0xa7, 0xa8, 0xa7, 0xa4, 0xa7, 0xa4, 0xa4, 0xa4, 0xa4, 0xa4, 0xa0, 0xa0, 0xa0, 0xa0, 0x9b, 0x9b, 0x9b, 0x9b, 0x95, 0x9b, 0x8b, 0x95, 0x8b, 0x8b, 0x8b, 0x86, 0x86, 0x7f, 0x7f, 0x7f, 0x76, 0x7a, 0x76, 0x70, 0x73, 0x63, 0x63, 0x5a, 0x5a, 0x4d, 0x5a, 0x4d, 0x4d, 0x47, 0x47, 0x3c, 0x3c, 0x3c, 0x3c, 0x31, 0x31, 0x31, 0x27, 0x1f, 0x1e, 0x16, 0x1e, 0x15, 0x0e, 0xdb, 0xd8, 0x0c, 0xcc, 0xd1, 0xd1, 
  0xd3, 0xd2, 0xd3, 0x69, 0x48, 0x56, 0x5b, 0x5f, 0x72, 0x72, 0x72, 0xfa, 0xee, 0xee, 0xee, 0xef, 0xef, 0xf0, 0xf0, 0xf1, 0xf1, 0xf2, 0xf2, 0xf3, 0xf4, 0xf5, 0xf5, 0xf6, 0x28, 0xf7, 0xf8, 0xf8, 0xf9, 0xf9, 0xfa, 0xfa, 0x4a, 0xfb, 0x59, 0xfb, 0x59, 0x59, 0xfc, 0x79, 0xa6, 0xa6, 0xa5, 0xac, 0xac, 0xac, 0xab, 0xac, 0xb0, 0xaf, 0xb1, 0xb3, 0xb0, 0xb3, 0xb4, 0xb4, 0xb3, 0xb4, 0xb9, 0xb4, 0xb9, 0xb9, 0xb9, 0xb9, 0xb9, 0xb9, 0xb9, 0xb9, 0xb9, 0xb9, 0xb5, 0xb9, 0xb5, 0xb9, 0xb4, 0xb5, 0xb4, 0xb1, 0xb0, 0xb0, 0xab, 0xa7, 0xa2, 0xa4, 0x9d, 0xa0, 0x97, 0x90, 0x84, 0x74, 0x57, 0x08, 0xe6, 0xe5, 0x01, 0x57, 0x6b, 0x74, 0x7f, 0x84, 0x90, 0x96, 0x9a, 0x9a, 0xa0, 0x9d, 0xa2, 0xa4, 0xa8, 0xa4, 0xa7, 0xa7, 0xa7, 0xab, 0xab, 0xab, 0xab, 0xab, 0xae, 0xab, 0xae, 0xae, 0xae, 0xae, 0xae, 0xae, 0xab, 0xae, 0xae, 0xa7, 0xae, 0xa7, 0xa7, 0xa7, 0xa7, 0xa8, 0xa7, 0xa8, 0xa7, 0xa4, 0xa4, 0xa4, 0xa4, 0xa0, 0xa0, 0xa0, 0xa0, 0xa0, 0x9b, 0x9b, 0x9b, 0x95, 0x95, 0x95, 0x8f, 0x8b, 0x86, 0x8b, 0x86, 0x86, 0x7f, 0x7f, 0x76, 0x76, 0x73, 0x73, 0x70, 0x63, 0x63, 0x63, 0x5a, 0x5a, 0x4d, 0x4d, 0x4d, 0x47, 0x47, 0x47, 0x3c, 0x3c, 0x3c, 0x3c, 0x30, 0x31, 0x1f, 0x1f, 0x1f, 0x1a, 0x15, 0x15, 0x0e, 0x07, 0xd6, 0x68, 0xd0, 0xd1, 
  0xd3, 0xd2, 0xd0, 0xfc, 0x49, 0x5b, 0x5f, 0x6a, 0x72, 0x7b, 0x7b, 0x0b, 0xee, 0xef, 0xef, 0xef, 0xf0, 0xf0, 0xf0, 0xf1, 0xf2, 0xf2, 0xf3, 0xf5, 0xf5, 0xf6, 0xf6, 0xf7, 0xf7, 0xf7, 0xf9, 0xf9, 0xfa, 0xfa, 0xfa, 0xfb, 0xfb, 0xfb, 0x59, 0xfc, 0xfc, 0xfc, 0x87, 0xa8, 0xa5, 0xac, 0xac, 0xac, 0xac, 0xaf, 0xaf, 0xaf, 0xb4, 0xaf, 0xb4, 0xb4, 0xb4, 0xb4, 0xb4, 0xb8, 0xb5, 0xb9, 0xb9, 0xb9, 0xb9, 0xb9, 0xb9, 0xbd, 0xb9, 0xbd, 0xb9, 0xba, 0xb9, 0xba, 0xb9, 0xba, 0xb9, 0xba, 0xb9, 0xb5, 0xb4, 0xb4, 0xb1, 0xb0, 0xab, 0xa7, 0xa2, 0xa4, 0x9d, 0x9a, 0x97, 0x84, 0x74, 0x57, 0xe7, 0xe0, 0xe0, 0xe1, 0xe0, 0xe3, 0x2f, 0x6f, 0x74, 0x84, 0x8c, 0x97, 0x9a, 0x9a, 0x9d, 0xa4, 0xa4, 0xa4, 0xa8, 0xa7, 0xab, 0xa7, 0xab, 0xab, 0xae, 0xb1, 0xb0, 0xb1, 0xb0, 0xb0, 0xab, 0xb1, 0xab, 0xb0, 0xab, 0xb0, 0xab, 0xb0, 0xae, 0xb0, 0xae, 0xab, 0xab, 0xab, 0xa7, 0xa7, 0xa7, 0xa7, 0xa7, 0xa7, 0xa4, 0xa4, 0xa4, 0xa4, 0xa4, 0xa0, 0xa0, 0xa0, 0x9b, 0x9b, 0x9b, 0x9b, 0x9b, 0x95, 0x95, 0x8b, 0x8b, 0x8b, 0x86, 0x86, 0x86, 0x7f, 0x7f, 0x76, 0x7a, 0x73, 0x73, 0x70, 0x63, 0x63, 0x5a, 0x5a, 0x5a, 0x5a, 0x4d, 0x4d, 0x47, 0x47, 0x3c, 0x3c, 0x3c, 0x31, 0x30, 0x31, 0x22, 0x1f, 0x1f, 0x1f, 0x1a, 0x15, 0x0e, 0xdb, 0xd8, 0x26, 0xd0, 0xd0, 
  0xd3, 0xd2, 0xcc, 0x4a, 0x4e, 0x5b, 0x5b, 0x6a, 0x72, 0x7b, 0x64, 0xef, 0xef, 0xef, 0xef, 0xef, 0xf0, 0xf0, 0xf1, 0xf2, 0xf2, 0xf3, 0xf4, 0xf5, 0xf6, 0xf6, 0xf6, 0xf7, 0xf7, 0xf9, 0xf9, 0xfa, 0xfa, 0xfa, 0xfb, 0xfb, 0xfb, 0x59, 0xfc, 0xfc, 0xfc, 0x79, 0xa8, 0xa5, 0xa5, 0xac, 0xac, 0xac, 0xb0, 0xaf, 0xb0, 0xaf, 0xb4, 0xb3, 0xb4, 0xb3, 0xb4, 0xb3, 0xb9, 0xb9, 0xb9, 0xb9, 0xb9, 0xb9, 0xb9, 0xbd, 0xbc, 0xb9, 0xbc, 0xb9, 0xbd, 0xb9, 0xbd, 0xb9, 0xbd, 0xb9, 0xba, 0xb9, 0xba, 0xb9, 0xb4, 0xb4, 0xb4, 0xb0, 0xac, 0xa8, 0xa6, 0x9d, 0x9d, 0x97, 0x90, 0x84, 0x6f, 0x03, 0xe0, 0xe0, 0xe0, 0xe0, 0xe0, 0xe0, 0x05, 0x61, 0x74, 0x7f, 0x84, 0x96, 0x9a, 0x9a, 0xa0, 0x9d, 0xa2, 0xa8, 0xa8, 0xa7, 0xae, 0xab, 0xab, 0xab, 0xb1, 0xab, 0xb1, 0xb0, 0xb1, 0xb0, 0xb1, 0xb0, 0xb1, 0xb1, 0xb0, 0xb1, 0xb0, 0xb1, 0xab, 0xb1, 0xab, 0xb1, 0xab, 0xab, 0xab, 0xa7, 0xab, 0xa7, 0xa7, 0xa7, 0xa7, 0xa7, 0xa4, 0xa4, 0xa4, 0xa4, 0xa0, 0xa0, 0xa0, 0xa0, 0x9b, 0x9b, 0x9b, 0x9b, 0x95, 0x95, 0x8f, 0x8b, 0x8b, 0x86, 0x86, 0x7f, 0x7f, 0x7f, 0x76, 0x76, 0x73, 0x73, 0x63, 0x63, 0x63, 0x5a, 0x5a, 0x5a, 0x4d, 0x4d, 0x4d, 0x47, 0x47, 0x3c, 0x3c, 0x3c, 0x3c, 0x30, 0x27, 0x1f, 0x1f, 0x1f, 0x1f, 0x1a, 0x0e, 0xdb, 0xd8, 0xdf, 0xcf, 0xd0, 
  0xd2, 0xd2, 0x92, 0x44, 0x4e, 0x5b, 0x5f, 0x72, 0x72, 0x80, 0x64, 0xef, 0xef, 0xef, 0xf0, 0xf0, 0xf1, 0xf1, 0xf2, 0xf2, 0xf3, 0xf4, 0xf5, 0xf6, 0xf6, 0xf7, 0xf7, 0xf7, 0xf9, 0xf9, 0xfa, 0xfa, 0xfb, 0xfb, 0xfb, 0xfb, 0xfc, 0xfc, 0xfc, 0xfd, 0x79, 0xac, 0xa5, 0xac, 0xac, 0xaf, 0xac, 0xaf, 0xaf, 0xaf, 0xb4, 0xb3, 0xb4, 0xb3, 0xb9, 0xb9, 0xb9, 0xb9, 0xb9, 0xb9, 0xbc, 0xb9, 0xbc, 0xbc, 0xbc, 0xbc, 0xbd, 0xbc, 0xbd, 0xbd, 0xbc, 0xbd, 0xbd, 0xbd, 0xbd, 0xbd, 0xbd, 0xb9, 0xba, 0xb9, 0xb5, 0xb4, 0xb1, 0xb0, 0xab, 0xa7, 0xa2, 0x9d, 0x9a, 0x97, 0x84, 0x7b, 0x6f, 0xe6, 0xe0, 0xe0, 0xe0, 0xe0, 0xe0, 0xe0, 0xe3, 0x61, 0x65, 0x74, 0x8c, 0x90, 0x96, 0x9a, 0x9d, 0xa4, 0xa2, 0xa8, 0xa7, 0xab, 0xab, 0xab, 0xb0, 0xb1, 0xb1, 0xb1, 0xb1, 0xb1, 0xb5, 0xb1, 0xb1, 0xb1, 0xb5, 0xb1, 0xb1, 0xb1, 0xb1, 0xb1, 0xb1, 0xb1, 0xb1, 0xb1, 0xb1, 0xb1, 0xb0, 0xab, 0xab, 0xae, 0xae, 0xa7, 0xa7, 0xa7, 0xa8, 0xa4, 0xa4, 0xa4, 0xa4, 0xa0, 0xa0, 0xa0, 0xa0, 0x9b, 0x9b, 0x9b, 0x95, 0x95, 0x95, 0x8b, 0x8f, 0x8b, 0x86, 0x86, 0x86, 0x7f, 0x7f, 0x76, 0x7a, 0x73, 0x70, 0x63, 0x63, 0x63, 0x5a, 0x5a, 0x5a, 0x4d, 0x4d, 0x4d, 0x47, 0x47, 0x3c, 0x3c, 0x30, 0x3c, 0x27, 0x22, 0x1f, 0x1f, 0x1a, 0x16, 0x15, 0x0e, 0x07, 0x0c, 0xcd, 0xd0, 
  0xd3, 0xd1, 0x69, 0x48, 0x56, 0x5b, 0x6a, 0x6a, 0x7b, 0x80, 0xf7, 0xef, 0xef, 0xf0, 0xf0, 0xf1, 0xf1, 0xf2, 0xf3, 0xf4, 0xf4, 0xf5, 0xf6, 0xf6, 0xf6, 0xf7, 0xf7, 0xf9, 0xf9, 0xfa, 0xfa, 0xfa, 0xfb, 0xfb, 0xfb, 0xfc, 0xfc, 0xfc, 0xfd, 0x79, 0xa5, 0xa5, 0xac, 0xac, 0xac, 0xaf, 0xaf, 0xaf, 0xb4, 0xb4, 0xb3, 0xb9, 0xb3, 0xb9, 0xb9, 0xb8, 0xb9, 0xb8, 0xbc, 0xbc, 0xbc, 0xbc, 0xbc, 0xbc, 0xc0, 0xbc, 0xc0, 0xbc, 0xc0, 0xbc, 0xbd, 0xbc, 0xbd, 0xbd, 0xbd, 0xbd, 0xbd, 0xbd, 0xb9, 0xb9, 0xb4, 0xb4, 0xb4, 0xb0, 0xab, 0xa8, 0xa2, 0x9d, 0x97, 0x90, 0x84, 0x7c, 0x4f, 0xe3, 0xe0, 0xe0, 0xe0, 0xe0, 0xe0, 0xe0, 0xe1, 0x2c, 0x6f, 0x74, 0x84, 0x8c, 0x96, 0x9a, 0x9d, 0x9d, 0xa8, 0xa8, 0xab, 0xab, 0xb0, 0xab, 0xb0, 0xb1, 0xb1, 0xb1, 0xb5, 0xb5, 0xb5, 0xb5, 0xb4, 0xb5, 0xb5, 0xb5, 0xb4, 0xb5, 0xb5, 0xb5, 0xb1, 0xb5, 0xb1, 0xb1, 0xb1, 0xb1, 0xb1, 0xb1, 0xab, 0xab, 0xae, 0xab, 0xae, 0xa7, 0xa7, 0xa7, 0xa8, 0xa4, 0xa4, 0xa4, 0xa4, 0xa0, 0xa0, 0xa0, 0xa0, 0x9b, 0x9b, 0x95, 0x95, 0x95, 0x8f, 0x8b, 0x8b, 0x86, 0x86, 0x86, 0x7f, 0x7f, 0x76, 0x73, 0x73, 0x70, 0x63, 0x63, 0x63, 0x5a, 0x5a, 0x5a, 0x4d, 0x4d, 0x47, 0x47, 0x47, 0x3c, 0x3c, 0x3c, 0x30, 0x22, 0x1f, 0x16, 0x1f, 0x1a, 0x15, 0x0e, 0xdb, 0x07, 0xaa, 0xd0, 
  0xd2, 0xd1, 0x4a, 0x5b, 0x56, 0x5f, 0x6a, 0x72, 0x7b, 0x80, 0xf1, 0xef, 0xf0, 0xf0, 0xf1, 0xf1, 0xf2, 0xf3, 0xf3, 0xf4, 0xf5, 0xf6, 0xf6, 0xf6, 0xf7, 0xf7, 0xf9, 0xf9, 0xfa, 0xfa, 0xfb, 0xfb, 0xfb, 0x59, 0xfc, 0xfc, 0xfc, 0xfd, 0xfd, 0xa5, 0xa5, 0xac, 0xac, 0xaf, 0xaf, 0xaf, 0xaf, 0xb3, 0xb3, 0xb3, 0xb9, 0xb3, 0xb9, 0xb8, 0xb9, 0xb9, 0xbc, 0xbc, 0xbc, 0xbc, 0xbc, 0xbc, 0xbc, 0xc0, 0xc0, 0xc0, 0xc1, 0xc0, 0xc0, 0xc0, 0xc0, 0xc0, 0xc0, 0xbd, 0xc0, 0xbd, 0xbc, 0xb9, 0xbd, 0xb9, 0xb5, 0xb4, 0xb1, 0xb0, 0xab, 0xa8, 0xa2, 0x9d, 0x97, 0x8b, 0x7c, 0x74, 0x1c, 0xe0, 0xe0, 0xe0, 0xe0, 0xe0, 0xe0, 0xe0, 0xe0, 0x0a, 0x65, 0x74, 0x7c, 0x8f, 0x90, 0x9a, 0x9d, 0xa2, 0xa4, 0xa8, 0xab, 0xab, 0xab, 0xb0, 0xb1, 0xb1, 0xb5, 0xb5, 0xb5, 0xb5, 0xb5, 0xb5, 0xb5, 0xb5, 0xb5, 0xb5, 0xb5, 0xb5, 0xb5, 0xb5, 0xb5, 0xb5, 0xb5, 0xb5, 0xb5, 0xb5, 0xb5, 0xb1, 0xb1, 0xb1, 0xae, 0xb1, 0xae, 0xae, 0xa7, 0xa7, 0xa8, 0xa4, 0xa4, 0xa4, 0xa4, 0xa4, 0xa0, 0xa0, 0xa0, 0x9b, 0x9b, 0x9b, 0x95, 0x95, 0x95, 0x8b, 0x8f, 0x8b, 0x86, 0x86, 0x7f, 0x7f, 0x7f, 0x7a, 0x73, 0x73, 0x70, 0x63, 0x63, 0x5a, 0x5a, 0x5a, 0x5a, 0x4d, 0x4d, 0x47, 0x47, 0x3c, 0x3c, 0x3c, 0x30, 0x27, 0x22, 0x1f, 0x1a, 0x16, 0x15, 0x0e, 0xdb, 0xd8, 0x68, 0xd0, 
  0xd3, 0xcd, 0x48, 0x56, 0x5b, 0x5f, 0x6a, 0x72, 0x80, 0x6d, 0xef, 0xf0, 0xf0, 0xf1, 0xf1, 0xf2, 0xf3, 0xf3, 0xf5, 0xf5, 0xf6, 0xf6, 0xf7, 0xf7, 0xf7, 0xf9, 0xf9, 0xfa, 0xfa, 0xfa, 0xfb, 0xfb, 0xfc, 0xfc, 0xfc, 0xfc, 0xfd, 0xfd, 0x87, 0xa5, 0xac, 0xac, 0xaf, 0xaf, 0xaf, 0xaf, 0xb3, 0xb3, 0xb4, 0xb8, 0xb9, 0xb8, 0xb9, 0xb8, 0xbc, 0xbc, 0xbc, 0xbc, 0xc0, 0xbc, 0xc1, 0xc0, 0xc1, 0xc1, 0xc1, 0xc1, 0xc0, 0xc1, 0xc0, 0xc1, 0xc0, 0xc0, 0xc0, 0xc0, 0xbc, 0xc0, 0xbd, 0xbd, 0xbd, 0xb9, 0xb4, 0xb4, 0xb4, 0xb0, 0xac, 0xa7, 0x9d, 0x9d, 0x90, 0x84, 0x74, 0x6f, 0xeb, 0xe0, 0xe0, 0xe0, 0xe0, 0xe0, 0xe0, 0xe0, 0xe0, 0xea, 0x65, 0x74, 0x7c, 0x84, 0x96, 0x9a, 0x9d, 0xa2, 0xa8, 0xa8, 0xab, 0xab, 0xb0, 0xb1, 0xb1, 0xb5, 0xb5, 0xb5, 0xb5, 0xb5, 0xb5, 0xba, 0xb5, 0xb9, 0xba, 0xb9, 0xb5, 0xba, 0xb5, 0xb5, 0xb5, 0xb5, 0xb5, 0xb5, 0xb5, 0xb5, 0xb5, 0xb5, 0xb5, 0xb1, 0xb1, 0xb1, 0xb1, 0xae, 0xae, 0xa7, 0xa7, 0xa7, 0xa7, 0xa8, 0xa4, 0xa4, 0xa4, 0xa4, 0xa0, 0xa0, 0x9b, 0x9b, 0x9b, 0x95, 0x95, 0x95, 0x8f, 0x8b, 0x8f, 0x86, 0x86, 0x7f, 0x7f, 0x76, 0x7a, 0x73, 0x73, 0x70, 0x63, 0x63, 0x63, 0x5a, 0x5a, 0x5a, 0x4d, 0x4d, 0x47, 0x47, 0x47, 0x3c, 0x30, 0x27, 0x22, 0x1f, 0x22, 0x1f, 0x1a, 0x0e, 0x0d, 0x07, 0x26, 0xd0, 
  0xd2, 0xcc, 0x48, 0x56, 0x5b, 0x6a, 0x6a, 0x7b, 0x7b, 0xfb, 0xef, 0xf0, 0xf1, 0xf1, 0xf2, 0xf3, 0xf3, 0xf5, 0xf5, 0xf6, 0xf6, 0xf7, 0xf7, 0xf7, 0xf9, 0xf9, 0xfa, 0xfa, 0xfb, 0xfb, 0xfb, 0xfc, 0xfc, 0xfc, 0xfd, 0xfd, 0xfd, 0x79, 0xaf, 0xac, 0xaf, 0xaf, 0xaf, 0xaf, 0xb3, 0xb3, 0xb3, 0xb9, 0xb8, 0xb9, 0xb8, 0xbc, 0xb8, 0xbc, 0xbc, 0xbc, 0xbc, 0xc0, 0xbc, 0xc1, 0xc0, 0xc1, 0xc1, 0xc1, 0xc4, 0xc1, 0xc4, 0xc1, 0xc4, 0xc0, 0xc1, 0xc0, 0xc0, 0xc0, 0xc0, 0xc0, 0xbc, 0xbd, 0xb9, 0xba, 0xb9, 0xb4, 0xb0, 0xb0, 0xab, 0xa6, 0xa2, 0x9a, 0x90, 0x84, 0x6f, 0x37, 0xe1, 0xe0, 0xe0, 0xe0, 0xe0, 0xe0, 0xe0, 0xe0, 0xe0, 0xe3, 0x49, 0x6f, 0x7c, 0x86, 0x90, 0x9a, 0x9d, 0xa2, 0xa8, 0xa8, 0xab, 0xb0, 0xb0, 0xb1, 0xb4, 0xb1, 0xb5, 0xb5, 0xb5, 0xb5, 0xba, 0xb5, 0xba, 0xba, 0xba, 0xb5, 0xb9, 0xba, 0xb9, 0xba, 0xba, 0xb5, 0xba, 0xb5, 0xba, 0xb5, 0xb5, 0xb5, 0xb5, 0xb1, 0xb5, 0xb1, 0xb1, 0xb1, 0xab, 0xae, 0xae, 0xa7, 0xa7, 0xa8, 0xa4, 0xa4, 0xa4, 0xa4, 0xa0, 0xa0, 0xa0, 0x9b, 0x9b, 0x95, 0x95, 0x95, 0x95, 0x8f, 0x8b, 0x86, 0x86, 0x86, 0x7f, 0x7f, 0x76, 0x7a, 0x73, 0x70, 0x70, 0x63, 0x63, 0x63, 0x5a, 0x5a, 0x4d, 0x4d, 0x47, 0x47, 0x3c, 0x47, 0x30, 0x2a, 0x27, 0x23, 0x1f, 0x1f, 0x16, 0x15, 0x0e, 0x07, 0x0c, 0xcd, 
  0xd3, 0x9f, 0x48, 0x56, 0x5b, 0x6a, 0x6a, 0x72, 0x80, 0xf5, 0xf1, 0xf1, 0xf1, 0xf2, 0xf3, 0xf3, 0xf4, 0xf5, 0xf6, 0xf6, 0xf7, 0xf7, 0xf7, 0xf9, 0xf9, 0xfa, 0xfa, 0xfb, 0xfb, 0xfb, 0xfc, 0xfc, 0xfd, 0xfc, 0xfd, 0xfd, 0x79, 0xa5, 0xad, 0xac, 0xaf, 0xaf, 0xaf, 0xb3, 0xb3, 0xb3, 0xb8, 0xb8, 0xb9, 0xb8, 0xbc, 0xb8, 0xbc, 0xbc, 0xbc, 0xc0, 0xbc, 0xc0, 0xc1, 0xc1, 0xc1, 0xc1, 0xc1, 0xc4, 0xc1, 0xc4, 0xc1, 0xc4, 0xc1, 0xc4, 0xc4, 0xc4, 0xc1, 0xc0, 0xc0, 0xc0, 0xc0, 0xbd, 0xbd, 0xb9, 0xb4, 0xb4, 0xb4, 0xac, 0xab, 0xa6, 0x9d, 0x97, 0x96, 0x74, 0x6f, 0x08, 0xe0, 0xe0, 0xe0, 0xe0, 0xe0, 0xe0, 0xe0, 0xe0, 0xe0, 0xe0, 0x37, 0x65, 0x74, 0x84, 0x90, 0x97, 0x9d, 0x9d, 0xa6, 0xa8, 0xab, 0xab, 0xb0, 0xb1, 0xb5, 0xb5, 0xb4, 0xb5, 0xb5, 0xba, 0xb9, 0xba, 0xba, 0xba, 0xb9, 0xba, 0xba, 0xba, 0xba, 0xba, 0xba, 0xba, 0xba, 0xba, 0xba, 0xba, 0xba, 0xba, 0xb5, 0xb5, 0xb1, 0xb5, 0xb1, 0xb1, 0xb1, 0xae, 0xae, 0xab, 0xae, 0xa7, 0xa7, 0xa8, 0xa4, 0xa4, 0xa4, 0xa0, 0xa0, 0xa0, 0x9b, 0x9b, 0x9b, 0x95, 0x95, 0x8f, 0x8f, 0x86, 0x8f, 0x7f, 0x86, 0x7f, 0x76, 0x7a, 0x73, 0x73, 0x70, 0x63, 0x63, 0x63, 0x63, 0x5a, 0x5a, 0x4d, 0x4d, 0x47, 0x47, 0x47, 0x3c, 0x2a, 0x27, 0x22, 0x22, 0x22, 0x1a, 0x16, 0x0e, 0x0d, 0xd8, 0xbe, 
  0xd3, 0x7d, 0x4e, 0x56, 0x5b, 0x5f, 0x72, 0x7b, 0x80, 0xf3, 0xf1, 0xf1, 0xf2, 0xf2, 0xf3, 0xf5, 0xf5, 0xf6, 0xf6, 0xf7, 0xf7, 0xf7, 0xf9, 0xf9, 0xfa, 0xfa, 0xfb, 0xfb, 0xfb, 0xfc, 0xfc, 0xfc, 0xfd, 0xfd, 0xfd, 0xfd, 0xa3, 0xa5, 0xaf, 0xaf, 0xaf, 0xaf, 0xb3, 0xb3, 0xb3, 0xb8, 0xb8, 0xbc, 0xbb, 0xbc, 0xbb, 0xbc, 0xbc, 0xbc, 0xc1, 0xc0, 0xc1, 0xc1, 0xc1, 0xc1, 0xc4, 0xc1, 0xc4, 0xc4, 0xc4, 0xc4, 0xc4, 0xc4, 0xc4, 0xc4, 0xc4, 0xc0, 0xc4, 0xc1, 0xc0, 0xc0, 0xbc, 0xbd, 0xbd, 0xb9, 0xba, 0xb4, 0xb0, 0xab, 0xab, 0xa6, 0x9d, 0x9a, 0x8c, 0x7c, 0x6f, 0x01, 0xe0, 0xe0, 0xe0, 0xe0, 0xe0, 0xe0, 0xe0, 0xe0, 0xe0, 0xe0, 0x2c, 0x61, 0x74, 0x84, 0x8c, 0x9a, 0x9d, 0xa2, 0xa4, 0xa6, 0xab, 0xb0, 0xb0, 0xb4, 0xb4, 0xb5, 0xb9, 0xba, 0xb9, 0xba, 0xba, 0xba, 0xb9, 0xba, 0xbd, 0xba, 0xba, 0xba, 0xba, 0xbd, 0xba, 0xba, 0xba, 0xba, 0xba, 0xba, 0xb5, 0xba, 0xb5, 0xba, 0xb5, 0xb5, 0xb5, 0xb1, 0xb1, 0xb1, 0xb0, 0xae, 0xab, 0xa7, 0xa7, 0xa7, 0xa4, 0xa8, 0xa4, 0xa4, 0xa0, 0xa0, 0xa0, 0x9b, 0x9b, 0x95, 0x9b, 0x95, 0x95, 0x8f, 0x86, 0x86, 0x86, 0x7f, 0x7f, 0x76, 0x7a, 0x73, 0x70, 0x70, 0x63, 0x63, 0x5a, 0x5a, 0x5a, 0x4d, 0x4d, 0x4d, 0x47, 0x47, 0x3c, 0x2e, 0x2a, 0x27, 0x22, 0x22, 0x1f, 0x16, 0x0e, 0xdb, 0xd8, 0x88, 
  0xd2, 0x69, 0x4e, 0x56, 0x5b, 0x6a, 0x6a, 0x80, 0x80, 0xf3, 0xf1, 0xf2, 0xf2, 0xf3, 0xf5, 0xf5, 0xf6, 0xf6, 0xf6, 0xf7, 0xf7, 0xf9, 0xf9, 0xfa, 0xfa, 0xfb, 0xfb, 0xfc, 0xfc, 0xfc, 0xfc, 0xfd, 0xfd, 0xfd, 0x79, 0x79, 0xa5, 0xaf, 0xaf, 0xaf, 0xb3, 0xb3, 0xb3, 0xb3, 0xb8, 0xbb, 0xb8, 0xbb, 0xbc, 0xbc, 0xbc, 0xbc, 0xbc, 0xc1, 0xc1, 0xc1, 0xc1, 0xc1, 0xc1, 0xc4, 0xc3, 0xc4, 0xc3, 0xc4, 0xc3, 0xc4, 0xc4, 0xc4, 0xc3, 0xc4, 0xc4, 0xc4, 0xc4, 0xc1, 0xc1, 0xc0, 0xc0, 0xbd, 0xbd, 0xb9, 0xb4, 0xb4, 0xb1, 0xac, 0xa7, 0xa2, 0x9d, 0x9a, 0x84, 0x7c, 0x62, 0xe8, 0xe0, 0xe0, 0xe0, 0xe0, 0xe0, 0xe0, 0xe0, 0xe0, 0xe0, 0xe0, 0x14, 0x5e, 0x74, 0x7c, 0x90, 0x97, 0x9a, 0xa2, 0xa2, 0xa7, 0xab, 0xb0, 0xb4, 0xb5, 0xb4, 0xb5, 0xb9, 0xb5, 0xb9, 0xba, 0xb9, 0xba, 0xbd, 0xba, 0xbd, 0xba, 0xbd, 0xbd, 0xba, 0xbd, 0xbd, 0xbd, 0xbd, 0xba, 0xba, 0xba, 0xba, 0xba, 0xba, 0xb5, 0xba, 0xb5, 0xb5, 0xb5, 0xb1, 0xb1, 0xab, 0xb1, 0xab, 0xae, 0xa7, 0xa7, 0xa7, 0xa4, 0xa4, 0xa4, 0xa4, 0xa0, 0xa0, 0xa0, 0x9b, 0x9b, 0x95, 0x95, 0x95, 0x8b, 0x8f, 0x8b, 0x86, 0x86, 0x7f, 0x7f, 0x76, 0x7a, 0x73, 0x70, 0x70, 0x63, 0x63, 0x63, 0x5a, 0x5a, 0x4d, 0x4d, 0x4d, 0x4d, 0x3c, 0x2e, 0x27, 0x2a, 0x22, 0x22, 0x22, 0x16, 0x15, 0x0d, 0x07, 0x68, 
  0xd0, 0x4a, 0x4e, 0x56, 0x5f, 0x6a, 0x72, 0x80, 0x80, 0xf3, 0xf2, 0xf2, 0xf3, 0xf4, 0xf5, 0xf6, 0xf6, 0xf7, 0xf7, 0xf7, 0xf9, 0xf9, 0xfa, 0xfa, 0xfb, 0xfb, 0xfb, 0xfc, 0xfc, 0xfd, 0xfd, 0xfd, 0xfd, 0x79, 0x79, 0xad, 0xaf, 0xaf, 0xaf, 0xb3, 0xb3, 0xb3, 0xb8, 0xb8, 0xbb, 0xb8, 0xbc, 0xbc, 0xbc, 0xbb, 0xc1, 0xbc, 0xc1, 0xc1, 0xc1, 0xc1, 0xc4, 0xc1, 0xc3, 0xc4, 0xc3, 0xc3, 0xc7, 0xc3, 0xc7, 0xc4, 0xc7, 0xc3, 0xc7, 0xc3, 0xc4, 0xc4, 0xc4, 0xc1, 0xc0, 0xc0, 0xbd, 0xbc, 0xbd, 0xb9, 0xb9, 0xb4, 0xb0, 0xab, 0xa6, 0xa2, 0x9d, 0x90, 0x8c, 0x74, 0x3f, 0xe0, 0xe0, 0xe0, 0xe0, 0xe0, 0xe0, 0xe0, 0xe0, 0xe0, 0xe0, 0xe0, 0xeb, 0x61, 0x6f, 0x7c, 0x90, 0x90, 0x9d, 0x9d, 0xa6, 0xa8, 0xac, 0xb0, 0xb0, 0xb4, 0xb4, 0xb9, 0xb5, 0xb9, 0xba, 0xba, 0xbd, 0xb9, 0xbd, 0xb9, 0xbd, 0xba, 0xbd, 0xbd, 0xbd, 0xbd, 0xbd, 0xbd, 0xbd, 0xbd, 0xba, 0xba, 0xba, 0xba, 0xba, 0xba, 0xba, 0xb5, 0xba, 0xb5, 0xb5, 0xb1, 0xb5, 0xb1, 0xb1, 0xab, 0xb0, 0xa7, 0xa7, 0xa7, 0xa4, 0xa4, 0xa4, 0xa4, 0xa0, 0xa0, 0xa0, 0x9b, 0x9b, 0x95, 0x95, 0x95, 0x8f, 0x8f, 0x86, 0x86, 0x7f, 0x7f, 0x7a, 0x76, 0x70, 0x70, 0x70, 0x70, 0x63, 0x5a, 0x5a, 0x5a, 0x5a, 0x4d, 0x4d, 0x47, 0x47, 0x2e, 0x2e, 0x27, 0x2a, 0x22, 0x22, 0x1f, 0x12, 0x0e, 0x07, 0x54, 
  0xcc, 0x44, 0x4e, 0x56, 0x5f, 0x6a, 0x72, 0x80, 0x83, 0xf4, 0xf3, 0xf3, 0xf4, 0xf5, 0xf5, 0xf6, 0xf6, 0xf7, 0xf7, 0xf9, 0xf9, 0xfa, 0xfa, 0xfb, 0xfb, 0xfb, 0xfc, 0xfc, 0xfc, 0xfd, 0xfd, 0xfd, 0x79, 0x79, 0x87, 0xaf, 0xaf, 0xaf, 0xaf, 0xb3, 0xb3, 0xb8, 0xb8, 0xb8, 0xbb, 0xbc, 0xbb, 0xbc, 0xbf, 0xc1, 0xc1, 0xc1, 0xc1, 0xc2, 0xc1, 0xc3, 0xc1, 0xc3, 0xc3, 0xc3, 0xc3, 0xc7, 0xc3, 0xc7, 0xc3, 0xc7, 0xc3, 0xc7, 0xc4, 0xc7, 0xc4, 0xc4, 0xc4, 0xc4, 0xc1, 0xc0, 0xc0, 0xbc, 0xbd, 0xb9, 0xb4, 0xb4, 0xb0, 0xac, 0xa8, 0xa2, 0x9a, 0x90, 0x84, 0x74, 0x08, 0xe0, 0xe0, 0xe0, 0xe0, 0xe0, 0xe0, 0xe0, 0xe0, 0xe0, 0xe0, 0xe0, 0xe3, 0x57, 0x6f, 0x7c, 0x84, 0x97, 0x9a, 0xa2, 0xa2, 0xa8, 0xab, 0xb0, 0xb4, 0xb4, 0xb5, 0xba, 0xb9, 0xba, 0xbd, 0xb9, 0xbd, 0xba, 0xbd, 0xbd, 0xbd, 0xbd, 0xbd, 0xbd, 0xbd, 0xbd, 0xbd, 0xbd, 0xbd, 0xba, 0xbd, 0xbd, 0xba, 0xbd, 0xba, 0xba, 0xba, 0xba, 0xb5, 0xb5, 0xb5, 0xb5, 0xb1, 0xb1, 0xb1, 0xb1, 0xab, 0xae, 0xa7, 0xa7, 0xa8, 0xa7, 0xa4, 0xa4, 0xa4, 0xa0, 0xa0, 0xa0, 0x9b, 0x9b, 0x95, 0x95, 0x95, 0x8b, 0x8f, 0x86, 0x86, 0x7f, 0x7f, 0x76, 0x7a, 0x73, 0x70, 0x63, 0x70, 0x63, 0x63, 0x5a, 0x4d, 0x5a, 0x4d, 0x4d, 0x47, 0x2e, 0x2e, 0x2a, 0x27, 0x23, 0x22, 0x16, 0x15, 0x0d, 0x07, 0x54, 
  0xb6, 0x44, 0x4e, 0x56, 0x5f, 0x72, 0x7b, 0x80, 0x7b, 0xf3, 0xf3, 0xf4, 0xf5, 0xf5, 0xf6, 0xf6, 0xf7, 0xf7, 0xf9, 0xf9, 0xfa, 0xfa, 0xfb, 0xfb, 0xfb, 0xfc, 0xfc, 0xfd, 0xfd, 0xfd, 0x79, 0x79, 0x79, 0x79, 0xb2, 0xaf, 0xb2, 0xaf, 0xb3, 0xb3, 0xb3, 0xb8, 0xbb, 0xbb, 0xbc, 0xbb, 0xbc, 0xbf, 0xbc, 0xc1, 0xbf, 0xc4, 0xc1, 0xc3, 0xc4, 0xc3, 0xc3, 0xc3, 0xc3, 0xc7, 0xc5, 0xc3, 0xc7, 0xc7, 0xc7, 0xc7, 0xc7, 0xc7, 0xc3, 0xc7, 0xc3, 0xc4, 0xc4, 0xc1, 0xc4, 0xbc, 0xc0, 0xbc, 0xb9, 0xb9, 0xb9, 0xb4, 0xb0, 0xac, 0xa6, 0x9d, 0x9a, 0x8c, 0x7c, 0x77, 0xe9, 0xe0, 0xe0, 0xe0, 0xe0, 0xe0, 0xe0, 0xe0, 0xe0, 0xe0, 0xe0, 0xe0, 0xe0, 0x2f, 0x65, 0x74, 0x90, 0x90, 0x9a, 0x9d, 0xa2, 0xa7, 0xac, 0xb0, 0xb0, 0xb4, 0xb4, 0xba, 0xba, 0xba, 0xb9, 0xbd, 0xba, 0xbd, 0xbd, 0xba, 0xbd, 0xbd, 0xbd, 0xbd, 0xbd, 0xbd, 0xbd, 0xbd, 0xbd, 0xbd, 0xbd, 0xba, 0xbd, 0xba, 0xbd, 0xba, 0xbd, 0xba, 0xba, 0xba, 0xba, 0xb5, 0xb5, 0xb5, 0xb1, 0xb1, 0xb1, 0xae, 0xab, 0xa7, 0xa7, 0xa4, 0xa7, 0xa4, 0xa4, 0xa0, 0xa0, 0xa0, 0x9b, 0x9b, 0x95, 0x9b, 0x8f, 0x95, 0x8f, 0x86, 0x86, 0x7f, 0x7f, 0x7a, 0x76, 0x70, 0x7a, 0x70, 0x63, 0x63, 0x5a, 0x5a, 0x5a, 0x4d, 0x4d, 0x4d, 0x47, 0x3b, 0x2e, 0x2a, 0x2a, 0x23, 0x22, 0x22, 0x16, 0x0e, 0x07, 0x39, 
  0x9f, 0x44, 0x4e, 0x5b, 0x5f, 0x72, 0x7b, 0x80, 0xfd, 0xf4, 0xf3, 0xf5, 0xf5, 0xf6, 0xf6, 0xf7, 0xf7, 0xf9, 0xf9, 0xfa, 0xfa, 0xfb, 0xfb, 0xfc, 0xfc, 0xfc, 0xfd, 0xfd, 0xfd, 0x79, 0x79, 0x79, 0x79, 0xa9, 0xaf, 0xaf, 0xb3, 0xb3, 0xb3, 0xb8, 0xb8, 0xb8, 0xbc, 0xbb, 0xbc, 0xbb, 0xc0, 0xbf, 0xc1, 0xc1, 0xc3, 0xc1, 0xc3, 0xc2, 0xc3, 0xc3, 0xc3, 0xc5, 0xc7, 0xc5, 0xc7, 0xc6, 0xc7, 0xc6, 0xc7, 0xc7, 0xc7, 0xc7, 0xc7, 0xc4, 0xc7, 0xc4, 0xc4, 0xc4, 0xc0, 0xc1, 0xbc, 0xbc, 0xbd, 0xb9, 0xb4, 0xb4, 0xac, 0xab, 0xa6, 0x9d, 0x97, 0x84, 0x74, 0x61, 0xe6, 0xe0, 0xe0, 0xe0, 0xe0, 0xe0, 0xe0, 0xe0, 0xe0, 0xe0, 0xe0, 0xe0, 0xe0, 0x0a, 0x65, 0x74, 0x84, 0x90, 0x9a, 0x9d, 0xa6, 0xa8, 0xab, 0xb0, 0xb4, 0xb5, 0xb4, 0xba, 0xb9, 0xbd, 0xba, 0xbd, 0xbd, 0xbd, 0xbd, 0xbd, 0xbd, 0xbd, 0xbd, 0xc0, 0xbd, 0xc0, 0xbd, 0xbd, 0xbd, 0xbd, 0xbd, 0xbd, 0xbd, 0xbd, 0xbd, 0xbd, 0xba, 0xba, 0xba, 0xba, 0xba, 0xba, 0xb5, 0xb5, 0xb1, 0xb1, 0xb1, 0xae, 0xab, 0xae, 0xa7, 0xa7, 0xa4, 0xa8, 0xa4, 0xa4, 0xa4, 0xa0, 0xa0, 0x9b, 0x9b, 0x9b, 0x95, 0x95, 0x8f, 0x8f, 0x86, 0x86, 0x7f, 0x7f, 0x7a, 0x7a, 0x70, 0x70, 0x70, 0x63, 0x63, 0x62, 0x5a, 0x5a, 0x5a, 0x4d, 0x4d, 0x30, 0x2e, 0x2e, 0x2a, 0x23, 0x22, 0x22, 0x16, 0x0d, 0x07, 0x39, 
  0x92, 0x44, 0x4e, 0x5b, 0x6a, 0x72, 0x80, 0x8a, 0xfc, 0xf4, 0xf5, 0xf5, 0xf6, 0xf6, 0xf7, 0xf7, 0xf7, 0xf9, 0xfa, 0xfa, 0xfb, 0xfb, 0xfb, 0xfc, 0xfc, 0xfd, 0xfc, 0xfd, 0x79, 0x79, 0x79, 0x79, 0x87, 0xa9, 0xb3, 0xb2, 0xb3, 0xb3, 0xb8, 0xb3, 0xb8, 0xbb, 0xbb, 0xbc, 0xbb, 0xbf, 0xbf, 0xc1, 0xc1, 0xc2, 0xc1, 0xc3, 0xc3, 0xc3, 0xc3, 0xc3, 0xc6, 0xc7, 0xc5, 0xc7, 0xc6, 0xc6, 0xc6, 0xc7, 0xc7, 0xc6, 0xc7, 0xc7, 0xc7, 0xc7, 0xc3, 0xc4, 0xc4, 0xc1, 0xc1, 0xc0, 0xc0, 0xbc, 0xb9, 0xb9, 0xb4, 0xaf, 0xab, 0xa5, 0xa2, 0x9d, 0x90, 0x84, 0x6f, 0x37, 0xe1, 0xe1, 0xe0, 0xe0, 0xe0, 0xe0, 0xe0, 0xe0, 0xe0, 0xe0, 0xe0, 0xe0, 0xe0, 0x0a, 0x61, 0x74, 0x84, 0x8c, 0x9a, 0x9d, 0xa2, 0xa7, 0xac, 0xb0, 0xb0, 0xb4, 0xb4, 0xb9, 0xba, 0xba, 0xbd, 0xba, 0xbd, 0xbd, 0xbd, 0xbd, 0xc0, 0xbd, 0xc0, 0xbd, 0xbd, 0xbd, 0xbd, 0xc0, 0xbd, 0xbd, 0xbd, 0xbd, 0xbd, 0xbd, 0xbd, 0xbd, 0xbd, 0xba, 0xbd, 0xba, 0xba, 0xba, 0xb5, 0xb5, 0xb1, 0xb1, 0xb1, 0xb1, 0xab, 0xae, 0xa7, 0xa7, 0xa7, 0xa4, 0xa8, 0xa4, 0xa4, 0xa0, 0xa0, 0x9b, 0x9b, 0x9b, 0x95, 0x95, 0x95, 0x8f, 0x86, 0x86, 0x7f, 0x7f, 0x76, 0x7a, 0x73, 0x70, 0x70, 0x63, 0x63, 0x5a, 0x5a, 0x5a, 0x4d, 0x5a, 0x47, 0x3b, 0x2e, 0x2e, 0x23, 0x2a, 0x22, 0x22, 0x16, 0x12, 0x07, 0x26, 
  0x7d, 0x48, 0x53, 0x5b, 0x6a, 0x72, 0x7b, 0x8a, 0xfc, 0xf5, 0xf5, 0xf5, 0xf6, 0xf6, 0xf7, 0xf9, 0xf9, 0xfa, 0xfa, 0xfb, 0xfb, 0xfc, 0xfc, 0xfc, 0xfd, 0xfd, 0x79, 0xfd, 0x79, 0x79, 0x87, 0x87, 0x87, 0xaf, 0xaf, 0xb3, 0xb3, 0xb8, 0xb3, 0xbb, 0xb8, 0xbb, 0xbb, 0xbf, 0xbc, 0xc1, 0xbf, 0xc1, 0xc2, 0xc3, 0xc2, 0xc3, 0xc3, 0xc3, 0xc5, 0xc5, 0xc6, 0xc6, 0xc6, 0xc6, 0xc6, 0xc6, 0xc6, 0xc6, 0xc6, 0xc6, 0xc7, 0xc7, 0xc7, 0xc4, 0xc7, 0xc4, 0xc4, 0xc4, 0xc1, 0xc0, 0xbc, 0xbc, 0xbd, 0xb9, 0xb4, 0xaf, 0xab, 0xa6, 0xa2, 0x9d, 0x90, 0x7c, 0x6f, 0x01, 0xe0, 0xe0, 0xe0, 0xe0, 0xe0, 0xe0, 0xe0, 0xe0, 0xe0, 0xe0, 0xe0, 0xe0, 0xe1, 0x01, 0x65, 0x6f, 0x7c, 0x8c, 0x9a, 0x9d, 0xa2, 0xa7, 0xab, 0xb0, 0xb1, 0xb4, 0xb5, 0xb9, 0xba, 0xb9, 0xbd, 0xbd, 0xbd, 0xbd, 0xc0, 0xbd, 0xc0, 0xbd, 0xc0, 0xbd, 0xc0, 0xbd, 0xc0, 0xbd, 0xbd, 0xbd, 0xbd, 0xbd, 0xbd, 0xbd, 0xbd, 0xbd, 0xba, 0xbd, 0xba, 0xba, 0xba, 0xba, 0xba, 0xb5, 0xb5, 0xb5, 0xb1, 0xb1, 0xb1, 0xae, 0xab, 0xae, 0xa7, 0xa7, 0xa8, 0xa4, 0xa4, 0xa4, 0xa0, 0xa0, 0x9b, 0x9b, 0x9b, 0x95, 0x95, 0x8b, 0x8f, 0x86, 0x86, 0x7f, 0x7f, 0x7a, 0x7a, 0x73, 0x70, 0x70, 0x62, 0x63, 0x62, 0x5a, 0x5a, 0x5a, 0x4c, 0x30, 0x2e, 0x2e, 0x2e, 0x23, 0x22, 0x23, 0x16, 0x0e, 0x0d, 0x26, 
  0x7d, 0x48, 0x56, 0x5f, 0x6a, 0x7b, 0x80, 0x8a, 0x59, 0xf5, 0xf6, 0xf6, 0xf6, 0xf7, 0xf7, 0xf9, 0xf9, 0xfa, 0xfb, 0xfb, 0xfb, 0xfc, 0xfc, 0xfd, 0xfd, 0xfd, 0xfd, 0x79, 0x79, 0x87, 0x87, 0x87, 0xb2, 0xaf, 0xb2, 0xb3, 0xb8, 0xb7, 0xb8, 0xbb, 0xb8, 0xbc, 0xbb, 0xbc, 0xbf, 0xbf, 0xc1, 0xc2, 0xc1, 0xc2, 0xc4, 0xc2, 0xc3, 0xc5, 0xc7, 0xc6, 0xc6, 0xc6, 0xc6, 0xc6, 0xc6, 0xc6, 0xc6, 0xc7, 0xc6, 0xc7, 0xc6, 0xc7, 0xc7, 0xc7, 0xc3, 0xc4, 0xc4, 0xc1, 0xc1, 0xc0, 0xbc, 0xbc, 0xb9, 0xb9, 0xb4, 0xaf, 0xab, 0xa6, 0x9d, 0x97, 0x90, 0x7c, 0x57, 0xe4, 0xe0, 0xe0, 0xe0, 0xe0, 0xe0, 0xe0, 0xe9, 0xe0, 0xe0, 0xe0, 0xe0, 0xe0, 0xe1, 0xe8, 0x61, 0x6f, 0x7c, 0x84, 0x96, 0x9d, 0xa2, 0xa8, 0xac, 0xb0, 0xb0, 0xb4, 0xb4, 0xb9, 0xba, 0xb9, 0xbd, 0xbd, 0xbd, 0xbd, 0xbd, 0xc0, 0xbd, 0xc0, 0xbd, 0xc0, 0xbd, 0xc0, 0xbd, 0xc0, 0xbd, 0xc0, 0xbd, 0xc0, 0xbd, 0xbd, 0xbd, 0xbd, 0xbd, 0xbd, 0xba, 0xbd, 0xba, 0xba, 0xba, 0xba, 0xb5, 0xb1, 0xb5, 0xb1, 0xb1, 0xab, 0xb0, 0xa7, 0xae, 0xa7, 0xa4, 0xa7, 0xa4, 0xa4, 0xa0, 0xa0, 0xa0, 0x9b, 0x9b, 0x95, 0x95, 0x8f, 0x8f, 0x86, 0x86, 0x86, 0x7a, 0x7f, 0x7a, 0x73, 0x70, 0x70, 0x63, 0x63, 0x5a, 0x63, 0x5a, 0x5a, 0x4d, 0x33, 0x30, 0x2e, 0x2a, 0x2a, 0x23, 0x22, 0x16, 0x12, 0x0d, 0x26, 
  0x7d, 0x4e, 0x56, 0x5f, 0x72, 0x72, 0x80, 0x8a, 0xfc, 0xf6, 0xf6, 0xf6, 0xf7, 0xf7, 0xf9, 0xf9, 0xfa, 0xfa, 0xfb, 0xfb, 0xfc, 0xfc, 0xfd, 0xfd, 0xfd, 0x79, 0x79, 0x79, 0x79, 0x87, 0x87, 0xa3, 0xb2, 0xaf, 0xb3, 0xb3, 0xb8, 0xb8, 0xb8, 0xbb, 0xbb, 0xbb, 0xbc, 0xbf, 0xbf, 0xc1, 0xc2, 0xc1, 0xc3, 0xc2, 0xc3, 0xc3, 0xc7, 0xc5, 0xc6, 0xc6, 0xc6, 0xc6, 0xc6, 0xc6, 0xc6, 0xc6, 0xc6, 0xc6, 0xc7, 0xc6, 0xc7, 0xc7, 0xc7, 0xc7, 0xc7, 0xc4, 0xc4, 0xc4, 0xc1, 0xc1, 0xc0, 0xbc, 0xb9, 0xb9, 0xb1, 0xaf, 0xa7, 0xa6, 0x9d, 0x97, 0x84, 0x74, 0x2c, 0xe0, 0xe0, 0xe0, 0xe0, 0xe0, 0xe0, 0xe0, 0x0f, 0xe0, 0xe0, 0xe0, 0xe0, 0xe1, 0xe0, 0xe2, 0x46, 0x6f, 0x7c, 0x8c, 0x90, 0x9d, 0xa2, 0xa8, 0xab, 0xb0, 0xb0, 0xb4, 0xb5, 0xb4, 0xba, 0xb9, 0xba, 0xbd, 0xbd, 0xbd, 0xc0, 0xbd, 0xc0, 0xbd, 0xc0, 0xbd, 0xc0, 0xbd, 0xc0, 0xbd, 0xc0, 0xbd, 0xc0, 0xbd, 0xbd, 0xbd, 0xbd, 0xbd, 0xbd, 0xba, 0xbd, 0xba, 0xba, 0xba, 0xba, 0xb5, 0xba, 0xb5, 0xb1, 0xb1, 0xab, 0xb1, 0xab, 0xb1, 0xa7, 0xa7, 0xa7, 0xa4, 0xa4, 0xa4, 0xa4, 0xa0, 0xa0, 0x9b, 0x9b, 0x95, 0x95, 0x95, 0x8f, 0x8b, 0x8d, 0x86, 0x7f, 0x7a, 0x7a, 0x7a, 0x70, 0x70, 0x70, 0x62, 0x63, 0x62, 0x5a, 0x55, 0x4d, 0x3b, 0x33, 0x2e, 0x2e, 0x2a, 0x22, 0x2a, 0x16, 0x12, 0x0e, 0x21, 
  0x7d, 0x4e, 0x5b, 0x5f, 0x72, 0x7b, 0x80, 0x8a, 0x59, 0xf6, 0xf6, 0xf7, 0xf7, 0xf8, 0xf9, 0xfa, 0xfa, 0xfb, 0xfb, 0xfc, 0xfc, 0xfd, 0xfd, 0xfd, 0x79, 0x79, 0x79, 0x87, 0x87, 0x87, 0x9e, 0xad, 0xb3, 0xb3, 0xb3, 0xb3, 0xb8, 0xb8, 0xbb, 0xbb, 0xbc, 0xbf, 0xbf, 0xbf, 0xbf, 0xc2, 0xc1, 0xc2, 0xc3, 0xc3, 0xc3, 0xc5, 0xc5, 0xc7, 0xc5, 0xc6, 0xc6, 0xc6, 0xc6, 0xc6, 0xc6, 0xc9, 0xc6, 0xca, 0xc6, 0xc7, 0xc6, 0xc7, 0xc7, 0xc7, 0xc3, 0xc4, 0xc4, 0xc1, 0xc1, 0xc0, 0xbc, 0xbc, 0xb9, 0xb4, 0xb3, 0xab, 0xac, 0xa2, 0x9d, 0x97, 0x84, 0x77, 0x08, 0xe0, 0xe0, 0xe0, 0xe0, 0xe0, 0xe0, 0xe1, 0x29, 0xe5, 0xe0, 0xe0, 0xe0, 0xe0, 0xe0, 0xe0, 0x1b, 0x61, 0x7c, 0x84, 0x97, 0x9a, 0xa2, 0xa6, 0xa7, 0xb0, 0xb0, 0xb4, 0xb4, 0xb9, 0xb9, 0xba, 0xbd, 0xbd, 0xbd, 0xbd, 0xbd, 0xc0, 0xbd, 0xc0, 0xbd, 0xc0, 0xbd, 0xc0, 0xbd, 0xc0, 0xbd, 0xc0, 0xbd, 0xc0, 0xbd, 0xbd, 0xbd, 0xbd, 0xbd, 0xbd, 0xbd, 0xba, 0xbd, 0xba, 0xba, 0xba, 0xb5, 0xb5, 0xb5, 0xb1, 0xb1, 0xb1, 0xab, 0xae, 0xab, 0xae, 0xa7, 0xa7, 0xa4, 0xa4, 0xa4, 0xa0, 0xa0, 0x9b, 0x9b, 0x9b, 0x95, 0x95, 0x8f, 0x8f, 0x86, 0x8d, 0x7f, 0x7f, 0x7a, 0x7a, 0x70, 0x70, 0x70, 0x63, 0x62, 0x5a, 0x62, 0x5a, 0x4d, 0x3b, 0x30, 0x33, 0x2e, 0x2a, 0x23, 0x23, 0x22, 0x12, 0x0d, 0x26, 
  0x7d, 0x4e, 0x5b, 0x5f, 0x72, 0x72, 0x80, 0x8a, 0x64, 0xf6, 0xf7, 0xf7, 0xf7, 0xf9, 0xf9, 0xfa, 0xfa, 0xfb, 0x59, 0xfc, 0xfc, 0xfd, 0xfd, 0x79, 0x79, 0x79, 0x79, 0x87, 0x87, 0x87, 0xa3, 0xb2, 0xb3, 0xb3, 0xb3, 0xb3, 0xb8, 0xb8, 0xbb, 0xbb, 0xbf, 0xbc, 0xbf, 0xc1, 0xbf, 0xc1, 0xc2, 0xc3, 0xc2, 0xc3, 0xc5, 0xc3, 0xc5, 0xc6, 0xc6, 0xc6, 0xc6, 0xc6, 0xc6, 0xc6, 0xc9, 0xc6, 0xc6, 0xc6, 0xc7, 0xc6, 0xc7, 0xc7, 0xc7, 0xc3, 0xc7, 0xc3, 0xc4, 0xc4, 0xc1, 0xc1, 0xbc, 0xbc, 0xb9, 0xb4, 0xaf, 0xb0, 0xa6, 0xa2, 0x9d, 0x90, 0x7c, 0x74, 0x01, 0xe1, 0xe0, 0xe0, 0xe0, 0xe0, 0xe0, 0xe6, 0x41, 0xec, 0xe1, 0xe0, 0xe0, 0xe0, 0xe0, 0xe0, 0x01, 0x6f, 0x7c, 0x84, 0x90, 0x9a, 0x9d, 0xa4, 0xac, 0xab, 0xb0, 0xb4, 0xb4, 0xb4, 0xba, 0xb9, 0xba, 0xb9, 0xbd, 0xbd, 0xbd, 0xbd, 0xc0, 0xbd, 0xc0, 0xbd, 0xc0, 0xbd, 0xc0, 0xbd, 0xbd, 0xbd, 0xbd, 0xbd, 0xbd, 0xbd, 0xbd, 0xbd, 0xbd, 0xbd, 0xba, 0xbd, 0xba, 0xba, 0xba, 0xba, 0xba, 0xb5, 0xb5, 0xb5, 0xb1, 0xb1, 0xb1, 0xb1, 0xae, 0xab, 0xa7, 0xa7, 0xa8, 0xa4, 0xa0, 0xa4, 0xa0, 0xa0, 0x9b, 0x9b, 0x95, 0x95, 0x8f, 0x8f, 0x8f, 0x86, 0x8d, 0x7f, 0x7a, 0x7a, 0x7a, 0x70, 0x70, 0x70, 0x63, 0x62, 0x5a, 0x5a, 0x4d, 0x3b, 0x3b, 0x2e, 0x2e, 0x2a, 0x2a, 0x2a, 0x22, 0x12, 0x0e, 0x21, 
  0x7d, 0x56, 0x56, 0x6a, 0x6a, 0x7b, 0x80, 0x8e, 0x60, 0x28, 0xf7, 0xf7, 0xf9, 0xf9, 0xfa, 0xfa, 0xfb, 0x59, 0xfc, 0xfc, 0xfd, 0xfd, 0x79, 0x79, 0x79, 0x87, 0x87, 0x87, 0x87, 0x9e, 0xa9, 0xb3, 0xb3, 0xb7, 0xb3, 0xb8, 0xb8, 0xb8, 0xbb, 0xbc, 0xbf, 0xc1, 0xbf, 0xc1, 0xc2, 0xc1, 0xc2, 0xc1, 0xc5, 0xc3, 0xc5, 0xc5, 0xc7, 0xc5, 0xc6, 0xc6, 0xc6, 0xc6, 0xc9, 0xc6, 0xc6, 0xc9, 0xc6, 0xc6, 0xc6, 0xc7, 0xc7, 0xc7, 0xc7, 0xc7, 0xc4, 0xc4, 0xc4, 0xc1, 0xc1, 0xc0, 0xbc, 0xb9, 0xb9, 0xb4, 0xaf, 0xab, 0xa6, 0xa2, 0x97, 0x90, 0x7c, 0x6f, 0xe4, 0xe1, 0xe0, 0xe0, 0xe0, 0xe0, 0xe0, 0x05, 0x43, 0x04, 0xe1, 0xe0, 0xe0, 0xe0, 0xe0, 0xe0, 0xe5, 0x5e, 0x74, 0x8a, 0x8b, 0x9c, 0x9d, 0xa2, 0xa7, 0xac, 0xb0, 0xb4, 0xb4, 0xb9, 0xb5, 0xba, 0xbd, 0xba, 0xbd, 0xbd, 0xbd, 0xbd, 0xbd, 0xbd, 0xbd, 0xbd, 0xbd, 0xbd, 0xbd, 0xbd, 0xbd, 0xbd, 0xbd, 0xbd, 0xbd, 0xbd, 0xbd, 0xbd, 0xbd, 0xbd, 0xbd, 0xba, 0xbd, 0xba, 0xba, 0xba, 0xb5, 0xba, 0xb5, 0xb5, 0xb1, 0xb1, 0xb1, 0xab, 0xb0, 0xa7, 0xab, 0xa7, 0xa4, 0xa4, 0xa4, 0xa0, 0xa0, 0xa0, 0x9b, 0x9b, 0x95, 0x95, 0x8f, 0x8f, 0x8d, 0x8f, 0x7f, 0x7f, 0x7f, 0x7a, 0x7a, 0x70, 0x70, 0x70, 0x63, 0x62, 0x63, 0x5a, 0x4c, 0x3b, 0x3b, 0x33, 0x2e, 0x2a, 0x23, 0x2a, 0x22, 0x16, 0x0d, 0x26, 
  0x7d, 0x4e, 0x56, 0x5f, 0x6a, 0x74, 0x80, 0x8a, 0x72, 0xf7, 0xf7, 0xf8, 0xf9, 0xfa, 0xfa, 0xfb, 0xfb, 0xfc, 0xfc, 0xfd, 0xfd, 0xfd, 0x79, 0x79, 0x87, 0x79, 0x87, 0x87, 0x9e, 0x87, 0xb2, 0xb2, 0xb3, 0xb8, 0xb7, 0xb8, 0xb8, 0xbb, 0xbb, 0xbf, 0xbf, 0xbf, 0xc1, 0xc2, 0xc1, 0xc2, 0xc2, 0xc5, 0xc3, 0xc2, 0xc7, 0xc5, 0xc6, 0xc6, 0xc7, 0xc6, 0xc6, 0xc9, 0xc7, 0xc9, 0xc6, 0xc6, 0xc6, 0xc6, 0xc7, 0xc6, 0xc7, 0xc7, 0xc7, 0xc3, 0xc7, 0xc4, 0xc4, 0xc1, 0xc0, 0xbc, 0xbc, 0xb9, 0xb9, 0xaf, 0xb0, 0xa5, 0xa6, 0x9d, 0x97, 0x84, 0x7c, 0x24, 0xe1, 0xe1, 0xe1, 0xe0, 0xe0, 0xe0, 0xe0, 0x29, 0x40, 0x08, 0xe1, 0xe1, 0xe0, 0xe0, 0xe0, 0xe0, 0xe1, 0x46, 0x74, 0x84, 0x90, 0x9a, 0x9d, 0xa2, 0xa6, 0xab, 0xab, 0xb0, 0xb4, 0xb4, 0xb9, 0xb9, 0xb9, 0xb9, 0xbd, 0xba, 0xbd, 0xbd, 0xbd, 0xbd, 0xbd, 0xbd, 0xbd, 0xbd, 0xbd, 0xbd, 0xbd, 0xbd, 0xbd, 0xbd, 0xbd, 0xbd, 0xbd, 0xbd, 0xbd, 0xbd, 0xba, 0xbd, 0xba, 0xba, 0xba, 0xba, 0xba, 0xb5, 0xb5, 0xb5, 0xb5, 0xb1, 0xb0, 0xb1, 0xae, 0xab, 0xab, 0xa7, 0xa7, 0xa4, 0xa4, 0xa4, 0xa0, 0x9b, 0xa0, 0x9b, 0x9b, 0x95, 0x8f, 0x8f, 0x8f, 0x8d, 0x86, 0x85, 0x7f, 0x7a, 0x7a, 0x7a, 0x70, 0x70, 0x70, 0x63, 0x62, 0x63, 0x43, 0x3b, 0x3b, 0x33, 0x2e, 0x2a, 0x2a, 0x2a, 0x23, 0x16, 0x0d, 0x21, 
  0x92, 0x50, 0x56, 0x5b, 0x6a, 0x72, 0x80, 0x8a, 0x7b, 0xf7, 0xf7, 0xf9, 0xf9, 0xfa, 0xfa, 0xfb, 0x59, 0xfc, 0xfc, 0xfd, 0xfd, 0x79, 0x79, 0x79, 0x87, 0x87, 0x87, 0x87, 0x9e, 0xa3, 0xb2, 0xb3, 0xb3, 0xb3, 0xb8, 0xb8, 0xbb, 0xb8, 0xbb, 0xbc, 0xbf, 0xc1, 0xc2, 0xc1, 0xc2, 0xc2, 0xc4, 0xc2, 0xc5, 0xc5, 0xc5, 0xc5, 0xc6, 0xc6, 0xc5, 0xc6, 0xc6, 0xc6, 0xc6, 0xc6, 0xc6, 0xc6, 0xc6, 0xc6, 0xc7, 0xc7, 0xc7, 0xc7, 0xc3, 0xc7, 0xc4, 0xc4, 0xc1, 0xc1, 0xc0, 0xbc, 0xbd, 0xb9, 0xb4, 0xb4, 0xac, 0xa7, 0xa2, 0x9d, 0x97, 0x84, 0x7c, 0x01, 0xe0, 0xe1, 0xe0, 0xe0, 0xe0, 0xe0, 0xe8, 0x41, 0x40, 0x1c, 0xe0, 0xe0, 0xe0, 0xe0, 0xe0, 0xe0, 0xe0, 0x40, 0x74, 0x7c, 0x90, 0x97, 0x9d, 0xa2, 0xa8, 0xa7, 0xac, 0xb1, 0xb4, 0xb4, 0xb9, 0xb9, 0xb9, 0xbd, 0xb9, 0xbd, 0xb9, 0xbd, 0xb9, 0xbd, 0xb9, 0xbd, 0xba, 0xbd, 0xba, 0xbd, 0xba, 0xbd, 0xba, 0xbd, 0xba, 0xbd, 0xba, 0xbd, 0xba, 0xbd, 0xbd, 0xba, 0xbd, 0xba, 0xba, 0xba, 0xb5, 0xba, 0xb5, 0xb5, 0xb5, 0xb1, 0xb1, 0xb0, 0xab, 0xab, 0xae, 0xa7, 0xa7, 0xa4, 0xa4, 0xa0, 0xa0, 0xa0, 0xa0, 0x9b, 0x9b, 0x95, 0x95, 0x8f, 0x8d, 0x8f, 0x8d, 0x7f, 0x7f, 0x7a, 0x7a, 0x70, 0x70, 0x70, 0x70, 0x62, 0x63, 0x5a, 0x43, 0x3b, 0x3b, 0x33, 0x2e, 0x2a, 0x2a, 0x2a, 0x23, 0x16, 0x0d, 0x26, 
  0x92, 0x4e, 0x4e, 0x5b, 0x65, 0x72, 0x80, 0x80, 0x8a, 0xf9, 0xf8, 0xf9, 0xfa, 0xfa, 0xfb, 0xfb, 0xfc, 0xfc, 0xfd, 0xfd, 0x79, 0x79, 0x87, 0x79, 0x87, 0x87, 0x87, 0x9e, 0x9e, 0xad, 0xaf, 0xb3, 0xb2, 0xb8, 0xb7, 0xb8, 0xbb, 0xbb, 0xbc, 0xbf, 0xc1, 0xbf, 0xc1, 0xc2, 0xc2, 0xc3, 0xc5, 0xc3, 0xc5, 0xc3, 0xc5, 0xc6, 0xc6, 0xc6, 0xc6, 0xc7, 0xc9, 0xc6, 0xc9, 0xc6, 0xc6, 0xc6, 0xc7, 0xc6, 0xc7, 0xc6, 0xc7, 0xc4, 0xc7, 0xc3, 0xc4, 0xc4, 0xc4, 0xc0, 0xbc, 0xbc, 0xb9, 0xb9, 0xb4, 0xaf, 0xab, 0xa6, 0xa2, 0x9d, 0x8a, 0x84, 0x74, 0xe8, 0xe0, 0xe0, 0xe1, 0xe0, 0xe1, 0xe0, 0x04, 0x40, 0x40, 0x3a, 0xe3, 0xe0, 0xe1, 0xe0, 0xe1, 0xe0, 0xe0, 0x2c, 0x6f, 0x74, 0x8c, 0x97, 0x9a, 0xa2, 0xa6, 0xa7, 0xab, 0xb0, 0xb0, 0xb4, 0xb4, 0xb9, 0xb9, 0xb9, 0xba, 0xb9, 0xba, 0xb9, 0xba, 0xba, 0xb9, 0xba, 0xb9, 0xba, 0xb9, 0xba, 0xb9, 0xbd, 0xb9, 0xbd, 0xb9, 0xbd, 0xbd, 0xba, 0xbd, 0xba, 0xba, 0xba, 0xba, 0xba, 0xba, 0xba, 0xba, 0xb5, 0xba, 0xb5, 0xb5, 0xb5, 0xb1, 0xb1, 0xb1, 0xab, 0xab, 0xa7, 0xa8, 0xa7, 0xa4, 0xa4, 0xa0, 0xa0, 0xa0, 0x9b, 0x9b, 0x95, 0x96, 0x8f, 0x91, 0x86, 0x8d, 0x86, 0x85, 0x7a, 0x7a, 0x78, 0x7a, 0x70, 0x62, 0x70, 0x62, 0x5a, 0x41, 0x3b, 0x3b, 0x33, 0x33, 0x2e, 0x2a, 0x2a, 0x23, 0x12, 0x0d, 0x26, 
  0xaa, 0x4e, 0x4e, 0x5b, 0x5f, 0x72, 0x7e, 0x8a, 0x8a, 0x3f, 0xf9, 0xf9, 0xfa, 0x4a, 0xfb, 0x59, 0xfc, 0x64, 0xfd, 0xfd, 0x79, 0x79, 0x79, 0x87, 0x87, 0x87, 0x9e, 0x87, 0xa9, 0xad, 0xb3, 0xb2, 0xb3, 0xb3, 0xb8, 0xbb, 0xbb, 0xbb, 0xbf, 0xbc, 0xbf, 0xc1, 0xc2, 0xc1, 0xc3, 0xc2, 0xc3, 0xc5, 0xc3, 0xc5, 0xc5, 0xc6, 0xc5, 0xc7, 0xc6, 0xc6, 0xc7, 0xc6, 0xc7, 0xc6, 0xc6, 0xc5, 0xc7, 0xc3, 0xc7, 0xc3, 0xc3, 0xc7, 0xc4, 0xc3, 0xc4, 0xc1, 0xc0, 0xc0, 0xbc, 0xbd, 0xb9, 0xb9, 0xb4, 0xb0, 0xab, 0xa6, 0x9d, 0x97, 0x90, 0x7c, 0x60, 0xe5, 0xe0, 0xe0, 0xe0, 0xe1, 0xe1, 0xe1, 0x0a, 0x4c, 0x46, 0x41, 0xe9, 0xe0, 0xe0, 0xe1, 0xe0, 0xe1, 0xe1, 0x0a, 0x6f, 0x74, 0x8c, 0x90, 0x9a, 0xa2, 0xa2, 0xa7, 0xac, 0xb0, 0xb0, 0xb4, 0xb4, 0xb4, 0xb9, 0xba, 0xb9, 0xba, 0xb9, 0xba, 0xb4, 0xb9, 0xb5, 0xb9, 0xb9, 0xb9, 0xb9, 0xba, 0xba, 0xb9, 0xba, 0xba, 0xba, 0xb9, 0xba, 0xbd, 0xba, 0xbd, 0xba, 0xbd, 0xba, 0xba, 0xba, 0xba, 0xba, 0xba, 0xb5, 0xb5, 0xb5, 0xb5, 0xb1, 0xb1, 0xab, 0xab, 0xae, 0xa7, 0xa7, 0xa4, 0xa4, 0xa4, 0xa0, 0xa0, 0x9b, 0xa0, 0x95, 0x9b, 0x95, 0x8f, 0x8f, 0x8d, 0x8d, 0x86, 0x85, 0x7f, 0x78, 0x7a, 0x70, 0x6e, 0x70, 0x70, 0x62, 0x5a, 0x41, 0x3b, 0x33, 0x33, 0x2e, 0x2a, 0x2a, 0x2a, 0x23, 0x12, 0x0d, 0x39, 
  0xc8, 0x44, 0x4e, 0x5b, 0x5f, 0x6a, 0x80, 0x80, 0x8e, 0xfa, 0x3d, 0xfa, 0x4a, 0xfb, 0xfb, 0xfc, 0x59, 0xfd, 0x64, 0x79, 0x79, 0x79, 0x87, 0x87, 0x87, 0x9e, 0x87, 0xa3, 0xa3, 0xb3, 0xb2, 0xaf, 0xb3, 0xb7, 0xb8, 0xbb, 0xbb, 0xbf, 0xbc, 0xbf, 0xbf, 0xbf, 0xc1, 0xc2, 0xc2, 0xc3, 0xc3, 0xc5, 0xc3, 0xc5, 0xc3, 0xc6, 0xc6, 0xc6, 0xc7, 0xc6, 0xc6, 0xc7, 0xc5, 0xc7, 0xc3, 0xc7, 0xc3, 0xc7, 0xc3, 0xc4, 0xc3, 0xc4, 0xc4, 0xc4, 0xc1, 0xc1, 0xc0, 0xbc, 0xbc, 0xbc, 0xb9, 0xb4, 0xaf, 0xb0, 0xa5, 0xa6, 0x9c, 0x9a, 0x8a, 0x74, 0x24, 0xe0, 0xe1, 0xe0, 0xe1, 0xe0, 0xe1, 0xe2, 0x49, 0x53, 0x4c, 0x41, 0x04, 0xe0, 0xe1, 0xe0, 0xe1, 0xe1, 0xe0, 0xea, 0x6b, 0x74, 0x7c, 0x90, 0x9a, 0x9d, 0xa6, 0xa6, 0xab, 0xb0, 0xb0, 0xb4, 0xb4, 0xb4, 0xb4, 0xb9, 0xb4, 0xb9, 0xb4, 0xb4, 0xb5, 0xb4, 0xb4, 0xb4, 0xb5, 0xb4, 0xb5, 0xb9, 0xb9, 0xb9, 0xb9, 0xb9, 0xb9, 0xba, 0xb9, 0xba, 0xba, 0xba, 0xba, 0xba, 0xba, 0xba, 0xb9, 0xba, 0xba, 0xb5, 0xba, 0xb5, 0xb4, 0xb5, 0xb1, 0xb1, 0xb1, 0xab, 0xab, 0xa7, 0xa7, 0xa7, 0xa4, 0xa4, 0xa4, 0xa0, 0xa0, 0x9b, 0x9b, 0x95, 0x95, 0x8f, 0x8f, 0x8f, 0x8f, 0x85, 0x7f, 0x85, 0x7a, 0x7a, 0x7a, 0x6e, 0x70, 0x70, 0x62, 0x55, 0x41, 0x3b, 0x3b, 0x33, 0x33, 0x2e, 0x2a, 0x2a, 0x1d, 0x12, 0x0d, 0x51, 
  0xcc, 0x4a, 0x4e, 0x56, 0x5f, 0x6a, 0x7e, 0x80, 0x90, 0x4a, 0xfa, 0x4a, 0x4a, 0xfb, 0x59, 0x59, 0x64, 0x64, 0xfd, 0x79, 0x79, 0x87, 0x87, 0x87, 0x87, 0x87, 0xa3, 0xa3, 0xa9, 0xb2, 0xaf, 0xb2, 0xb3, 0xb3, 0xb8, 0xbb, 0xbb, 0xbc, 0xbf, 0xbc, 0xbf, 0xc1, 0xbf, 0xc3, 0xc2, 0xc3, 0xc5, 0xc3, 0xc5, 0xc3, 0xc5, 0xc6, 0xc5, 0xc6, 0xc5, 0xc7, 0xc5, 0xc3, 0xc7, 0xc3, 0xc7, 0xc3, 0xc4, 0xc3, 0xc4, 0xc3, 0xc1, 0xc4, 0xc1, 0xc1, 0xc1, 0xc0, 0xbc, 0xbc, 0xbd, 0xb9, 0xb9, 0xb4, 0xaf, 0xab, 0xa6, 0xa2, 0x9d, 0x97, 0x84, 0x74, 0xea, 0xe0, 0xe1, 0xe0, 0xe1, 0xe1, 0xe1, 0x00, 0x61, 0x55, 0x49, 0x43, 0x1c, 0xe1, 0xe0, 0xe1, 0xe0, 0xe1, 0xe1, 0xe1, 0x53, 0x6f, 0x7c, 0x90, 0x97, 0x9d, 0xa2, 0xa8, 0xac, 0xb0, 0xb0, 0xb0, 0xb4, 0xb4, 0xb4, 0xb4, 0xb4, 0xb4, 0xb1, 0xb4, 0xb4, 0xb1, 0xb4, 0xb0, 0xb4, 0xb4, 0xb4, 0xb4, 0xb4, 0xb4, 0xb4, 0xb5, 0xb9, 0xb5, 0xba, 0xba, 0xba, 0xba, 0xba, 0xba, 0xba, 0xba, 0xba, 0xba, 0xba, 0xb5, 0xba, 0xb5, 0xb5, 0xb5, 0xb1, 0xb1, 0xab, 0xab, 0xab, 0xa7, 0xa7, 0xa8, 0xa4, 0xa4, 0xa4, 0xa0, 0xa0, 0x9b, 0x9b, 0x9b, 0x95, 0x95, 0x91, 0x91, 0x8d, 0x8d, 0x7f, 0x85, 0x7a, 0x7a, 0x70, 0x78, 0x70, 0x70, 0x62, 0x4d, 0x41, 0x3b, 0x3a, 0x33, 0x2e, 0x2a, 0x2e, 0x23, 0x1d, 0x12, 0x0d, 0x54, 
  0xcf, 0x4a, 0x4e, 0x56, 0x5f, 0x6a, 0x7b, 0x80, 0x8a, 0x59, 0xfa, 0x4a, 0x4a, 0x59, 0x59, 0xfc, 0xfd, 0x64, 0x79, 0x79, 0x87, 0x79, 0x87, 0x87, 0x87, 0x9e, 0x9e, 0xa3, 0xa9, 0xaf, 0xb2, 0xaf, 0xb3, 0xb7, 0xb8, 0xbb, 0xbb, 0xbb, 0xbb, 0xbf, 0xbc, 0xbf, 0xc2, 0xc1, 0xc2, 0xc3, 0xc2, 0xc3, 0xc3, 0xc5, 0xc3, 0xc3, 0xc7, 0xc5, 0xc3, 0xc3, 0xc5, 0xc3, 0xc3, 0xc3, 0xc1, 0xc4, 0xc3, 0xc4, 0xc4, 0xc1, 0xc1, 0xc1, 0xc1, 0xc0, 0xbc, 0xbc, 0xbc, 0xb9, 0xb8, 0xb9, 0xb4, 0xb3, 0xb0, 0xac, 0xa6, 0xa2, 0x97, 0x90, 0x84, 0x4f, 0xe1, 0xe1, 0xe1, 0xe1, 0xe1, 0xe0, 0xe1, 0x14, 0x55, 0x53, 0x55, 0x49, 0x41, 0xe3, 0xe1, 0xe0, 0xe1, 0xe0, 0xe1, 0xe0, 0x29, 0x6f, 0x74, 0x8c, 0x90, 0x9d, 0xa2, 0xa6, 0xab, 0xab, 0xb0, 0xb0, 0xb0, 0xb0, 0xb4, 0xb0, 0xb0, 0xb0, 0xb0, 0xb0, 0xb0, 0xb0, 0xb0, 0xb0, 0xab, 0xb0, 0xb0, 0xb4, 0xb0, 0xb4, 0xb4, 0xb4, 0xb5, 0xb5, 0xb4, 0xba, 0xb4, 0xba, 0xb9, 0xba, 0xba, 0xba, 0xb5, 0xba, 0xb5, 0xba, 0xb5, 0xb5, 0xb5, 0xb4, 0xb1, 0xb1, 0xb1, 0xab, 0xab, 0xa7, 0xa7, 0xa4, 0xa8, 0xa4, 0xa4, 0xa0, 0xa0, 0x9b, 0x9b, 0x9b, 0x95, 0x96, 0x8f, 0x91, 0x86, 0x8d, 0x8d, 0x85, 0x7a, 0x7a, 0x78, 0x70, 0x6e, 0x70, 0x62, 0x4c, 0x43, 0x3a, 0x3b, 0x33, 0x33, 0x2a, 0x2e, 0x23, 0x1d, 0x0d, 0x0d, 0x68, 
  0xd1, 0x52, 0x49, 0x56, 0x5f, 0x6a, 0x72, 0x8e, 0x80, 0x72, 0xfa, 0x4a, 0xfb, 0x59, 0x59, 0x64, 0x64, 0xfd, 0x79, 0xfe, 0x79, 0x87, 0x87, 0x87, 0x9e, 0x9e, 0xa3, 0xa3, 0xad, 0xaf, 0xaf, 0xb2, 0xb3, 0xb3, 0xb7, 0xb8, 0xbb, 0xbb, 0xbc, 0xbf, 0xbf, 0xbf, 0xc1, 0xbf, 0xc2, 0xc2, 0xc3, 0xc2, 0xc3, 0xc3, 0xc3, 0xc5, 0xc3, 0xc3, 0xc3, 0xc3, 0xc3, 0xc3, 0xc3, 0xc3, 0xc1, 0xc1, 0xc1, 0xc1, 0xc1, 0xc0, 0xbc, 0xbc, 0xbc, 0xbc, 0xbc, 0xb9, 0xb8, 0xb9, 0xb9, 0xb4, 0xb3, 0xb1, 0xaf, 0xac, 0xa6, 0x9d, 0x97, 0x8c, 0x74, 0x14, 0xe0, 0xe1, 0xe1, 0xe1, 0xe1, 0xe1, 0xe0, 0x29, 0x55, 0x53, 0x55, 0x49, 0x55, 0xe5, 0xe0, 0xe1, 0xe0, 0xe1, 0xe0, 0xe1, 0x0a, 0x65, 0x7c, 0x84, 0x97, 0x9a, 0xa2, 0xa2, 0xac, 0xab, 0xac, 0xb0, 0xb0, 0xb0, 0xb0, 0xb0, 0xb0, 0xac, 0xab, 0xab, 0xac, 0xab, 0xa5, 0xab, 0xac, 0xab, 0xab, 0xab, 0xb0, 0xab, 0xb0, 0xb0, 0xb4, 0xb4, 0xb4, 0xb5, 0xb9, 0xb5, 0xb9, 0xb5, 0xb9, 0xba, 0xb9, 0xb5, 0xba, 0xb5, 0xb5, 0xb5, 0xb5, 0xb0, 0xb1, 0xb0, 0xb0, 0xab, 0xab, 0xa7, 0xa7, 0xa7, 0xa4, 0xa4, 0xa4, 0xa0, 0xa0, 0x9b, 0x9b, 0x95, 0x95, 0x96, 0x91, 0x91, 0x8d, 0x8d, 0x85, 0x7f, 0x82, 0x7a, 0x78, 0x70, 0x6e, 0x70, 0x62, 0x43, 0x41, 0x3b, 0x3a, 0x2e, 0x33, 0x2a, 0x2e, 0x23, 0x1d, 0x12, 0x09, 0x88, 
  0xd1, 0x7d, 0x44, 0x56, 0x5b, 0x6a, 0x72, 0x80, 0x8a, 0x80, 0x4a, 0x4a, 0x59, 0x59, 0xfc, 0x64, 0xfd, 0x64, 0x79, 0x79, 0x87, 0x87, 0x87, 0x9e, 0x87, 0x9e, 0x9e, 0xa3, 0xad, 0xaf, 0xb2, 0xb3, 0xb3, 0xb7, 0xb8, 0xb7, 0xb8, 0xbb, 0xbb, 0xbb, 0xbc, 0xbf, 0xbf, 0xc1, 0xc1, 0xc1, 0xc2, 0xc3, 0xc3, 0xc3, 0xc3, 0xc3, 0xc3, 0xc3, 0xc4, 0xc2, 0xc4, 0xc2, 0xc1, 0xc1, 0xc0, 0xbf, 0xc0, 0xbc, 0xbc, 0xbc, 0xbc, 0xb8, 0xb9, 0xb9, 0xb9, 0xb9, 0xb3, 0xb9, 0xb4, 0xb3, 0xb4, 0xaf, 0xaf, 0xa6, 0xa2, 0x9c, 0x90, 0x84, 0x74, 0x05, 0xe1, 0xe1, 0xe1, 0xe1, 0xe0, 0xe1, 0xe3, 0x40, 0x57, 0x57, 0x5e, 0x57, 0x57, 0xe8, 0xe1, 0xe0, 0xe0, 0xe0, 0xe1, 0xe1, 0x08, 0x6f, 0x74, 0x84, 0x90, 0x9d, 0x9d, 0xa6, 0xa7, 0xac, 0xab, 0xac, 0xab, 0xac, 0xab, 0xac, 0xab, 0xac, 0xa7, 0xa6, 0xa8, 0xa2, 0xa8, 0xa2, 0xa6, 0xa6, 0xa8, 0xac, 0xab, 0xac, 0xab, 0xb0, 0xb0, 0xb1, 0xb0, 0xb4, 0xb5, 0xb4, 0xb5, 0xb9, 0xb5, 0xb5, 0xb5, 0xb5, 0xb5, 0xb4, 0xb5, 0xb1, 0xb4, 0xb1, 0xb0, 0xb0, 0xb0, 0xab, 0xab, 0xa7, 0xa7, 0xa8, 0xa4, 0xa4, 0xa4, 0xa0, 0xa0, 0x9b, 0x9b, 0x9b, 0x95, 0x95, 0x91, 0x8f, 0x8d, 0x8d, 0x8d, 0x85, 0x7a, 0x78, 0x70, 0x78, 0x6e, 0x6e, 0x55, 0x43, 0x41, 0x3b, 0x3a, 0x33, 0x2f, 0x2e, 0x2a, 0x2a, 0x16, 0x11, 0x07, 0xaa, 
  0xd2, 0x9f, 0x44, 0x4e, 0x5b, 0x5f, 0x72, 0x7e, 0x8a, 0x8a, 0x59, 0x4a, 0x59, 0x59, 0x64, 0x64, 0x64, 0x79, 0x79, 0x83, 0x79, 0x87, 0x87, 0x99, 0x9e, 0x9e, 0x9e, 0xa3, 0xaf, 0xad, 0xaf, 0xb2, 0xb3, 0xb7, 0xb3, 0xb7, 0xb8, 0xb8, 0xbb, 0xbc, 0xbf, 0xbc, 0xbf, 0xbf, 0xbf, 0xc1, 0xc1, 0xc2, 0xc4, 0xc2, 0xc3, 0xc2, 0xc4, 0xc2, 0xc1, 0xc4, 0xc1, 0xc1, 0xc1, 0xc1, 0xbc, 0xbc, 0xbc, 0xbc, 0xb8, 0xb9, 0xb8, 0xb4, 0xb9, 0xb3, 0xb4, 0xb3, 0xb4, 0xb3, 0xb4, 0xb4, 0xaf, 0xb0, 0xac, 0xa5, 0xa2, 0x9a, 0x90, 0x84, 0x77, 0xec, 0xe1, 0xe1, 0xe1, 0xe1, 0xe1, 0xe0, 0x00, 0x55, 0x57, 0x5e, 0x5e, 0x57, 0x57, 0x01, 0xe0, 0xe1, 0xe0, 0xe1, 0xe0, 0xe1, 0x01, 0x6e, 0x74, 0x84, 0x90, 0x9a, 0xa2, 0xa2, 0xa6, 0xa7, 0xac, 0xab, 0xab, 0xab, 0xac, 0xa7, 0xa5, 0xa8, 0xa6, 0xa2, 0xa2, 0xa2, 0x9d, 0xa2, 0x9d, 0xa2, 0xa2, 0xa2, 0xa8, 0xa8, 0xab, 0xac, 0xab, 0xaf, 0xb1, 0xb0, 0xb4, 0xb4, 0xb4, 0xb5, 0xb5, 0xb4, 0xb5, 0xb4, 0xb5, 0xb5, 0xb5, 0xb4, 0xb1, 0xb1, 0xb0, 0xab, 0xb0, 0xab, 0xab, 0xa7, 0xa7, 0xa4, 0xa8, 0xa4, 0xa4, 0xa0, 0xa0, 0x9b, 0x9b, 0x95, 0x96, 0x95, 0x91, 0x91, 0x8d, 0x8d, 0x85, 0x7f, 0x85, 0x7a, 0x78, 0x70, 0x6e, 0x70, 0x4c, 0x43, 0x43, 0x3a, 0x3b, 0x33, 0x33, 0x2e, 0x2e, 0x1d, 0x1d, 0x12, 0x0d, 0xcc, 
  0xd1, 0xc8, 0x44, 0x4e, 0x5b, 0x5f, 0x6a, 0x7e, 0x80, 0x8a, 0x72, 0x59, 0x59, 0x59, 0x64, 0x64, 0xfd, 0x7b, 0x79, 0x87, 0x87, 0x99, 0x87, 0x9e, 0x99, 0x9e, 0x9e, 0xa5, 0xad, 0xaf, 0xaf, 0xb3, 0xb3, 0xb3, 0xb7, 0xb3, 0xb8, 0xb8, 0xb8, 0xbb, 0xbb, 0xbf, 0xbc, 0xbf, 0xc1, 0xbf, 0xc1, 0xc1, 0xc1, 0xc4, 0xc1, 0xc2, 0xc1, 0xc1, 0xc1, 0xbf, 0xc1, 0xc1, 0xbc, 0xbc, 0xbc, 0xb9, 0xbb, 0xb4, 0xb8, 0xb4, 0xaf, 0xb3, 0xaf, 0xaf, 0xaf, 0xb0, 0xaf, 0xb0, 0xaf, 0xaf, 0xab, 0xac, 0xa5, 0xa2, 0x9d, 0x97, 0x90, 0x7c, 0x4f, 0xe3, 0xe1, 0xe1, 0xe1, 0xe1, 0xe0, 0xe1, 0x29, 0x5e, 0x61, 0x61, 0x61, 0x5e, 0x57, 0x1c, 0xe0, 0xe1, 0xe0, 0xe1, 0xe1, 0xe1, 0xe6, 0x5e, 0x74, 0x7c, 0x90, 0x9a, 0x9d, 0xa2, 0xa6, 0xa6, 0xa8, 0xa6, 0xa8, 0xa6, 0xa8, 0xa6, 0xa8, 0xa2, 0xa2, 0x9d, 0x9d, 0x9d, 0x9a, 0x97, 0x9a, 0x97, 0x9d, 0x9d, 0xa2, 0xa2, 0xa6, 0xa8, 0xab, 0xab, 0xab, 0xb0, 0xb0, 0xb1, 0xb4, 0xb4, 0xb4, 0xb5, 0xb4, 0xb1, 0xb4, 0xb1, 0xb4, 0xb1, 0xb1, 0xb0, 0xab, 0xb0, 0xab, 0xab, 0xab, 0xa7, 0xa8, 0xa8, 0xa4, 0xa4, 0xa0, 0xa0, 0xa0, 0x9b, 0x9b, 0x95, 0x95, 0x91, 0x8f, 0x91, 0x8d, 0x8d, 0x8d, 0x85, 0x78, 0x7a, 0x78, 0x6e, 0x78, 0x62, 0x4c, 0x43, 0x43, 0x3a, 0x3a, 0x33, 0x33, 0x33, 0x2a, 0x2a, 0x16, 0x12, 0x21, 0xcd, 
  0xd1, 0xcd, 0x44, 0x4e, 0x56, 0x5b, 0x6a, 0x74, 0xff, 0x8c, 0xfe, 0x59, 0x59, 0x64, 0x64, 0x64, 0x7b, 0xfd, 0x83, 0xfe, 0x87, 0x87, 0x99, 0x99, 0x9e, 0x9e, 0x9e, 0xa9, 0xaf, 0xad, 0xb3, 0xb2, 0xb3, 0xb2, 0xb3, 0xb3, 0xb7, 0xb8, 0xb8, 0xbb, 0xb8, 0xbc, 0xbb, 0xbc, 0xbb, 0xbf, 0xbf, 0xbf, 0xc1, 0xbf, 0xc1, 0xc1, 0xc1, 0xbf, 0xbc, 0xc1, 0xbc, 0xbc, 0xbb, 0xb9, 0xb8, 0xb9, 0xb3, 0xb4, 0xaf, 0xaf, 0xaf, 0xab, 0xac, 0xab, 0xac, 0xac, 0xac, 0xaf, 0xab, 0xac, 0xac, 0xa5, 0xa8, 0xa2, 0x9c, 0x97, 0x8c, 0x7c, 0x0f, 0xe0, 0xe1, 0xe1, 0xe1, 0xe1, 0xe1, 0xe6, 0x57, 0x61, 0x65, 0x6f, 0x65, 0x5e, 0x57, 0x46, 0xe1, 0xe1, 0xe1, 0xe0, 0xe1, 0xe1, 0xe2, 0x40, 0x6f, 0x84, 0x8c, 0x97, 0x9d, 0x9d, 0xa8, 0xa6, 0xa6, 0xa8, 0xa6, 0xa6, 0xa2, 0xa2, 0xa2, 0x9d, 0x9d, 0x97, 0x97, 0x90, 0x90, 0x8c, 0x90, 0x8c, 0x97, 0x9a, 0x9a, 0x9d, 0xa2, 0xa6, 0xa8, 0xac, 0xa7, 0xac, 0xab, 0xb0, 0xb0, 0xb1, 0xb1, 0xb1, 0xb1, 0xb4, 0xb1, 0xb4, 0xb0, 0xb0, 0xb0, 0xab, 0xb0, 0xab, 0xab, 0xa7, 0xa7, 0xa7, 0xa8, 0xa4, 0xa4, 0xa4, 0xa0, 0xa0, 0xa0, 0x9b, 0x9b, 0x96, 0x95, 0x8f, 0x91, 0x8d, 0x8d, 0x8d, 0x85, 0x7a, 0x85, 0x7a, 0x78, 0x6e, 0x6e, 0x62, 0x4c, 0x41, 0x41, 0x41, 0x3b, 0x33, 0x33, 0x2e, 0x2a, 0x1d, 0x1d, 0x0d, 0x51, 0xd0, 
  0xd1, 0xd0, 0x44, 0x4e, 0x56, 0x5b, 0x5f, 0x75, 0x7c, 0x8a, 0x8a, 0x4e, 0x59, 0x59, 0x64, 0x64, 0xfd, 0xfe, 0x79, 0x87, 0x8a, 0x99, 0x99, 0x99, 0x99, 0x9e, 0xa1, 0xa9, 0xac, 0xaf, 0xaf, 0xb3, 0xaf, 0xb3, 0xb2, 0xb3, 0xb3, 0xb3, 0xb8, 0xb8, 0xb8, 0xbb, 0xbb, 0xbb, 0xbc, 0xbb, 0xbc, 0xbc, 0xbc, 0xbc, 0xbc, 0xbc, 0xbc, 0xbc, 0xbc, 0xb8, 0xbc, 0xb8, 0xb9, 0xb8, 0xb4, 0xb3, 0xaf, 0xaf, 0xac, 0xab, 0xa5, 0xa6, 0xa5, 0xa5, 0xa5, 0xa5, 0xa7, 0xa5, 0xa5, 0xa5, 0xa6, 0xa6, 0xa2, 0x9d, 0x97, 0x90, 0x84, 0x74, 0xeb, 0xe1, 0xe1, 0xe1, 0xe1, 0xe1, 0xe1, 0x01, 0x5e, 0x65, 0x65, 0x6f, 0x65, 0x61, 0x5e, 0x55, 0xe8, 0xe0, 0xe1, 0xe1, 0xe1, 0xe1, 0xe1, 0x14, 0x6f, 0x7c, 0x8c, 0x97, 0x9d, 0x9d, 0xa2, 0xa4, 0xa6, 0xa2, 0xa2, 0xa2, 0xa2, 0xa2, 0x9d, 0x9a, 0x90, 0x90, 0x8c, 0x84, 0x84, 0x85, 0x7c, 0x84, 0x8c, 0x8c, 0x97, 0x9a, 0x9d, 0xa2, 0xa2, 0xa2, 0xa6, 0xa7, 0xab, 0xab, 0xb0, 0xb0, 0xb0, 0xb0, 0xb0, 0xb0, 0xb0, 0xb0, 0xb0, 0xb0, 0xab, 0xab, 0xab, 0xab, 0xa7, 0xa7, 0xa7, 0xa8, 0xa8, 0xa4, 0xa4, 0xa0, 0xa0, 0xa0, 0x9b, 0x9b, 0x9b, 0x95, 0x96, 0x91, 0x91, 0x91, 0x8d, 0x8d, 0x85, 0x85, 0x78, 0x78, 0x78, 0x78, 0x6e, 0x61, 0x43, 0x43, 0x41, 0x3a, 0x3a, 0x33, 0x33, 0x33, 0x2a, 0x23, 0x11, 0x0d, 0x88, 0xd0, 
  0xd2, 0xd0, 0x52, 0x4e, 0x4e, 0x5b, 0x65, 0x6a, 0x80, 0x7e, 0x8a, 0x64, 0x59, 0x64, 0x64, 0x64, 0x7b, 0x79, 0xfe, 0x83, 0x87, 0x94, 0x99, 0x99, 0x9e, 0x9e, 0x9e, 0xac, 0xad, 0xac, 0xad, 0xaf, 0xad, 0xaf, 0xaf, 0xb3, 0xb3, 0xb3, 0xb8, 0xb8, 0xb8, 0xb8, 0xb8, 0xb8, 0xb8, 0xbb, 0xb8, 0xbb, 0xbc, 0xbb, 0xbc, 0xbb, 0xb8, 0xb8, 0xb8, 0xb8, 0xb9, 0xb3, 0xb3, 0xaf, 0xaf, 0xac, 0xac, 0xa5, 0xa6, 0xa2, 0xa2, 0xa2, 0xa2, 0xa2, 0xa2, 0xa2, 0xa6, 0xa2, 0xa6, 0xa2, 0xa6, 0xa2, 0xa2, 0x9c, 0x97, 0x8a, 0x7c, 0x77, 0xe8, 0xe2, 0xe1, 0xe1, 0xe1, 0xe2, 0xe1, 0x0a, 0x5e, 0x61, 0x6f, 0x6f, 0x6f, 0x65, 0x5e, 0x57, 0x00, 0xe1, 0xe1, 0xe1, 0xe1, 0xe1, 0xe1, 0x00, 0x6f, 0x74, 0x8c, 0x90, 0x9a, 0x9d, 0x9d, 0xa2, 0xa2, 0xa2, 0xa2, 0xa2, 0x9d, 0x9d, 0x97, 0x97, 0x84, 0x7c, 0x0f, 0x00, 0xeb, 0xeb, 0x04, 0x1b, 0x7c, 0x89, 0x84, 0x96, 0x97, 0x9d, 0x9d, 0xa2, 0xa2, 0xa6, 0xa6, 0xab, 0xab, 0xab, 0xb0, 0xab, 0xb0, 0xab, 0xb0, 0xab, 0xb0, 0xab, 0xab, 0xab, 0xa7, 0xa7, 0xa7, 0xa7, 0xa8, 0xa4, 0xa4, 0xa4, 0xa4, 0xa0, 0xa0, 0x9b, 0x9b, 0x9b, 0x96, 0x95, 0x91, 0x8f, 0x91, 0x8d, 0x8d, 0x8d, 0x85, 0x7a, 0x82, 0x7a, 0x78, 0x6e, 0x6e, 0x55, 0x43, 0x43, 0x41, 0x41, 0x33, 0x33, 0x33, 0x33, 0x2a, 0x1d, 0x12, 0x18, 0xc8, 0xcf, 
  0xd2, 0xd1, 0x7d, 0x3f, 0x4e, 0x56, 0x5f, 0x6a, 0x7e, 0x8c, 0x80, 0x7e, 0x59, 0x5d, 0x64, 0x7b, 0x64, 0x83, 0xfe, 0x87, 0x8a, 0x99, 0x99, 0x99, 0x99, 0x9e, 0xa3, 0xa5, 0xac, 0xa9, 0xaf, 0xa9, 0xaf, 0xaf, 0xaf, 0xaf, 0xb3, 0xb3, 0xb3, 0xb3, 0xb3, 0xb3, 0xb8, 0xb3, 0xb8, 0xb8, 0xb8, 0xb8, 0xb8, 0xb9, 0xb8, 0xb9, 0xb3, 0xb9, 0xb3, 0xb3, 0xb3, 0xb3, 0xb0, 0xaf, 0xab, 0xa5, 0xa5, 0xa2, 0xa2, 0x9a, 0x9c, 0x9a, 0x9c, 0x9c, 0x9c, 0x9d, 0x9c, 0xa2, 0xa2, 0x9d, 0xa2, 0x9c, 0x9d, 0x9c, 0x90, 0x84, 0x77, 0x4f, 0xe4, 0xe2, 0xe2, 0xe1, 0xe2, 0xe1, 0xe1, 0x29, 0x61, 0x65, 0x6f, 0x6f, 0x6f, 0x6f, 0x5e, 0x5e, 0x01, 0xe1, 0xe1, 0xe1, 0xe1, 0xe1, 0xe1, 0xe6, 0x5e, 0x74, 0x84, 0x90, 0x97, 0x9d, 0x9d, 0xa2, 0x9d, 0xa2, 0x9d, 0x9d, 0x9d, 0x97, 0x97, 0x84, 0x60, 0x04, 0xe1, 0xe1, 0xe2, 0xe2, 0xe2, 0xe2, 0x0a, 0x6f, 0x77, 0x8c, 0x8c, 0x97, 0x9a, 0x9a, 0x9d, 0xa2, 0xa6, 0xa8, 0xac, 0xab, 0xab, 0xab, 0xab, 0xab, 0xab, 0xab, 0xab, 0xab, 0xa7, 0xa7, 0xa7, 0xa7, 0xa8, 0xa8, 0xa8, 0xa4, 0xa4, 0xa4, 0xa0, 0xa0, 0x9b, 0x9b, 0x9b, 0x9b, 0x95, 0x96, 0x8f, 0x91, 0x8d, 0x8d, 0x8d, 0x85, 0x85, 0x85, 0x78, 0x78, 0x78, 0x6e, 0x65, 0x4c, 0x49, 0x43, 0x41, 0x3a, 0x3a, 0x33, 0x33, 0x33, 0x2a, 0x1d, 0x11, 0x26, 0xcd, 0xd0, 
  0xd2, 0xd2, 0xbe, 0x44, 0x4e, 0x56, 0x5f, 0x6a, 0x7b, 0x7e, 0x80, 0x8a, 0x64, 0x64, 0x64, 0x64, 0xfe, 0x7b, 0x83, 0xff, 0x87, 0x94, 0x99, 0x99, 0x9e, 0x9e, 0xa1, 0xa5, 0xa5, 0xa5, 0xa5, 0xac, 0xa9, 0xaf, 0xad, 0xaf, 0xaf, 0xb2, 0xaf, 0xb3, 0xb3, 0xaf, 0xb3, 0xb3, 0xb3, 0xb3, 0xb3, 0xb3, 0xb3, 0xb3, 0xb3, 0xb3, 0xb3, 0xaf, 0xb3, 0xaf, 0xaf, 0xac, 0xaf, 0xa6, 0xa5, 0xa2, 0xa1, 0x9d, 0x97, 0x90, 0x8c, 0x90, 0x90, 0x8a, 0x90, 0x97, 0x97, 0x9d, 0x9c, 0x9d, 0x9c, 0x9d, 0x97, 0x97, 0x90, 0x84, 0x7c, 0x0f, 0xe2, 0xe2, 0xe2, 0xe2, 0xe1, 0xe2, 0xe7, 0x61, 0x61, 0x6f, 0x74, 0x77, 0x74, 0x6b, 0x6f, 0x57, 0x08, 0xe1, 0xe1, 0xe1, 0xe1, 0xe1, 0xe1, 0xe2, 0x49, 0x74, 0x84, 0x8c, 0x97, 0x9a, 0x9d, 0x9d, 0x9d, 0x9d, 0x9d, 0x9a, 0x9a, 0x90, 0x84, 0x7c, 0xeb, 0xe1, 0xe2, 0xe2, 0xe2, 0xe2, 0xe3, 0xe3, 0xe2, 0x01, 0x61, 0x77, 0x84, 0x91, 0x97, 0x9a, 0x9a, 0xa2, 0xa2, 0xa6, 0xa8, 0xa6, 0xa7, 0xa8, 0xa7, 0xac, 0xa7, 0xa7, 0xa7, 0xa7, 0xa6, 0xa7, 0xa6, 0xa8, 0xa4, 0xa4, 0xa4, 0xa2, 0xa4, 0xa0, 0xa0, 0x9a, 0x9b, 0x9a, 0x95, 0x96, 0x96, 0x8f, 0x91, 0x91, 0x8d, 0x8d, 0x89, 0x85, 0x85, 0x78, 0x82, 0x78, 0x78, 0x6e, 0x62, 0x49, 0x43, 0x49, 0x41, 0x3a, 0x3a, 0x33, 0x33, 0x2e, 0x24, 0x1d, 0x11, 0x38, 0xd0, 0xd0, 
  0xd2, 0xd2, 0xcd, 0x59, 0x46, 0x56, 0x5b, 0x6c, 0x74, 0x7e, 0x80, 0x7e, 0x64, 0x5d, 0x64, 0x72, 0x79, 0x7b, 0xfe, 0x83, 0x8a, 0x99, 0x94, 0x99, 0x98, 0x9e, 0xa1, 0xa3, 0xa5, 0xa5, 0xa5, 0xa5, 0xac, 0xa5, 0xac, 0xaf, 0xad, 0xaf, 0xaf, 0xaf, 0xaf, 0xaf, 0xaf, 0xaf, 0xaf, 0xaf, 0xaf, 0xaf, 0xaf, 0xaf, 0xaf, 0xaf, 0xaf, 0xaf, 0xaf, 0xaf, 0xac, 0xac, 0xa5, 0xa6, 0xa2, 0x9c, 0x9c, 0x90, 0x7b, 0x3e, 0x1c, 0x18, 0x20, 0x2d, 0x60, 0x84, 0x90, 0x90, 0x97, 0x97, 0x9a, 0x97, 0x97, 0x90, 0x8a, 0x7c, 0x74, 0xeb, 0xe2, 0xe2, 0xe1, 0xe2, 0xe1, 0xe1, 0x05, 0x5e, 0x6f, 0x6f, 0x7c, 0x74, 0x7c, 0x74, 0x65, 0x65, 0x24, 0xe1, 0xe1, 0xe1, 0xe1, 0xe2, 0xe1, 0xe1, 0x46, 0x74, 0x7c, 0x8c, 0x90, 0x97, 0x9a, 0x9d, 0x9d, 0x9d, 0x9d, 0x9a, 0x90, 0x8a, 0x7c, 0x2d, 0xe2, 0xe2, 0xe2, 0xe2, 0xe2, 0xe2, 0xe3, 0xe2, 0xe3, 0xe1, 0x03, 0x6b, 0x7c, 0x84, 0x91, 0x90, 0x9a, 0x9d, 0x9d, 0xa2, 0xa2, 0xa8, 0xa2, 0xa6, 0xa6, 0xa8, 0xa6, 0xa8, 0xa6, 0xa8, 0xa4, 0xa6, 0xa4, 0xa4, 0xa2, 0xa4, 0xa2, 0xa0, 0x9d, 0xa0, 0xa0, 0x9b, 0x9b, 0x9b, 0x96, 0x95, 0x91, 0x8f, 0x91, 0x91, 0x8d, 0x8d, 0x8d, 0x85, 0x85, 0x82, 0x78, 0x78, 0x78, 0x6e, 0x57, 0x4c, 0x49, 0x43, 0x3a, 0x41, 0x33, 0x33, 0x33, 0x33, 0x1d, 0x1d, 0x11, 0x54, 0xd0, 0xd0, 
  0xd3, 0xd1, 0xd1, 0x52, 0x40, 0x4e, 0x56, 0x5f, 0x6a, 0x7e, 0x7c, 0x80, 0x75, 0x64, 0x64, 0x64, 0x7b, 0x7b, 0x83, 0xff, 0x8a, 0x8a, 0x99, 0x98, 0x99, 0x9c, 0xa1, 0xa6, 0xa1, 0xa5, 0xa3, 0xa5, 0xa5, 0xa5, 0xa9, 0xac, 0xac, 0xa9, 0xac, 0xad, 0xac, 0xa5, 0xaf, 0xac, 0xad, 0xaf, 0xaf, 0xac, 0xaf, 0xac, 0xaf, 0xac, 0xac, 0xac, 0xa5, 0xa5, 0xa5, 0xa6, 0xa2, 0xa1, 0x97, 0x97, 0x97, 0x80, 0x08, 0xe2, 0xe2, 0xe4, 0xe3, 0xe3, 0xea, 0x60, 0x7c, 0x8c, 0x90, 0x97, 0x97, 0x97, 0x97, 0x90, 0x84, 0x7c, 0x4f, 0xe2, 0xe2, 0xe2, 0xe2, 0xe1, 0xe2, 0xe1, 0x29, 0x61, 0x6f, 0x74, 0x7c, 0x7c, 0x7c, 0x7c, 0x6f, 0x65, 0x53, 0xe4, 0xe1, 0xe1, 0xe2, 0xe1, 0xe1, 0xe2, 0x2f, 0x6f, 0x7c, 0x84, 0x90, 0x97, 0x9a, 0x9a, 0x9c, 0x9a, 0x97, 0x97, 0x8c, 0x7c, 0x6f, 0xe7, 0xe2, 0xe2, 0xe2, 0xe2, 0xe2, 0xe3, 0xe2, 0xe3, 0xe2, 0xe2, 0xe1, 0x29, 0x77, 0x89, 0x84, 0x90, 0x90, 0x9a, 0x9d, 0x9d, 0x9d, 0xa2, 0xa4, 0xa2, 0xa4, 0xa2, 0xa4, 0xa4, 0xa4, 0xa2, 0xa4, 0xa2, 0xa4, 0xa2, 0xa0, 0x9d, 0xa0, 0x9d, 0xa0, 0x9a, 0x9b, 0x9a, 0x95, 0x96, 0x96, 0x96, 0x91, 0x91, 0x8d, 0x8d, 0x8d, 0x89, 0x85, 0x85, 0x82, 0x82, 0x78, 0x78, 0x6e, 0x6e, 0x49, 0x4c, 0x46, 0x43, 0x40, 0x3a, 0x33, 0x33, 0x33, 0x2a, 0x1d, 0x11, 0x0d, 0xaa, 0xd0, 0xd1, 
  0xd3, 0xd2, 0xd1, 0x66, 0x35, 0x46, 0x56, 0x5b, 0x6a, 0x72, 0x7e, 0x7e, 0x7e, 0x72, 0x72, 0x64, 0x7b, 0xfe, 0x80, 0xfe, 0x8a, 0x94, 0x8a, 0x94, 0x98, 0x99, 0xa1, 0xa1, 0xa1, 0xa1, 0xa1, 0xa2, 0xa3, 0xa6, 0xa5, 0xa5, 0xa5, 0xa5, 0xa5, 0xa5, 0xa5, 0xa5, 0xa5, 0xa5, 0xa5, 0xa5, 0xa5, 0xa5, 0xa5, 0xa5, 0xa5, 0xa5, 0xa5, 0xa6, 0xa6, 0xa1, 0xa2, 0x9c, 0x9c, 0x97, 0x97, 0x84, 0x6d, 0xe6, 0xe4, 0xe3, 0xe3, 0xe4, 0xe3, 0xe3, 0xe2, 0xe3, 0x3f, 0x7c, 0x84, 0x8c, 0x90, 0x90, 0x90, 0x90, 0x84, 0x74, 0x0f, 0xe2, 0xe1, 0xe2, 0xe1, 0xe2, 0xe1, 0xe2, 0x37, 0x6f, 0x74, 0x7c, 0x7c, 0x84, 0x84, 0x7c, 0x74, 0x6f, 0x5e, 0x00, 0xe1, 0xe2, 0xe1, 0xe1, 0xe2, 0xe1, 0x08, 0x6f, 0x74, 0x84, 0x90, 0x90, 0x9a, 0x97, 0x9a, 0x9a, 0x96, 0x90, 0x7c, 0x74, 0x61, 0xe2, 0xe2, 0xe3, 0xe2, 0xe3, 0xe2, 0xe2, 0xe3, 0xe2, 0xe2, 0xe2, 0xe2, 0xe4, 0x0f, 0x77, 0x7c, 0x84, 0x90, 0x97, 0x9a, 0x9a, 0xa0, 0x9a, 0x9d, 0x9d, 0x9d, 0xa0, 0xa2, 0x9d, 0xa2, 0xa0, 0x9d, 0xa0, 0x9d, 0xa0, 0x9d, 0xa0, 0x9d, 0x9b, 0x9a, 0x9b, 0x9a, 0x95, 0x96, 0x96, 0x8f, 0x91, 0x8f, 0x8d, 0x91, 0x8d, 0x8d, 0x85, 0x85, 0x82, 0x82, 0x78, 0x78, 0x78, 0x6e, 0x57, 0x4c, 0x49, 0x43, 0x41, 0x3a, 0x3a, 0x33, 0x33, 0x2e, 0x29, 0x1d, 0x14, 0x26, 0xcd, 0xd0, 0xd1, 
  0xd3, 0xd2, 0xd1, 0x9f, 0x35, 0x3f, 0x4e, 0x5b, 0x5f, 0x72, 0x7c, 0x7b, 0x7e, 0x7e, 0xfe, 0x72, 0x7b, 0x7b, 0xfe, 0x8a, 0x80, 0x94, 0x8a, 0x94, 0x98, 0x98, 0x9c, 0x9c, 0xa1, 0x9c, 0xa1, 0xa1, 0xa1, 0xa1, 0xa1, 0xa6, 0xa1, 0xa5, 0xa1, 0xa5, 0xa2, 0xa5, 0xa1, 0xa5, 0xa6, 0xa5, 0xa6, 0xa5, 0xa2, 0xa5, 0xa2, 0xa1, 0xa2, 0xa1, 0x9c, 0x9c, 0x9c, 0x97, 0x97, 0x8a, 0x84, 0x60, 0xea, 0xe4, 0xe4, 0xe3, 0xe4, 0xe3, 0xe4, 0xe3, 0xe2, 0xe2, 0x08, 0x77, 0x7c, 0x84, 0x8a, 0x90, 0x8a, 0x84, 0x7c, 0x77, 0x05, 0xe2, 0xe2, 0xe2, 0xe2, 0xe2, 0xe2, 0xe9, 0x57, 0x74, 0x74, 0x84, 0x84, 0x84, 0x84, 0x7c, 0x7c, 0x6b, 0x61, 0x0a, 0xe1, 0xe1, 0xe2, 0xe1, 0xe1, 0xe2, 0xe9, 0x6e, 0x74, 0x7c, 0x8c, 0x90, 0x97, 0x9a, 0x97, 0x97, 0x90, 0x84, 0x7c, 0x61, 0x29, 0xe2, 0xe3, 0xe2, 0xe2, 0xe2, 0xe2, 0xe2, 0xe2, 0xe3, 0xe2, 0xe3, 0xe3, 0xe3, 0xea, 0x60, 0x78, 0x7c, 0x89, 0x90, 0x96, 0x97, 0x96, 0x9a, 0x9a, 0x9d, 0x9d, 0x9d, 0x9a, 0xa0, 0x9d, 0xa0, 0x9d, 0x9a, 0xa0, 0x9a, 0x9a, 0x9b, 0x9a, 0x9b, 0x96, 0x95, 0x96, 0x96, 0x96, 0x91, 0x91, 0x91, 0x8d, 0x91, 0x89, 0x89, 0x85, 0x89, 0x82, 0x82, 0x82, 0x78, 0x78, 0x78, 0x6e, 0x53, 0x49, 0x49, 0x43, 0x40, 0x41, 0x3a, 0x2f, 0x3a, 0x2f, 0x23, 0x1d, 0x0d, 0x51, 0xcf, 0xd0, 0xd1, 
  0xd3, 0xd2, 0xd2, 0xcf, 0x3e, 0x3f, 0x4e, 0x56, 0x5f, 0x6a, 0x72, 0x7e, 0x7e, 0x84, 0x75, 0x80, 0xfe, 0x7b, 0xfe, 0x7b, 0xff, 0x8a, 0x94, 0x94, 0x94, 0x98, 0x98, 0x9c, 0x98, 0x9c, 0x98, 0x9c, 0x9c, 0x9c, 0xa1, 0x9c, 0xa1, 0x9c, 0xa1, 0x9c, 0xa1, 0x9c, 0xa1, 0x9c, 0x9c, 0x9c, 0x9c, 0x9c, 0x9c, 0x9c, 0x9c, 0x9c, 0x9c, 0x97, 0x97, 0x90, 0x90, 0x8e, 0x8c, 0x84, 0x3e, 0xe6, 0xe3, 0xe4, 0xe4, 0xe4, 0xe3, 0xe4, 0xe3, 0xe3, 0xe2, 0xe3, 0xe3, 0x3f, 0x7c, 0x7c, 0x84, 0x84, 0x84, 0x84, 0x74, 0x6f, 0xeb, 0xe2, 0xe2, 0xe2, 0xe2, 0xe2, 0xe1, 0x0f, 0x77, 0x7c, 0x7c, 0x84, 0x8c, 0x8c, 0x8c, 0x84, 0x7c, 0x74, 0x65, 0x2f, 0xe2, 0xe2, 0xe1, 0xe2, 0xe1, 0xe2, 0xe2, 0x56, 0x6f, 0x7c, 0x84, 0x8c, 0x90, 0x90, 0x96, 0x90, 0x8c, 0x84, 0x74, 0x6f, 0xeb, 0xe3, 0xe2, 0xe3, 0xe2, 0xe2, 0xe2, 0xe2, 0xe2, 0xe3, 0xe2, 0xe3, 0xe3, 0xe4, 0xe3, 0xe5, 0x65, 0x65, 0x7c, 0x84, 0x8c, 0x96, 0x90, 0x96, 0x9a, 0x96, 0x9a, 0x96, 0x9a, 0x9a, 0x9a, 0x96, 0x9a, 0x96, 0x9a, 0x96, 0x9a, 0x96, 0x96, 0x96, 0x96, 0x96, 0x96, 0x8f, 0x91, 0x91, 0x91, 0x91, 0x8d, 0x89, 0x8d, 0x89, 0x85, 0x85, 0x82, 0x82, 0x78, 0x82, 0x78, 0x78, 0x6b, 0x49, 0x4c, 0x49, 0x40, 0x41, 0x37, 0x33, 0x3a, 0x33, 0x2a, 0x24, 0x1d, 0x0f, 0x88, 0xd0, 0xd1, 0xd2, 
  0xd3, 0xd3, 0xd1, 0xd2, 0x81, 0x44, 0x48, 0x56, 0x5b, 0x6a, 0x6a, 0x7c, 0x7e, 0x7e, 0x7e, 0x7b, 0x7e, 0x80, 0x7e, 0x7e, 0x8e, 0x8a, 0x8e, 0x8a, 0x8e, 0x98, 0x8a, 0x98, 0x98, 0x98, 0x98, 0x98, 0x98, 0x98, 0x98, 0x98, 0x98, 0x9c, 0x97, 0x9c, 0x98, 0x9c, 0x98, 0x98, 0x98, 0x9c, 0x98, 0x97, 0x98, 0x97, 0x97, 0x8a, 0x97, 0x8e, 0x90, 0x89, 0x7e, 0x85, 0x7c, 0xf5, 0xe5, 0xe3, 0xe3, 0xe4, 0xe3, 0xe4, 0xe4, 0xe3, 0xe4, 0xe3, 0xe3, 0xe3, 0xe3, 0x0a, 0x6f, 0x7c, 0x7c, 0x7c, 0x7c, 0x74, 0x65, 0x37, 0xe2, 0xe2, 0xe2, 0xe3, 0xe2, 0xe3, 0xe3, 0x4e, 0x6f, 0x7c, 0x84, 0x84, 0x90, 0x8c, 0x90, 0x8c, 0x7c, 0x74, 0x65, 0x57, 0xe5, 0xe1, 0xe2, 0xe1, 0xe2, 0xe2, 0xe1, 0x29, 0x6f, 0x74, 0x84, 0x84, 0x90, 0x90, 0x90, 0x8c, 0x84, 0x7c, 0x77, 0x2f, 0xe4, 0xe2, 0xe3, 0xe2, 0xe2, 0xe2, 0xe1, 0xe4, 0xe2, 0xe3, 0xe3, 0xe3, 0xe3, 0xe3, 0xe4, 0xe3, 0xec, 0x46, 0x6f, 0x7c, 0x84, 0x8c, 0x8c, 0x8c, 0x90, 0x90, 0x90, 0x96, 0x96, 0x96, 0x90, 0x96, 0x96, 0x96, 0x96, 0x96, 0x96, 0x91, 0x96, 0x91, 0x91, 0x91, 0x91, 0x91, 0x91, 0x8d, 0x8d, 0x89, 0x8d, 0x89, 0x89, 0x85, 0x85, 0x82, 0x82, 0x82, 0x82, 0x78, 0x78, 0x6e, 0x57, 0x53, 0x49, 0x49, 0x41, 0x40, 0x3a, 0x37, 0x33, 0x33, 0x2c, 0x1d, 0x11, 0x18, 0xcc, 0xd0, 0xd1, 0xd2, 
  0xd3, 0xd3, 0xd2, 0xd0, 0xc8, 0x3f, 0x48, 0x4e, 0x5b, 0x5f, 0x6c, 0x6a, 0x75, 0x7c, 0x7e, 0x7b, 0x7b, 0x75, 0x80, 0x75, 0x80, 0x7b, 0x80, 0x7b, 0x83, 0x7b, 0x83, 0x83, 0x7b, 0x83, 0x6d, 0x83, 0x6d, 0x83, 0x6d, 0x83, 0x6d, 0x6d, 0x6d, 0x6d, 0x6d, 0x6d, 0x6d, 0x6d, 0x6d, 0x6d, 0x6d, 0x6d, 0x60, 0x6d, 0x60, 0x6d, 0x60, 0x60, 0x60, 0x4f, 0x57, 0x4a, 0x0f, 0xe4, 0xe3, 0xe4, 0xe3, 0xe4, 0xe4, 0xe4, 0xe4, 0xe4, 0xe3, 0xe3, 0xe3, 0xe4, 0xe4, 0x00, 0x77, 0x74, 0x74, 0x74, 0x74, 0x65, 0x60, 0x08, 0xe2, 0xe3, 0xe3, 0xe3, 0xe3, 0xe3, 0xea, 0x77, 0x74, 0x7c, 0x84, 0x90, 0x90, 0x90, 0x90, 0x8c, 0x84, 0x7c, 0x6f, 0x65, 0xe5, 0xe2, 0xe1, 0xe2, 0xe2, 0xe2, 0xe2, 0x0f, 0x65, 0x74, 0x7c, 0x84, 0x8c, 0x8c, 0x8c, 0x84, 0x84, 0x7c, 0x6b, 0x08, 0xe2, 0xe3, 0xe2, 0xe2, 0xe2, 0xe2, 0xe1, 0x29, 0xe8, 0xe4, 0xe3, 0xe3, 0xe3, 0xe3, 0xe3, 0xe3, 0xe2, 0x01, 0x61, 0x77, 0x78, 0x7c, 0x89, 0x8c, 0x8c, 0x8c, 0x8c, 0x8c, 0x8c, 0x8c, 0x8c, 0x8c, 0x8c, 0x8c, 0x8c, 0x8c, 0x8c, 0x8c, 0x8c, 0x8c, 0x8c, 0x8c, 0x8c, 0x89, 0x8c, 0x89, 0x89, 0x89, 0x89, 0x85, 0x89, 0x85, 0x85, 0x82, 0x82, 0x78, 0x82, 0x78, 0x78, 0x6b, 0x57, 0x49, 0x49, 0x49, 0x40, 0x41, 0x37, 0x33, 0x37, 0x33, 0x29, 0x1d, 0x11, 0x42, 0xcf, 0xd0, 0xd1, 0xd2, 
  0xd3, 0xd3, 0xd2, 0xd1, 0xcd, 0x34, 0x36, 0x44, 0x44, 0x44, 0x44, 0x44, 0x44, 0x3d, 0x45, 0x3d, 0x35, 0xf7, 0x28, 0x28, 0xf6, 0xf6, 0xf5, 0xf5, 0xf4, 0xf4, 0xf2, 0xf2, 0xf1, 0x0b, 0xf1, 0xf0, 0xf0, 0xef, 0xef, 0x04, 0xee, 0x03, 0x03, 0x03, 0x01, 0xed, 0x00, 0x00, 0xec, 0xec, 0xec, 0xec, 0xeb, 0xea, 0xea, 0xea, 0xea, 0xe9, 0xe9, 0xe8, 0xe8, 0xe8, 0xe6, 0xe5, 0xe4, 0xe4, 0xe4, 0xe4, 0xe4, 0xe4, 0xe4, 0xe4, 0xe3, 0xe4, 0xe3, 0xe4, 0xe4, 0xe4, 0x36, 0x6f, 0x6f, 0x74, 0x6f, 0x5f, 0x5e, 0xeb, 0xe3, 0xe3, 0xe3, 0xe3, 0xe3, 0xe3, 0x05, 0x6f, 0x77, 0x84, 0x8c, 0x90, 0x90, 0x97, 0x90, 0x90, 0x8c, 0x7c, 0x6f, 0x65, 0xe8, 0xe2, 0xe2, 0xe2, 0xe2, 0xe2, 0xe3, 0x0a, 0x6f, 0x74, 0x7c, 0x84, 0x84, 0x84, 0x84, 0x84, 0x77, 0x77, 0x65, 0x00, 0xe2, 0xe3, 0xe2, 0xe3, 0xe2, 0xe2, 0xe4, 0x53, 0x36, 0xe7, 0xe4, 0xe4, 0xe3, 0xe4, 0xe3, 0xe3, 0xe3, 0xe4, 0xec, 0x37, 0x4f, 0x46, 0x4f, 0x4f, 0x4f, 0x4f, 0x4f, 0x4f, 0x4f, 0x60, 0x4f, 0x60, 0x4f, 0x60, 0x60, 0x60, 0x60, 0x60, 0x60, 0x60, 0x60, 0x60, 0x60, 0x74, 0x60, 0x74, 0x60, 0x74, 0x6f, 0x74, 0x6f, 0x74, 0x6f, 0x6e, 0x6b, 0x6e, 0x6b, 0x6b, 0x6b, 0x5e, 0x49, 0x49, 0x43, 0x46, 0x41, 0x37, 0x33, 0x2f, 0x33, 0x29, 0x2a, 0x1b, 0x11, 0xaa, 0xcf, 0xd0, 0xd2, 0xd2, 
  0xd3, 0xd3, 0xd2, 0xd1, 0xd0, 0x71, 0x35, 0x3f, 0x3f, 0x44, 0x44, 0x44, 0x3d, 0x44, 0x3d, 0x35, 0xf7, 0x28, 0x28, 0x28, 0xf5, 0xf5, 0xf4, 0xf3, 0xf3, 0xf2, 0xf1, 0xf1, 0xf0, 0xf0, 0xf0, 0xef, 0xef, 0xef, 0xee, 0xee, 0x01, 0xed, 0xed, 0xec, 0xed, 0xec, 0xec, 0xeb, 0xeb, 0xea, 0xea, 0xea, 0xe9, 0xe9, 0xe8, 0xe8, 0xe7, 0xe7, 0xe5, 0xe5, 0xe5, 0xe6, 0xe5, 0xe5, 0xe4, 0xe4, 0xe4, 0xe4, 0xe4, 0xe4, 0xec, 0xeb, 0xe4, 0xe3, 0xe4, 0xe3, 0xe4, 0xe3, 0xec, 0x57, 0x5e, 0x65, 0x6f, 0x65, 0x5e, 0xea, 0xe3, 0xe3, 0xe3, 0xe3, 0xe3, 0xe2, 0x14, 0x74, 0x84, 0x84, 0x90, 0x90, 0x97, 0x9a, 0x97, 0x90, 0x8c, 0x84, 0x74, 0x65, 0x01, 0xe2, 0xe2, 0xe2, 0xe2, 0xe2, 0xe3, 0x04, 0x65, 0x6f, 0x7c, 0x7c, 0x84, 0x84, 0x84, 0x7c, 0x7c, 0x6f, 0x57, 0xe5, 0xe3, 0xe2, 0xe3, 0xe3, 0xe3, 0xe3, 0x04, 0x57, 0x61, 0x36, 0xe4, 0xe3, 0xe3, 0xe3, 0xe3, 0xe3, 0xe4, 0xe4, 0xe5, 0xe5, 0xe5, 0xe5, 0xe5, 0xe6, 0xe8, 0xe8, 0xe8, 0xe9, 0xe8, 0xe9, 0xe9, 0xea, 0xea, 0xea, 0xeb, 0xeb, 0xec, 0xec, 0x00, 0x00, 0x01, 0x01, 0x03, 0x04, 0x05, 0x06, 0x08, 0x06, 0x0a, 0x0b, 0x0f, 0x13, 0x13, 0x19, 0x14, 0x19, 0x19, 0x1c, 0x24, 0x1b, 0x14, 0x19, 0x1c, 0x1c, 0x1c, 0x1c, 0x1c, 0x24, 0x24, 0x1d, 0x14, 0x11, 0x21, 0xce, 0xcf, 0xd0, 0xd2, 0xd2, 
  0xd3, 0xd3, 0xd2, 0xd2, 0xd1, 0xc8, 0x34, 0x36, 0x3f, 0x3f, 0x3f, 0x3f, 0x45, 0x3d, 0x3d, 0x35, 0x2b, 0x28, 0x28, 0x28, 0xf5, 0xf5, 0xf4, 0xf3, 0xf3, 0xf2, 0xf2, 0x0b, 0xf0, 0xf0, 0xef, 0xf0, 0xef, 0xee, 0xee, 0xee, 0xed, 0x01, 0xed, 0xed, 0xec, 0xec, 0xeb, 0xeb, 0xeb, 0xea, 0xea, 0xe9, 0xe9, 0xe9, 0xe8, 0xe7, 0xe7, 0xe6, 0xe6, 0xe5, 0xe5, 0xe6, 0xe6, 0xe5, 0xe4, 0xe4, 0xe4, 0xe4, 0xe4, 0xe9, 0x5e, 0x24, 0xe4, 0xe4, 0xe4, 0xe4, 0xe3, 0xe3, 0xe2, 0x29, 0x57, 0x61, 0x65, 0x65, 0x46, 0xe6, 0xe4, 0xe3, 0xe3, 0xe3, 0xe3, 0xe2, 0x4f, 0x7c, 0x84, 0x90, 0x90, 0x97, 0x9a, 0x97, 0x9a, 0x90, 0x90, 0x84, 0x7c, 0x6f, 0x1c, 0xe2, 0xe2, 0xe2, 0xe3, 0xe2, 0xe3, 0xe9, 0x65, 0x6f, 0x74, 0x7c, 0x7c, 0x7c, 0x7c, 0x77, 0x6b, 0x65, 0x14, 0xe2, 0xe2, 0xe3, 0xe2, 0xe3, 0xe3, 0xe4, 0x40, 0x5e, 0x5e, 0x5e, 0x14, 0xe3, 0xe3, 0xe3, 0xe3, 0xe4, 0xe4, 0xe4, 0xe5, 0xe5, 0xe5, 0xe5, 0xe6, 0xe6, 0xe7, 0xe7, 0xe8, 0xe8, 0xe9, 0xe9, 0xea, 0xea, 0xea, 0xeb, 0xeb, 0xec, 0xec, 0xec, 0x00, 0x00, 0x01, 0x01, 0x01, 0x04, 0x04, 0x05, 0x06, 0x08, 0x08, 0x0b, 0x0b, 0x0f, 0x13, 0x13, 0x14, 0x19, 0x14, 0x1c, 0x19, 0x19, 0x19, 0x1b, 0x19, 0x1c, 0x1c, 0x1c, 0x1c, 0x24, 0x1d, 0x1b, 0x14, 0x0f, 0x42, 0xcd, 0xd0, 0xd1, 0xd2, 0xd3, 
  0xd3, 0xd3, 0xd3, 0xd2, 0xd2, 0xd1, 0x52, 0x35, 0x36, 0x3f, 0x3f, 0x3f, 0x3d, 0x44, 0x3d, 0x3d, 0xf8, 0x28, 0x28, 0x28, 0x28, 0xf5, 0xf4, 0xf3, 0xf3, 0xf2, 0xf1, 0xf1, 0xf1, 0xf0, 0xf0, 0xef, 0xef, 0xef, 0xee, 0x01, 0xee, 0xed, 0xed, 0x00, 0xed, 0xec, 0xec, 0xeb, 0xeb, 0xea, 0xea, 0xea, 0xe9, 0xe9, 0xe8, 0xe8, 0xe7, 0xe7, 0xe6, 0xe6, 0xe6, 0xe6, 0xe6, 0xe5, 0xe5, 0xe4, 0xe4, 0xe4, 0x01, 0x49, 0x6b, 0x5b, 0xe9, 0xe4, 0xe3, 0xe4, 0xe3, 0xe3, 0xe2, 0x0f, 0x57, 0x5e, 0x65, 0x6b, 0x0f, 0xe3, 0xe4, 0xe4, 0xe3, 0xe3, 0xe2, 0xec, 0x74, 0x7c, 0x8c, 0x90, 0x97, 0x9a, 0x9a, 0x9a, 0x9a, 0x97, 0x90, 0x8c, 0x7c, 0x74, 0x53, 0xe3, 0xe2, 0xe3, 0xe2, 0xe3, 0xe2, 0xe3, 0x40, 0x6b, 0x74, 0x7c, 0x7c, 0x7c, 0x7c, 0x74, 0x6b, 0x61, 0xea, 0xe2, 0xe3, 0xe2, 0xe3, 0xe3, 0xe3, 0x00, 0x65, 0x61, 0x5e, 0x5e, 0x5e, 0x05, 0xe2, 0xe3, 0xe3, 0xe4, 0xe4, 0xe5, 0xe5, 0xe5, 0xe5, 0xe5, 0xe6, 0xe6, 0xe7, 0xe8, 0xe8, 0xe8, 0xe9, 0xe9, 0xe9, 0xea, 0xea, 0xeb, 0xeb, 0xeb, 0xec, 0xec, 0x00, 0x00, 0x01, 0x01, 0x03, 0x04, 0x04, 0x06, 0x06, 0x06, 0x0b, 0x0a, 0x0b, 0x0f, 0x13, 0x13, 0x14, 0x19, 0x19, 0x19, 0x14, 0x19, 0x14, 0x1b, 0x1b, 0x1c, 0x1c, 0x1b, 0x1c, 0x1c, 0x1b, 0x1b, 0x11, 0x18, 0xaa, 0xcf, 0xd0, 0xd1, 0xd2, 0xd3, 
  0xd4, 0xd3, 0xd3, 0xd2, 0xd2, 0xd2, 0x71, 0x2b, 0x35, 0x36, 0x3f, 0x3f, 0x45, 0x3d, 0x3d, 0x35, 0x35, 0x28, 0x28, 0x28, 0x28, 0xf5, 0xf4, 0xf4, 0xf3, 0xf2, 0xf2, 0xf1, 0xf0, 0xf1, 0xf0, 0xef, 0xef, 0xee, 0xee, 0xee, 0x01, 0x01, 0xed, 0xed, 0xec, 0xec, 0xec, 0xeb, 0xeb, 0xeb, 0xea, 0xea, 0xe9, 0xe9, 0xe8, 0xe7, 0xe7, 0xe6, 0xe6, 0xe6, 0xe6, 0xe6, 0xe6, 0xe5, 0xe5, 0xe4, 0xe4, 0x01, 0x65, 0x77, 0x6a, 0x77, 0x0f, 0xe3, 0xe3, 0xe4, 0xe3, 0xe4, 0xe3, 0xeb, 0x5e, 0x5e, 0x5e, 0x65, 0xea, 0xe4, 0xe4, 0xe3, 0xe3, 0xe3, 0xe2, 0x14, 0x7c, 0x84, 0x8a, 0x96, 0x97, 0x9a, 0x9d, 0x9d, 0x9a, 0x97, 0x97, 0x90, 0x84, 0x74, 0x77, 0xe8, 0xe3, 0xe2, 0xe3, 0xe2, 0xe3, 0xe2, 0x1b, 0x6f, 0x6f, 0x77, 0x7c, 0x74, 0x7c, 0x6b, 0x6b, 0x65, 0xe4, 0xe3, 0xe2, 0xe3, 0xe2, 0xe3, 0xe2, 0x13, 0x65, 0x6b, 0x65, 0x65, 0x61, 0x57, 0x00, 0xe4, 0xe4, 0xe4, 0xe5, 0xe5, 0xe5, 0xe5, 0xe5, 0xe5, 0xe6, 0xe7, 0xe7, 0xe7, 0xe8, 0xe8, 0xe9, 0xe9, 0xea, 0xea, 0xea, 0xeb, 0xeb, 0xec, 0xec, 0x00, 0xec, 0xed, 0x01, 0x01, 0x01, 0x04, 0x04, 0x06, 0x06, 0x0a, 0x08, 0x0b, 0x0b, 0x0f, 0x13, 0x14, 0x19, 0x19, 0x19, 0x19, 0x19, 0x14, 0x19, 0x1b, 0x1b, 0x1c, 0x1b, 0x1c, 0x1c, 0x1d, 0x1b, 0x11, 0x14, 0x42, 0xcd, 0xcf, 0xd1, 0xd2, 0xd2, 0xd3, 
  0xd3, 0xd3, 0xd3, 0xd2, 0xd2, 0xd1, 0xcd, 0x2d, 0x2b, 0x36, 0x3d, 0x44, 0x45, 0x44, 0x3d, 0x35, 0x35, 0x2b, 0xf8, 0x28, 0x28, 0xf5, 0xf4, 0xf4, 0xf3, 0xf3, 0xf2, 0xf1, 0xf1, 0xf1, 0xf0, 0xf0, 0xef, 0xef, 0xee, 0xee, 0xee, 0xee, 0xed, 0xed, 0xed, 0xec, 0xec, 0xec, 0xeb, 0xeb, 0xea, 0xea, 0xe9, 0xe9, 0xe9, 0xe7, 0xe7, 0xe6, 0xe6, 0xe7, 0xe7, 0xe7, 0xe6, 0xe6, 0xe4, 0xe8, 0x19, 0x74, 0x7c, 0x7c, 0x77, 0x6f, 0x49, 0xe6, 0xe3, 0xe3, 0xe4, 0xe3, 0xe4, 0xe4, 0x24, 0x5e, 0x5e, 0x2c, 0xe3, 0xe4, 0xe3, 0xe4, 0xe3, 0xe3, 0xe3, 0x37, 0x7c, 0x8c, 0x90, 0x97, 0x9a, 0x9d, 0x9d, 0x9d, 0x9d, 0x9a, 0x97, 0x90, 0x84, 0x7c, 0x6b, 0x01, 0xe3, 0xe3, 0xe2, 0xe3, 0xe2, 0xe2, 0x03, 0x65, 0x6f, 0x6f, 0x7c, 0x77, 0x74, 0x77, 0x65, 0x37, 0xe3, 0xe3, 0xe3, 0xe2, 0xe3, 0xe2, 0xe2, 0x29, 0x65, 0x6b, 0x74, 0x6f, 0x6f, 0x6b, 0x5e, 0x00, 0xe4, 0xe5, 0xe5, 0xe5, 0xe5, 0xe5, 0xe5, 0xe5, 0xe6, 0xe6, 0xe7, 0xe8, 0xe7, 0xe8, 0xe9, 0xe9, 0xe9, 0xea, 0xea, 0xeb, 0xeb, 0xeb, 0xec, 0xec, 0x00, 0x00, 0xed, 0x01, 0x03, 0x03, 0x05, 0x05, 0x06, 0x06, 0x0b, 0x0a, 0x0b, 0x0f, 0x13, 0x13, 0x14, 0x19, 0x19, 0x19, 0x14, 0x19, 0x1b, 0x19, 0x1b, 0x19, 0x1c, 0x1c, 0x24, 0x1c, 0x14, 0x11, 0x0a, 0x88, 0xcf, 0xd0, 0xd1, 0xd2, 0xd3, 0xd3, 
  0xd4, 0xd3, 0xd3, 0xd3, 0xd2, 0xd2, 0xd1, 0x81, 0x28, 0x36, 0x36, 0x48, 0x48, 0x48, 0x3f, 0x3d, 0x3d, 0x3d, 0x3d, 0x3d, 0xf8, 0x28, 0x28, 0x28, 0x28, 0xf5, 0xf5, 0xf4, 0xf4, 0xf3, 0xf3, 0xf2, 0xf1, 0x0b, 0xf0, 0xf0, 0xf0, 0xef, 0xef, 0x04, 0xee, 0x03, 0xee, 0x03, 0xee, 0x01, 0xed, 0xed, 0x00, 0xed, 0xec, 0xec, 0xec, 0xeb, 0xec, 0xec, 0xec, 0xec, 0x00, 0x00, 0x08, 0x3e, 0x84, 0x84, 0x7e, 0x84, 0x7e, 0x74, 0x65, 0xec, 0xe3, 0xe4, 0xe4, 0xe4, 0xe4, 0xe4, 0x06, 0x5e, 0x57, 0x0a, 0xe3, 0xe3, 0xe3, 0xe3, 0xe3, 0xe3, 0xe6, 0x4f, 0x8c, 0x8a, 0x96, 0x9c, 0x9d, 0x9d, 0x9d, 0xa2, 0x9d, 0x9d, 0x97, 0x97, 0x8c, 0x7c, 0x6f, 0x05, 0xe3, 0xe2, 0xe3, 0xe2, 0xe3, 0xe3, 0xe9, 0x57, 0x6b, 0x6f, 0x77, 0x74, 0x77, 0x65, 0x6b, 0x04, 0xe3, 0xe3, 0xe2, 0xe3, 0xe2, 0xe3, 0xe5, 0x53, 0x65, 0x74, 0x7c, 0x7c, 0x7c, 0x7c, 0x77, 0x6f, 0x06, 0xe9, 0xe4, 0xe5, 0xe5, 0xe5, 0xe4, 0xe5, 0xe6, 0xe7, 0xe7, 0xe7, 0xe8, 0xe8, 0xe9, 0xe9, 0xea, 0xe9, 0xeb, 0xea, 0xeb, 0xec, 0xec, 0xec, 0x00, 0x00, 0x01, 0x01, 0x03, 0x03, 0x04, 0x06, 0x06, 0x0a, 0x0a, 0x0b, 0x0b, 0x0f, 0x13, 0x14, 0x19, 0x19, 0x19, 0x19, 0x14, 0x19, 0x19, 0x1b, 0x1b, 0x1c, 0x1c, 0x24, 0x1c, 0x1b, 0x11, 0x0a, 0x18, 0xcc, 0xd0, 0xd1, 0xd1, 0xd2, 0xd2, 0xd3, 
  0xd3, 0xd4, 0xd3, 0xd3, 0xd2, 0xd2, 0xd0, 0xcc, 0x2b, 0x36, 0x44, 0x56, 0x5f, 0x5f, 0x6a, 0x6a, 0x75, 0x80, 0x7e, 0x7e, 0x7e, 0x75, 0x80, 0x7e, 0x80, 0x8a, 0x80, 0x8a, 0x83, 0x8a, 0x83, 0x83, 0x83, 0x83, 0x83, 0x83, 0x83, 0x83, 0x83, 0x83, 0x83, 0x83, 0x83, 0x83, 0x83, 0x83, 0x83, 0x83, 0x83, 0x83, 0x7b, 0x83, 0x7b, 0x83, 0x72, 0x83, 0x7b, 0x83, 0x7b, 0x8a, 0x8c, 0x8a, 0x90, 0x8a, 0x90, 0x8c, 0x84, 0x7c, 0x74, 0x13, 0xe3, 0xe5, 0xe4, 0xe4, 0xe4, 0xe5, 0xe9, 0x65, 0x57, 0x04, 0xe3, 0xe3, 0xe3, 0xe3, 0xe3, 0xe3, 0x00, 0x8c, 0x90, 0x90, 0x9a, 0x9d, 0x9d, 0x9d, 0xa2, 0xa2, 0xa2, 0xa2, 0x9a, 0x97, 0x90, 0x84, 0x74, 0x08, 0xe2, 0xe3, 0xe3, 0xe3, 0xe3, 0xe3, 0xe3, 0x49, 0x65, 0x77, 0x6f, 0x77, 0x6b, 0x65, 0x53, 0xe5, 0xe3, 0xe3, 0xe3, 0xe3, 0xe3, 0xe3, 0x0a, 0x77, 0x77, 0x7c, 0x7c, 0x84, 0x84, 0x84, 0x84, 0x7c, 0x77, 0x53, 0x00, 0xe6, 0xe3, 0xe3, 0xe3, 0xe4, 0xe5, 0xe5, 0xe5, 0xe5, 0xe6, 0xe6, 0xe7, 0xe8, 0xe8, 0xe9, 0xe9, 0xea, 0xea, 0xea, 0xeb, 0xeb, 0xec, 0xec, 0x00, 0x00, 0x01, 0x03, 0x04, 0x04, 0x06, 0x06, 0x06, 0x0a, 0x0a, 0x0b, 0x0f, 0x0f, 0x19, 0x19, 0x14, 0x14, 0x14, 0x14, 0x19, 0x1b, 0x19, 0x1b, 0x1c, 0x24, 0x1d, 0x14, 0x0f, 0x0a, 0x88, 0xcf, 0xd0, 0xd1, 0xd2, 0xd2, 0xd3, 0xd3, 
  0xd4, 0xd3, 0xd3, 0xd3, 0xd3, 0xd2, 0xd1, 0xcd, 0x5c, 0x35, 0x44, 0x4e, 0x5b, 0x5f, 0x6c, 0x77, 0x7e, 0x7e, 0x80, 0x7e, 0x7b, 0x7e, 0x7e, 0x8e, 0x8e, 0x8e, 0x8e, 0x8a, 0x94, 0x8a, 0x98, 0x8e, 0x98, 0x97, 0x98, 0x98, 0x98, 0x9c, 0x98, 0x97, 0x98, 0x98, 0x98, 0x9c, 0x98, 0x97, 0x98, 0x97, 0x97, 0x98, 0x97, 0x8a, 0x97, 0x8a, 0x97, 0x8a, 0x97, 0x8a, 0x90, 0x90, 0x97, 0x97, 0x98, 0x97, 0x90, 0x90, 0x8e, 0x84, 0x7e, 0x5e, 0xea, 0xe6, 0xe5, 0xe4, 0xe4, 0xe4, 0xe3, 0x1c, 0x53, 0xe9, 0xe3, 0xe3, 0xe4, 0xe3, 0xe4, 0xe3, 0x24, 0x8c, 0x90, 0x97, 0x9d, 0x9c, 0xa2, 0xa2, 0xa2, 0xa6, 0xa2, 0x9d, 0x9c, 0x9a, 0x90, 0x84, 0x7c, 0x24, 0xe2, 0xe2, 0xe3, 0xe3, 0xe3, 0xe3, 0xe3, 0x46, 0x65, 0x65, 0x6b, 0x6b, 0x65, 0x5e, 0x0f, 0xe2, 0xe4, 0xe3, 0xe3, 0xe3, 0xe3, 0xe2, 0x49, 0x77, 0x74, 0x84, 0x84, 0x8c, 0x8c, 0x8c, 0x8c, 0x84, 0x84, 0x7c, 0x85, 0x60, 0x3e, 0x34, 0x34, 0x34, 0x3e, 0x34, 0x3e, 0x3e, 0x36, 0x3e, 0x3e, 0x3e, 0x3f, 0x3e, 0x3f, 0x3e, 0x46, 0x4a, 0x40, 0x4a, 0x46, 0x46, 0x4f, 0x49, 0x4e, 0x49, 0x4e, 0x53, 0x56, 0x53, 0x5f, 0x56, 0x5b, 0x57, 0x56, 0x5e, 0x56, 0x53, 0x46, 0x40, 0x37, 0x37, 0x37, 0x2f, 0x2f, 0x2c, 0x2f, 0x2c, 0x29, 0x1c, 0x11, 0x21, 0xcc, 0xcf, 0xd1, 0xd1, 0xd2, 0xd3, 0xd3, 0xd3, 
  0xd4, 0xd4, 0xd4, 0xd3, 0xd3, 0xd2, 0xd1, 0xd0, 0xc8, 0x3f, 0x3f, 0x4e, 0x50, 0x5b, 0x6a, 0x6c, 0x7e, 0x7e, 0x7e, 0x7e, 0x7e, 0x7e, 0xff, 0x8e, 0x8e, 0x8e, 0x97, 0x94, 0x97, 0x94, 0x98, 0x98, 0x98, 0x98, 0x98, 0x9c, 0x9c, 0x9c, 0x9c, 0x9c, 0x9c, 0x9c, 0x9c, 0x9c, 0xa1, 0x9c, 0x9c, 0x9c, 0x9c, 0x9c, 0x9c, 0x9c, 0x9c, 0x9c, 0x9c, 0x9c, 0x9c, 0x9c, 0x9c, 0x9c, 0x9c, 0x9c, 0x9c, 0x9a, 0x98, 0x97, 0x90, 0x90, 0x84, 0x84, 0x0f, 0xe6, 0xe5, 0xe4, 0xe4, 0xe4, 0xe4, 0xe8, 0x24, 0xe2, 0xe3, 0xe4, 0xe4, 0xe4, 0xe4, 0xe8, 0x72, 0x8c, 0x90, 0x9a, 0x9d, 0xa2, 0xa2, 0xa2, 0xa6, 0xa2, 0xa6, 0xa2, 0xa2, 0x9a, 0x97, 0x8c, 0x7c, 0x53, 0xe4, 0xe3, 0xe3, 0xe3, 0xe3, 0xe4, 0xe3, 0x40, 0x65, 0x65, 0x65, 0x65, 0x61, 0x57, 0x00, 0xe3, 0xe3, 0xe4, 0xe3, 0xe4, 0xe3, 0xe4, 0x6f, 0x7c, 0x84, 0x84, 0x91, 0x90, 0x91, 0x90, 0x90, 0x90, 0x91, 0x8c, 0x8c, 0x8c, 0x84, 0x8c, 0x8c, 0x8c, 0x8c, 0x8c, 0x84, 0x8c, 0x8c, 0x8c, 0x89, 0x8c, 0x8c, 0x8c, 0x89, 0x8c, 0x89, 0x84, 0x89, 0x89, 0x89, 0x89, 0x89, 0x82, 0x89, 0x85, 0x82, 0x82, 0x82, 0x82, 0x82, 0x82, 0x82, 0x82, 0x78, 0x78, 0x6b, 0x57, 0x56, 0x49, 0x49, 0x46, 0x40, 0x40, 0x37, 0x3a, 0x2f, 0x29, 0x24, 0x1c, 0x0f, 0x51, 0xce, 0xd0, 0xd1, 0xd2, 0xd2, 0xd3, 0xd3, 0xd3, 
  0xd4, 0xd3, 0xd4, 0xd3, 0xd3, 0xd3, 0xd2, 0xd1, 0xd1, 0x5c, 0x3f, 0x44, 0x4e, 0x56, 0x5f, 0x6c, 0x75, 0x7e, 0x7e, 0x8e, 0x7e, 0x7e, 0x8e, 0x8e, 0x8e, 0x8e, 0x94, 0x90, 0x94, 0x97, 0x98, 0x98, 0x98, 0x9c, 0x9c, 0x9c, 0x9c, 0x9c, 0xa1, 0x9c, 0xa1, 0xa1, 0xa2, 0xa1, 0xa2, 0xa1, 0xa2, 0xa2, 0xa1, 0xa2, 0xa1, 0xa2, 0xa2, 0xa2, 0xa2, 0xa2, 0x9c, 0xa2, 0x9c, 0xa2, 0x9c, 0xa2, 0x9c, 0xa2, 0x9c, 0x9c, 0x97, 0x97, 0x8a, 0x8c, 0x34, 0xe4, 0xe5, 0xe4, 0xe4, 0xe4, 0xe3, 0xe3, 0xe8, 0xe3, 0xe4, 0xe4, 0xe4, 0xe4, 0xe5, 0x05, 0x84, 0x90, 0x97, 0x9d, 0x9c, 0xa2, 0xa6, 0xa6, 0xa7, 0xac, 0xa6, 0xa6, 0xa2, 0x9c, 0x97, 0x8c, 0x7c, 0x6f, 0xeb, 0xe3, 0xe3, 0xe3, 0xe4, 0xe3, 0xe5, 0x13, 0x6b, 0x5e, 0x65, 0x5e, 0x5e, 0x53, 0xe8, 0xe4, 0xe4, 0xe4, 0xe4, 0xe4, 0xe4, 0x05, 0x74, 0x89, 0x84, 0x91, 0x90, 0x96, 0x97, 0x96, 0x9a, 0x96, 0x97, 0x90, 0x96, 0x90, 0x90, 0x90, 0x90, 0x90, 0x90, 0x96, 0x90, 0x91, 0x90, 0x8c, 0x96, 0x8c, 0x91, 0x8c, 0x8c, 0x8c, 0x91, 0x89, 0x8c, 0x89, 0x89, 0x89, 0x89, 0x89, 0x85, 0x82, 0x85, 0x82, 0x82, 0x82, 0x82, 0x82, 0x82, 0x82, 0x78, 0x77, 0x5b, 0x53, 0x53, 0x49, 0x49, 0x46, 0x40, 0x37, 0x3a, 0x37, 0x2c, 0x29, 0x1c, 0x14, 0x38, 0xce, 0xcf, 0xd0, 0xd1, 0xd3, 0xd3, 0xd3, 0xd3, 0xd4, 
  0xd4, 0xd4, 0xd3, 0xd4, 0xd3, 0xd2, 0xd2, 0xd1, 0xd1, 0xbe, 0x3e, 0x3d, 0x46, 0x50, 0x5b, 0x6c, 0x6c, 0x7e, 0x7e, 0x7e, 0x7e, 0xff, 0x7e, 0x8e, 0x8e, 0x94, 0x90, 0x94, 0x97, 0x98, 0x98, 0x98, 0x9c, 0x9c, 0x9c, 0x9c, 0xa1, 0xa2, 0xa1, 0xa6, 0xa1, 0xa2, 0xa1, 0xa6, 0xa1, 0xa6, 0xa6, 0xa6, 0xa6, 0xa6, 0xa6, 0xa5, 0xa6, 0xa5, 0xa5, 0xa6, 0xa5, 0xa2, 0xa6, 0xa2, 0xa6, 0xa6, 0xa6, 0xa1, 0xa2, 0x9d, 0x9c, 0x9a, 0x8a, 0x90, 0x72, 0xea, 0xe4, 0xe4, 0xe4, 0xe4, 0xe4, 0xe3, 0xe4, 0xe4, 0xe4, 0xe4, 0xe5, 0xe5, 0xe4, 0x0f, 0x84, 0x90, 0x97, 0x9d, 0xa2, 0xa6, 0xa6, 0xab, 0xa5, 0xac, 0xa8, 0xa6, 0xa2, 0x9d, 0x97, 0x90, 0x84, 0x77, 0x08, 0xe3, 0xe3, 0xe4, 0xe3, 0xe4, 0xe5, 0x00, 0x65, 0x5e, 0x5e, 0x5e, 0x53, 0x2c, 0xe3, 0xe4, 0xe4, 0xe4, 0xe4, 0xe4, 0xe4, 0x36, 0x7c, 0x84, 0x8c, 0x90, 0x90, 0x9a, 0x9a, 0x9d, 0x9a, 0x9d, 0x9a, 0x9a, 0x97, 0x9a, 0x97, 0x9a, 0x9a, 0x9a, 0x97, 0x96, 0x97, 0x96, 0x97, 0x96, 0x90, 0x96, 0x90, 0x96, 0x91, 0x90, 0x91, 0x8c, 0x91, 0x91, 0x8c, 0x89, 0x89, 0x89, 0x89, 0x89, 0x89, 0x82, 0x82, 0x82, 0x82, 0x82, 0x82, 0x82, 0x82, 0x6b, 0x57, 0x53, 0x49, 0x49, 0x49, 0x46, 0x40, 0x40, 0x37, 0x2f, 0x29, 0x24, 0x14, 0x14, 0x68, 0xcf, 0xd0, 0xd0, 0xd2, 0xd2, 0xd3, 0xd3, 0xd3, 0xd3, 
  0xd4, 0xd4, 0xd4, 0xd3, 0xd3, 0xd3, 0xd2, 0xd2, 0xd2, 0xd2, 0x93, 0x35, 0x3f, 0x4e, 0x56, 0x6c, 0x6c, 0x77, 0x7e, 0x7e, 0x8e, 0x7e, 0x8e, 0x8e, 0x8e, 0x8e, 0x94, 0x90, 0x94, 0x98, 0x9c, 0x9c, 0x9c, 0xa1, 0xa1, 0xa1, 0xa1, 0xa1, 0xa1, 0xa5, 0xa6, 0xa5, 0xa5, 0xa5, 0xa5, 0xa5, 0xa5, 0xac, 0xa5, 0xa5, 0xac, 0xac, 0xac, 0xac, 0xac, 0xac, 0xa5, 0xab, 0xa5, 0xac, 0xa5, 0xac, 0xa5, 0xa5, 0xa5, 0xa2, 0xa1, 0x9c, 0x97, 0x90, 0x8c, 0x1c, 0xe3, 0xe4, 0xe4, 0xe4, 0xe5, 0xe4, 0xe5, 0xe4, 0xe5, 0xe5, 0xe5, 0xe5, 0xe4, 0x34, 0x8a, 0x97, 0x9c, 0x9d, 0xa6, 0xa6, 0xa7, 0xac, 0xab, 0xac, 0xac, 0xa5, 0xa6, 0x9d, 0x9c, 0x90, 0x84, 0x77, 0x34, 0xe4, 0xe3, 0xe4, 0xe3, 0xe4, 0xe4, 0xe6, 0x57, 0x57, 0x5e, 0x57, 0x53, 0x00, 0xe3, 0xe5, 0xe4, 0xe4, 0xe5, 0xe5, 0xec, 0x74, 0x85, 0x89, 0x8c, 0x96, 0x97, 0x9a, 0x9d, 0x9d, 0x9d, 0x9d, 0x9d, 0x9d, 0x9d, 0x9d, 0x9d, 0x9d, 0x9d, 0x9a, 0x9d, 0x9a, 0x9d, 0x9a, 0x9a, 0x9a, 0x9a, 0x9a, 0x96, 0x9a, 0x90, 0x96, 0x90, 0x96, 0x91, 0x8c, 0x91, 0x8c, 0x8d, 0x89, 0x89, 0x89, 0x85, 0x85, 0x82, 0x82, 0x82, 0x82, 0x82, 0x82, 0x77, 0x5f, 0x56, 0x53, 0x53, 0x49, 0x46, 0x46, 0x40, 0x40, 0x3a, 0x2f, 0x29, 0x1b, 0x11, 0x21, 0xcc, 0xd0, 0xd0, 0xd1, 0xd2, 0xd2, 0xd3, 0xd3, 0xd4, 0xd4, 
  0xd4, 0xd4, 0xd4, 0xd4, 0xd3, 0xd3, 0xd3, 0xd3, 0xd2, 0xd1, 0xcc, 0x34, 0x35, 0x44, 0x50, 0x5b, 0x6c, 0x6c, 0x77, 0x7e, 0x7e, 0x8e, 0x7e, 0x8e, 0x8e, 0x8e, 0x90, 0x94, 0x98, 0x98, 0x98, 0x9c, 0xa1, 0xa1, 0xa1, 0xa2, 0xa1, 0xa6, 0xa5, 0xa5, 0xa5, 0xac, 0xa5, 0xac, 0xa5, 0xaf, 0xac, 0xaf, 0xaf, 0xaf, 0xaf, 0xaf, 0xaf, 0xaf, 0xaf, 0xaf, 0xaf, 0xaf, 0xaf, 0xaf, 0xaf, 0xaf, 0xaf, 0xac, 0xac, 0xa5, 0xa6, 0xa1, 0x9d, 0x94, 0x84, 0x72, 0xea, 0xe3, 0xe4, 0xe4, 0xe5, 0xe5, 0xe6, 0xe5, 0xe5, 0xe5, 0xe4, 0xe5, 0xea, 0x72, 0x90, 0x97, 0x9d, 0xa2, 0xa6, 0xac, 0xac, 0xab, 0xaf, 0xac, 0xab, 0xac, 0xa6, 0xa2, 0x9a, 0x97, 0x8c, 0x7c, 0x5e, 0xe7, 0xe4, 0xe4, 0xe4, 0xe4, 0xe4, 0xe3, 0x2c, 0x57, 0x57, 0x57, 0x55, 0xe6, 0xe4, 0xe5, 0xe4, 0xe5, 0xe4, 0xe5, 0x13, 0x82, 0x84, 0x8c, 0x90, 0x97, 0x9d, 0x9d, 0xa4, 0xa2, 0xa2, 0xa2, 0xa2, 0xa2, 0xa2, 0xa2, 0x9d, 0xa2, 0x9d, 0xa4, 0x9d, 0x9d, 0x9d, 0x9d, 0x9d, 0x9d, 0x9a, 0x9a, 0x9a, 0x9a, 0x9b, 0x97, 0x96, 0x96, 0x96, 0x90, 0x91, 0x91, 0x91, 0x91, 0x8d, 0x89, 0x89, 0x89, 0x85, 0x82, 0x82, 0x82, 0x82, 0x78, 0x65, 0x5e, 0x53, 0x53, 0x49, 0x49, 0x46, 0x40, 0x40, 0x3a, 0x37, 0x29, 0x24, 0x14, 0x18, 0xb6, 0xd0, 0xd0, 0xd1, 0xd2, 0xd2, 0xd3, 0xd3, 0xd3, 0xd3, 0xd4, 
  0xd4, 0xd4, 0xd4, 0xd3, 0xd4, 0xd3, 0xd3, 0xd2, 0xd3, 0xd1, 0xd0, 0x81, 0x2b, 0x44, 0x4e, 0x5b, 0x5b, 0x6c, 0x75, 0x7e, 0x7e, 0x8e, 0x8e, 0x8e, 0x8e, 0x8e, 0x94, 0x90, 0x98, 0x98, 0x9c, 0x9c, 0xa1, 0xa1, 0xa1, 0xa3, 0xa6, 0xa3, 0xa5, 0xa5, 0xac, 0xa9, 0xac, 0xad, 0xaf, 0xaf, 0xaf, 0xaf, 0xaf, 0xaf, 0xb3, 0xb3, 0xb3, 0xb3, 0xb3, 0xb3, 0xb4, 0xb3, 0xb3, 0xb4, 0xb3, 0xaf, 0xaf, 0xaf, 0xac, 0xac, 0xa5, 0xa2, 0xa1, 0x97, 0x90, 0x7c, 0xec, 0xe4, 0xe4, 0xe5, 0xe5, 0xe6, 0xe5, 0xe6, 0xe5, 0xe5, 0xe5, 0xe4, 0x05, 0x8b, 0x90, 0x9c, 0xa2, 0xa6, 0xac, 0xac, 0xab, 0xaf, 0xb0, 0xaf, 0xaf, 0xac, 0xa6, 0xa6, 0x9d, 0x97, 0x8c, 0x7c, 0x77, 0xe8, 0xe4, 0xe4, 0xe4, 0xe4, 0xe4, 0xe3, 0x14, 0x57, 0x57, 0x5e, 0x46, 0xe6, 0xe5, 0xe4, 0xe5, 0xe4, 0xe5, 0xe4, 0x2c, 0x84, 0x89, 0x90, 0x96, 0x9a, 0x9d, 0xa2, 0xa2, 0xa8, 0xa6, 0xa8, 0xa2, 0xa8, 0xa2, 0xa4, 0xa6, 0xa4, 0xa2, 0xa2, 0xa2, 0xa2, 0xa4, 0x9d, 0x9d, 0x9d, 0xa0, 0x9d, 0x9a, 0x9a, 0x9a, 0x9a, 0x9a, 0x96, 0x96, 0x96, 0x96, 0x91, 0x91, 0x89, 0x91, 0x89, 0x89, 0x85, 0x85, 0x85, 0x82, 0x82, 0x82, 0x77, 0x5b, 0x5b, 0x53, 0x53, 0x49, 0x49, 0x40, 0x40, 0x40, 0x37, 0x2f, 0x29, 0x1c, 0x11, 0x21, 0xce, 0xd0, 0xd0, 0xd2, 0xd2, 0xd2, 0xd3, 0xd3, 0xd3, 0xd4, 0xd3, 
  0xd4, 0xd4, 0xd4, 0xd4, 0xd3, 0xd4, 0xd3, 0xd3, 0xd2, 0xd2, 0xd0, 0xd1, 0x3e, 0x3d, 0x45, 0x4e, 0x5d, 0x5f, 0x6c, 0x6c, 0x7e, 0x7e, 0x8e, 0x7e, 0x8e, 0x8e, 0x94, 0x94, 0x98, 0x98, 0x9c, 0x99, 0xa1, 0xa1, 0xa5, 0xa1, 0xa5, 0xa5, 0xa5, 0xac, 0xaf, 0xaf, 0xaf, 0xaf, 0xaf, 0xaf, 0xb3, 0xb3, 0xb3, 0xb8, 0xb3, 0xb9, 0xb8, 0xb8, 0xb9, 0xb8, 0xb8, 0xb8, 0xb8, 0xb8, 0xb3, 0xb9, 0xb3, 0xb4, 0xaf, 0xaf, 0xac, 0xa5, 0xa1, 0x9d, 0x94, 0x8c, 0x2d, 0xe3, 0xe4, 0xe5, 0xe6, 0xe6, 0xe6, 0xe6, 0xe6, 0xe5, 0xe4, 0xe3, 0x34, 0x84, 0x97, 0x9d, 0xa2, 0xac, 0xac, 0xaf, 0xaf, 0xaf, 0xb4, 0xaf, 0xb0, 0xac, 0xab, 0xa6, 0x9d, 0x9a, 0x90, 0x84, 0x7c, 0xe9, 0xe4, 0xe3, 0xe4, 0xe3, 0xe4, 0xe3, 0x0f, 0x5e, 0x5e, 0x6b, 0x08, 0xe5, 0xe5, 0xe4, 0xe4, 0xe4, 0xe4, 0xe7, 0x6a, 0x89, 0x8c, 0x96, 0x9a, 0x9d, 0xa4, 0xa2, 0xa7, 0xa6, 0xa7, 0xa6, 0xa7, 0xa7, 0xa7, 0xa8, 0xa7, 0xa6, 0xa7, 0xa4, 0xa6, 0xa4, 0xa6, 0xa4, 0xa2, 0xa4, 0x9d, 0xa2, 0xa0, 0x9d, 0xa0, 0x9a, 0x9a, 0x9a, 0x9a, 0x96, 0x96, 0x96, 0x91, 0x91, 0x91, 0x8d, 0x89, 0x89, 0x89, 0x85, 0x82, 0x82, 0x78, 0x5f, 0x5e, 0x5b, 0x53, 0x4e, 0x49, 0x46, 0x40, 0x40, 0x37, 0x2f, 0x2c, 0x24, 0x1b, 0x20, 0xc8, 0xcf, 0xd0, 0xd1, 0xd2, 0xd2, 0xd3, 0xd3, 0xd4, 0xd3, 0xd4, 0xd4, 
  0xd4, 0xd4, 0xd4, 0xd4, 0xd4, 0xd3, 0xd4, 0xd3, 0xd3, 0xd2, 0xd1, 0xd1, 0xaa, 0xf9, 0x3f, 0x48, 0x4e, 0x5d, 0x6c, 0x75, 0x77, 0x7e, 0x7e, 0x8e, 0x8e, 0x8e, 0x94, 0x97, 0x94, 0x98, 0x98, 0x9c, 0x9c, 0xa1, 0xa3, 0xa5, 0xa5, 0xa9, 0xac, 0xad, 0xac, 0xad, 0xaf, 0xb2, 0xb3, 0xb3, 0xb3, 0xb3, 0xb8, 0xb8, 0xb8, 0xb8, 0xb8, 0xbb, 0xb8, 0xbb, 0xb9, 0xbb, 0xb9, 0xbb, 0xb9, 0xb8, 0xb9, 0xb3, 0xb3, 0xb3, 0xaf, 0xac, 0xa5, 0xa2, 0x97, 0x90, 0x7c, 0x00, 0xe6, 0xe6, 0xe6, 0xe6, 0xe6, 0xe5, 0xe6, 0xe5, 0xe5, 0xe3, 0x4a, 0x8c, 0x9c, 0x9d, 0xa5, 0xac, 0xaf, 0xb4, 0xb4, 0xb4, 0xb3, 0xb0, 0xaf, 0xb0, 0xac, 0xa6, 0xa2, 0x9c, 0x90, 0x8c, 0x7c, 0x01, 0xe4, 0xe4, 0xe4, 0xe4, 0xe4, 0xe3, 0x0a, 0x65, 0x6b, 0x56, 0xea, 0xe5, 0xe5, 0xe4, 0xe4, 0xe4, 0xe4, 0x0a, 0x8d, 0x8c, 0x96, 0x9a, 0x9d, 0x9d, 0xa6, 0xa8, 0xa7, 0xab, 0xab, 0xab, 0xab, 0xab, 0xab, 0xab, 0xab, 0xab, 0xa7, 0xa5, 0xa7, 0xa7, 0xa6, 0xa8, 0xa4, 0xa6, 0xa4, 0xa4, 0x9d, 0xa4, 0x9d, 0xa0, 0x9a, 0x9b, 0x9a, 0x9b, 0x96, 0x96, 0x96, 0x91, 0x91, 0x89, 0x8d, 0x89, 0x85, 0x89, 0x82, 0x82, 0x6b, 0x5b, 0x5b, 0x53, 0x53, 0x53, 0x49, 0x46, 0x40, 0x40, 0x37, 0x2c, 0x24, 0x1c, 0x14, 0x71, 0xcf, 0xcf, 0xd1, 0xd1, 0xd2, 0xd3, 0xd3, 0xd3, 0xd3, 0xd4, 0xd3, 0xd4, 
  0xd4, 0xd4, 0xd4, 0xd3, 0xd4, 0xd4, 0xd3, 0xd3, 0xd3, 0xd2, 0xd2, 0xd2, 0xd1, 0x81, 0x35, 0x44, 0x4e, 0x5b, 0x5f, 0x6c, 0x6c, 0x7e, 0x8e, 0x7e, 0x8e, 0x8e, 0x8e, 0x94, 0x98, 0x98, 0x9c, 0x99, 0xa1, 0xa1, 0xa6, 0xa3, 0xa5, 0xa9, 0xac, 0xad, 0xaf, 0xb3, 0xaf, 0xb3, 0xb3, 0xb3, 0xb3, 0xb8, 0xb8, 0xb8, 0xbc, 0xbb, 0xbc, 0xbb, 0xbc, 0xbc, 0xbb, 0xbc, 0xbb, 0xbc, 0xbb, 0xb8, 0xb8, 0xb8, 0xb9, 0xb3, 0xaf, 0xaf, 0xac, 0xa2, 0xa1, 0x90, 0x90, 0x0f, 0xe7, 0xe7, 0xe6, 0xe6, 0xe5, 0xe6, 0xe5, 0xe6, 0xe5, 0xea, 0x74, 0x97, 0x9c, 0xa6, 0xa7, 0xaf, 0xb0, 0xb3, 0xb4, 0xb3, 0xb4, 0xb3, 0xb4, 0xaf, 0xab, 0xac, 0xa2, 0x9d, 0x97, 0x8c, 0x84, 0x1b, 0xe3, 0xe3, 0xe4, 0xe4, 0xe4, 0xe4, 0x03, 0x6b, 0x65, 0x24, 0xe5, 0xe6, 0xe4, 0xe5, 0xe4, 0xe4, 0xe3, 0x4f, 0x89, 0x8c, 0x97, 0x9a, 0x9d, 0xa6, 0xa8, 0xa8, 0xac, 0xab, 0xab, 0xab, 0xb0, 0xab, 0xb0, 0xab, 0xab, 0xab, 0xab, 0xab, 0xac, 0xab, 0xa7, 0xa7, 0xa8, 0xa8, 0xa4, 0xa2, 0xa4, 0x9d, 0xa0, 0x9d, 0xa0, 0x9a, 0x9a, 0x9a, 0x96, 0x96, 0x96, 0x91, 0x91, 0x8d, 0x89, 0x89, 0x89, 0x89, 0x82, 0x78, 0x5f, 0x5e, 0x5b, 0x53, 0x4e, 0x49, 0x46, 0x40, 0x40, 0x37, 0x2f, 0x29, 0x1c, 0x11, 0x20, 0xcc, 0xd0, 0xd0, 0xd1, 0xd2, 0xd2, 0xd3, 0xd3, 0xd3, 0xd4, 0xd3, 0xd4, 0xd4, 
  0xd4, 0xd4, 0xd4, 0xd4, 0xd4, 0xd4, 0xd4, 0xd3, 0xd3, 0xd3, 0xd2, 0xd2, 0xd1, 0xcc, 0x3e, 0x35, 0x48, 0x4e, 0x5d, 0x5f, 0x6c, 0x77, 0x75, 0x89, 0xff, 0x8e, 0x8e, 0x94, 0x94, 0x98, 0x98, 0x9c, 0x9c, 0x9e, 0xa1, 0xa5, 0xa5, 0xa9, 0xac, 0xad, 0xaf, 0xad, 0xb3, 0xb3, 0xb3, 0xb8, 0xb8, 0xb8, 0xbb, 0xbb, 0xbb, 0xbb, 0xbc, 0xbb, 0xbc, 0xbf, 0xc1, 0xbf, 0xc1, 0xbc, 0xbc, 0xbc, 0xbc, 0xb8, 0xb8, 0xb8, 0xb3, 0xaf, 0xac, 0xa5, 0xa2, 0x9c, 0x90, 0x59, 0xe6, 0xe8, 0xe7, 0xe5, 0xe6, 0xe5, 0xe5, 0xe5, 0xe4, 0x18, 0x97, 0x98, 0xa2, 0xa5, 0xac, 0xaf, 0xb4, 0xb9, 0xb9, 0xb9, 0xb9, 0xb3, 0xb4, 0xaf, 0xb0, 0xac, 0xa6, 0x9d, 0x9a, 0x90, 0x8c, 0x4f, 0xe3, 0xe4, 0xe4, 0xe4, 0xe4, 0xe4, 0xea, 0x5e, 0x65, 0x06, 0xe6, 0xe5, 0xe5, 0xe4, 0xe5, 0xe4, 0xe4, 0x6f, 0x8c, 0x90, 0x9a, 0x9d, 0xa2, 0xa6, 0xa7, 0xac, 0xab, 0xb0, 0xb0, 0xb0, 0xb0, 0xb0, 0xb0, 0xb0, 0xb0, 0xb0, 0xab, 0xb0, 0xab, 0xab, 0xab, 0xa7, 0xa7, 0xa6, 0xa8, 0xa4, 0xa2, 0xa4, 0x9d, 0xa0, 0x9d, 0x9b, 0x9a, 0x9b, 0x96, 0x96, 0x96, 0x91, 0x91, 0x8d, 0x89, 0x89, 0x85, 0x82, 0x85, 0x6c, 0x65, 0x5b, 0x57, 0x53, 0x49, 0x49, 0x46, 0x40, 0x40, 0x37, 0x2f, 0x24, 0x14, 0x18, 0xb6, 0xcf, 0xd0, 0xd1, 0xd1, 0xd2, 0xd2, 0xd3, 0xd3, 0xd4, 0xd3, 0xd4, 0xd4, 0xd4, 
  0xd4, 0xd4, 0xd4, 0xd4, 0xd4, 0xd4, 0xd3, 0xd4, 0xd3, 0xd3, 0xd3, 0xd2, 0xd1, 0xd1, 0xaa, 0xf8, 0x3f, 0x48, 0x56, 0x5d, 0x6c, 0x6c, 0x75, 0x7e, 0x7e, 0x8e, 0x8e, 0x8e, 0x94, 0x98, 0x98, 0x99, 0xa1, 0xa1, 0xa1, 0xa3, 0xa9, 0xac, 0xa9, 0xaf, 0xad, 0xaf, 0xb3, 0xb7, 0xb3, 0xb8, 0xb8, 0xbb, 0xbb, 0xbb, 0xbc, 0xbf, 0xbb, 0xc1, 0xbf, 0xc1, 0xbf, 0xc1, 0xbf, 0xc1, 0xbf, 0xbc, 0xbf, 0xbc, 0xbc, 0xb8, 0xb8, 0xb3, 0xaf, 0xac, 0xa6, 0x9c, 0x9d, 0x8a, 0x03, 0xe7, 0xe6, 0xe6, 0xe5, 0xe6, 0xe5, 0xe5, 0xe7, 0x6d, 0x97, 0xa2, 0xa6, 0xac, 0xb0, 0xb3, 0xb4, 0xb3, 0xb9, 0xb8, 0xb9, 0xb9, 0xb3, 0xb4, 0xaf, 0xac, 0xa8, 0xa2, 0x9d, 0x90, 0x8c, 0x7c, 0xe8, 0xe4, 0xe4, 0xe4, 0xe5, 0xe5, 0xe5, 0x36, 0x5e, 0xec, 0xe6, 0xe5, 0xe5, 0xe5, 0xe5, 0xe4, 0x00, 0x84, 0x8c, 0x97, 0x9a, 0xa2, 0xa2, 0xa8, 0xac, 0xab, 0xb0, 0xb0, 0xb0, 0xb0, 0xb1, 0xb4, 0xb1, 0xb4, 0xb0, 0xb0, 0xb0, 0xab, 0xb0, 0xab, 0xab, 0xab, 0xa7, 0xa7, 0xa4, 0xa8, 0xa4, 0x9d, 0xa4, 0x9d, 0xa0, 0x9a, 0x9b, 0x9a, 0x95, 0x96, 0x96, 0x91, 0x91, 0x91, 0x89, 0x85, 0x89, 0x82, 0x77, 0x65, 0x5e, 0x5b, 0x53, 0x53, 0x49, 0x46, 0x40, 0x40, 0x37, 0x2f, 0x29, 0x1c, 0x14, 0x51, 0xce, 0xcf, 0xd0, 0xd1, 0xd2, 0xd2, 0xd3, 0xd3, 0xd3, 0xd3, 0xd4, 0xd3, 0xd4, 0xd4, 
  0xd4, 0xd4, 0xd4, 0xd4, 0xd4, 0xd4, 0xd4, 0xd3, 0xd4, 0xd3, 0xd3, 0xd2, 0xd2, 0xd1, 0xd0, 0x5c, 0x35, 0x45, 0x48, 0x56, 0x5d, 0x6c, 0x75, 0x7e, 0x7e, 0x8e, 0x7e, 0x94, 0x8e, 0x98, 0x98, 0x99, 0x9c, 0x9e, 0xa1, 0xa5, 0xa5, 0xa9, 0xa5, 0xad, 0xaf, 0xad, 0xb3, 0xb3, 0xb8, 0xb8, 0xbb, 0xb8, 0xbb, 0xbb, 0xbf, 0xbc, 0xbf, 0xbf, 0xc1, 0xbf, 0xc1, 0xc1, 0xc1, 0xc1, 0xc1, 0xbf, 0xc1, 0xbf, 0xbc, 0xbb, 0xb8, 0xb3, 0xb3, 0xaf, 0xa5, 0xa6, 0x9c, 0x9c, 0x4b, 0xe7, 0xe6, 0xe6, 0xe5, 0xe6, 0xe5, 0xe6, 0x00, 0x9d, 0xa1, 0xa6, 0xa5, 0xaf, 0xaf, 0xb4, 0xb9, 0xb9, 0xb9, 0xbd, 0xb9, 0xb9, 0xb9, 0xb4, 0xb4, 0xaf, 0xac, 0xa6, 0x9d, 0x97, 0x8c, 0x7c, 0x01, 0xe4, 0xe5, 0xe5, 0xe5, 0xe5, 0xe4, 0x0f, 0x36, 0xe4, 0xe5, 0xe5, 0xe5, 0xe5, 0xe6, 0xe4, 0x34, 0x8c, 0x90, 0x9a, 0x9d, 0xa2, 0xa2, 0xab, 0xab, 0xb0, 0xb0, 0xb0, 0xb4, 0xb1, 0xb4, 0xb5, 0xb4, 0xb1, 0xb4, 0xb0, 0xb0, 0xb1, 0xb0, 0xb0, 0xab, 0xab, 0xab, 0xa7, 0xa8, 0xa4, 0xa4, 0xa4, 0xa0, 0xa0, 0x9d, 0x9b, 0x9a, 0x95, 0x96, 0x96, 0x91, 0x91, 0x91, 0x89, 0x89, 0x85, 0x82, 0x77, 0x65, 0x65, 0x5f, 0x5b, 0x53, 0x4e, 0x49, 0x46, 0x40, 0x40, 0x2f, 0x2c, 0x24, 0x1b, 0x38, 0xcc, 0xcf, 0xd0, 0xd1, 0xd2, 0xd2, 0xd3, 0xd3, 0xd3, 0xd4, 0xd3, 0xd4, 0xd4, 0xd4, 0xd4, 
  0xd4, 0xd4, 0xd4, 0xd4, 0xd4, 0xd4, 0xd4, 0xd3, 0xd4, 0xd3, 0xd3, 0xd3, 0xd3, 0xd1, 0xd2, 0xcc, 0x52, 0x35, 0x44, 0x50, 0x5b, 0x67, 0x6c, 0x6c, 0x7e, 0x7e, 0x8e, 0x8e, 0x94, 0x8e, 0x98, 0x98, 0x99, 0xa1, 0xa1, 0xa3, 0xa3, 0xa5, 0xa9, 0xac, 0xad, 0xaf, 0xb2, 0xb3, 0xb7, 0xb8, 0xbb, 0xbb, 0xbf, 0xbb, 0xbf, 0xbf, 0xbf, 0xc1, 0xbf, 0xc2, 0xc1, 0xc2, 0xc1, 0xc2, 0xc1, 0xc2, 0xc1, 0xc1, 0xbf, 0xbc, 0xb8, 0xb9, 0xb3, 0xaf, 0xaf, 0xa5, 0xa6, 0x9c, 0x98, 0xec, 0xe6, 0xe6, 0xe6, 0xe6, 0xe7, 0xe5, 0x10, 0x9c, 0xa2, 0xa5, 0xac, 0xb0, 0xb3, 0xb4, 0xb8, 0xb9, 0xbc, 0xb9, 0xbc, 0xbc, 0xb9, 0xb9, 0xb3, 0xb0, 0xac, 0xa6, 0x9d, 0x97, 0x91, 0x7c, 0x05, 0xe5, 0xe6, 0xe5, 0xe6, 0xe5, 0xe5, 0x00, 0x00, 0xe4, 0xe5, 0xe5, 0xe6, 0xe6, 0xe6, 0xec, 0x7c, 0x8c, 0x97, 0x9a, 0x9d, 0xa4, 0xa6, 0xab, 0xab, 0xb0, 0xb1, 0xb4, 0xb4, 0xb5, 0xb4, 0xb5, 0xb5, 0xb4, 0xb1, 0xb4, 0xb1, 0xb1, 0xb0, 0xb0, 0xb0, 0xae, 0xab, 0xa7, 0xa8, 0xa7, 0xa2, 0xa4, 0xa2, 0xa0, 0xa0, 0x9b, 0x9a, 0x9b, 0x96, 0x96, 0x91, 0x91, 0x8d, 0x8d, 0x85, 0x89, 0x82, 0x6b, 0x65, 0x5e, 0x5b, 0x53, 0x53, 0x49, 0x49, 0x46, 0x40, 0x37, 0x2c, 0x24, 0x19, 0x11, 0xaa, 0xcf, 0xd0, 0xd1, 0xd1, 0xd2, 0xd2, 0xd3, 0xd3, 0xd3, 0xd3, 0xd4, 0xd4, 0xd4, 0xd4, 0xd4, 
  0xd4, 0xd4, 0xd4, 0xd4, 0xd4, 0xd4, 0xd4, 0xd4, 0xd4, 0xd3, 0xd3, 0xd3, 0xd2, 0xd2, 0xd2, 0xd1, 0xc8, 0xf7, 0x3d, 0x44, 0x50, 0x5b, 0x67, 0x6c, 0x75, 0x7e, 0x7e, 0x8e, 0x8e, 0x8e, 0x94, 0x98, 0x99, 0xa1, 0x9e, 0xa1, 0xa5, 0xa3, 0xa9, 0xa9, 0xad, 0xad, 0xb3, 0xb2, 0xb8, 0xb7, 0xbb, 0xbb, 0xbb, 0xbf, 0xbf, 0xbf, 0xc1, 0xbf, 0xc2, 0xc1, 0xc2, 0xc1, 0xc2, 0xc1, 0xc3, 0xc2, 0xc3, 0xc1, 0xc1, 0xbf, 0xbc, 0xb8, 0xb8, 0xb3, 0xaf, 0xac, 0xa5, 0xa2, 0x9c, 0x08, 0xe5, 0xe5, 0xe7, 0xe7, 0xe8, 0xe7, 0x2d, 0xa1, 0xa6, 0xac, 0xaf, 0xb3, 0xb9, 0xb9, 0xbc, 0xb9, 0xbc, 0xbc, 0xbc, 0xbd, 0xbc, 0xb9, 0xb4, 0xb4, 0xac, 0xa6, 0xa2, 0x9a, 0x90, 0x84, 0x0b, 0xe6, 0xe6, 0xe6, 0xe6, 0xe5, 0xe5, 0xe9, 0xe5, 0xe5, 0xe5, 0xe6, 0xe6, 0xe6, 0xe7, 0x13, 0x8c, 0x90, 0x9a, 0x9d, 0xa2, 0xa6, 0xa7, 0xab, 0xb0, 0xb1, 0xb4, 0xb4, 0xb5, 0xb4, 0xb9, 0xb5, 0xb4, 0xb5, 0xb4, 0xb5, 0xb1, 0xb4, 0xb0, 0xb1, 0xb0, 0xab, 0xab, 0xa7, 0xa7, 0xa4, 0xa4, 0xa4, 0xa0, 0xa0, 0x9d, 0x9b, 0x9a, 0x96, 0x96, 0x91, 0x91, 0x91, 0x89, 0x89, 0x89, 0x82, 0x6b, 0x65, 0x5f, 0x5b, 0x57, 0x56, 0x53, 0x49, 0x49, 0x40, 0x40, 0x2c, 0x29, 0x1b, 0x11, 0x71, 0xcf, 0xcf, 0xd1, 0xd1, 0xd2, 0xd2, 0xd3, 0xd3, 0xd3, 0xd4, 0xd4, 0xd4, 0xd4, 0xd4, 0xd4, 0xd4, 
  0xd4, 0xd4, 0xd4, 0xd4, 0xd4, 0xd4, 0xd4, 0xd4, 0xd3, 0xd4, 0xd3, 0xd3, 0xd3, 0xd3, 0xd2, 0xd2, 0xd0, 0x93, 0x35, 0x3d, 0x48, 0x50, 0x5b, 0x6c, 0x6c, 0x75, 0xff, 0x7e, 0x8e, 0x8e, 0x94, 0x94, 0x99, 0x98, 0x9e, 0xa1, 0xa3, 0xa3, 0xa9, 0xa5, 0xad, 0xaf, 0xad, 0xb3, 0xb7, 0xb8, 0xbb, 0xbb, 0xbb, 0xbf, 0xbf, 0xbf, 0xbf, 0xc1, 0xbf, 0xc2, 0xc1, 0xc2, 0xc3, 0xc2, 0xc3, 0xc3, 0xc2, 0xc2, 0xc1, 0xbf, 0xbc, 0xbc, 0xbb, 0xb8, 0xb3, 0xaf, 0xac, 0xa3, 0xa2, 0x83, 0x01, 0xe5, 0xe8, 0xe8, 0xe7, 0x20, 0xa2, 0xa6, 0xa5, 0xaf, 0xb4, 0xb9, 0xb8, 0xbc, 0xbc, 0xbc, 0xbc, 0xbc, 0xbc, 0xbc, 0xbc, 0xbc, 0xb9, 0xb4, 0xb0, 0xac, 0xa2, 0x9c, 0x96, 0x84, 0x34, 0xe6, 0xe7, 0xe6, 0xe6, 0xe6, 0xe4, 0xe5, 0xe4, 0xe5, 0xe6, 0xe6, 0xe6, 0xe7, 0xe6, 0x34, 0x8c, 0x97, 0x9a, 0x9d, 0xa2, 0xa8, 0xac, 0xb0, 0xb0, 0xb4, 0xb4, 0xb5, 0xb4, 0xba, 0xb5, 0xba, 0xb5, 0xb5, 0xb5, 0xb5, 0xb4, 0xb1, 0xb5, 0xab, 0xb0, 0xab, 0xab, 0xa7, 0xa8, 0xa8, 0xa4, 0xa4, 0x9d, 0xa0, 0x9b, 0x9a, 0x95, 0x96, 0x96, 0x91, 0x91, 0x8d, 0x89, 0x89, 0x85, 0x77, 0x65, 0x65, 0x5f, 0x57, 0x56, 0x53, 0x49, 0x49, 0x46, 0x40, 0x37, 0x2c, 0x24, 0x14, 0x42, 0xce, 0xcf, 0xd0, 0xd1, 0xd2, 0xd2, 0xd2, 0xd3, 0xd3, 0xd3, 0xd4, 0xd3, 0xd4, 0xd4, 0xd4, 0xd4, 0xd4, 
  0xd4, 0xd4, 0xd4, 0xd4, 0xd4, 0xd4, 0xd4, 0xd4, 0xd4, 0xd4, 0xd3, 0xd4, 0xd3, 0xd3, 0xd2, 0xd2, 0xd1, 0xd0, 0x5c, 0x35, 0x3f, 0x4e, 0x50, 0x5f, 0x6c, 0x75, 0x7e, 0x7e, 0x8e, 0x8e, 0x94, 0x94, 0x98, 0x99, 0x9c, 0x9e, 0xa1, 0xa3, 0xa5, 0xa9, 0xad, 0xad, 0xb2, 0xb2, 0xb3, 0xb7, 0xb7, 0xbb, 0xbf, 0xbb, 0xbf, 0xbf, 0xbf, 0xc2, 0xbf, 0xc2, 0xc1, 0xc2, 0xc3, 0xc2, 0xc3, 0xc2, 0xc3, 0xc3, 0xc2, 0xc1, 0xbf, 0xbf, 0xbc, 0xbb, 0xb9, 0xb3, 0xaf, 0xa5, 0xa2, 0x9c, 0x69, 0x05, 0x01, 0x01, 0x20, 0x87, 0xa5, 0xa2, 0xaf, 0xb0, 0xb3, 0xb9, 0xbc, 0xbc, 0xbc, 0xc1, 0xc0, 0xc0, 0xc1, 0xc0, 0xbc, 0xbc, 0xb9, 0xb3, 0xb0, 0xac, 0xa2, 0x9d, 0x90, 0x90, 0x60, 0xe8, 0xe7, 0xe6, 0xe6, 0xe6, 0xe6, 0xe5, 0xe5, 0xe6, 0xe6, 0xe6, 0xe7, 0xe6, 0xe8, 0x72, 0x8c, 0x97, 0x9d, 0xa2, 0xa6, 0xa7, 0xab, 0xb0, 0xb0, 0xb4, 0xb5, 0xb9, 0xb5, 0xba, 0xb9, 0xb5, 0xb9, 0xb5, 0xb4, 0xb5, 0xb1, 0xb4, 0xb0, 0xb1, 0xab, 0xb0, 0xa7, 0xab, 0xa8, 0xa4, 0xa4, 0x9d, 0xa0, 0xa0, 0x9a, 0x9b, 0x96, 0x96, 0x91, 0x91, 0x89, 0x8d, 0x89, 0x85, 0x82, 0x65, 0x65, 0x5f, 0x57, 0x5b, 0x53, 0x4e, 0x49, 0x49, 0x40, 0x37, 0x2f, 0x24, 0x1c, 0x25, 0xc8, 0xcf, 0xcf, 0xd1, 0xd1, 0xd2, 0xd2, 0xd3, 0xd3, 0xd3, 0xd4, 0xd3, 0xd4, 0xd4, 0xd4, 0xd4, 0xd4, 0xd4, 
  0xd4, 0xd4, 0xd4, 0xd4, 0xd4, 0xd4, 0xd4, 0xd4, 0xd4, 0xd3, 0xd4, 0xd3, 0xd3, 0xd3, 0xd3, 0xd2, 0xd2, 0xd0, 0xcd, 0x3e, 0x35, 0x44, 0x50, 0x56, 0x67, 0x6c, 0x75, 0x7e, 0xff, 0xff, 0x8e, 0x8e, 0x94, 0x98, 0x99, 0x9c, 0x9e, 0xa1, 0xa3, 0xa9, 0xa5, 0xad, 0xaf, 0xb2, 0xb2, 0xb7, 0xb8, 0xbb, 0xbb, 0xbf, 0xbf, 0xbf, 0xbf, 0xbf, 0xc2, 0xc1, 0xc2, 0xc3, 0xc2, 0xc3, 0xc5, 0xc3, 0xc5, 0xc2, 0xc4, 0xc2, 0xc1, 0xc1, 0xbf, 0xbc, 0xbb, 0xb3, 0xb3, 0xaf, 0xac, 0xa5, 0xa6, 0xa5, 0xa5, 0xac, 0xa5, 0xab, 0xac, 0xaf, 0xaf, 0xb3, 0xb9, 0xb8, 0xbc, 0xc0, 0xc1, 0xc1, 0xc1, 0xc1, 0xc0, 0xc1, 0xc0, 0xbc, 0xbc, 0xb9, 0xaf, 0xab, 0xa6, 0x9c, 0x9a, 0x8a, 0x84, 0xec, 0xe7, 0xe6, 0xe6, 0xe6, 0xe6, 0xe6, 0xe6, 0xe6, 0xe6, 0xe6, 0xe6, 0xe7, 0x08, 0x8c, 0x90, 0x9a, 0x9d, 0xa2, 0xa7, 0xac, 0xb0, 0xb0, 0xb4, 0xb5, 0xb4, 0xba, 0xb9, 0xba, 0xb5, 0xba, 0xb5, 0xb5, 0xb5, 0xb5, 0xb4, 0xb1, 0xb0, 0xb1, 0xae, 0xab, 0xab, 0xa7, 0xa8, 0xa4, 0xa4, 0xa4, 0xa0, 0x9b, 0x9b, 0x96, 0x95, 0x96, 0x91, 0x91, 0x8d, 0x89, 0x89, 0x82, 0x6b, 0x65, 0x5f, 0x5e, 0x5b, 0x53, 0x53, 0x49, 0x49, 0x40, 0x40, 0x2f, 0x29, 0x1c, 0x14, 0xaa, 0xcf, 0xd0, 0xd0, 0xd1, 0xd2, 0xd2, 0xd3, 0xd3, 0xd3, 0xd3, 0xd3, 0xd4, 0xd4, 0xd4, 0xd4, 0xd4, 0xd4, 0xd4, 
  0xd4, 0xd4, 0xd4, 0xd4, 0xd4, 0xd4, 0xd4, 0xd4, 0xd4, 0xd4, 0xd4, 0xd3, 0xd4, 0xd3, 0xd3, 0xd2, 0xd2, 0xd1, 0xd1, 0xc8, 0xf7, 0x3d, 0x44, 0x50, 0x5d, 0x67, 0x6c, 0x7e, 0x7e, 0x7e, 0x8e, 0x94, 0x94, 0x94, 0x98, 0x99, 0x9c, 0x9e, 0xa1, 0xa3, 0xa9, 0xa9, 0xad, 0xb2, 0xb3, 0xb7, 0xb7, 0xbb, 0xbb, 0xbb, 0xbb, 0xbf, 0xbf, 0xc1, 0xc2, 0xbf, 0xc2, 0xc3, 0xc3, 0xc5, 0xc3, 0xc5, 0xc3, 0xc3, 0xc2, 0xc3, 0xc2, 0xc3, 0xc1, 0xbf, 0xbc, 0xb8, 0xb8, 0xb3, 0xb3, 0xaf, 0xaf, 0xaf, 0xaf, 0xaf, 0xaf, 0xaf, 0xaf, 0xb3, 0xb9, 0xb9, 0xb8, 0xbc, 0xc0, 0xc1, 0xc1, 0xc4, 0xc4, 0xc4, 0xc1, 0xc1, 0xc1, 0xbc, 0xbc, 0xb9, 0xb4, 0xaf, 0xa6, 0xa2, 0x9a, 0x97, 0x8c, 0x08, 0xe6, 0xe6, 0xe6, 0xe6, 0xe6, 0xe6, 0xe6, 0xe6, 0xe6, 0xe6, 0xe6, 0xe5, 0x4f, 0x90, 0x90, 0x9d, 0x9d, 0xa6, 0xa7, 0xac, 0xb0, 0xb0, 0xb4, 0xb4, 0xba, 0xb4, 0xba, 0xba, 0xba, 0xb5, 0xba, 0xb5, 0xb5, 0xb5, 0xb1, 0xb5, 0xab, 0xb0, 0xab, 0xab, 0xa7, 0xa8, 0xa4, 0xa4, 0xa4, 0xa0, 0xa0, 0x9a, 0x9b, 0x96, 0x96, 0x8c, 0x91, 0x89, 0x89, 0x89, 0x85, 0x6b, 0x65, 0x65, 0x5b, 0x5b, 0x53, 0x4e, 0x49, 0x49, 0x46, 0x40, 0x2f, 0x2c, 0x1c, 0x25, 0xaa, 0xcf, 0xcf, 0xd0, 0xd1, 0xd1, 0xd2, 0xd2, 0xd3, 0xd3, 0xd3, 0xd4, 0xd4, 0xd4, 0xd4, 0xd4, 0xd4, 0xd4, 0xd4, 0xd4, 
  0xd4, 0xd4, 0xd4, 0xd4, 0xd4, 0xd4, 0xd4, 0xd4, 0xd4, 0xd4, 0xd3, 0xd4, 0xd3, 0xd3, 0xd3, 0xd3, 0xd2, 0xd2, 0xd1, 0xd0, 0x9f, 0x35, 0x3d, 0x48, 0x50, 0x5b, 0x67, 0x6c, 0x7e, 0x7e, 0xff, 0x8e, 0x8e, 0x94, 0x94, 0x99, 0x98, 0x9e, 0xa1, 0xa3, 0xa5, 0xa9, 0xad, 0xad, 0xb2, 0xb2, 0xb8, 0xb7, 0xbb, 0xbb, 0xbb, 0xbf, 0xbf, 0xc2, 0xc1, 0xc2, 0xc2, 0xc2, 0xc5, 0xc3, 0xc5, 0xc5, 0xc5, 0xc5, 0xc3, 0xc5, 0xc3, 0xc2, 0xc3, 0xbf, 0xbc, 0xbb, 0xbc, 0xb8, 0xb8, 0xb3, 0xb3, 0xb3, 0xb3, 0xb3, 0xb3, 0xb4, 0xb3, 0xb9, 0xb8, 0xbc, 0xbc, 0xc0, 0xc1, 0xc1, 0xc4, 0xc4, 0xc3, 0xc4, 0xc4, 0xc1, 0xc1, 0xc0, 0xbc, 0xb9, 0xb3, 0xab, 0xac, 0xa2, 0x9d, 0x97, 0x84, 0x2d, 0xe5, 0xe6, 0xe6, 0xe6, 0xe7, 0xe7, 0xe7, 0xe7, 0xe6, 0xe6, 0xe6, 0xe4, 0x72, 0x90, 0x97, 0x9d, 0xa2, 0xa8, 0xac, 0xb0, 0xb0, 0xb4, 0xb5, 0xb5, 0xb5, 0xba, 0xba, 0xb5, 0xba, 0xba, 0xb5, 0xb5, 0xb5, 0xb5, 0xb5, 0xb0, 0xb1, 0xab, 0xab, 0xa7, 0xa7, 0xa8, 0xa4, 0xa4, 0xa0, 0xa0, 0x9b, 0x9b, 0x9b, 0x96, 0x96, 0x91, 0x91, 0x8d, 0x89, 0x89, 0x77, 0x6b, 0x65, 0x5e, 0x5b, 0x57, 0x53, 0x49, 0x49, 0x46, 0x40, 0x37, 0x2f, 0x24, 0x1b, 0x42, 0xcf, 0xcf, 0xd0, 0xd1, 0xd2, 0xd2, 0xd3, 0xd3, 0xd3, 0xd4, 0xd3, 0xd4, 0xd3, 0xd4, 0xd4, 0xd4, 0xd4, 0xd4, 0xd4, 0xd4, 
  0xd4, 0xd4, 0xd4, 0xd4, 0xd4, 0xd4, 0xd4, 0xd4, 0xd4, 0xd4, 0xd4, 0xd4, 0xd4, 0xd3, 0xd4, 0xd3, 0xd3, 0xd2, 0xd2, 0xd1, 0xd1, 0x71, 0xf8, 0x3d, 0x48, 0x50, 0x5d, 0x67, 0x6c, 0x7e, 0x7e, 0xff, 0x8e, 0x94, 0x94, 0x94, 0x99, 0x98, 0x9e, 0xa1, 0xa3, 0xa9, 0xa9, 0xad, 0xb2, 0xb2, 0xb2, 0xb7, 0xb7, 0xbb, 0xbb, 0xbf, 0xbf, 0xbf, 0xc2, 0xc2, 0xc2, 0xc2, 0xc3, 0xc5, 0xc3, 0xc5, 0xc3, 0xc5, 0xc5, 0xc5, 0xc5, 0xc5, 0xc3, 0xc2, 0xc1, 0xbf, 0xbc, 0xbc, 0xbc, 0xbb, 0xb9, 0xb8, 0xb9, 0xb8, 0xb9, 0xb8, 0xb9, 0xbc, 0xbc, 0xc1, 0xc0, 0xbf, 0xc4, 0xc3, 0xc4, 0xc7, 0xc3, 0xc7, 0xc3, 0xc4, 0xc1, 0xc1, 0xbc, 0xbc, 0xb4, 0xb3, 0xab, 0xa6, 0xa2, 0x9a, 0x90, 0x4f, 0xe8, 0xe6, 0xe6, 0xe7, 0xe7, 0xe7, 0xe7, 0xe7, 0xe7, 0xe6, 0xe5, 0x00, 0x84, 0x97, 0x9a, 0xa2, 0xa2, 0xa8, 0xab, 0xb0, 0xb0, 0xb4, 0xb5, 0xb9, 0xba, 0xb9, 0xba, 0xba, 0xba, 0xb5, 0xba, 0xb5, 0xb5, 0xb4, 0xb1, 0xb1, 0xab, 0xab, 0xab, 0xa7, 0xa8, 0xa4, 0xa4, 0xa0, 0xa0, 0x9b, 0x9b, 0x9b, 0x96, 0x96, 0x91, 0x91, 0x89, 0x89, 0x85, 0x77, 0x6b, 0x65, 0x65, 0x5b, 0x57, 0x56, 0x49, 0x49, 0x49, 0x40, 0x37, 0x2c, 0x24, 0x1b, 0x51, 0xcf, 0xd0, 0xd0, 0xd1, 0xd1, 0xd2, 0xd2, 0xd3, 0xd3, 0xd3, 0xd3, 0xd4, 0xd4, 0xd4, 0xd4, 0xd4, 0xd4, 0xd4, 0xd4, 0xd4, 0xd4, 
  0xd4, 0xd4, 0xd4, 0xd4, 0xd4, 0xd4, 0xd4, 0xd4, 0xd4, 0xd4, 0xd4, 0xd4, 0xd3, 0xd4, 0xd3, 0xd3, 0xd3, 0xd3, 0xd2, 0xd1, 0xd1, 0xcd, 0x81, 0x2b, 0x45, 0x48, 0x50, 0x5d, 0x6c, 0x75, 0x7e, 0x7e, 0xff, 0x8e, 0x8e, 0x94, 0x98, 0x99, 0x99, 0xa3, 0xa3, 0xa3, 0xa9, 0xad, 0xad, 0xb2, 0xb2, 0xb2, 0xb7, 0xb7, 0xbb, 0xbb, 0xbf, 0xbf, 0xbf, 0xc2, 0xc2, 0xc5, 0xc2, 0xc5, 0xc3, 0xc5, 0xc5, 0xc5, 0xc6, 0xc6, 0xc5, 0xc7, 0xc5, 0xc3, 0xc1, 0xc2, 0xc1, 0xc1, 0xbf, 0xbc, 0xbb, 0xbc, 0xbc, 0xbc, 0xbc, 0xbc, 0xbc, 0xc1, 0xc1, 0xc1, 0xc3, 0xc4, 0xc3, 0xc3, 0xc7, 0xc7, 0xc7, 0xc7, 0xc3, 0xc4, 0xc4, 0xc1, 0xc0, 0xb8, 0xb9, 0xb4, 0xaf, 0xa6, 0xa2, 0x9a, 0x90, 0x84, 0xe9, 0xe6, 0xe7, 0xe7, 0xe7, 0xe7, 0xe7, 0xe7, 0xe6, 0xe7, 0xe5, 0x2d, 0x90, 0x96, 0x9d, 0xa2, 0xa8, 0xac, 0xab, 0xb0, 0xb4, 0xb5, 0xb9, 0xb5, 0xba, 0xba, 0xba, 0xba, 0xb5, 0xba, 0xb5, 0xb5, 0xb5, 0xb1, 0xb0, 0xb1, 0xab, 0xab, 0xa7, 0xa7, 0xa4, 0xa4, 0xa4, 0xa0, 0xa0, 0x9b, 0x9b, 0x95, 0x96, 0x91, 0x91, 0x8d, 0x89, 0x85, 0x77, 0x6b, 0x65, 0x65, 0x5e, 0x5b, 0x53, 0x53, 0x49, 0x49, 0x40, 0x37, 0x2c, 0x24, 0x1b, 0x42, 0xc8, 0xcf, 0xd0, 0xd1, 0xd2, 0xd2, 0xd2, 0xd3, 0xd3, 0xd4, 0xd3, 0xd4, 0xd3, 0xd4, 0xd4, 0xd4, 0xd4, 0xd4, 0xd4, 0xd4, 0xd4, 0xd4, 
  0xd4, 0xd4, 0xd4, 0xd4, 0xd4, 0xd4, 0xd4, 0xd4, 0xd4, 0xd4, 0xd4, 0xd4, 0xd4, 0xd4, 0xd3, 0xd4, 0xd3, 0xd3, 0xd2, 0xd2, 0xd1, 0xd0, 0xcc, 0x52, 0x35, 0x45, 0x48, 0x5d, 0x5d, 0x6c, 0x75, 0x7e, 0x7e, 0xff, 0x8e, 0x94, 0x94, 0x99, 0x99, 0x9e, 0xa1, 0xa3, 0xa5, 0xa9, 0xad, 0xad, 0xb2, 0xb2, 0xb7, 0xb7, 0xbb, 0xbb, 0xbf, 0xbf, 0xbf, 0xbf, 0xc2, 0xc2, 0xc5, 0xc2, 0xc5, 0xc5, 0xc5, 0xc6, 0xc9, 0xc5, 0xc9, 0xc5, 0xc5, 0xc3, 0xc5, 0xc3, 0xc2, 0xc3, 0xc1, 0xc1, 0xc1, 0xc1, 0xbf, 0xc1, 0xc1, 0xc1, 0xc1, 0xc3, 0xc4, 0xc3, 0xc3, 0xc5, 0xc7, 0xc6, 0xc7, 0xc6, 0xc7, 0xc6, 0xc7, 0xc3, 0xc4, 0xc1, 0xc0, 0xbc, 0xb9, 0xb3, 0xb0, 0xac, 0xa6, 0x9d, 0x90, 0x89, 0xe9, 0xe7, 0xe7, 0xe7, 0xe7, 0xe8, 0xe7, 0xe7, 0xe7, 0xe7, 0xea, 0x72, 0x90, 0x9a, 0x9d, 0xa2, 0xa8, 0xab, 0xb0, 0xb0, 0xb4, 0xb4, 0xba, 0xb9, 0xba, 0xba, 0xba, 0xba, 0xba, 0xb5, 0xba, 0xb5, 0xb5, 0xb1, 0xb1, 0xb0, 0xab, 0xab, 0xa7, 0xa8, 0xa4, 0xa4, 0xa0, 0xa0, 0x9b, 0x9b, 0x95, 0x96, 0x96, 0x91, 0x91, 0x8d, 0x89, 0x85, 0x6b, 0x6b, 0x65, 0x5f, 0x5b, 0x57, 0x53, 0x49, 0x49, 0x46, 0x3a, 0x2f, 0x29, 0x1b, 0x25, 0xc8, 0xcf, 0xcf, 0xd1, 0xd1, 0xd2, 0xd2, 0xd3, 0xd3, 0xd3, 0xd3, 0xd4, 0xd3, 0xd4, 0xd4, 0xd4, 0xd4, 0xd4, 0xd4, 0xd4, 0xd4, 0xd4, 0xd4, 
  0xd4, 0xd4, 0xd4, 0xd4, 0xd4, 0xd4, 0xd4, 0xd4, 0xd4, 0xd4, 0xd4, 0xd4, 0xd4, 0xd4, 0xd3, 0xd4, 0xd3, 0xd3, 0xd3, 0xd2, 0xd2, 0xd1, 0xd0, 0xcd, 0xf9, 0x35, 0x45, 0x50, 0x5d, 0x67, 0x6c, 0x75, 0x7e, 0x7e, 0x8e, 0xff, 0x94, 0x94, 0x98, 0x9e, 0x9e, 0xa3, 0xa3, 0xa5, 0xa9, 0xad, 0xad, 0xb2, 0xb2, 0xb7, 0xb7, 0xbb, 0xbb, 0xbf, 0xbf, 0xbf, 0xc2, 0xc2, 0xc2, 0xc5, 0xc5, 0xc5, 0xc5, 0xc6, 0xc5, 0xc9, 0xc6, 0xc6, 0xc5, 0xc6, 0xc5, 0xc5, 0xc5, 0xc3, 0xc3, 0xc2, 0xc3, 0xc1, 0xc3, 0xc1, 0xc3, 0xc3, 0xc3, 0xc3, 0xc3, 0xc6, 0xc7, 0xc6, 0xc6, 0xc6, 0xca, 0xc6, 0xc7, 0xc6, 0xc7, 0xc7, 0xc3, 0xc4, 0xc1, 0xbc, 0xb9, 0xb9, 0xb4, 0xac, 0xa6, 0x9d, 0x97, 0x84, 0x00, 0xe8, 0xe7, 0xe8, 0xe7, 0xe7, 0xe7, 0xe7, 0xe7, 0xe8, 0x0f, 0x8c, 0x96, 0x9d, 0x9d, 0xa6, 0xa7, 0xab, 0xb0, 0xb4, 0xb4, 0xb5, 0xb9, 0xba, 0xba, 0xba, 0xba, 0xba, 0xb5, 0xba, 0xb5, 0xb5, 0xb1, 0xb0, 0xb1, 0xab, 0xab, 0xa7, 0xa7, 0xa4, 0xa4, 0xa0, 0xa0, 0x9b, 0x9a, 0x95, 0x96, 0x8f, 0x91, 0x91, 0x8d, 0x89, 0x89, 0x6b, 0x6b, 0x65, 0x5e, 0x5b, 0x57, 0x4e, 0x53, 0x49, 0x49, 0x37, 0x37, 0x29, 0x1c, 0x25, 0xb6, 0xce, 0xcf, 0xd0, 0xd1, 0xd2, 0xd2, 0xd3, 0xd3, 0xd3, 0xd3, 0xd4, 0xd3, 0xd4, 0xd4, 0xd4, 0xd4, 0xd4, 0xd4, 0xd4, 0xd4, 0xd4, 0xd4, 0xd4, 
  0xd4, 0xd4, 0xd4, 0xd4, 0xd4, 0xd4, 0xd4, 0xd4, 0xd4, 0xd4, 0xd4, 0xd4, 0xd4, 0xd4, 0xd4, 0xd4, 0xd3, 0xd3, 0xd3, 0xd3, 0xd2, 0xd2, 0xd1, 0xd1, 0xbe, 0x5c, 0x3d, 0x45, 0x50, 0x56, 0x67, 0x67, 0x75, 0x7e, 0xff, 0x8e, 0x94, 0x94, 0x94, 0x99, 0x99, 0xa1, 0xa3, 0xa3, 0xa9, 0xa9, 0xad, 0xad, 0xb7, 0xb2, 0xb7, 0xb7, 0xbb, 0xbb, 0xbf, 0xbf, 0xc2, 0xc2, 0xc3, 0xc5, 0xc2, 0xc5, 0xc6, 0xc9, 0xc6, 0xc9, 0xc5, 0xc9, 0xc6, 0xc6, 0xc6, 0xc6, 0xc6, 0xc6, 0xc5, 0xc7, 0xc3, 0xc5, 0xc3, 0xc3, 0xc3, 0xc5, 0xc7, 0xc5, 0xc7, 0xc6, 0xc6, 0xc9, 0xca, 0xca, 0xc6, 0xca, 0xc6, 0xc6, 0xc6, 0xc7, 0xc7, 0xc4, 0xc1, 0xc0, 0xbc, 0xb9, 0xb3, 0xb0, 0xa6, 0xa2, 0x97, 0x8a, 0x18, 0xe7, 0xe8, 0xe7, 0xe7, 0xe7, 0xe7, 0xe7, 0xe8, 0xe7, 0x2d, 0x90, 0x97, 0x9d, 0xa2, 0xa8, 0xab, 0xaf, 0xb1, 0xb4, 0xb5, 0xba, 0xb9, 0xba, 0xba, 0xba, 0xba, 0xba, 0xba, 0xb5, 0xb5, 0xb5, 0xb1, 0xb0, 0xab, 0xab, 0xa7, 0xa8, 0xa4, 0xa4, 0xa4, 0xa0, 0x9b, 0x9a, 0x9b, 0x96, 0x96, 0x91, 0x91, 0x8d, 0x8d, 0x89, 0x77, 0x6b, 0x65, 0x65, 0x5b, 0x57, 0x53, 0x49, 0x49, 0x46, 0x41, 0x36, 0x29, 0x24, 0x25, 0x93, 0xcf, 0xcf, 0xd0, 0xd1, 0xd2, 0xd2, 0xd3, 0xd3, 0xd3, 0xd3, 0xd4, 0xd3, 0xd4, 0xd4, 0xd4, 0xd4, 0xd4, 0xd4, 0xd4, 0xd4, 0xd4, 0xd4, 0xd4, 0xd4, 
  0xd4, 0xd4, 0xd4, 0xd4, 0xd4, 0xd4, 0xd4, 0xd4, 0xd4, 0xd4, 0xd4, 0xd4, 0xd4, 0xd4, 0xd4, 0xd4, 0xd4, 0xd4, 0xd3, 0xd3, 0xd3, 0xd2, 0xd2, 0xd1, 0xd1, 0xc8, 0xf9, 0x3d, 0x48, 0x48, 0x5d, 0x5d, 0x6c, 0x75, 0x7e, 0xff, 0x8e, 0x94, 0x94, 0x98, 0x99, 0x99, 0x9e, 0xa3, 0xa3, 0xa9, 0xad, 0xad, 0xb2, 0xb2, 0xb7, 0xb7, 0xbb, 0xbb, 0xbf, 0xbf, 0xbf, 0xc2, 0xc2, 0xc2, 0xc5, 0xc5, 0xc5, 0xc9, 0xc5, 0xc9, 0xc6, 0xc9, 0xc6, 0xc9, 0xc9, 0xc9, 0xc6, 0xc9, 0xc6, 0xc6, 0xc6, 0xc6, 0xc6, 0xc6, 0xc6, 0xc6, 0xc6, 0xc9, 0xc6, 0xca, 0xc9, 0xca, 0xc9, 0xca, 0xc9, 0xca, 0xc6, 0xca, 0xc6, 0xc6, 0xc7, 0xc3, 0xc4, 0xc0, 0xbc, 0xb9, 0xb4, 0xb0, 0xac, 0xa2, 0x97, 0x97, 0x4a, 0xe6, 0xe7, 0xe7, 0xe8, 0xe7, 0xe8, 0xe7, 0xe7, 0xe7, 0x6d, 0x97, 0x9a, 0xa4, 0xa2, 0xa8, 0xab, 0xb0, 0xb1, 0xb9, 0xb4, 0xba, 0xba, 0xba, 0xb9, 0xba, 0xba, 0xb5, 0xba, 0xb5, 0xb5, 0xb1, 0xb1, 0xab, 0xab, 0xab, 0xa7, 0xa7, 0xa4, 0xa4, 0xa0, 0xa0, 0x9b, 0x9b, 0x95, 0x95, 0x91, 0x91, 0x8d, 0x8d, 0x89, 0x77, 0x6b, 0x6b, 0x65, 0x5f, 0x5e, 0x53, 0x53, 0x49, 0x46, 0x40, 0x37, 0x2c, 0x24, 0x25, 0xb6, 0xcf, 0xcf, 0xd0, 0xd1, 0xd2, 0xd2, 0xd2, 0xd3, 0xd3, 0xd3, 0xd4, 0xd3, 0xd4, 0xd4, 0xd4, 0xd4, 0xd4, 0xd4, 0xd4, 0xd4, 0xd4, 0xd4, 0xd4, 0xd4, 0xd4, 
  0xd4, 0xd4, 0xd4, 0xd4, 0xd4, 0xd4, 0xd4, 0xd4, 0xd4, 0xd4, 0xd4, 0xd4, 0xd4, 0xd4, 0xd4, 0xd4, 0xd3, 0xd4, 0xd3, 0xd3, 0xd3, 0xd3, 0xd2, 0xd2, 0xd1, 0xd1, 0xbe, 0xf7, 0x3d, 0x45, 0x50, 0x56, 0x5d, 0x6c, 0xfe, 0x7e, 0xff, 0x8e, 0x94, 0x94, 0x94, 0x99, 0x9e, 0x9e, 0xa3, 0xa9, 0xa9, 0xad, 0xb2, 0xb2, 0xb2, 0xb7, 0xb7, 0xbb, 0xbf, 0xbf, 0xbf, 0xc2, 0xc2, 0xc2, 0xc5, 0xc5, 0xc5, 0xc5, 0xc9, 0xc6, 0xc9, 0xc6, 0xc9, 0xc9, 0xc9, 0xc9, 0xc9, 0xc9, 0xc6, 0xc9, 0xc6, 0xc9, 0xc6, 0xc6, 0xc6, 0xc6, 0xc9, 0xca, 0xc9, 0xca, 0xc9, 0xca, 0xca, 0xca, 0xca, 0xca, 0xca, 0xca, 0xc9, 0xc7, 0xc6, 0xc7, 0xc4, 0xc1, 0xc0, 0xb9, 0xb9, 0xaf, 0xab, 0xa6, 0x9d, 0x9c, 0x84, 0xe9, 0xe7, 0xe7, 0xe7, 0xe8, 0xe8, 0xe8, 0xe7, 0x03, 0x90, 0x9a, 0x9d, 0xa6, 0xa8, 0xab, 0xb0, 0xb0, 0xb4, 0xb5, 0xba, 0xba, 0xba, 0xba, 0xba, 0xba, 0xba, 0xba, 0xb5, 0xb5, 0xb5, 0xb0, 0xb1, 0xab, 0xab, 0xa7, 0xa8, 0xa4, 0xa4, 0xa4, 0xa0, 0x9b, 0x9b, 0x96, 0x96, 0x91, 0x91, 0x8d, 0x8d, 0x89, 0x78, 0x77, 0x6b, 0x65, 0x5f, 0x57, 0x56, 0x53, 0x49, 0x49, 0x3a, 0x37, 0x2c, 0x24, 0x24, 0x93, 0xcd, 0xd0, 0xd0, 0xd1, 0xd2, 0xd2, 0xd3, 0xd3, 0xd3, 0xd3, 0xd4, 0xd3, 0xd4, 0xd4, 0xd4, 0xd4, 0xd4, 0xd4, 0xd4, 0xd4, 0xd4, 0xd4, 0xd4, 0xd4, 0xd4, 0xd4, 
  0xd4, 0xd4, 0xd4, 0xd4, 0xd4, 0xd4, 0xd4, 0xd4, 0xd4, 0xd4, 0xd4, 0xd4, 0xd4, 0xd4, 0xd4, 0xd4, 0xd4, 0xd4, 0xd3, 0xd4, 0xd3, 0xd3, 0xd3, 0xd2, 0xd2, 0xd1, 0xd0, 0x9f, 0x34, 0x3d, 0x45, 0x50, 0x5d, 0x67, 0x75, 0x75, 0xff, 0xff, 0x8e, 0x94, 0x94, 0x94, 0x98, 0x9e, 0x9e, 0xa3, 0xa9, 0xa9, 0xad, 0xb2, 0xb2, 0xb7, 0xb7, 0xbb, 0xbb, 0xbb, 0xbf, 0xbf, 0xbf, 0xc2, 0xc2, 0xc5, 0xc5, 0xc6, 0xc5, 0xc9, 0xc5, 0xc9, 0xc9, 0xc9, 0xc9, 0xca, 0xc9, 0xc9, 0xc9, 0xc9, 0xc9, 0xc9, 0xc9, 0xc9, 0xc9, 0xca, 0xc9, 0xca, 0xca, 0xcb, 0xca, 0xcb, 0xca, 0xcb, 0xca, 0xca, 0xca, 0xca, 0xc6, 0xca, 0xc7, 0xc6, 0xc3, 0xc4, 0xc0, 0xbc, 0xb9, 0xb0, 0xb0, 0xa6, 0xa2, 0x9d, 0x97, 0x01, 0xe6, 0xe7, 0xe8, 0xe8, 0xe9, 0xe9, 0xe7, 0x3e, 0x97, 0x9d, 0xa2, 0xa4, 0xac, 0xab, 0xb0, 0xb0, 0xb5, 0xb9, 0xb4, 0xba, 0xba, 0xba, 0xba, 0xba, 0xba, 0xb5, 0xb5, 0xb5, 0xb1, 0xb1, 0xab, 0xab, 0xab, 0xa7, 0xa8, 0xa4, 0xa4, 0xa0, 0xa0, 0x9a, 0x95, 0x95, 0x8f, 0x91, 0x8d, 0x8d, 0x89, 0x82, 0x77, 0x6b, 0x65, 0x61, 0x5b, 0x57, 0x53, 0x53, 0x49, 0x40, 0x37, 0x29, 0x24, 0x20, 0x71, 0xcf, 0xd0, 0xd0, 0xd1, 0xd2, 0xd2, 0xd3, 0xd2, 0xd3, 0xd3, 0xd4, 0xd3, 0xd4, 0xd4, 0xd4, 0xd4, 0xd4, 0xd4, 0xd4, 0xd4, 0xd4, 0xd4, 0xd4, 0xd4, 0xd4, 0xd4, 0xd4, 
  0xd4, 0xd4, 0xd4, 0xd4, 0xd4, 0xd4, 0xd4, 0xd4, 0xd4, 0xd4, 0xd4, 0xd4, 0xd4, 0xd4, 0xd4, 0xd4, 0xd4, 0xd3, 0xd4, 0xd3, 0xd4, 0xd3, 0xd3, 0xd3, 0xd2, 0xd1, 0xd1, 0xd0, 0xbe, 0xf7, 0x3d, 0x45, 0x48, 0x5d, 0x67, 0x75, 0x75, 0x7e, 0xff, 0x8e, 0x94, 0x94, 0x94, 0x99, 0x9e, 0xa3, 0xa3, 0xa9, 0xad, 0xad, 0xb2, 0xb2, 0xb7, 0xb7, 0xbb, 0xbb, 0xbb, 0xbf, 0xbf, 0xc2, 0xc2, 0xc2, 0xc5, 0xc5, 0xc6, 0xc6, 0xc9, 0xc9, 0xc9, 0xc9, 0xc9, 0xc9, 0xc9, 0xc9, 0xca, 0xc9, 0xca, 0xc9, 0xca, 0xc9, 0xca, 0xc9, 0xcb, 0xca, 0xcb, 0xca, 0xcb, 0xca, 0xcb, 0xca, 0xcb, 0xca, 0xcb, 0xca, 0xca, 0xca, 0xc6, 0xc6, 0xc7, 0xc4, 0xc1, 0xbc, 0xb9, 0xb4, 0xaf, 0xab, 0xa6, 0xa1, 0x97, 0x05, 0xe7, 0xe7, 0xe8, 0xe8, 0xe9, 0xe9, 0xe7, 0x6d, 0x9a, 0x9d, 0xa6, 0xa8, 0xac, 0xb0, 0xb1, 0xb4, 0xb5, 0xb5, 0xba, 0xba, 0xba, 0xba, 0xba, 0xba, 0xba, 0xba, 0xb5, 0xb5, 0xb1, 0xb0, 0xab, 0xae, 0xa7, 0xa8, 0xa4, 0xa4, 0xa0, 0xa0, 0x9b, 0x9b, 0x96, 0x8f, 0x91, 0x8d, 0x8d, 0x89, 0x82, 0x6b, 0x6b, 0x65, 0x5f, 0x5e, 0x53, 0x53, 0x53, 0x49, 0x40, 0x3a, 0x2c, 0x24, 0x14, 0x93, 0xce, 0xcf, 0xd0, 0xd1, 0xd2, 0xd2, 0xd2, 0xd3, 0xd3, 0xd3, 0xd4, 0xd3, 0xd4, 0xd4, 0xd4, 0xd4, 0xd4, 0xd4, 0xd4, 0xd4, 0xd4, 0xd4, 0xd4, 0xd4, 0xd4, 0xd4, 0xd4, 0xd4, 
  0xd4, 0xd4, 0xd4, 0xd4, 0xd4, 0xd4, 0xd4, 0xd4, 0xd4, 0xd4, 0xd4, 0xd4, 0xd4, 0xd4, 0xd4, 0xd4, 0xd4, 0xd4, 0xd4, 0xd4, 0xd3, 0xd3, 0xd3, 0xd3, 0xd2, 0xd2, 0xd1, 0xd1, 0xcf, 0x93, 0xf8, 0x45, 0x48, 0x50, 0x5d, 0x67, 0x75, 0x75, 0x7e, 0xff, 0xff, 0x94, 0x94, 0x99, 0x99, 0x9e, 0xa3, 0xa3, 0xa9, 0xad, 0xad, 0xb2, 0xb2, 0xb7, 0xb7, 0xb7, 0xbb, 0xbf, 0xbf, 0xbf, 0xc2, 0xc5, 0xc5, 0xc5, 0xc5, 0xc9, 0xc6, 0xc9, 0xc9, 0xc9, 0xc9, 0xca, 0xc9, 0xca, 0xc9, 0xcb, 0xc9, 0xcb, 0xc9, 0xcb, 0xcb, 0xca, 0xcb, 0xca, 0xcb, 0xcb, 0xcb, 0xcb, 0xcb, 0xca, 0xcb, 0xca, 0xcb, 0xca, 0xca, 0xca, 0xca, 0xc6, 0xc7, 0xc7, 0xc1, 0xc0, 0xb9, 0xb9, 0xaf, 0xb0, 0xa5, 0xa2, 0x9c, 0x25, 0xe7, 0xe7, 0xe8, 0xe7, 0xe9, 0xe9, 0x03, 0x97, 0x9d, 0xa2, 0xa6, 0xab, 0xab, 0xb0, 0xb4, 0xb5, 0xb5, 0xb9, 0xba, 0xb9, 0xba, 0xba, 0xba, 0xb5, 0xba, 0xb5, 0xb5, 0xb1, 0xb0, 0xab, 0xab, 0xa7, 0xa7, 0xa4, 0xa4, 0xa0, 0xa0, 0x9b, 0x9b, 0x96, 0x8f, 0x91, 0x91, 0x8d, 0x89, 0x82, 0x6b, 0x77, 0x6b, 0x65, 0x5e, 0x53, 0x53, 0x53, 0x49, 0x40, 0x40, 0x2f, 0x24, 0x25, 0x51, 0xce, 0xcf, 0xcf, 0xd1, 0xd1, 0xd2, 0xd2, 0xd3, 0xd3, 0xd3, 0xd4, 0xd3, 0xd4, 0xd3, 0xd4, 0xd4, 0xd4, 0xd4, 0xd4, 0xd4, 0xd4, 0xd4, 0xd4, 0xd4, 0xd4, 0xd4, 0xd4, 0xd4, 0xd4, 
  0xd4, 0xd4, 0xd4, 0xd4, 0xd4, 0xd4, 0xd4, 0xd4, 0xd4, 0xd4, 0xd4, 0xd4, 0xd4, 0xd4, 0xd4, 0xd4, 0xd4, 0xd4, 0xd4, 0xd4, 0xd4, 0xd3, 0xd4, 0xd3, 0xd3, 0xd2, 0xd2, 0xd1, 0xd1, 0xd1, 0x93, 0xf8, 0x3d, 0x48, 0x50, 0x5d, 0x5d, 0x75, 0x75, 0x7e, 0xff, 0x8e, 0x94, 0x94, 0x99, 0x9e, 0x9e, 0xa3, 0xa9, 0xa9, 0xad, 0xad, 0xb2, 0xb2, 0xb7, 0xb7, 0xbb, 0xbb, 0xbf, 0xbf, 0xc2, 0xc2, 0xc2, 0xc5, 0xc5, 0xc5, 0xc9, 0xc6, 0xc9, 0xc9, 0xc9, 0xc9, 0xc9, 0xcb, 0xc9, 0xca, 0xcb, 0xca, 0xcb, 0xcb, 0xcb, 0xcb, 0xcb, 0xcb, 0xcb, 0xcb, 0xcb, 0xcb, 0xcb, 0xcb, 0xcb, 0xcb, 0xcb, 0xcb, 0xca, 0xca, 0xca, 0xca, 0xc6, 0xc3, 0xc4, 0xc1, 0xbc, 0xb9, 0xb3, 0xb4, 0xac, 0xa6, 0x9d, 0x83, 0x18, 0xe7, 0xe7, 0xe7, 0xe7, 0xed, 0x83, 0xa2, 0xa2, 0xa6, 0xa7, 0xac, 0xb0, 0xb1, 0xb4, 0xb5, 0xba, 0xba, 0xba, 0xba, 0xba, 0xba, 0xba, 0xba, 0xb5, 0xb5, 0xb1, 0xb1, 0xab, 0xab, 0xa7, 0xa8, 0xa4, 0xa4, 0xa0, 0xa0, 0x9b, 0x9b, 0x96, 0x95, 0x91, 0x8d, 0x8d, 0x8d, 0x85, 0x6b, 0x77, 0x65, 0x65, 0x5e, 0x5b, 0x53, 0x53, 0x49, 0x43, 0x40, 0x2f, 0x2c, 0x24, 0x71, 0xce, 0xcf, 0xcf, 0xd1, 0xd1, 0xd2, 0xd2, 0xd3, 0xd3, 0xd3, 0xd4, 0xd3, 0xd4, 0xd4, 0xd4, 0xd4, 0xd4, 0xd4, 0xd4, 0xd4, 0xd4, 0xd4, 0xd4, 0xd4, 0xd4, 0xd4, 0xd4, 0xd4, 0xd4, 0xd4, 
  0xd4, 0xd4, 0xd4, 0xd4, 0xd4, 0xd4, 0xd4, 0xd4, 0xd4, 0xd4, 0xd4, 0xd4, 0xd4, 0xd4, 0xd4, 0xd4, 0xd4, 0xd4, 0xd4, 0xd4, 0xd3, 0xd4, 0xd3, 0xd3, 0xd3, 0xd3, 0xd2, 0xd2, 0xd2, 0xd1, 0xd0, 0xbe, 0xf8, 0x3d, 0x45, 0x48, 0x5d, 0x5d, 0x67, 0x75, 0x7e, 0xff, 0x94, 0x94, 0x94, 0x99, 0x99, 0x9e, 0xa3, 0xa3, 0xa9, 0xad, 0xad, 0xb2, 0xb2, 0xb7, 0xb7, 0xbb, 0xbb, 0xbf, 0xbf, 0xc2, 0xc2, 0xc2, 0xc5, 0xc5, 0xc5, 0xc9, 0xc9, 0xc9, 0xc9, 0xc9, 0xc9, 0xc9, 0xc9, 0xcb, 0xcb, 0xcb, 0xcb, 0xcb, 0xcb, 0xcb, 0xcb, 0xcb, 0xcb, 0xcb, 0xcb, 0xcb, 0xcb, 0xcb, 0xcb, 0xcb, 0xcb, 0xcb, 0xcb, 0xcb, 0xca, 0xca, 0xc6, 0xc7, 0xc4, 0xc1, 0xbc, 0xbd, 0xb8, 0xb4, 0xaf, 0xac, 0xa6, 0xa2, 0x9d, 0x59, 0x18, 0x08, 0x3e, 0x83, 0x9d, 0xa2, 0xa6, 0xa7, 0xab, 0xb0, 0xb1, 0xb4, 0xb5, 0xba, 0xb5, 0xba, 0xba, 0xba, 0xba, 0xb5, 0xba, 0xb5, 0xb5, 0xb1, 0xb1, 0xab, 0xab, 0xa7, 0xa7, 0xa8, 0xa4, 0xa4, 0xa0, 0xa0, 0x9b, 0x95, 0x95, 0x91, 0x91, 0x8d, 0x8d, 0x82, 0x77, 0x6b, 0x65, 0x65, 0x5f, 0x57, 0x57, 0x4c, 0x49, 0x41, 0x37, 0x2f, 0x2c, 0x24, 0xaa, 0xce, 0xcf, 0xd0, 0xd0, 0xd1, 0xd2, 0xd2, 0xd2, 0xd3, 0xd3, 0xd3, 0xd3, 0xd4, 0xd3, 0xd4, 0xd4, 0xd4, 0xd4, 0xd4, 0xd4, 0xd4, 0xd4, 0xd4, 0xd4, 0xd4, 0xd4, 0xd4, 0xd4, 0xd4, 0xd4, 0xd4, 
  0xd4, 0xd4, 0xd4, 0xd4, 0xd4, 0xd4, 0xd4, 0xd4, 0xd4, 0xd4, 0xd4, 0xd4, 0xd4, 0xd4, 0xd4, 0xd4, 0xd4, 0xd4, 0xd4, 0xd4, 0xd4, 0xd4, 0xd3, 0xd4, 0xd3, 0xd3, 0xd3, 0xd2, 0xd2, 0xd2, 0xd1, 0xd1, 0x9f, 0xf7, 0x35, 0x45, 0x50, 0x5d, 0x67, 0x75, 0x75, 0xff, 0xff, 0x94, 0x94, 0x94, 0x99, 0x9e, 0x9e, 0xa3, 0xa9, 0xa9, 0xad, 0xad, 0xb2, 0xb2, 0xb7, 0xbb, 0xbb, 0xbf, 0xbf, 0xbf, 0xc2, 0xc2, 0xc2, 0xc5, 0xc5, 0xc6, 0xc9, 0xc9, 0xc9, 0xc9, 0xc9, 0xcb, 0xca, 0xcb, 0xc9, 0xcb, 0xcb, 0xcb, 0xcb, 0xcb, 0xcb, 0xcb, 0xcb, 0xcb, 0xcb, 0xcb, 0xcb, 0xcb, 0xcb, 0xcb, 0xcb, 0xcb, 0xcb, 0xca, 0xcb, 0xca, 0xc6, 0xc7, 0xc4, 0xc4, 0xc1, 0xbc, 0xbd, 0xb9, 0xaf, 0xb0, 0xa5, 0xa7, 0xa2, 0xa2, 0x9c, 0xa2, 0x9c, 0xa2, 0xa2, 0xa6, 0xab, 0xab, 0xb0, 0xb0, 0xb4, 0xb4, 0xba, 0xb5, 0xba, 0xba, 0xba, 0xba, 0xb5, 0xba, 0xb5, 0xb5, 0xb5, 0xb1, 0xb0, 0xab, 0xa7, 0xa7, 0xa8, 0xa4, 0xa4, 0xa0, 0xa0, 0x9b, 0x9b, 0x96, 0x8f, 0x91, 0x8d, 0x8d, 0x85, 0x77, 0x6b, 0x6b, 0x65, 0x5e, 0x57, 0x57, 0x53, 0x53, 0x41, 0x37, 0x2f, 0x29, 0x1c, 0x51, 0xcf, 0xd0, 0xd0, 0xd1, 0xd1, 0xd2, 0xd2, 0xd2, 0xd3, 0xd3, 0xd3, 0xd4, 0xd3, 0xd4, 0xd4, 0xd4, 0xd4, 0xd4, 0xd4, 0xd4, 0xd4, 0xd4, 0xd4, 0xd4, 0xd4, 0xd4, 0xd4, 0xd4, 0xd4, 0xd4, 0xd4, 0xd4, 
  0xd4, 0xd4, 0xd4, 0xd4, 0xd4, 0xd4, 0xd4, 0xd4, 0xd4, 0xd4, 0xd4, 0xd4, 0xd4, 0xd4, 0xd4, 0xd4, 0xd4, 0xd4, 0xd4, 0xd4, 0xd4, 0xd4, 0xd4, 0xd3, 0xd4, 0xd3, 0xd3, 0xd3, 0xd3, 0xd2, 0xd1, 0xd1, 0xd0, 0x9f, 0xf7, 0x35, 0x45, 0x50, 0x50, 0x67, 0x75, 0x75, 0xfe, 0xff, 0x94, 0x94, 0x94, 0x99, 0x9e, 0x9e, 0xa3, 0xa9, 0xa9, 0xad, 0xb2, 0xb2, 0xb7, 0xb7, 0xb7, 0xbb, 0xbb, 0xbf, 0xbf, 0xc2, 0xc2, 0xc5, 0xc5, 0xc5, 0xc5, 0xc6, 0xc9, 0xc9, 0xc9, 0xc9, 0xcb, 0xc9, 0xcb, 0xcb, 0xcb, 0xcb, 0xcb, 0xcb, 0xcb, 0xcb, 0xcb, 0xcb, 0xcb, 0xcb, 0xcb, 0xcb, 0xcb, 0xcb, 0xcb, 0xcb, 0xcb, 0xcb, 0xca, 0xca, 0xca, 0xc7, 0xc3, 0xc4, 0xc4, 0xc0, 0xbc, 0xb9, 0xb4, 0xb4, 0xaf, 0xab, 0xac, 0xa7, 0xa5, 0xa7, 0xa5, 0xa7, 0xa6, 0xab, 0xab, 0xb0, 0xb1, 0xb4, 0xb4, 0xb5, 0xb4, 0xba, 0xb5, 0xba, 0xb5, 0xba, 0xb5, 0xb5, 0xb5, 0xb5, 0xb1, 0xb0, 0xab, 0xae, 0xa7, 0xa8, 0xa4, 0xa4, 0xa0, 0xa0, 0x9b, 0x9b, 0x95, 0x8f, 0x91, 0x8d, 0x8d, 0x85, 0x78, 0x6b, 0x6b, 0x65, 0x5e, 0x5e, 0x57, 0x53, 0x4c, 0x46, 0x3a, 0x2f, 0x24, 0x11, 0x81, 0xce, 0xcf, 0xd0, 0xd1, 0xd1, 0xd2, 0xd2, 0xd2, 0xd3, 0xd3, 0xd3, 0xd4, 0xd3, 0xd4, 0xd4, 0xd4, 0xd4, 0xd4, 0xd4, 0xd4, 0xd4, 0xd4, 0xd4, 0xd4, 0xd4, 0xd4, 0xd4, 0xd4, 0xd4, 0xd4, 0xd4, 0xd4, 0xd4, 
  0xd4, 0xd4, 0xd4, 0xd4, 0xd4, 0xd4, 0xd4, 0xd4, 0xd4, 0xd4, 0xd4, 0xd4, 0xd4, 0xd4, 0xd4, 0xd4, 0xd4, 0xd4, 0xd4, 0xd4, 0xd4, 0xd4, 0xd4, 0xd4, 0xd4, 0xd3, 0xd4, 0xd3, 0xd3, 0xd2, 0xd2, 0xd1, 0xd1, 0xd0, 0xaa, 0xf7, 0x3d, 0x45, 0x50, 0x5d, 0x67, 0x75, 0x75, 0xff, 0xff, 0x94, 0x94, 0x94, 0x99, 0x9e, 0x9e, 0xa3, 0xa9, 0xa9, 0xad, 0xad, 0xb2, 0xb7, 0xb7, 0xbb, 0xbb, 0xbf, 0xbf, 0xbf, 0xc2, 0xc2, 0xc5, 0xc5, 0xc9, 0xc5, 0xc9, 0xc9, 0xc9, 0xc9, 0xca, 0xcb, 0xc9, 0xcb, 0xcb, 0xcb, 0xcb, 0xcb, 0xcb, 0xcb, 0xcb, 0xcb, 0xcb, 0xcb, 0xcb, 0xcb, 0xcb, 0xcb, 0xcb, 0xcb, 0xcb, 0xcb, 0xca, 0xcb, 0xc6, 0xc6, 0xc7, 0xc4, 0xc4, 0xc1, 0xc0, 0xbc, 0xb9, 0xb9, 0xb4, 0xb0, 0xaf, 0xab, 0xaf, 0xab, 0xab, 0xac, 0xab, 0xb0, 0xb0, 0xb4, 0xb4, 0xb4, 0xb5, 0xb9, 0xba, 0xba, 0xb9, 0xba, 0xb5, 0xba, 0xb5, 0xb5, 0xb5, 0xb1, 0xb1, 0xab, 0xae, 0xa7, 0xa8, 0xa4, 0xa4, 0xa0, 0xa0, 0x9b, 0x9b, 0x96, 0x95, 0x91, 0x8d, 0x8d, 0x85, 0x77, 0x77, 0x6b, 0x65, 0x5e, 0x5e, 0x53, 0x57, 0x49, 0x49, 0x41, 0x2f, 0x29, 0x1c, 0x93, 0xcc, 0xce, 0xd0, 0xd0, 0xd2, 0xd2, 0xd2, 0xd3, 0xd3, 0xd3, 0xd3, 0xd4, 0xd3, 0xd4, 0xd4, 0xd4, 0xd4, 0xd4, 0xd4, 0xd4, 0xd4, 0xd4, 0xd4, 0xd4, 0xd4, 0xd4, 0xd4, 0xd4, 0xd4, 0xd4, 0xd4, 0xd4, 0xd4, 0xd4, 
  0xd4, 0xd4, 0xd4, 0xd4, 0xd4, 0xd4, 0xd4, 0xd4, 0xd4, 0xd4, 0xd4, 0xd4, 0xd4, 0xd4, 0xd4, 0xd4, 0xd4, 0xd4, 0xd4, 0xd4, 0xd4, 0xd4, 0xd4, 0xd4, 0xd3, 0xd4, 0xd3, 0xd3, 0xd3, 0xd3, 0xd2, 0xd2, 0xd1, 0xd0, 0xd0, 0xb6, 0xf7, 0x3d, 0x48, 0x50, 0x5d, 0x67, 0x75, 0x75, 0xff, 0xff, 0x94, 0x94, 0x99, 0x99, 0x9e, 0xa3, 0xa3, 0xa9, 0xad, 0xad, 0xb2, 0xb2, 0xb7, 0xb7, 0xb7, 0xbb, 0xbf, 0xbf, 0xc2, 0xc2, 0xc2, 0xc5, 0xc5, 0xc5, 0xc6, 0xc9, 0xc9, 0xc9, 0xc9, 0xc9, 0xcb, 0xcb, 0xcb, 0xcb, 0xcb, 0xcb, 0xcb, 0xcb, 0xcb, 0xcb, 0xcb, 0xcb, 0xcb, 0xcb, 0xcb, 0xcb, 0xcb, 0xcb, 0xcb, 0xcb, 0xcb, 0xca, 0xca, 0xc6, 0xc7, 0xc7, 0xc4, 0xc1, 0xc0, 0xbc, 0xbc, 0xb9, 0xb9, 0xb4, 0xb4, 0xb4, 0xb0, 0xb4, 0xaf, 0xb0, 0xb4, 0xb0, 0xb4, 0xb5, 0xb4, 0xb5, 0xb9, 0xb5, 0xba, 0xb5, 0xba, 0xb5, 0xba, 0xb5, 0xb5, 0xb5, 0xb5, 0xb1, 0xb0, 0xab, 0xa7, 0xa7, 0xa4, 0xa4, 0xa0, 0xa0, 0x9b, 0x9b, 0x95, 0x8f, 0x91, 0x91, 0x8d, 0x85, 0x78, 0x77, 0x6b, 0x65, 0x5e, 0x57, 0x57, 0x57, 0x49, 0x43, 0x40, 0x2f, 0x2c, 0x24, 0x81, 0xce, 0xce, 0xcf, 0xd0, 0xd1, 0xd2, 0xd2, 0xd3, 0xd3, 0xd3, 0xd3, 0xd4, 0xd3, 0xd4, 0xd4, 0xd4, 0xd4, 0xd4, 0xd4, 0xd4, 0xd4, 0xd4, 0xd4, 0xd4, 0xd4, 0xd4, 0xd4, 0xd4, 0xd4, 0xd4, 0xd4, 0xd4, 0xd4, 0xd4, 0xd4, 
  0xd4, 0xd4, 0xd4, 0xd4, 0xd4, 0xd4, 0xd4, 0xd4, 0xd4, 0xd4, 0xd4, 0xd4, 0xd4, 0xd4, 0xd4, 0xd4, 0xd4, 0xd4, 0xd4, 0xd4, 0xd4, 0xd4, 0xd4, 0xd4, 0xd4, 0xd4, 0xd3, 0xd4, 0xd3, 0xd3, 0xd3, 0xd2, 0xd2, 0xd1, 0xd1, 0xd1, 0xb6, 0x52, 0x3d, 0x50, 0x50, 0x5d, 0x67, 0x75, 0x75, 0xff, 0xff, 0x94, 0x94, 0x99, 0x99, 0x9e, 0xa3, 0xa3, 0xa9, 0xa9, 0xad, 0xb2, 0xb2, 0xb2, 0xbb, 0xb7, 0xbf, 0xbb, 0xbf, 0xc2, 0xc2, 0xc5, 0xc5, 0xc5, 0xc5, 0xc9, 0xc6, 0xc9, 0xc9, 0xcb, 0xc9, 0xcb, 0xcb, 0xcb, 0xcb, 0xcb, 0xcb, 0xcb, 0xcb, 0xcb, 0xcb, 0xcb, 0xcb, 0xcb, 0xcb, 0xcb, 0xcb, 0xcb, 0xcb, 0xcb, 0xca, 0xca, 0xca, 0xca, 0xc7, 0xc7, 0xc3, 0xc4, 0xc1, 0xc0, 0xc0, 0xbd, 0xbd, 0xb9, 0xb9, 0xb4, 0xb9, 0xb4, 0xb5, 0xb4, 0xb4, 0xb4, 0xb5, 0xb4, 0xb5, 0xb9, 0xb5, 0xb9, 0xba, 0xb9, 0xb5, 0xba, 0xb5, 0xb5, 0xb5, 0xb1, 0xb1, 0xab, 0xab, 0xa7, 0xa7, 0xa4, 0xa4, 0xa0, 0xa0, 0x9b, 0x9b, 0x96, 0x95, 0x91, 0x91, 0x8d, 0x85, 0x77, 0x77, 0x6b, 0x6b, 0x5e, 0x5e, 0x57, 0x57, 0x49, 0x43, 0x37, 0x2f, 0x2c, 0x2d, 0x93, 0xce, 0xcf, 0xcf, 0xd1, 0xd1, 0xd2, 0xd2, 0xd3, 0xd3, 0xd3, 0xd3, 0xd4, 0xd3, 0xd4, 0xd4, 0xd4, 0xd4, 0xd4, 0xd4, 0xd4, 0xd4, 0xd4, 0xd4, 0xd4, 0xd4, 0xd4, 0xd4, 0xd4, 0xd4, 0xd4, 0xd4, 0xd4, 0xd4, 0xd4, 0xd4, 0xd4, 
  0xd4, 0xd4, 0xd4, 0xd4, 0xd4, 0xd4, 0xd4, 0xd4, 0xd4, 0xd4, 0xd4, 0xd4, 0xd4, 0xd4, 0xd4, 0xd4, 0xd4, 0xd4, 0xd4, 0xd4, 0xd4, 0xd4, 0xd4, 0xd4, 0xd4, 0xd4, 0xd4, 0xd4, 0xd3, 0xd3, 0xd3, 0xd3, 0xd3, 0xd2, 0xd2, 0xd1, 0xd1, 0xbe, 0x52, 0x3d, 0x48, 0x50, 0x5d, 0x67, 0x75, 0x75, 0xff, 0xff, 0x94, 0x94, 0x99, 0x99, 0x9e, 0xa3, 0xa3, 0xa9, 0xa9, 0xad, 0xb2, 0xb2, 0xb7, 0xb7, 0xb7, 0xbf, 0xbf, 0xbf, 0xbf, 0xc2, 0xc2, 0xc5, 0xc5, 0xc9, 0xc5, 0xc9, 0xc9, 0xc9, 0xc9, 0xcb, 0xc9, 0xcb, 0xcb, 0xcb, 0xcb, 0xcb, 0xcb, 0xcb, 0xcb, 0xcb, 0xcb, 0xcb, 0xcb, 0xcb, 0xcb, 0xcb, 0xcb, 0xcb, 0xcb, 0xca, 0xca, 0xc6, 0xca, 0xc6, 0xc7, 0xc4, 0xc4, 0xc1, 0xc0, 0xc0, 0xbc, 0xbd, 0xbd, 0xb9, 0xb9, 0xb4, 0xb9, 0xb4, 0xb9, 0xb5, 0xb9, 0xb5, 0xb9, 0xb5, 0xba, 0xba, 0xb5, 0xba, 0xb5, 0xb5, 0xb5, 0xb5, 0xb1, 0xb1, 0xb1, 0xab, 0xa7, 0xa7, 0xa4, 0xa4, 0xa0, 0xa0, 0x9b, 0x95, 0x95, 0x96, 0x8f, 0x8d, 0x8d, 0x85, 0x78, 0x77, 0x6b, 0x65, 0x5e, 0x5e, 0x57, 0x57, 0x4c, 0x46, 0x3a, 0x2f, 0x29, 0x2d, 0x9f, 0xcf, 0xd0, 0xd0, 0xd0, 0xd1, 0xd1, 0xd2, 0xd2, 0xd3, 0xd3, 0xd3, 0xd4, 0xd3, 0xd4, 0xd3, 0xd4, 0xd4, 0xd4, 0xd4, 0xd4, 0xd4, 0xd4, 0xd4, 0xd4, 0xd4, 0xd4, 0xd4, 0xd4, 0xd4, 0xd4, 0xd4, 0xd4, 0xd4, 0xd4, 0xd4, 0xd4, 0xd4, 
  0xd4, 0xd4, 0xd4, 0xd4, 0xd4, 0xd4, 0xd4, 0xd4, 0xd4, 0xd4, 0xd4, 0xd4, 0xd4, 0xd4, 0xd4, 0xd4, 0xd4, 0xd4, 0xd4, 0xd4, 0xd4, 0xd4, 0xd4, 0xd4, 0xd4, 0xd4, 0xd4, 0xd3, 0xd4, 0xd3, 0xd3, 0xd3, 0xd3, 0xd2, 0xd2, 0xd2, 0xd1, 0xd0, 0xcc, 0xf8, 0x3d, 0x48, 0x5d, 0x5d, 0x67, 0x75, 0x7e, 0xff, 0x94, 0x94, 0x99, 0x99, 0x99, 0x9e, 0xa3, 0xa3, 0xa9, 0xa9, 0xad, 0xb2, 0xb2, 0xb7, 0xb7, 0xbb, 0xbb, 0xbf, 0xbf, 0xc2, 0xc2, 0xc5, 0xc5, 0xc5, 0xc5, 0xc9, 0xc9, 0xc9, 0xc9, 0xc9, 0xcb, 0xc9, 0xcb, 0xcb, 0xcb, 0xcb, 0xcb, 0xcb, 0xcb, 0xcb, 0xcb, 0xcb, 0xcb, 0xcb, 0xcb, 0xcb, 0xcb, 0xcb, 0xcb, 0xca, 0xca, 0xca, 0xca, 0xc7, 0xc6, 0xc7, 0xc4, 0xc4, 0xc0, 0xc1, 0xc0, 0xc0, 0xbd, 0xbd, 0xb9, 0xba, 0xb9, 0xba, 0xb9, 0xba, 0xb9, 0xb5, 0xba, 0xb5, 0xba, 0xb5, 0xba, 0xb5, 0xb5, 0xb5, 0xb5, 0xb1, 0xb1, 0xb1, 0xab, 0xa7, 0xa7, 0xa4, 0xa4, 0xa0, 0xa0, 0x9b, 0x9b, 0x95, 0x96, 0x8f, 0x8d, 0x8d, 0x89, 0x78, 0x77, 0x77, 0x6b, 0x61, 0x5e, 0x57, 0x57, 0x4c, 0x46, 0x3a, 0x2c, 0x24, 0x25, 0xb6, 0xce, 0xd0, 0xd0, 0xd1, 0xd2, 0xd2, 0xd2, 0xd3, 0xd3, 0xd3, 0xd3, 0xd3, 0xd3, 0xd4, 0xd3, 0xd4, 0xd4, 0xd4, 0xd4, 0xd4, 0xd4, 0xd4, 0xd4, 0xd4, 0xd4, 0xd4, 0xd4, 0xd4, 0xd4, 0xd4, 0xd4, 0xd4, 0xd4, 0xd4, 0xd4, 0xd4, 0xd4, 0xd4, 
  0xd4, 0xd4, 0xd4, 0xd4, 0xd4, 0xd4, 0xd4, 0xd4, 0xd4, 0xd4, 0xd4, 0xd4, 0xd4, 0xd4, 0xd4, 0xd4, 0xd4, 0xd4, 0xd4, 0xd4, 0xd4, 0xd4, 0xd4, 0xd4, 0xd4, 0xd4, 0xd4, 0xd4, 0xd4, 0xd4, 0xd4, 0xd3, 0xd3, 0xd3, 0xd2, 0xd2, 0xd1, 0xd1, 0xd0, 0xb6, 0x5c, 0x3d, 0x48, 0x50, 0x5d, 0x67, 0x75, 0xfe, 0xff, 0xff, 0x94, 0x94, 0x99, 0x99, 0x9e, 0xa3, 0xa3, 0xa9, 0xa9, 0xad, 0xb2, 0xb2, 0xb7, 0xb7, 0xbb, 0xbb, 0xbf, 0xbf, 0xc2, 0xc2, 0xc5, 0xc5, 0xc5, 0xc5, 0xc9, 0xc9, 0xc9, 0xc9, 0xc9, 0xcb, 0xc9, 0xcb, 0xcb, 0xcb, 0xcb, 0xcb, 0xcb, 0xcb, 0xcb, 0xcb, 0xcb, 0xcb, 0xcb, 0xcb, 0xcb, 0xcb, 0xcb, 0xca, 0xcb, 0xca, 0xca, 0xca, 0xc7, 0xc7, 0xc7, 0xc4, 0xc4, 0xc4, 0xc1, 0xc0, 0xc0, 0xbc, 0xbd, 0xbd, 0xba, 0xb9, 0xba, 0xba, 0xb9, 0xba, 0xb9, 0xba, 0xb4, 0xba, 0xb5, 0xb5, 0xb5, 0xb5, 0xb1, 0xb1, 0xb1, 0xab, 0xa7, 0xa7, 0xa4, 0xa4, 0xa0, 0xa0, 0x9b, 0x9b, 0x95, 0x96, 0x91, 0x91, 0x8d, 0x85, 0x78, 0x78, 0x6b, 0x6b, 0x61, 0x5e, 0x57, 0x53, 0x4c, 0x49, 0x3a, 0x33, 0x24, 0x32, 0x9f, 0xce, 0xcf, 0xd0, 0xd1, 0xd2, 0xd2, 0xd2, 0xd2, 0xd3, 0xd3, 0xd3, 0xd4, 0xd3, 0xd4, 0xd4, 0xd4, 0xd4, 0xd4, 0xd4, 0xd4, 0xd4, 0xd4, 0xd4, 0xd4, 0xd4, 0xd4, 0xd4, 0xd4, 0xd4, 0xd4, 0xd4, 0xd4, 0xd4, 0xd4, 0xd4, 0xd4, 0xd4, 0xd4, 0xd4, 
  0xd4, 0xd4, 0xd4, 0xd4, 0xd4, 0xd4, 0xd4, 0xd4, 0xd4, 0xd4, 0xd4, 0xd4, 0xd4, 0xd4, 0xd4, 0xd4, 0xd4, 0xd4, 0xd4, 0xd4, 0xd4, 0xd4, 0xd4, 0xd4, 0xd4, 0xd4, 0xd4, 0xd4, 0xd4, 0xd4, 0xd3, 0xd4, 0xd3, 0xd3, 0xd3, 0xd3, 0xd2, 0xd1, 0xd1, 0xd0, 0xcc, 0x52, 0x3d, 0x48, 0x50, 0x5d, 0x67, 0x75, 0xfe, 0xff, 0xff, 0x94, 0x94, 0x99, 0x99, 0x9e, 0x9e, 0xa3, 0xa9, 0xa9, 0xb2, 0xb2, 0xb2, 0xb7, 0xb7, 0xbb, 0xbb, 0xbf, 0xbf, 0xc2, 0xc2, 0xc5, 0xc5, 0xc5, 0xc5, 0xc9, 0xc9, 0xc9, 0xc9, 0xc9, 0xc9, 0xcb, 0xc9, 0xcb, 0xcb, 0xcb, 0xcb, 0xcb, 0xcb, 0xcb, 0xcb, 0xcb, 0xcb, 0xcb, 0xcb, 0xcb, 0xcb, 0xca, 0xcb, 0xca, 0xca, 0xc7, 0xca, 0xc7, 0xc7, 0xc4, 0xc4, 0xc4, 0xc4, 0xc0, 0xc0, 0xc0, 0xbd, 0xbd, 0xbd, 0xba, 0xbd, 0xb9, 0xba, 0xb9, 0xba, 0xba, 0xb5, 0xb5, 0xb5, 0xb5, 0xb5, 0xb1, 0xb1, 0xab, 0xab, 0xae, 0xa7, 0xa4, 0xa4, 0xa4, 0xa0, 0xa0, 0x9b, 0x95, 0x95, 0x91, 0x91, 0x8d, 0x89, 0x78, 0x77, 0x6b, 0x6b, 0x61, 0x5e, 0x5e, 0x55, 0x49, 0x43, 0x40, 0x3a, 0x29, 0x32, 0xc8, 0xce, 0xcf, 0xcf, 0xd1, 0xd1, 0xd2, 0xd2, 0xd3, 0xd3, 0xd3, 0xd3, 0xd3, 0xd3, 0xd4, 0xd3, 0xd4, 0xd3, 0xd4, 0xd4, 0xd4, 0xd4, 0xd4, 0xd4, 0xd4, 0xd4, 0xd4, 0xd4, 0xd4, 0xd4, 0xd4, 0xd4, 0xd4, 0xd4, 0xd4, 0xd4, 0xd4, 0xd4, 0xd4, 0xd4, 0xd4, 
  0xd4, 0xd4, 0xd4, 0xd4, 0xd4, 0xd4, 0xd4, 0xd4, 0xd4, 0xd4, 0xd4, 0xd4, 0xd4, 0xd4, 0xd4, 0xd4, 0xd4, 0xd4, 0xd4, 0xd4, 0xd4, 0xd4, 0xd4, 0xd4, 0xd4, 0xd4, 0xd4, 0xd4, 0xd4, 0xd4, 0xd4, 0xd3, 0xd4, 0xd3, 0xd3, 0xd3, 0xd2, 0xd2, 0xd1, 0xd1, 0xd0, 0xd0, 0x52, 0x3d, 0x48, 0x50, 0x5d, 0x67, 0x75, 0x75, 0xfe, 0xff, 0x94, 0x94, 0x99, 0x99, 0x9e, 0xa3, 0xa3, 0xa9, 0xa9, 0xad, 0xad, 0xb2, 0xb7, 0xb7, 0xbb, 0xbb, 0xbf, 0xbf, 0xc2, 0xc2, 0xc2, 0xc5, 0xc5, 0xc5, 0xc5, 0xc9, 0xc9, 0xc9, 0xc9, 0xca, 0xc9, 0xcb, 0xcb, 0xcb, 0xcb, 0xcb, 0xcb, 0xcb, 0xcb, 0xcb, 0xcb, 0xcb, 0xcb, 0xcb, 0xcb, 0xcb, 0xcb, 0xca, 0xca, 0xca, 0xc7, 0xc7, 0xc7, 0xc7, 0xc7, 0xc4, 0xc4, 0xc1, 0xc0, 0xc0, 0xc0, 0xbd, 0xbd, 0xbd, 0xba, 0xba, 0xba, 0xba, 0xba, 0xba, 0xba, 0xb5, 0xb5, 0xb5, 0xb1, 0xb1, 0xb1, 0xae, 0xab, 0xa7, 0xa8, 0xa4, 0xa0, 0xa0, 0x9b, 0x9b, 0x95, 0x96, 0x91, 0x91, 0x8d, 0x85, 0x78, 0x78, 0x6b, 0x6b, 0x61, 0x5e, 0x57, 0x55, 0x49, 0x41, 0x3a, 0x33, 0x2c, 0x42, 0xcc, 0xce, 0xcf, 0xcf, 0xd1, 0xd1, 0xd2, 0xd2, 0xd3, 0xd3, 0xd3, 0xd3, 0xd3, 0xd4, 0xd3, 0xd4, 0xd4, 0xd4, 0xd4, 0xd4, 0xd4, 0xd4, 0xd4, 0xd4, 0xd4, 0xd4, 0xd4, 0xd4, 0xd4, 0xd4, 0xd4, 0xd4, 0xd4, 0xd4, 0xd4, 0xd4, 0xd4, 0xd4, 0xd4, 0xd4, 0xd4, 0xd4, 
  0xd4, 0xd4, 0xd4, 0xd4, 0xd4, 0xd4, 0xd4, 0xd4, 0xd4, 0xd4, 0xd4, 0xd4, 0xd4, 0xd4, 0xd4, 0xd4, 0xd4, 0xd4, 0xd4, 0xd4, 0xd4, 0xd4, 0xd4, 0xd4, 0xd4, 0xd4, 0xd4, 0xd4, 0xd4, 0xd4, 0xd4, 0xd4, 0xd3, 0xd4, 0xd3, 0xd3, 0xd3, 0xd2, 0xd2, 0xd2, 0xd1, 0xd1, 0xcd, 0x66, 0x45, 0x48, 0x50, 0x5d, 0x67, 0x75, 0x75, 0xff, 0xff, 0xff, 0x94, 0x99, 0x99, 0x9e, 0xa3, 0xa3, 0xa9, 0xa9, 0xad, 0xb2, 0xb2, 0xb2, 0xb7, 0xbb, 0xbb, 0xbf, 0xbf, 0xc2, 0xc2, 0xc2, 0xc5, 0xc5, 0xc6, 0xc5, 0xc9, 0xc9, 0xc9, 0xc9, 0xc9, 0xc9, 0xcb, 0xcb, 0xcb, 0xcb, 0xcb, 0xcb, 0xcb, 0xcb, 0xcb, 0xcb, 0xcb, 0xcb, 0xca, 0xcb, 0xca, 0xcb, 0xca, 0xca, 0xc7, 0xc7, 0xc7, 0xc7, 0xc4, 0xc4, 0xc4, 0xc0, 0xc0, 0xc0, 0xc0, 0xbd, 0xbd, 0xbd, 0xbd, 0xba, 0xbd, 0xb9, 0xba, 0xb5, 0xb5, 0xb5, 0xb1, 0xb1, 0xb1, 0xab, 0xab, 0xab, 0xa7, 0xa7, 0xa4, 0xa4, 0xa0, 0xa0, 0x9b, 0x95, 0x96, 0x8f, 0x8d, 0x8d, 0x85, 0x82, 0x77, 0x6b, 0x6b, 0x61, 0x5e, 0x57, 0x57, 0x4c, 0x43, 0x3a, 0x2f, 0x29, 0x58, 0xbe, 0xcf, 0xcf, 0xd0, 0xd1, 0xd1, 0xd2, 0xd2, 0xd2, 0xd3, 0xd3, 0xd3, 0xd4, 0xd3, 0xd4, 0xd4, 0xd4, 0xd4, 0xd4, 0xd4, 0xd4, 0xd4, 0xd4, 0xd4, 0xd4, 0xd4, 0xd4, 0xd4, 0xd4, 0xd4, 0xd4, 0xd4, 0xd4, 0xd4, 0xd4, 0xd4, 0xd4, 0xd4, 0xd4, 0xd4, 0xd4, 0xd4, 0xd4, 
  0xd4, 0xd4, 0xd4, 0xd4, 0xd4, 0xd4, 0xd4, 0xd4, 0xd4, 0xd4, 0xd4, 0xd4, 0xd4, 0xd4, 0xd4, 0xd4, 0xd4, 0xd4, 0xd4, 0xd4, 0xd4, 0xd4, 0xd4, 0xd4, 0xd4, 0xd4, 0xd4, 0xd4, 0xd4, 0xd4, 0xd4, 0xd4, 0xd4, 0xd3, 0xd4, 0xd3, 0xd3, 0xd3, 0xd2, 0xd2, 0xd2, 0xd1, 0xd0, 0xd0, 0x81, 0x45, 0x45, 0x50, 0x50, 0x67, 0x67, 0x75, 0xfe, 0xff, 0xff, 0x94, 0x99, 0x99, 0x9e, 0xa3, 0xa3, 0xa9, 0xa9, 0xa9, 0xb2, 0xb2, 0xb7, 0xb7, 0xbb, 0xbb, 0xbf, 0xbf, 0xc2, 0xc2, 0xc2, 0xc2, 0xc5, 0xc5, 0xc5, 0xc9, 0xc9, 0xc9, 0xc9, 0xc9, 0xcb, 0xc9, 0xcb, 0xcb, 0xcb, 0xcb, 0xcb, 0xcb, 0xcb, 0xcb, 0xcb, 0xcb, 0xcb, 0xcb, 0xcb, 0xca, 0xca, 0xca, 0xc6, 0xc7, 0xc7, 0xc7, 0xc7, 0xc4, 0xc4, 0xc4, 0xc0, 0xc0, 0xbd, 0xc0, 0xbd, 0xbd, 0xbd, 0xba, 0xba, 0xba, 0xba, 0xb5, 0xb5, 0xb5, 0xb1, 0xb1, 0xab, 0xae, 0xab, 0xa7, 0xa7, 0xa4, 0xa4, 0xa0, 0x9b, 0x9b, 0x95, 0x96, 0x8f, 0x8d, 0x8d, 0x85, 0x78, 0x78, 0x77, 0x6b, 0x61, 0x5e, 0x5e, 0x57, 0x4c, 0x40, 0x3a, 0x2f, 0x29, 0x42, 0xce, 0xcf, 0xd0, 0xd0, 0xd1, 0xd1, 0xd2, 0xd2, 0xd2, 0xd3, 0xd3, 0xd3, 0xd3, 0xd3, 0xd4, 0xd4, 0xd4, 0xd4, 0xd4, 0xd4, 0xd4, 0xd4, 0xd4, 0xd4, 0xd4, 0xd4, 0xd4, 0xd4, 0xd4, 0xd4, 0xd4, 0xd4, 0xd4, 0xd4, 0xd4, 0xd4, 0xd4, 0xd4, 0xd4, 0xd4, 0xd4, 0xd4, 0xd4, 0xd4, 
  0xd4, 0xd4, 0xd4, 0xd4, 0xd4, 0xd4, 0xd4, 0xd4, 0xd4, 0xd4, 0xd4, 0xd4, 0xd4, 0xd4, 0xd4, 0xd4, 0xd4, 0xd4, 0xd4, 0xd4, 0xd4, 0xd4, 0xd4, 0xd4, 0xd4, 0xd4, 0xd4, 0xd4, 0xd4, 0xd4, 0xd4, 0xd4, 0xd4, 0xd4, 0xd3, 0xd4, 0xd3, 0xd3, 0xd3, 0xd2, 0xd2, 0xd2, 0xd2, 0xd1, 0xd0, 0x9f, 0xf9, 0x45, 0x50, 0x50, 0x67, 0x67, 0x75, 0x75, 0xff, 0xff, 0x94, 0x99, 0x99, 0x9e, 0x9e, 0xa3, 0xa3, 0xa9, 0xad, 0xad, 0xb2, 0xb7, 0xb7, 0xb7, 0xbb, 0xbb, 0xbf, 0xbf, 0xc2, 0xc2, 0xc5, 0xc5, 0xc5, 0xc5, 0xc5, 0xc9, 0xc6, 0xc9, 0xc9, 0xcb, 0xc9, 0xcb, 0xcb, 0xcb, 0xcb, 0xcb, 0xcb, 0xca, 0xcb, 0xca, 0xcb, 0xca, 0xca, 0xca, 0xca, 0xc7, 0xca, 0xc7, 0xc7, 0xc7, 0xc7, 0xc4, 0xc4, 0xc0, 0xc0, 0xc0, 0xc0, 0xbd, 0xbd, 0xbd, 0xbd, 0xbd, 0xba, 0xb9, 0xb5, 0xb5, 0xb5, 0xb1, 0xb1, 0xab, 0xae, 0xa7, 0xa7, 0xa8, 0xa4, 0xa4, 0xa0, 0x9b, 0x9b, 0x95, 0x96, 0x8f, 0x8d, 0x8d, 0x85, 0x82, 0x78, 0x77, 0x6b, 0x61, 0x65, 0x57, 0x55, 0x49, 0x41, 0x3a, 0x2c, 0x2a, 0x71, 0xce, 0xcf, 0xcf, 0xd1, 0xd1, 0xd2, 0xd2, 0xd2, 0xd3, 0xd3, 0xd3, 0xd3, 0xd4, 0xd3, 0xd4, 0xd3, 0xd4, 0xd4, 0xd4, 0xd4, 0xd4, 0xd4, 0xd4, 0xd4, 0xd4, 0xd4, 0xd4, 0xd4, 0xd4, 0xd4, 0xd4, 0xd4, 0xd4, 0xd4, 0xd4, 0xd4, 0xd4, 0xd4, 0xd4, 0xd4, 0xd4, 0xd4, 0xd4, 0xd4, 0xd4, 
  0xd4, 0xd4, 0xd4, 0xd4, 0xd4, 0xd4, 0xd4, 0xd4, 0xd4, 0xd4, 0xd4, 0xd4, 0xd4, 0xd4, 0xd4, 0xd4, 0xd4, 0xd4, 0xd4, 0xd4, 0xd4, 0xd4, 0xd4, 0xd4, 0xd4, 0xd4, 0xd4, 0xd4, 0xd4, 0xd4, 0xd4, 0xd4, 0xd4, 0xd4, 0xd4, 0xd4, 0xd3, 0xd4, 0xd3, 0xd3, 0xd3, 0xd2, 0xd2, 0xd2, 0xd1, 0xd0, 0x9f, 0xf9, 0x45, 0x50, 0x50, 0x5d, 0x67, 0x75, 0xfe, 0xff, 0xff, 0x94, 0x99, 0x99, 0x9e, 0x9e, 0xa3, 0xa3, 0xa9, 0xad, 0xb2, 0xb2, 0xb2, 0xb7, 0xb7, 0xbb, 0xbf, 0xbf, 0xbf, 0xc2, 0xc2, 0xc2, 0xc5, 0xc5, 0xc5, 0xc5, 0xc9, 0xc9, 0xc9, 0xc9, 0xc9, 0xcb, 0xc9, 0xcb, 0xca, 0xcb, 0xca, 0xcb, 0xca, 0xcb, 0xca, 0xcb, 0xca, 0xca, 0xca, 0xca, 0xc7, 0xc7, 0xc7, 0xc7, 0xc4, 0xc4, 0xc4, 0xc4, 0xc0, 0xc0, 0xbd, 0xc0, 0xbd, 0xbd, 0xbd, 0xba, 0xba, 0xba, 0xb5, 0xb5, 0xb1, 0xb0, 0xb0, 0xab, 0xa7, 0xa7, 0xa7, 0xa4, 0xa4, 0xa0, 0xa0, 0x9b, 0x95, 0x96, 0x8f, 0x91, 0x8d, 0x85, 0x78, 0x78, 0x77, 0x6e, 0x6b, 0x61, 0x61, 0x57, 0x4c, 0x41, 0x3a, 0x29, 0x2a, 0x71, 0xce, 0xcf, 0xcf, 0xd0, 0xd1, 0xd2, 0xd2, 0xd2, 0xd3, 0xd3, 0xd3, 0xd3, 0xd3, 0xd4, 0xd3, 0xd4, 0xd4, 0xd4, 0xd4, 0xd4, 0xd4, 0xd4, 0xd4, 0xd4, 0xd4, 0xd4, 0xd4, 0xd4, 0xd4, 0xd4, 0xd4, 0xd4, 0xd4, 0xd4, 0xd4, 0xd4, 0xd4, 0xd4, 0xd4, 0xd4, 0xd4, 0xd4, 0xd4, 0xd4, 0xd4, 0xd4, 
  0xd4, 0xd4, 0xd4, 0xd4, 0xd4, 0xd4, 0xd4, 0xd4, 0xd4, 0xd4, 0xd4, 0xd4, 0xd4, 0xd4, 0xd4, 0xd4, 0xd4, 0xd4, 0xd4, 0xd4, 0xd4, 0xd4, 0xd4, 0xd4, 0xd4, 0xd4, 0xd4, 0xd4, 0xd4, 0xd4, 0xd4, 0xd4, 0xd4, 0xd4, 0xd4, 0xd4, 0xd4, 0xd3, 0xd4, 0xd3, 0xd3, 0xd3, 0xd2, 0xd2, 0xd1, 0xd1, 0xd0, 0xcc, 0xf8, 0x3d, 0x45, 0x50, 0x5d, 0x67, 0x75, 0x75, 0xff, 0xff, 0x94, 0x94, 0x99, 0x99, 0x9e, 0xa3, 0xa3, 0xa9, 0xa9, 0xad, 0xb2, 0xb2, 0xb7, 0xb7, 0xbb, 0xbb, 0xbf, 0xbf, 0xc2, 0xc2, 0xc2, 0xc2, 0xc5, 0xc5, 0xc5, 0xc9, 0xc9, 0xc9, 0xc9, 0xc9, 0xc9, 0xc9, 0xc9, 0xcb, 0xc9, 0xcb, 0xca, 0xca, 0xca, 0xca, 0xc9, 0xca, 0xca, 0xc7, 0xca, 0xc7, 0xc7, 0xc7, 0xc4, 0xc4, 0xc4, 0xc0, 0xc0, 0xc0, 0xbd, 0xbd, 0xbd, 0xbd, 0xba, 0xbd, 0xba, 0xb5, 0xb5, 0xb1, 0xb1, 0xb0, 0xab, 0xa7, 0xa7, 0xa8, 0xa4, 0xa4, 0xa0, 0x9b, 0x9b, 0x95, 0x95, 0x91, 0x91, 0x8d, 0x85, 0x78, 0x78, 0x77, 0x6b, 0x6b, 0x61, 0x61, 0x55, 0x43, 0x41, 0x3a, 0x2c, 0x32, 0x9f, 0xce, 0xcf, 0xd0, 0xd1, 0xd1, 0xd1, 0xd2, 0xd2, 0xd3, 0xd3, 0xd3, 0xd3, 0xd4, 0xd3, 0xd4, 0xd4, 0xd4, 0xd4, 0xd4, 0xd4, 0xd4, 0xd4, 0xd4, 0xd4, 0xd4, 0xd4, 0xd4, 0xd4, 0xd4, 0xd4, 0xd4, 0xd4, 0xd4, 0xd4, 0xd4, 0xd4, 0xd4, 0xd4, 0xd4, 0xd4, 0xd4, 0xd4, 0xd4, 0xd4, 0xd4, 0xd4, 0xd4, 
  0xd4, 0xd4, 0xd4, 0xd4, 0xd4, 0xd4, 0xd4, 0xd4, 0xd4, 0xd4, 0xd4, 0xd4, 0xd4, 0xd4, 0xd4, 0xd4, 0xd4, 0xd4, 0xd4, 0xd4, 0xd4, 0xd4, 0xd4, 0xd4, 0xd4, 0xd4, 0xd4, 0xd4, 0xd4, 0xd4, 0xd4, 0xd4, 0xd4, 0xd4, 0xd4, 0xd4, 0xd3, 0xd4, 0xd3, 0xd4, 0xd3, 0xd3, 0xd3, 0xd2, 0xd2, 0xd1, 0xd1, 0xd0, 0xb6, 0x5c, 0x3d, 0x48, 0x50, 0x5d, 0x67, 0x75, 0x75, 0xff, 0xff, 0x94, 0x94, 0x99, 0x99, 0x9e, 0xa3, 0xa3, 0xa9, 0xa9, 0xad, 0xb2, 0xb2, 0xb7, 0xb7, 0xbb, 0xbb, 0xbf, 0xbf, 0xbf, 0xc2, 0xc2, 0xc2, 0xc5, 0xc5, 0xc5, 0xc9, 0xc5, 0xc9, 0xc9, 0xc9, 0xc9, 0xc9, 0xca, 0xc9, 0xca, 0xc9, 0xcb, 0xca, 0xc9, 0xca, 0xca, 0xc7, 0xca, 0xc7, 0xc7, 0xc7, 0xc4, 0xc4, 0xc4, 0xc4, 0xc0, 0xc0, 0xc0, 0xbd, 0xbd, 0xbd, 0xba, 0xba, 0xba, 0xb5, 0xba, 0xb1, 0xb1, 0xb1, 0xab, 0xa7, 0xa7, 0xa4, 0xa4, 0xa4, 0xa0, 0x9b, 0x9b, 0x9b, 0x8f, 0x96, 0x8d, 0x8d, 0x82, 0x82, 0x78, 0x77, 0x6e, 0x6b, 0x62, 0x5e, 0x55, 0x4c, 0x40, 0x33, 0x2c, 0x42, 0xaa, 0xce, 0xcf, 0xcf, 0xd0, 0xd1, 0xd2, 0xd2, 0xd2, 0xd3, 0xd3, 0xd3, 0xd3, 0xd4, 0xd3, 0xd4, 0xd4, 0xd3, 0xd4, 0xd4, 0xd4, 0xd4, 0xd4, 0xd4, 0xd4, 0xd4, 0xd4, 0xd4, 0xd4, 0xd4, 0xd4, 0xd4, 0xd4, 0xd4, 0xd4, 0xd4, 0xd4, 0xd4, 0xd4, 0xd4, 0xd4, 0xd4, 0xd4, 0xd4, 0xd4, 0xd4, 0xd4, 0xd4, 0xd4, 
  0xd4, 0xd4, 0xd4, 0xd4, 0xd4, 0xd4, 0xd4, 0xd4, 0xd4, 0xd4, 0xd4, 0xd4, 0xd4, 0xd4, 0xd4, 0xd4, 0xd4, 0xd4, 0xd4, 0xd4, 0xd4, 0xd4, 0xd4, 0xd4, 0xd4, 0xd4, 0xd4, 0xd4, 0xd4, 0xd4, 0xd4, 0xd4, 0xd4, 0xd4, 0xd4, 0xd4, 0xd4, 0xd4, 0xd4, 0xd3, 0xd4, 0xd3, 0xd3, 0xd3, 0xd2, 0xd2, 0xd1, 0xd1, 0xd0, 0xc8, 0x52, 0x3d, 0x45, 0x50, 0x5d, 0x67, 0x67, 0xfe, 0xfe, 0xff, 0x94, 0x94, 0x99, 0x99, 0x9e, 0x9e, 0xa3, 0xa9, 0xa9, 0xad, 0xb2, 0xb2, 0xb7, 0xb7, 0xb7, 0xbb, 0xbf, 0xbf, 0xbf, 0xc2, 0xc2, 0xc2, 0xc5, 0xc5, 0xc5, 0xc9, 0xc5, 0xc9, 0xc6, 0xc9, 0xc9, 0xc9, 0xca, 0xc9, 0xca, 0xc9, 0xc9, 0xca, 0xc6, 0xc6, 0xca, 0xc7, 0xc7, 0xc7, 0xc4, 0xc4, 0xc4, 0xc0, 0xc4, 0xc0, 0xc0, 0xbd, 0xbd, 0xbd, 0xba, 0xba, 0xba, 0xba, 0xb5, 0xb5, 0xb1, 0xb1, 0xab, 0xab, 0xa7, 0xa8, 0xa4, 0xa4, 0xa0, 0x9b, 0x9b, 0x95, 0x96, 0x91, 0x91, 0x8d, 0x85, 0x78, 0x78, 0x77, 0x6e, 0x6b, 0x62, 0x61, 0x55, 0x4c, 0x41, 0x33, 0x2f, 0x32, 0xc8, 0xce, 0xcf, 0xd0, 0xd0, 0xd1, 0xd2, 0xd2, 0xd2, 0xd3, 0xd3, 0xd3, 0xd3, 0xd4, 0xd3, 0xd4, 0xd4, 0xd4, 0xd4, 0xd4, 0xd4, 0xd4, 0xd4, 0xd4, 0xd4, 0xd4, 0xd4, 0xd4, 0xd4, 0xd4, 0xd4, 0xd4, 0xd4, 0xd4, 0xd4, 0xd4, 0xd4, 0xd4, 0xd4, 0xd4, 0xd4, 0xd4, 0xd4, 0xd4, 0xd4, 0xd4, 0xd4, 0xd4, 0xd4, 0xd4, 
  0xd4, 0xd4, 0xd4, 0xd4, 0xd4, 0xd4, 0xd4, 0xd4, 0xd4, 0xd4, 0xd4, 0xd4, 0xd4, 0xd4, 0xd4, 0xd4, 0xd4, 0xd4, 0xd4, 0xd4, 0xd4, 0xd4, 0xd4, 0xd4, 0xd4, 0xd4, 0xd4, 0xd4, 0xd4, 0xd4, 0xd4, 0xd4, 0xd4, 0xd4, 0xd4, 0xd4, 0xd4, 0xd4, 0xd3, 0xd4, 0xd3, 0xd4, 0xd3, 0xd3, 0xd3, 0xd2, 0xd2, 0xd1, 0xd0, 0xd1, 0xcc, 0x71, 0xf8, 0x45, 0x50, 0x50, 0x67, 0x75, 0x75, 0xfe, 0xff, 0xff, 0x94, 0x99, 0x99, 0x9e, 0x9e, 0xa3, 0xa9, 0xa9, 0xad, 0xad, 0xb2, 0xb2, 0xb7, 0xb7, 0xbb, 0xbb, 0xbf, 0xbf, 0xc2, 0xc2, 0xc2, 0xc5, 0xc5, 0xc5, 0xc5, 0xc5, 0xc5, 0xc5, 0xc5, 0xc9, 0xc9, 0xc9, 0xc9, 0xc9, 0xc9, 0xc6, 0xca, 0xc6, 0xc7, 0xc7, 0xc7, 0xc7, 0xc4, 0xc4, 0xc4, 0xc1, 0xc0, 0xc0, 0xc0, 0xbd, 0xbd, 0xbd, 0xba, 0xba, 0xb5, 0xb5, 0xb1, 0xb1, 0xb1, 0xab, 0xa7, 0xa7, 0xa4, 0xa4, 0xa4, 0xa0, 0x9b, 0x9b, 0x95, 0x95, 0x8f, 0x8d, 0x8d, 0x82, 0x78, 0x78, 0x77, 0x6e, 0x6b, 0x62, 0x61, 0x55, 0x43, 0x41, 0x3a, 0x29, 0x58, 0xc8, 0xcf, 0xcf, 0xd0, 0xd1, 0xd1, 0xd1, 0xd2, 0xd2, 0xd3, 0xd3, 0xd3, 0xd3, 0xd4, 0xd3, 0xd4, 0xd4, 0xd4, 0xd4, 0xd4, 0xd4, 0xd4, 0xd4, 0xd4, 0xd4, 0xd4, 0xd4, 0xd4, 0xd4, 0xd4, 0xd4, 0xd4, 0xd4, 0xd4, 0xd4, 0xd4, 0xd4, 0xd4, 0xd4, 0xd4, 0xd4, 0xd4, 0xd4, 0xd4, 0xd4, 0xd4, 0xd4, 0xd4, 0xd4, 0xd4, 0xd4, 
  0xd4, 0xd4, 0xd4, 0xd4, 0xd4, 0xd4, 0xd4, 0xd4, 0xd4, 0xd4, 0xd4, 0xd4, 0xd4, 0xd4, 0xd4, 0xd4, 0xd4, 0xd4, 0xd4, 0xd4, 0xd4, 0xd4, 0xd4, 0xd4, 0xd4, 0xd4, 0xd4, 0xd4, 0xd4, 0xd4, 0xd4, 0xd4, 0xd4, 0xd4, 0xd4, 0xd4, 0xd4, 0xd4, 0xd4, 0xd4, 0xd3, 0xd4, 0xd3, 0xd3, 0xd3, 0xd3, 0xd2, 0xd2, 0xd1, 0xd1, 0xd1, 0xcf, 0x92, 0x3d, 0x45, 0x50, 0x50, 0x5d, 0x67, 0x75, 0xfe, 0xff, 0xff, 0x94, 0x94, 0x99, 0x99, 0x9e, 0xa3, 0xa3, 0xa9, 0xad, 0xad, 0xb2, 0xb2, 0xb7, 0xb7, 0xbb, 0xbb, 0xbf, 0xbf, 0xbf, 0xc2, 0xc2, 0xc2, 0xc2, 0xc5, 0xc5, 0xc5, 0xc5, 0xc5, 0xc6, 0xc6, 0xc9, 0xc6, 0xc9, 0xc6, 0xc6, 0xc6, 0xc7, 0xc7, 0xc7, 0xc7, 0xc4, 0xc4, 0xc4, 0xc0, 0xc0, 0xc0, 0xbd, 0xbd, 0xbd, 0xba, 0xba, 0xba, 0xb5, 0xb5, 0xb1, 0xb1, 0xab, 0xab, 0xa7, 0xa7, 0xa8, 0xa4, 0xa4, 0xa0, 0x9b, 0x9b, 0x95, 0x8f, 0x91, 0x8d, 0x8d, 0x82, 0x78, 0x78, 0x6b, 0x6e, 0x6b, 0x62, 0x61, 0x55, 0x4c, 0x3a, 0x33, 0x2c, 0x71, 0xcc, 0xcf, 0xcf, 0xd0, 0xd1, 0xd1, 0xd2, 0xd2, 0xd3, 0xd3, 0xd3, 0xd3, 0xd3, 0xd4, 0xd3, 0xd4, 0xd3, 0xd4, 0xd4, 0xd4, 0xd4, 0xd4, 0xd4, 0xd4, 0xd4, 0xd4, 0xd4, 0xd4, 0xd4, 0xd4, 0xd4, 0xd4, 0xd4, 0xd4, 0xd4, 0xd4, 0xd4, 0xd4, 0xd4, 0xd4, 0xd4, 0xd4, 0xd4, 0xd4, 0xd4, 0xd4, 0xd4, 0xd4, 0xd4, 0xd4, 0xd4, 0xd4, 
  0xd4, 0xd4, 0xd4, 0xd4, 0xd4, 0xd4, 0xd4, 0xd4, 0xd4, 0xd4, 0xd4, 0xd4, 0xd4, 0xd4, 0xd4, 0xd4, 0xd4, 0xd4, 0xd4, 0xd4, 0xd4, 0xd4, 0xd4, 0xd4, 0xd4, 0xd4, 0xd4, 0xd4, 0xd4, 0xd4, 0xd4, 0xd4, 0xd4, 0xd4, 0xd4, 0xd4, 0xd4, 0xd4, 0xd4, 0xd4, 0xd4, 0xd4, 0xd3, 0xd4, 0xd3, 0xd3, 0xd3, 0xd2, 0xd2, 0xd2, 0xd1, 0xd1, 0xd0, 0xb6, 0x3d, 0x45, 0x50, 0x50, 0x5d, 0x67, 0x75, 0xfe, 0xfe, 0xff, 0xff, 0x94, 0x99, 0x9e, 0x9e, 0xa3, 0xa9, 0xa9, 0xad, 0xad, 0xb2, 0xb2, 0xb7, 0xb7, 0xbb, 0xbb, 0xbf, 0xbf, 0xbf, 0xbf, 0xc2, 0xc2, 0xc2, 0xc2, 0xc2, 0xc5, 0xc5, 0xc6, 0xc5, 0xc6, 0xc6, 0xc6, 0xc6, 0xc6, 0xc6, 0xc7, 0xc7, 0xc4, 0xc7, 0xc4, 0xc4, 0xc0, 0xc1, 0xbd, 0xc0, 0xbd, 0xbd, 0xbd, 0xba, 0xba, 0xb5, 0xb5, 0xb1, 0xb1, 0xab, 0xab, 0xa7, 0xa7, 0xa4, 0xa4, 0xa0, 0xa0, 0x9b, 0x9b, 0x95, 0x8f, 0x91, 0x8d, 0x8d, 0x82, 0x78, 0x78, 0x78, 0x6b, 0x6e, 0x62, 0x5e, 0x55, 0x43, 0x41, 0x2f, 0x33, 0x71, 0xcf, 0xcf, 0xd0, 0xd0, 0xd1, 0xd1, 0xd2, 0xd2, 0xd3, 0xd2, 0xd3, 0xd3, 0xd3, 0xd4, 0xd3, 0xd4, 0xd4, 0xd4, 0xd4, 0xd4, 0xd4, 0xd4, 0xd4, 0xd4, 0xd4, 0xd4, 0xd4, 0xd4, 0xd4, 0xd4, 0xd4, 0xd4, 0xd4, 0xd4, 0xd4, 0xd4, 0xd4, 0xd4, 0xd4, 0xd4, 0xd4, 0xd4, 0xd4, 0xd4, 0xd4, 0xd4, 0xd4, 0xd4, 0xd4, 0xd4, 0xd4, 0xd4, 0xd4, 
  0xd4, 0xd4, 0xd4, 0xd4, 0xd4, 0xd4, 0xd4, 0xd4, 0xd4, 0xd4, 0xd4, 0xd4, 0xd4, 0xd4, 0xd4, 0xd4, 0xd4, 0xd4, 0xd4, 0xd4, 0xd4, 0xd4, 0xd4, 0xd4, 0xd4, 0xd4, 0xd4, 0xd4, 0xd4, 0xd4, 0xd4, 0xd4, 0xd4, 0xd4, 0xd4, 0xd4, 0xd4, 0xd4, 0xd4, 0xd4, 0xd4, 0xd3, 0xd4, 0xd3, 0xd4, 0xd3, 0xd3, 0xd3, 0xd3, 0xd2, 0xd2, 0xd1, 0xd1, 0xd0, 0xaa, 0x52, 0x3d, 0x48, 0x50, 0x5d, 0x67, 0x75, 0xfe, 0xfe, 0xff, 0xff, 0x94, 0x99, 0x99, 0x9e, 0x9e, 0xa3, 0xa9, 0xa9, 0xad, 0xb2, 0xb2, 0xb7, 0xb7, 0xb7, 0xbb, 0xbb, 0xbf, 0xbf, 0xbf, 0xbf, 0xc2, 0xc2, 0xc2, 0xc2, 0xc5, 0xc5, 0xc5, 0xc5, 0xc5, 0xc6, 0xc5, 0xc6, 0xc5, 0xc7, 0xc3, 0xc7, 0xc4, 0xc4, 0xc0, 0xc4, 0xc0, 0xc0, 0xbd, 0xbd, 0xba, 0xba, 0xba, 0xb5, 0xb5, 0xb1, 0xb1, 0xab, 0xae, 0xa7, 0xa8, 0xa4, 0xa4, 0xa0, 0xa0, 0x9b, 0x9b, 0x95, 0x91, 0x91, 0x8d, 0x8d, 0x82, 0x78, 0x78, 0x6b, 0x6e, 0x6e, 0x62, 0x61, 0x55, 0x43, 0x41, 0x33, 0x32, 0x93, 0xce, 0xcf, 0xd0, 0xd0, 0xd1, 0xd1, 0xd2, 0xd2, 0xd3, 0xd3, 0xd3, 0xd3, 0xd3, 0xd4, 0xd3, 0xd4, 0xd4, 0xd3, 0xd4, 0xd4, 0xd4, 0xd4, 0xd4, 0xd4, 0xd4, 0xd4, 0xd4, 0xd4, 0xd4, 0xd4, 0xd4, 0xd4, 0xd4, 0xd4, 0xd4, 0xd4, 0xd4, 0xd4, 0xd4, 0xd4, 0xd4, 0xd4, 0xd4, 0xd4, 0xd4, 0xd4, 0xd4, 0xd4, 0xd4, 0xd4, 0xd4, 0xd4, 0xd4, 0xd4, 
  0xd4, 0xd4, 0xd4, 0xd4, 0xd4, 0xd4, 0xd4, 0xd4, 0xd4, 0xd4, 0xd4, 0xd4, 0xd4, 0xd4, 0xd4, 0xd4, 0xd4, 0xd4, 0xd4, 0xd4, 0xd4, 0xd4, 0xd4, 0xd4, 0xd4, 0xd4, 0xd4, 0xd4, 0xd4, 0xd4, 0xd4, 0xd4, 0xd4, 0xd4, 0xd4, 0xd4, 0xd4, 0xd4, 0xd4, 0xd4, 0xd4, 0xd4, 0xd4, 0xd4, 0xd3, 0xd4, 0xd3, 0xd3, 0xd3, 0xd3, 0xd2, 0xd2, 0xd1, 0xd1, 0xd0, 0xbe, 0x52, 0x3d, 0x45, 0x50, 0x5d, 0x5d, 0x67, 0x75, 0xfe, 0xff, 0xff, 0x94, 0x99, 0x99, 0x9e, 0x9e, 0xa3, 0xa9, 0xa9, 0xad, 0xb2, 0xb2, 0xb2, 0xb7, 0xb7, 0xbb, 0xb7, 0xbf, 0xbb, 0xbf, 0xbf, 0xbf, 0xc2, 0xc2, 0xc2, 0xc2, 0xc3, 0xc2, 0xc3, 0xc3, 0xc3, 0xc3, 0xc6, 0xc3, 0xc4, 0xc4, 0xc1, 0xc0, 0xc0, 0xc0, 0xbd, 0xbd, 0xbd, 0xba, 0xba, 0xba, 0xb5, 0xb5, 0xb1, 0xb1, 0xae, 0xae, 0xa7, 0xa7, 0xa4, 0xa4, 0xa0, 0xa0, 0x9b, 0x95, 0x96, 0x8f, 0x91, 0x8d, 0x85, 0x82, 0x78, 0x78, 0x77, 0x6e, 0x6e, 0x61, 0x62, 0x4c, 0x4c, 0x3a, 0x33, 0x32, 0xb6, 0xce, 0xcf, 0xd0, 0xd0, 0xd1, 0xd1, 0xd2, 0xd2, 0xd3, 0xd3, 0xd3, 0xd3, 0xd3, 0xd4, 0xd3, 0xd4, 0xd4, 0xd4, 0xd4, 0xd4, 0xd4, 0xd4, 0xd4, 0xd4, 0xd4, 0xd4, 0xd4, 0xd4, 0xd4, 0xd4, 0xd4, 0xd4, 0xd4, 0xd4, 0xd4, 0xd4, 0xd4, 0xd4, 0xd4, 0xd4, 0xd4, 0xd4, 0xd4, 0xd4, 0xd4, 0xd4, 0xd4, 0xd4, 0xd4, 0xd4, 0xd4, 0xd4, 0xd4, 0xd4, 0xd4, 
  0xd4, 0xd4, 0xd4, 0xd4, 0xd4, 0xd4, 0xd4, 0xd4, 0xd4, 0xd4, 0xd4, 0xd4, 0xd4, 0xd4, 0xd4, 0xd4, 0xd4, 0xd4, 0xd4, 0xd4, 0xd4, 0xd4, 0xd4, 0xd4, 0xd4, 0xd4, 0xd4, 0xd4, 0xd4, 0xd4, 0xd4, 0xd4, 0xd4, 0xd4, 0xd4, 0xd4, 0xd4, 0xd4, 0xd4, 0xd4, 0xd4, 0xd4, 0xd4, 0xd4, 0xd4, 0xd3, 0xd4, 0xd3, 0xd3, 0xd3, 0xd2, 0xd3, 0xd2, 0xd1, 0xd1, 0xd0, 0xcd, 0x5c, 0x3d, 0x45, 0x48, 0x50, 0x5d, 0x67, 0x67, 0xfe, 0xfe, 0x94, 0xff, 0x99, 0x99, 0x9e, 0x9e, 0xa3, 0xa9, 0xa9, 0xad, 0xad, 0xb2, 0xb2, 0xb2, 0xb7, 0xb7, 0xbb, 0xbb, 0xbf, 0xbf, 0xbf, 0xbf, 0xc2, 0xc2, 0xc2, 0xc2, 0xc2, 0xc2, 0xc3, 0xc3, 0xc3, 0xc3, 0xc3, 0xc4, 0xc0, 0xc0, 0xc0, 0xc0, 0xbd, 0xbd, 0xbd, 0xba, 0xba, 0xb5, 0xb5, 0xb1, 0xb1, 0xb0, 0xae, 0xae, 0xa8, 0xa4, 0xa4, 0xa4, 0xa0, 0x9b, 0x9b, 0x95, 0x95, 0x91, 0x91, 0x8d, 0x85, 0x82, 0x78, 0x78, 0x6e, 0x6e, 0x6e, 0x62, 0x55, 0x4c, 0x4c, 0x3a, 0x33, 0x58, 0xc8, 0xcf, 0xcf, 0xd0, 0xd1, 0xd1, 0xd2, 0xd2, 0xd3, 0xd2, 0xd3, 0xd3, 0xd3, 0xd4, 0xd3, 0xd4, 0xd3, 0xd4, 0xd3, 0xd4, 0xd4, 0xd4, 0xd4, 0xd4, 0xd4, 0xd4, 0xd4, 0xd4, 0xd4, 0xd4, 0xd4, 0xd4, 0xd4, 0xd4, 0xd4, 0xd4, 0xd4, 0xd4, 0xd4, 0xd4, 0xd4, 0xd4, 0xd4, 0xd4, 0xd4, 0xd4, 0xd4, 0xd4, 0xd4, 0xd4, 0xd4, 0xd4, 0xd4, 0xd4, 0xd4, 0xd4, 0xd4, 
  0xd4, 0xd4, 0xd4, 0xd4, 0xd4, 0xd4, 0xd4, 0xd4, 0xd4, 0xd4, 0xd4, 0xd4, 0xd4, 0xd4, 0xd4, 0xd4, 0xd4, 0xd4, 0xd4, 0xd4, 0xd4, 0xd4, 0xd4, 0xd4, 0xd4, 0xd4, 0xd4, 0xd4, 0xd4, 0xd4, 0xd4, 0xd4, 0xd4, 0xd4, 0xd4, 0xd4, 0xd4, 0xd4, 0xd4, 0xd4, 0xd4, 0xd4, 0xd4, 0xd4, 0xd4, 0xd4, 0xd3, 0xd4, 0xd3, 0xd3, 0xd3, 0xd3, 0xd2, 0xd2, 0xd1, 0xd1, 0xd0, 0xcd, 0x81, 0x3d, 0x45, 0x45, 0x50, 0x5d, 0x67, 0x75, 0xfe, 0xfe, 0xff, 0x94, 0x94, 0x99, 0x9e, 0x9e, 0xa3, 0xa3, 0xa9, 0xad, 0xad, 0xad, 0xb2, 0xb2, 0xb2, 0xb7, 0xb7, 0xbb, 0xbb, 0xbf, 0xbf, 0xbf, 0xbf, 0xc2, 0xbf, 0xc2, 0xc1, 0xc2, 0xc1, 0xc2, 0xc3, 0xc1, 0xc1, 0xc0, 0xc0, 0xbd, 0xbd, 0xbd, 0xbd, 0xba, 0xb9, 0xba, 0xb5, 0xb1, 0xb1, 0xb0, 0xab, 0xae, 0xa7, 0xa8, 0xa4, 0xa0, 0xa0, 0x9b, 0x9b, 0x95, 0x91, 0x8f, 0x8d, 0x8d, 0x85, 0x82, 0x78, 0x78, 0x77, 0x6e, 0x6e, 0x62, 0x55, 0x55, 0x43, 0x41, 0x33, 0x58, 0xc8, 0xce, 0xcf, 0xd0, 0xd1, 0xd1, 0xd1, 0xd2, 0xd2, 0xd3, 0xd3, 0xd3, 0xd3, 0xd3, 0xd3, 0xd4, 0xd3, 0xd4, 0xd4, 0xd4, 0xd4, 0xd4, 0xd4, 0xd4, 0xd4, 0xd4, 0xd4, 0xd4, 0xd4, 0xd4, 0xd4, 0xd4, 0xd4, 0xd4, 0xd4, 0xd4, 0xd4, 0xd4, 0xd4, 0xd4, 0xd4, 0xd4, 0xd4, 0xd4, 0xd4, 0xd4, 0xd4, 0xd4, 0xd4, 0xd4, 0xd4, 0xd4, 0xd4, 0xd4, 0xd4, 0xd4, 0xd4, 0xd4, 
  0xd4, 0xd4, 0xd4, 0xd4, 0xd4, 0xd4, 0xd4, 0xd4, 0xd4, 0xd4, 0xd4, 0xd4, 0xd4, 0xd4, 0xd4, 0xd4, 0xd4, 0xd4, 0xd4, 0xd4, 0xd4, 0xd4, 0xd4, 0xd4, 0xd4, 0xd4, 0xd4, 0xd4, 0xd4, 0xd4, 0xd4, 0xd4, 0xd4, 0xd4, 0xd4, 0xd4, 0xd4, 0xd4, 0xd4, 0xd4, 0xd4, 0xd4, 0xd4, 0xd4, 0xd4, 0xd4, 0xd4, 0xd3, 0xd4, 0xd3, 0xd3, 0xd3, 0xd3, 0xd2, 0xd2, 0xd1, 0xd1, 0xd1, 0xd0, 0xaa, 0xf8, 0x3d, 0x45, 0x50, 0x50, 0x67, 0x67, 0xfe, 0xfe, 0xff, 0xff, 0x99, 0x99, 0x99, 0x9e, 0xa3, 0xa3, 0xa9, 0xa9, 0xad, 0xad, 0xad, 0xb2, 0xb2, 0xb7, 0xb7, 0xbb, 0xbb, 0xbb, 0xbf, 0xbb, 0xbf, 0xbf, 0xbf, 0xbf, 0xbf, 0xc1, 0xc1, 0xc1, 0xc1, 0xc0, 0xc0, 0xbd, 0xbd, 0xba, 0xb9, 0xba, 0xb9, 0xba, 0xb1, 0xb5, 0xab, 0xab, 0xab, 0xa7, 0xa8, 0xa4, 0xa4, 0xa0, 0xa0, 0x9b, 0x9b, 0x95, 0x8f, 0x91, 0x8d, 0x8d, 0x82, 0x82, 0x78, 0x78, 0x6e, 0x6e, 0x6e, 0x61, 0x55, 0x55, 0x43, 0x41, 0x33, 0x81, 0xce, 0xce, 0xcf, 0xd0, 0xd1, 0xd1, 0xd2, 0xd2, 0xd2, 0xd3, 0xd3, 0xd3, 0xd3, 0xd3, 0xd4, 0xd3, 0xd4, 0xd4, 0xd4, 0xd4, 0xd4, 0xd4, 0xd4, 0xd4, 0xd4, 0xd4, 0xd4, 0xd4, 0xd4, 0xd4, 0xd4, 0xd4, 0xd4, 0xd4, 0xd4, 0xd4, 0xd4, 0xd4, 0xd4, 0xd4, 0xd4, 0xd4, 0xd4, 0xd4, 0xd4, 0xd4, 0xd4, 0xd4, 0xd4, 0xd4, 0xd4, 0xd4, 0xd4, 0xd4, 0xd4, 0xd4, 0xd4, 0xd4, 0xd4, 
  0xd4, 0xd4, 0xd4, 0xd4, 0xd4, 0xd4, 0xd4, 0xd4, 0xd4, 0xd4, 0xd4, 0xd4, 0xd4, 0xd4, 0xd4, 0xd4, 0xd4, 0xd4, 0xd4, 0xd4, 0xd4, 0xd4, 0xd4, 0xd4, 0xd4, 0xd4, 0xd4, 0xd4, 0xd4, 0xd4, 0xd4, 0xd4, 0xd4, 0xd4, 0xd4, 0xd4, 0xd4, 0xd4, 0xd4, 0xd4, 0xd4, 0xd4, 0xd4, 0xd4, 0xd4, 0xd4, 0xd4, 0xd4, 0xd4, 0xd3, 0xd4, 0xd3, 0xd3, 0xd3, 0xd2, 0xd2, 0xd2, 0xd1, 0xd1, 0xd0, 0xc8, 0x52, 0xf8, 0x45, 0x50, 0x50, 0x5d, 0x67, 0x75, 0xfe, 0xff, 0xff, 0x94, 0x99, 0x99, 0x9e, 0x9e, 0xa3, 0xa3, 0xa9, 0xa9, 0xad, 0xad, 0xb2, 0xb2, 0xb7, 0xb7, 0xbb, 0xb7, 0xbb, 0xbb, 0xbb, 0xbb, 0xbb, 0xbf, 0xbf, 0xbf, 0xbf, 0xbf, 0xbc, 0xbd, 0xbc, 0xbd, 0xb9, 0xba, 0xba, 0xba, 0xb5, 0xb4, 0xb1, 0xb1, 0xab, 0xae, 0xa7, 0xa4, 0xa4, 0xa4, 0xa0, 0xa0, 0x9b, 0x95, 0x95, 0x8f, 0x8d, 0x8d, 0x85, 0x82, 0x82, 0x78, 0x78, 0x77, 0x6e, 0x62, 0x61, 0x55, 0x4c, 0x41, 0x3a, 0x3a, 0xb6, 0xce, 0xcf, 0xcf, 0xd0, 0xd1, 0xd1, 0xd2, 0xd2, 0xd2, 0xd3, 0xd3, 0xd3, 0xd3, 0xd3, 0xd4, 0xd3, 0xd4, 0xd3, 0xd4, 0xd4, 0xd4, 0xd4, 0xd4, 0xd4, 0xd4, 0xd4, 0xd4, 0xd4, 0xd4, 0xd4, 0xd4, 0xd4, 0xd4, 0xd4, 0xd4, 0xd4, 0xd4, 0xd4, 0xd4, 0xd4, 0xd4, 0xd4, 0xd4, 0xd4, 0xd4, 0xd4, 0xd4, 0xd4, 0xd4, 0xd4, 0xd4, 0xd4, 0xd4, 0xd4, 0xd4, 0xd4, 0xd4, 0xd4, 0xd4, 0xd4, 
  0xd4, 0xd4, 0xd4, 0xd4, 0xd4, 0xd4, 0xd4, 0xd4, 0xd4, 0xd4, 0xd4, 0xd4, 0xd4, 0xd4, 0xd4, 0xd4, 0xd4, 0xd4, 0xd4, 0xd4, 0xd4, 0xd4, 0xd4, 0xd4, 0xd4, 0xd4, 0xd4, 0xd4, 0xd4, 0xd4, 0xd4, 0xd4, 0xd4, 0xd4, 0xd4, 0xd4, 0xd4, 0xd4, 0xd4, 0xd4, 0xd4, 0xd4, 0xd4, 0xd4, 0xd4, 0xd4, 0xd4, 0xd4, 0xd4, 0xd4, 0xd3, 0xd4, 0xd3, 0xd3, 0xd3, 0xd2, 0xd2, 0xd2, 0xd1, 0xd1, 0xd0, 0xc8, 0xfa, 0xf9, 0x45, 0x50, 0x50, 0x5d, 0x67, 0x75, 0xfe, 0xff, 0xff, 0x94, 0x99, 0x99, 0x99, 0x9e, 0x9e, 0xa3, 0xa9, 0xa9, 0xad, 0xad, 0xb2, 0xb2, 0xb2, 0xb2, 0xb7, 0xb7, 0xbb, 0xb7, 0xbb, 0xbb, 0xbb, 0xbb, 0xbc, 0xbb, 0xbc, 0xbb, 0xbd, 0xb9, 0xb9, 0xba, 0xb5, 0xb4, 0xb5, 0xb5, 0xb1, 0xb0, 0xab, 0xab, 0xa7, 0xa8, 0xa4, 0xa4, 0xa0, 0xa0, 0x9b, 0x9b, 0x96, 0x8f, 0x91, 0x8d, 0x85, 0x85, 0x78, 0x78, 0x78, 0x77, 0x6e, 0x62, 0x62, 0x55, 0x4c, 0x41, 0x3b, 0x32, 0xc8, 0xcf, 0xcf, 0xcf, 0xd0, 0xd1, 0xd2, 0xd2, 0xd2, 0xd3, 0xd3, 0xd3, 0xd3, 0xd3, 0xd4, 0xd3, 0xd4, 0xd3, 0xd4, 0xd4, 0xd4, 0xd4, 0xd4, 0xd4, 0xd4, 0xd4, 0xd4, 0xd4, 0xd4, 0xd4, 0xd4, 0xd4, 0xd4, 0xd4, 0xd4, 0xd4, 0xd4, 0xd4, 0xd4, 0xd4, 0xd4, 0xd4, 0xd4, 0xd4, 0xd4, 0xd4, 0xd4, 0xd4, 0xd4, 0xd4, 0xd4, 0xd4, 0xd4, 0xd4, 0xd4, 0xd4, 0xd4, 0xd4, 0xd4, 0xd4, 0xd4, 0xd4, 
  0xd4, 0xd4, 0xd4, 0xd4, 0xd4, 0xd4, 0xd4, 0xd4, 0xd4, 0xd4, 0xd4, 0xd4, 0xd4, 0xd4, 0xd4, 0xd4, 0xd4, 0xd4, 0xd4, 0xd4, 0xd4, 0xd4, 0xd4, 0xd4, 0xd4, 0xd4, 0xd4, 0xd4, 0xd4, 0xd4, 0xd4, 0xd4, 0xd4, 0xd4, 0xd4, 0xd4, 0xd4, 0xd4, 0xd4, 0xd4, 0xd4, 0xd4, 0xd4, 0xd4, 0xd4, 0xd4, 0xd4, 0xd4, 0xd4, 0xd4, 0xd4, 0xd3, 0xd4, 0xd3, 0xd3, 0xd3, 0xd3, 0xd2, 0xd2, 0xd1, 0xd1, 0xd0, 0xd0, 0x66, 0xf8, 0x45, 0x48, 0x50, 0x50, 0x67, 0x75, 0xfe, 0xff, 0xff, 0x94, 0x94, 0x99, 0x99, 0x9e, 0x9e, 0xa3, 0xa9, 0xa9, 0xad, 0xad, 0xad, 0xb2, 0xb2, 0xb2, 0xb2, 0xb7, 0xb7, 0xb7, 0xbb, 0xbb, 0xbb, 0xbb, 0xbb, 0xbb, 0xb8, 0xb9, 0xb9, 0xb4, 0xb9, 0xb5, 0xb5, 0xb1, 0xb0, 0xb0, 0xae, 0xae, 0xa7, 0xa4, 0xa4, 0xa4, 0xa0, 0x9b, 0x9b, 0x95, 0x8f, 0x8f, 0x8d, 0x8d, 0x85, 0x82, 0x82, 0x78, 0x78, 0x6e, 0x6e, 0x62, 0x61, 0x4c, 0x43, 0x41, 0x33, 0x58, 0xce, 0xcf, 0xcf, 0xcf, 0xd1, 0xd1, 0xd2, 0xd2, 0xd2, 0xd2, 0xd3, 0xd3, 0xd3, 0xd3, 0xd4, 0xd3, 0xd4, 0xd4, 0xd4, 0xd4, 0xd4, 0xd4, 0xd4, 0xd4, 0xd4, 0xd4, 0xd4, 0xd4, 0xd4, 0xd4, 0xd4, 0xd4, 0xd4, 0xd4, 0xd4, 0xd4, 0xd4, 0xd4, 0xd4, 0xd4, 0xd4, 0xd4, 0xd4, 0xd4, 0xd4, 0xd4, 0xd4, 0xd4, 0xd4, 0xd4, 0xd4, 0xd4, 0xd4, 0xd4, 0xd4, 0xd4, 0xd4, 0xd4, 0xd4, 0xd4, 0xd4, 0xd4, 0xd4, 
  0xd4, 0xd4, 0xd4, 0xd4, 0xd4, 0xd4, 0xd4, 0xd4, 0xd4, 0xd4, 0xd4, 0xd4, 0xd4, 0xd4, 0xd4, 0xd4, 0xd4, 0xd4, 0xd4, 0xd4, 0xd4, 0xd4, 0xd4, 0xd4, 0xd4, 0xd4, 0xd4, 0xd4, 0xd4, 0xd4, 0xd4, 0xd4, 0xd4, 0xd4, 0xd4, 0xd4, 0xd4, 0xd4, 0xd4, 0xd4, 0xd4, 0xd4, 0xd4, 0xd4, 0xd4, 0xd4, 0xd4, 0xd4, 0xd4, 0xd4, 0xd4, 0xd4, 0xd3, 0xd4, 0xd3, 0xd3, 0xd3, 0xd3, 0xd2, 0xd2, 0xd2, 0xd1, 0xd1, 0xd0, 0xaa, 0xfa, 0x3d, 0x45, 0x50, 0x50, 0x67, 0x67, 0x75, 0xfe, 0xff, 0xff, 0x94, 0x94, 0x99, 0x9e, 0x9e, 0xa3, 0xa3, 0xa9, 0xa9, 0xad, 0xa9, 0xad, 0xb2, 0xb2, 0xb2, 0xb3, 0xb7, 0xb7, 0xb8, 0xb7, 0xb8, 0xb8, 0xb8, 0xb8, 0xb4, 0xb9, 0xb4, 0xb5, 0xb4, 0xb1, 0xb0, 0xab, 0xab, 0xa7, 0xa8, 0xa4, 0xa4, 0xa4, 0xa0, 0x9b, 0x9b, 0x95, 0x96, 0x91, 0x91, 0x8d, 0x85, 0x82, 0x78, 0x78, 0x78, 0x6e, 0x6e, 0x62, 0x55, 0x4c, 0x43, 0x3a, 0x33, 0x9f, 0xc8, 0xcf, 0xcf, 0xd0, 0xd1, 0xd1, 0xd2, 0xd2, 0xd2, 0xd3, 0xd3, 0xd3, 0xd3, 0xd4, 0xd3, 0xd4, 0xd4, 0xd4, 0xd3, 0xd4, 0xd4, 0xd4, 0xd4, 0xd4, 0xd4, 0xd4, 0xd4, 0xd4, 0xd4, 0xd4, 0xd4, 0xd4, 0xd4, 0xd4, 0xd4, 0xd4, 0xd4, 0xd4, 0xd4, 0xd4, 0xd4, 0xd4, 0xd4, 0xd4, 0xd4, 0xd4, 0xd4, 0xd4, 0xd4, 0xd4, 0xd4, 0xd4, 0xd4, 0xd4, 0xd4, 0xd4, 0xd4, 0xd4, 0xd4, 0xd4, 0xd4, 0xd4, 0xd4, 0xd4, 
  0xd4, 0xd4, 0xd4, 0xd4, 0xd4, 0xd4, 0xd4, 0xd4, 0xd4, 0xd4, 0xd4, 0xd4, 0xd4, 0xd4, 0xd4, 0xd4, 0xd4, 0xd4, 0xd4, 0xd4, 0xd4, 0xd4, 0xd4, 0xd4, 0xd4, 0xd4, 0xd4, 0xd4, 0xd4, 0xd4, 0xd4, 0xd4, 0xd4, 0xd4, 0xd4, 0xd4, 0xd4, 0xd4, 0xd4, 0xd4, 0xd4, 0xd4, 0xd4, 0xd4, 0xd4, 0xd4, 0xd4, 0xd4, 0xd4, 0xd4, 0xd3, 0xd4, 0xd4, 0xd4, 0xd3, 0xd4, 0xd3, 0xd3, 0xd3, 0xd2, 0xd2, 0xd2, 0xd1, 0xd1, 0xd0, 0xbe, 0xf7, 0xf8, 0x45, 0x50, 0x5d, 0x67, 0x75, 0x75, 0xfe, 0xff, 0xff, 0x94, 0x94, 0x99, 0x9e, 0x9e, 0xa3, 0xa3, 0xa3, 0xa9, 0xa9, 0xad, 0xad, 0xad, 0xad, 0xb2, 0xb2, 0xb3, 0xb7, 0xb8, 0xb7, 0xb8, 0xb8, 0xb3, 0xb4, 0xb4, 0xb4, 0xb1, 0xb0, 0xb1, 0xab, 0xab, 0xa7, 0xa7, 0xa4, 0xa4, 0xa4, 0xa0, 0x9b, 0x9b, 0x95, 0x8f, 0x91, 0x8d, 0x8d, 0x85, 0x82, 0x78, 0x82, 0x78, 0x6e, 0x6e, 0x62, 0x55, 0x55, 0x43, 0x41, 0x32, 0x81, 0xcf, 0xcf, 0xd0, 0xd0, 0xd0, 0xd1, 0xd2, 0xd2, 0xd2, 0xd3, 0xd3, 0xd3, 0xd3, 0xd3, 0xd4, 0xd3, 0xd4, 0xd3, 0xd4, 0xd4, 0xd4, 0xd4, 0xd4, 0xd4, 0xd4, 0xd4, 0xd4, 0xd4, 0xd4, 0xd4, 0xd4, 0xd4, 0xd4, 0xd4, 0xd4, 0xd4, 0xd4, 0xd4, 0xd4, 0xd4, 0xd4, 0xd4, 0xd4, 0xd4, 0xd4, 0xd4, 0xd4, 0xd4, 0xd4, 0xd4, 0xd4, 0xd4, 0xd4, 0xd4, 0xd4, 0xd4, 0xd4, 0xd4, 0xd4, 0xd4, 0xd4, 0xd4, 0xd4, 0xd4, 0xd4, 
  0xd4, 0xd4, 0xd4, 0xd4, 0xd4, 0xd4, 0xd4, 0xd4, 0xd4, 0xd4, 0xd4, 0xd4, 0xd4, 0xd4, 0xd4, 0xd4, 0xd4, 0xd4, 0xd4, 0xd4, 0xd4, 0xd4, 0xd4, 0xd4, 0xd4, 0xd4, 0xd4, 0xd4, 0xd4, 0xd4, 0xd4, 0xd4, 0xd4, 0xd4, 0xd4, 0xd4, 0xd4, 0xd4, 0xd4, 0xd4, 0xd4, 0xd4, 0xd4, 0xd4, 0xd4, 0xd4, 0xd4, 0xd4, 0xd4, 0xd4, 0xd4, 0xd4, 0xd3, 0xd4, 0xd3, 0xd4, 0xd3, 0xd3, 0xd3, 0xd3, 0xd3, 0xd2, 0xd2, 0xd2, 0xd1, 0xd0, 0xc8, 0x5c, 0xf8, 0x45, 0x48, 0x5d, 0x5d, 0x67, 0x75, 0x75, 0xff, 0xff, 0x94, 0x94, 0x99, 0x99, 0x9e, 0x9e, 0xa3, 0xa3, 0xa3, 0xa9, 0xa9, 0xad, 0xad, 0xad, 0xb2, 0xb2, 0xb3, 0xb2, 0xb3, 0xb3, 0xb3, 0xb3, 0xb4, 0xb0, 0xb0, 0xb0, 0xab, 0xab, 0xab, 0xa7, 0xa4, 0xa4, 0xa4, 0xa0, 0xa0, 0x9b, 0x9b, 0x95, 0x96, 0x91, 0x8d, 0x8d, 0x82, 0x82, 0x78, 0x82, 0x78, 0x6e, 0x6e, 0x55, 0x62, 0x4c, 0x43, 0x33, 0x4b, 0xb6, 0xcf, 0xcf, 0xd0, 0xd0, 0xd1, 0xd1, 0xd2, 0xd2, 0xd3, 0xd3, 0xd3, 0xd3, 0xd3, 0xd4, 0xd3, 0xd4, 0xd3, 0xd4, 0xd4, 0xd4, 0xd4, 0xd4, 0xd4, 0xd4, 0xd4, 0xd4, 0xd4, 0xd4, 0xd4, 0xd4, 0xd4, 0xd4, 0xd4, 0xd4, 0xd4, 0xd4, 0xd4, 0xd4, 0xd4, 0xd4, 0xd4, 0xd4, 0xd4, 0xd4, 0xd4, 0xd4, 0xd4, 0xd4, 0xd4, 0xd4, 0xd4, 0xd4, 0xd4, 0xd4, 0xd4, 0xd4, 0xd4, 0xd4, 0xd4, 0xd4, 0xd4, 0xd4, 0xd4, 0xd4, 0xd4, 0xd4, 
  0xd4, 0xd4, 0xd4, 0xd4, 0xd4, 0xd4, 0xd4, 0xd4, 0xd4, 0xd4, 0xd4, 0xd4, 0xd4, 0xd4, 0xd4, 0xd4, 0xd4, 0xd4, 0xd4, 0xd4, 0xd4, 0xd4, 0xd4, 0xd4, 0xd4, 0xd4, 0xd4, 0xd4, 0xd4, 0xd4, 0xd4, 0xd4, 0xd4, 0xd4, 0xd4, 0xd4, 0xd4, 0xd4, 0xd4, 0xd4, 0xd4, 0xd4, 0xd4, 0xd4, 0xd4, 0xd4, 0xd4, 0xd4, 0xd4, 0xd4, 0xd4, 0xd4, 0xd4, 0xd4, 0xd4, 0xd4, 0xd3, 0xd4, 0xd3, 0xd3, 0xd3, 0xd3, 0xd2, 0xd2, 0xd1, 0xd1, 0xd0, 0xcc, 0x81, 0xfa, 0x45, 0x48, 0x50, 0x5d, 0x67, 0x67, 0x75, 0xfe, 0xff, 0xff, 0x94, 0x94, 0x99, 0x99, 0x9e, 0x9e, 0xa3, 0xa3, 0xa3, 0xa5, 0xa9, 0xad, 0xaf, 0xad, 0xaf, 0xb2, 0xaf, 0xb3, 0xaf, 0xaf, 0xb0, 0xb0, 0xb0, 0xab, 0xab, 0xa7, 0xa8, 0xa8, 0xa4, 0xa4, 0xa0, 0xa0, 0x9b, 0x95, 0x96, 0x8f, 0x91, 0x8d, 0x85, 0x82, 0x82, 0x82, 0x78, 0x78, 0x6e, 0x6e, 0x55, 0x55, 0x43, 0x43, 0x33, 0x66, 0xc8, 0xcf, 0xcf, 0xd0, 0xd1, 0xd2, 0xd1, 0xd2, 0xd2, 0xd3, 0xd2, 0xd3, 0xd3, 0xd3, 0xd3, 0xd4, 0xd3, 0xd4, 0xd4, 0xd4, 0xd4, 0xd4, 0xd4, 0xd4, 0xd4, 0xd4, 0xd4, 0xd4, 0xd4, 0xd4, 0xd4, 0xd4, 0xd4, 0xd4, 0xd4, 0xd4, 0xd4, 0xd4, 0xd4, 0xd4, 0xd4, 0xd4, 0xd4, 0xd4, 0xd4, 0xd4, 0xd4, 0xd4, 0xd4, 0xd4, 0xd4, 0xd4, 0xd4, 0xd4, 0xd4, 0xd4, 0xd4, 0xd4, 0xd4, 0xd4, 0xd4, 0xd4, 0xd4, 0xd4, 0xd4, 0xd4, 0xd4, 0xd4, 
  0xd4, 0xd4, 0xd4, 0xd4, 0xd4, 0xd4, 0xd4, 0xd4, 0xd4, 0xd4, 0xd4, 0xd4, 0xd4, 0xd4, 0xd4, 0xd4, 0xd4, 0xd4, 0xd4, 0xd4, 0xd4, 0xd4, 0xd4, 0xd4, 0xd4, 0xd4, 0xd4, 0xd4, 0xd4, 0xd4, 0xd4, 0xd4, 0xd4, 0xd4, 0xd4, 0xd4, 0xd4, 0xd4, 0xd4, 0xd4, 0xd4, 0xd4, 0xd4, 0xd4, 0xd4, 0xd4, 0xd4, 0xd4, 0xd4, 0xd4, 0xd4, 0xd4, 0xd4, 0xd4, 0xd4, 0xd4, 0xd4, 0xd3, 0xd4, 0xd3, 0xd3, 0xd3, 0xd3, 0xd2, 0xd2, 0xd1, 0xd1, 0xd1, 0xd0, 0xaa, 0xf9, 0x3d, 0x48, 0x50, 0x5d, 0x5d, 0x75, 0x75, 0x75, 0xff, 0xff, 0x94, 0x94, 0x94, 0x99, 0x99, 0x9e, 0x9e, 0xa3, 0xa3, 0xa9, 0xa5, 0xa9, 0xad, 0xad, 0xaf, 0xad, 0xaf, 0xad, 0xaf, 0xab, 0xab, 0xab, 0xa7, 0xa7, 0xa8, 0xa4, 0xa4, 0xa0, 0xa0, 0xa0, 0x9b, 0x95, 0x95, 0x91, 0x91, 0x8d, 0x8d, 0x82, 0x82, 0x78, 0x78, 0x78, 0x6e, 0x62, 0x61, 0x55, 0x43, 0x41, 0x33, 0x92, 0xce, 0xce, 0xd0, 0xd0, 0xd1, 0xd1, 0xd1, 0xd2, 0xd2, 0xd3, 0xd3, 0xd3, 0xd3, 0xd3, 0xd4, 0xd3, 0xd4, 0xd4, 0xd4, 0xd4, 0xd4, 0xd4, 0xd4, 0xd4, 0xd4, 0xd4, 0xd4, 0xd4, 0xd4, 0xd4, 0xd4, 0xd4, 0xd4, 0xd4, 0xd4, 0xd4, 0xd4, 0xd4, 0xd4, 0xd4, 0xd4, 0xd4, 0xd4, 0xd4, 0xd4, 0xd4, 0xd4, 0xd4, 0xd4, 0xd4, 0xd4, 0xd4, 0xd4, 0xd4, 0xd4, 0xd4, 0xd4, 0xd4, 0xd4, 0xd4, 0xd4, 0xd4, 0xd4, 0xd4, 0xd4, 0xd4, 0xd4, 0xd4, 0xd4, 
  0xd4, 0xd4, 0xd4, 0xd4, 0xd4, 0xd4, 0xd4, 0xd4, 0xd4, 0xd4, 0xd4, 0xd4, 0xd4, 0xd4, 0xd4, 0xd4, 0xd4, 0xd4, 0xd4, 0xd4, 0xd4, 0xd4, 0xd4, 0xd4, 0xd4, 0xd4, 0xd4, 0xd4, 0xd4, 0xd4, 0xd4, 0xd4, 0xd4, 0xd4, 0xd4, 0xd4, 0xd4, 0xd4, 0xd4, 0xd4, 0xd4, 0xd4, 0xd4, 0xd4, 0xd4, 0xd4, 0xd4, 0xd4, 0xd4, 0xd4, 0xd4, 0xd4, 0xd4, 0xd4, 0xd4, 0xd4, 0xd4, 0xd4, 0xd4, 0xd3, 0xd4, 0xd3, 0xd3, 0xd3, 0xd3, 0xd2, 0xd2, 0xd1, 0xd1, 0xd1, 0xbe, 0x5c, 0x3d, 0x3d, 0x50, 0x50, 0x5d, 0x67, 0x75, 0x75, 0xfe, 0xff, 0xff, 0x94, 0x94, 0x98, 0x99, 0x99, 0x9e, 0xa1, 0xa3, 0xa3, 0xa5, 0xa5, 0xa5, 0xa9, 0xa5, 0xad, 0xac, 0xac, 0xab, 0xac, 0xa7, 0xa8, 0xa8, 0xa4, 0xa4, 0xa0, 0xa0, 0x9b, 0x9b, 0x95, 0x96, 0x8f, 0x8d, 0x8d, 0x85, 0x82, 0x82, 0x82, 0x78, 0x6e, 0x6e, 0x62, 0x55, 0x4c, 0x4c, 0x33, 0x4b, 0x9f, 0xce, 0xcf, 0xd0, 0xd0, 0xd1, 0xd1, 0xd2, 0xd2, 0xd2, 0xd3, 0xd3, 0xd3, 0xd3, 0xd4, 0xd3, 0xd3, 0xd4, 0xd3, 0xd4, 0xd4, 0xd4, 0xd4, 0xd4, 0xd4, 0xd4, 0xd4, 0xd4, 0xd4, 0xd4, 0xd4, 0xd4, 0xd4, 0xd4, 0xd4, 0xd4, 0xd4, 0xd4, 0xd4, 0xd4, 0xd4, 0xd4, 0xd4, 0xd4, 0xd4, 0xd4, 0xd4, 0xd4, 0xd4, 0xd4, 0xd4, 0xd4, 0xd4, 0xd4, 0xd4, 0xd4, 0xd4, 0xd4, 0xd4, 0xd4, 0xd4, 0xd4, 0xd4, 0xd4, 0xd4, 0xd4, 0xd4, 0xd4, 0xd4, 0xd4, 0xd4, 
  0xd4, 0xd4, 0xd4, 0xd4, 0xd4, 0xd4, 0xd4, 0xd4, 0xd4, 0xd4, 0xd4, 0xd4, 0xd4, 0xd4, 0xd4, 0xd4, 0xd4, 0xd4, 0xd4, 0xd4, 0xd4, 0xd4, 0xd4, 0xd4, 0xd4, 0xd4, 0xd4, 0xd4, 0xd4, 0xd4, 0xd4, 0xd4, 0xd4, 0xd4, 0xd4, 0xd4, 0xd4, 0xd4, 0xd4, 0xd4, 0xd4, 0xd4, 0xd4, 0xd4, 0xd4, 0xd4, 0xd4, 0xd4, 0xd4, 0xd4, 0xd4, 0xd4, 0xd4, 0xd4, 0xd4, 0xd4, 0xd4, 0xd4, 0xd3, 0xd4, 0xd3, 0xd4, 0xd3, 0xd3, 0xd3, 0xd2, 0xd2, 0xd2, 0xd1, 0xd1, 0xd0, 0xce, 0x5c, 0xf9, 0x3d, 0x48, 0x50, 0x5d, 0x67, 0x75, 0x75, 0x7e, 0xff, 0xff, 0x94, 0x94, 0x94, 0x99, 0x99, 0x9e, 0x9e, 0xa1, 0xa3, 0xa3, 0xa5, 0xa5, 0xa5, 0xa5, 0xa5, 0xa5, 0xa5, 0xa7, 0xa6, 0xa4, 0xa2, 0xa0, 0xa0, 0xa0, 0x9b, 0x9b, 0x96, 0x95, 0x91, 0x91, 0x8d, 0x85, 0x82, 0x82, 0x78, 0x78, 0x6e, 0x6e, 0x62, 0x55, 0x4c, 0x43, 0x3b, 0x58, 0xb6, 0xcf, 0xcf, 0xd0, 0xd0, 0xd1, 0xd1, 0xd2, 0xd2, 0xd2, 0xd3, 0xd3, 0xd3, 0xd3, 0xd3, 0xd3, 0xd4, 0xd4, 0xd3, 0xd4, 0xd4, 0xd4, 0xd4, 0xd4, 0xd4, 0xd4, 0xd4, 0xd4, 0xd4, 0xd4, 0xd4, 0xd4, 0xd4, 0xd4, 0xd4, 0xd4, 0xd4, 0xd4, 0xd4, 0xd4, 0xd4, 0xd4, 0xd4, 0xd4, 0xd4, 0xd4, 0xd4, 0xd4, 0xd4, 0xd4, 0xd4, 0xd4, 0xd4, 0xd4, 0xd4, 0xd4, 0xd4, 0xd4, 0xd4, 0xd4, 0xd4, 0xd4, 0xd4, 0xd4, 0xd4, 0xd4, 0xd4, 0xd4, 0xd4, 0xd4, 0xd4, 0xd4, 
  0xd4, 0xd4, 0xd4, 0xd4, 0xd4, 0xd4, 0xd4, 0xd4, 0xd4, 0xd4, 0xd4, 0xd4, 0xd4, 0xd4, 0xd4, 0xd4, 0xd4, 0xd4, 0xd4, 0xd4, 0xd4, 0xd4, 0xd4, 0xd4, 0xd4, 0xd4, 0xd4, 0xd4, 0xd4, 0xd4, 0xd4, 0xd4, 0xd4, 0xd4, 0xd4, 0xd4, 0xd4, 0xd4, 0xd4, 0xd4, 0xd4, 0xd4, 0xd4, 0xd4, 0xd4, 0xd4, 0xd4, 0xd4, 0xd4, 0xd4, 0xd4, 0xd4, 0xd4, 0xd4, 0xd4, 0xd4, 0xd4, 0xd4, 0xd4, 0xd3, 0xd4, 0xd3, 0xd4, 0xd3, 0xd3, 0xd3, 0xd3, 0xd2, 0xd2, 0xd1, 0xd1, 0xd0, 0xcf, 0xaa, 0xf8, 0x3d, 0x48, 0x50, 0x5d, 0x5d, 0x67, 0x75, 0xfe, 0x7e, 0xff, 0x8e, 0x94, 0x94, 0x94, 0x98, 0x99, 0x9c, 0x9e, 0xa1, 0xa3, 0xa1, 0xa3, 0xa5, 0xa5, 0xa5, 0xa8, 0xa2, 0xa4, 0xa2, 0xa0, 0xa0, 0x9b, 0x9b, 0x95, 0x96, 0x8f, 0x91, 0x8d, 0x8d, 0x85, 0x82, 0x82, 0x78, 0x78, 0x6e, 0x62, 0x62, 0x55, 0x4c, 0x3b, 0x33, 0x7d, 0xce, 0xcf, 0xd0, 0xd0, 0xd0, 0xd1, 0xd2, 0xd2, 0xd2, 0xd2, 0xd3, 0xd3, 0xd3, 0xd3, 0xd4, 0xd3, 0xd4, 0xd3, 0xd4, 0xd4, 0xd4, 0xd4, 0xd4, 0xd4, 0xd4, 0xd4, 0xd4, 0xd4, 0xd4, 0xd4, 0xd4, 0xd4, 0xd4, 0xd4, 0xd4, 0xd4, 0xd4, 0xd4, 0xd4, 0xd4, 0xd4, 0xd4, 0xd4, 0xd4, 0xd4, 0xd4, 0xd4, 0xd4, 0xd4, 0xd4, 0xd4, 0xd4, 0xd4, 0xd4, 0xd4, 0xd4, 0xd4, 0xd4, 0xd4, 0xd4, 0xd4, 0xd4, 0xd4, 0xd4, 0xd4, 0xd4, 0xd4, 0xd4, 0xd4, 0xd4, 0xd4, 0xd4, 0xd4, 
  0xd4, 0xd4, 0xd4, 0xd4, 0xd4, 0xd4, 0xd4, 0xd4, 0xd4, 0xd4, 0xd4, 0xd4, 0xd4, 0xd4, 0xd4, 0xd4, 0xd4, 0xd4, 0xd4, 0xd4, 0xd4, 0xd4, 0xd4, 0xd4, 0xd4, 0xd4, 0xd4, 0xd4, 0xd4, 0xd4, 0xd4, 0xd4, 0xd4, 0xd4, 0xd4, 0xd4, 0xd4, 0xd4, 0xd4, 0xd4, 0xd4, 0xd4, 0xd4, 0xd4, 0xd4, 0xd4, 0xd4, 0xd4, 0xd4, 0xd4, 0xd4, 0xd4, 0xd4, 0xd4, 0xd4, 0xd4, 0xd4, 0xd4, 0xd4, 0xd4, 0xd4, 0xd4, 0xd3, 0xd4, 0xd3, 0xd3, 0xd3, 0xd3, 0xd2, 0xd2, 0xd1, 0xd1, 0xd0, 0xd0, 0xaa, 0x52, 0x3d, 0x45, 0x50, 0x50, 0x5d, 0x67, 0x6c, 0x75, 0xff, 0x7e, 0xff, 0x94, 0x94, 0x94, 0x98, 0x99, 0x98, 0x9e, 0x9c, 0xa1, 0xa1, 0xa1, 0xa1, 0xa2, 0xa2, 0xa2, 0x9d, 0xa0, 0x9a, 0x9b, 0x9a, 0x96, 0x96, 0x91, 0x91, 0x8d, 0x8d, 0x85, 0x82, 0x82, 0x78, 0x78, 0x6e, 0x62, 0x62, 0x4c, 0x4c, 0x3a, 0x4b, 0x71, 0xce, 0xcf, 0xcf, 0xd0, 0xd1, 0xd1, 0xd2, 0xd2, 0xd2, 0xd3, 0xd3, 0xd3, 0xd3, 0xd3, 0xd4, 0xd3, 0xd4, 0xd3, 0xd4, 0xd4, 0xd4, 0xd4, 0xd4, 0xd4, 0xd4, 0xd4, 0xd4, 0xd4, 0xd4, 0xd4, 0xd4, 0xd4, 0xd4, 0xd4, 0xd4, 0xd4, 0xd4, 0xd4, 0xd4, 0xd4, 0xd4, 0xd4, 0xd4, 0xd4, 0xd4, 0xd4, 0xd4, 0xd4, 0xd4, 0xd4, 0xd4, 0xd4, 0xd4, 0xd4, 0xd4, 0xd4, 0xd4, 0xd4, 0xd4, 0xd4, 0xd4, 0xd4, 0xd4, 0xd4, 0xd4, 0xd4, 0xd4, 0xd4, 0xd4, 0xd4, 0xd4, 0xd4, 0xd4, 0xd4, 
  0xd4, 0xd4, 0xd4, 0xd4, 0xd4, 0xd4, 0xd4, 0xd4, 0xd4, 0xd4, 0xd4, 0xd4, 0xd4, 0xd4, 0xd4, 0xd4, 0xd4, 0xd4, 0xd4, 0xd4, 0xd4, 0xd4, 0xd4, 0xd4, 0xd4, 0xd4, 0xd4, 0xd4, 0xd4, 0xd4, 0xd4, 0xd4, 0xd4, 0xd4, 0xd4, 0xd4, 0xd4, 0xd4, 0xd4, 0xd4, 0xd4, 0xd4, 0xd4, 0xd4, 0xd4, 0xd4, 0xd4, 0xd4, 0xd4, 0xd4, 0xd4, 0xd4, 0xd4, 0xd4, 0xd4, 0xd4, 0xd4, 0xd4, 0xd4, 0xd4, 0xd4, 0xd4, 0xd4, 0xd3, 0xd4, 0xd3, 0xd3, 0xd3, 0xd3, 0xd3, 0xd2, 0xd1, 0xd1, 0xd1, 0xd0, 0xcd, 0x5c, 0xf8, 0x45, 0x48, 0x50, 0x5d, 0x67, 0x6c, 0x75, 0xfe, 0x7e, 0xff, 0x8e, 0x8e, 0x94, 0x94, 0x98, 0x99, 0x9c, 0x9e, 0x9c, 0xa1, 0xa1, 0xa1, 0x9d, 0x9d, 0x9d, 0x9a, 0x9a, 0x96, 0x95, 0x91, 0x91, 0x8d, 0x8d, 0x85, 0x82, 0x82, 0x82, 0x78, 0x78, 0x62, 0x62, 0x55, 0x4c, 0x43, 0x33, 0x4b, 0xb6, 0xce, 0xcf, 0xcf, 0xd0, 0xd1, 0xd1, 0xd2, 0xd2, 0xd2, 0xd3, 0xd3, 0xd3, 0xd3, 0xd4, 0xd3, 0xd4, 0xd3, 0xd4, 0xd4, 0xd4, 0xd4, 0xd4, 0xd4, 0xd4, 0xd4, 0xd4, 0xd4, 0xd4, 0xd4, 0xd4, 0xd4, 0xd4, 0xd4, 0xd4, 0xd4, 0xd4, 0xd4, 0xd4, 0xd4, 0xd4, 0xd4, 0xd4, 0xd4, 0xd4, 0xd4, 0xd4, 0xd4, 0xd4, 0xd4, 0xd4, 0xd4, 0xd4, 0xd4, 0xd4, 0xd4, 0xd4, 0xd4, 0xd4, 0xd4, 0xd4, 0xd4, 0xd4, 0xd4, 0xd4, 0xd4, 0xd4, 0xd4, 0xd4, 0xd4, 0xd4, 0xd4, 0xd4, 0xd4, 0xd4, 0xd4, 
  0xd4, 0xd4, 0xd4, 0xd4, 0xd4, 0xd4, 0xd4, 0xd4, 0xd4, 0xd4, 0xd4, 0xd4, 0xd4, 0xd4, 0xd4, 0xd4, 0xd4, 0xd4, 0xd4, 0xd4, 0xd4, 0xd4, 0xd4, 0xd4, 0xd4, 0xd4, 0xd4, 0xd4, 0xd4, 0xd4, 0xd4, 0xd4, 0xd4, 0xd4, 0xd4, 0xd4, 0xd4, 0xd4, 0xd4, 0xd4, 0xd4, 0xd4, 0xd4, 0xd4, 0xd4, 0xd4, 0xd4, 0xd4, 0xd4, 0xd4, 0xd4, 0xd4, 0xd4, 0xd4, 0xd4, 0xd4, 0xd4, 0xd4, 0xd4, 0xd4, 0xd4, 0xd4, 0xd4, 0xd4, 0xd3, 0xd4, 0xd3, 0xd3, 0xd3, 0xd3, 0xd2, 0xd2, 0xd2, 0xd1, 0xd1, 0xd0, 0xcc, 0x81, 0xf9, 0x3d, 0x48, 0x50, 0x50, 0x67, 0x6c, 0x75, 0x7e, 0x7e, 0xff, 0x8e, 0x8e, 0x94, 0x94, 0x98, 0x98, 0x98, 0x98, 0x9c, 0x9c, 0x9c, 0x9d, 0x9a, 0x9a, 0x96, 0x96, 0x96, 0x91, 0x91, 0x8d, 0x8d, 0x85, 0x85, 0x82, 0x82, 0x78, 0x6e, 0x62, 0x61, 0x55, 0x4c, 0x43, 0x3a, 0x66, 0xc8, 0xcf, 0xcf, 0xd0, 0xd0, 0xd1, 0xd1, 0xd2, 0xd2, 0xd2, 0xd3, 0xd3, 0xd3, 0xd3, 0xd3, 0xd3, 0xd4, 0xd3, 0xd4, 0xd4, 0xd3, 0xd4, 0xd4, 0xd4, 0xd4, 0xd4, 0xd4, 0xd4, 0xd4, 0xd4, 0xd4, 0xd4, 0xd4, 0xd4, 0xd4, 0xd4, 0xd4, 0xd4, 0xd4, 0xd4, 0xd4, 0xd4, 0xd4, 0xd4, 0xd4, 0xd4, 0xd4, 0xd4, 0xd4, 0xd4, 0xd4, 0xd4, 0xd4, 0xd4, 0xd4, 0xd4, 0xd4, 0xd4, 0xd4, 0xd4, 0xd4, 0xd4, 0xd4, 0xd4, 0xd4, 0xd4, 0xd4, 0xd4, 0xd4, 0xd4, 0xd4, 0xd4, 0xd4, 0xd4, 0xd4, 0xd4, 0xd4, 
  0xd4, 0xd4, 0xd4, 0xd4, 0xd4, 0xd4, 0xd4, 0xd4, 0xd4, 0xd4, 0xd4, 0xd4, 0xd4, 0xd4, 0xd4, 0xd4, 0xd4, 0xd4, 0xd4, 0xd4, 0xd4, 0xd4, 0xd4, 0xd4, 0xd4, 0xd4, 0xd4, 0xd4, 0xd4, 0xd4, 0xd4, 0xd4, 0xd4, 0xd4, 0xd4, 0xd4, 0xd4, 0xd4, 0xd4, 0xd4, 0xd4, 0xd4, 0xd4, 0xd4, 0xd4, 0xd4, 0xd4, 0xd4, 0xd4, 0xd4, 0xd4, 0xd4, 0xd4, 0xd4, 0xd4, 0xd4, 0xd4, 0xd4, 0xd4, 0xd4, 0xd4, 0xd4, 0xd4, 0xd4, 0xd4, 0xd4, 0xd3, 0xd4, 0xd3, 0xd3, 0xd3, 0xd3, 0xd2, 0xd2, 0xd1, 0xd1, 0xd0, 0xd0, 0xb6, 0xfa, 0x3d, 0x45, 0x50, 0x50, 0x5d, 0x67, 0x6c, 0x75, 0x7e, 0x7e, 0xff, 0x8e, 0x8e, 0x8e, 0x94, 0x94, 0x98, 0x98, 0x98, 0x98, 0x96, 0x97, 0x96, 0x96, 0x91, 0x91, 0x8d, 0x8d, 0x85, 0x85, 0x82, 0x82, 0x78, 0x6e, 0x6b, 0x62, 0x57, 0x55, 0x4c, 0x41, 0x3b, 0x92, 0xcf, 0xcf, 0xcf, 0xd0, 0xd1, 0xd1, 0xd2, 0xd2, 0xd2, 0xd2, 0xd3, 0xd3, 0xd3, 0xd4, 0xd3, 0xd4, 0xd3, 0xd4, 0xd4, 0xd4, 0xd4, 0xd4, 0xd4, 0xd4, 0xd4, 0xd4, 0xd4, 0xd4, 0xd4, 0xd4, 0xd4, 0xd4, 0xd4, 0xd4, 0xd4, 0xd4, 0xd4, 0xd4, 0xd4, 0xd4, 0xd4, 0xd4, 0xd4, 0xd4, 0xd4, 0xd4, 0xd4, 0xd4, 0xd4, 0xd4, 0xd4, 0xd4, 0xd4, 0xd4, 0xd4, 0xd4, 0xd4, 0xd4, 0xd4, 0xd4, 0xd4, 0xd4, 0xd4, 0xd4, 0xd4, 0xd4, 0xd4, 0xd4, 0xd4, 0xd4, 0xd4, 0xd4, 0xd4, 0xd4, 0xd4, 0xd4, 0xd4, 0xd4, 
  0xd4, 0xd4, 0xd4, 0xd4, 0xd4, 0xd4, 0xd4, 0xd4, 0xd4, 0xd4, 0xd4, 0xd4, 0xd4, 0xd4, 0xd4, 0xd4, 0xd4, 0xd4, 0xd4, 0xd4, 0xd4, 0xd4, 0xd4, 0xd4, 0xd4, 0xd4, 0xd4, 0xd4, 0xd4, 0xd4, 0xd4, 0xd4, 0xd4, 0xd4, 0xd4, 0xd4, 0xd4, 0xd4, 0xd4, 0xd4, 0xd4, 0xd4, 0xd4, 0xd4, 0xd4, 0xd4, 0xd4, 0xd4, 0xd4, 0xd4, 0xd4, 0xd4, 0xd4, 0xd4, 0xd4, 0xd4, 0xd4, 0xd4, 0xd4, 0xd4, 0xd4, 0xd4, 0xd4, 0xd4, 0xd4, 0xd4, 0xd4, 0xd4, 0xd3, 0xd4, 0xd3, 0xd3, 0xd3, 0xd2, 0xd2, 0xd2, 0xd1, 0xd0, 0xd0, 0xcd, 0x71, 0xf8, 0x3d, 0x48, 0x50, 0x5d, 0x5d, 0x6c, 0x6c, 0x7e, 0x7e, 0x7e, 0x8e, 0x8e, 0x8e, 0x8e, 0x94, 0x8e, 0x97, 0x94, 0x96, 0x96, 0x91, 0x8c, 0x8d, 0x8d, 0x89, 0x85, 0x82, 0x82, 0x82, 0x78, 0x6e, 0x6b, 0x62, 0x55, 0x55, 0x43, 0x41, 0x4b, 0xc8, 0xcf, 0xd0, 0xd0, 0xd1, 0xd1, 0xd1, 0xd2, 0xd2, 0xd2, 0xd3, 0xd3, 0xd3, 0xd3, 0xd3, 0xd4, 0xd3, 0xd4, 0xd3, 0xd4, 0xd3, 0xd4, 0xd4, 0xd4, 0xd4, 0xd4, 0xd4, 0xd4, 0xd4, 0xd4, 0xd4, 0xd4, 0xd4, 0xd4, 0xd4, 0xd4, 0xd4, 0xd4, 0xd4, 0xd4, 0xd4, 0xd4, 0xd4, 0xd4, 0xd4, 0xd4, 0xd4, 0xd4, 0xd4, 0xd4, 0xd4, 0xd4, 0xd4, 0xd4, 0xd4, 0xd4, 0xd4, 0xd4, 0xd4, 0xd4, 0xd4, 0xd4, 0xd4, 0xd4, 0xd4, 0xd4, 0xd4, 0xd4, 0xd4, 0xd4, 0xd4, 0xd4, 0xd4, 0xd4, 0xd4, 0xd4, 0xd4, 0xd4, 0xd4, 0xd4, 
  0xd4, 0xd4, 0xd4, 0xd4, 0xd4, 0xd4, 0xd4, 0xd4, 0xd4, 0xd4, 0xd4, 0xd4, 0xd4, 0xd4, 0xd4, 0xd4, 0xd4, 0xd4, 0xd4, 0xd4, 0xd4, 0xd4, 0xd4, 0xd4, 0xd4, 0xd4, 0xd4, 0xd4, 0xd4, 0xd4, 0xd4, 0xd4, 0xd4, 0xd4, 0xd4, 0xd4, 0xd4, 0xd4, 0xd4, 0xd4, 0xd4, 0xd4, 0xd4, 0xd4, 0xd4, 0xd4, 0xd4, 0xd4, 0xd4, 0xd4, 0xd4, 0xd4, 0xd4, 0xd4, 0xd4, 0xd4, 0xd4, 0xd4, 0xd4, 0xd4, 0xd4, 0xd4, 0xd4, 0xd4, 0xd4, 0xd4, 0xd4, 0xd4, 0xd4, 0xd3, 0xd3, 0xd3, 0xd3, 0xd3, 0xd3, 0xd2, 0xd2, 0xd2, 0xd1, 0xd0, 0xcf, 0x71, 0xfa, 0x3d, 0x48, 0x50, 0x5d, 0x5d, 0x6c, 0x6c, 0x75, 0x7e, 0x7e, 0x7e, 0x8e, 0x8e, 0x8e, 0x8e, 0x8e, 0x8e, 0x91, 0x91, 0x89, 0x8d, 0x8d, 0x89, 0x85, 0x82, 0x82, 0x82, 0x78, 0x6e, 0x65, 0x62, 0x55, 0x4c, 0x43, 0x3a, 0x58, 0xc8, 0xcf, 0xd0, 0xd0, 0xd1, 0xd1, 0xd2, 0xd2, 0xd2, 0xd3, 0xd3, 0xd3, 0xd3, 0xd3, 0xd4, 0xd3, 0xd4, 0xd3, 0xd4, 0xd4, 0xd4, 0xd4, 0xd4, 0xd4, 0xd4, 0xd4, 0xd4, 0xd4, 0xd4, 0xd4, 0xd4, 0xd4, 0xd4, 0xd4, 0xd4, 0xd4, 0xd4, 0xd4, 0xd4, 0xd4, 0xd4, 0xd4, 0xd4, 0xd4, 0xd4, 0xd4, 0xd4, 0xd4, 0xd4, 0xd4, 0xd4, 0xd4, 0xd4, 0xd4, 0xd4, 0xd4, 0xd4, 0xd4, 0xd4, 0xd4, 0xd4, 0xd4, 0xd4, 0xd4, 0xd4, 0xd4, 0xd4, 0xd4, 0xd4, 0xd4, 0xd4, 0xd4, 0xd4, 0xd4, 0xd4, 0xd4, 0xd4, 0xd4, 0xd4, 0xd4, 0xd4, 
  0xd4, 0xd4, 0xd4, 0xd4, 0xd4, 0xd4, 0xd4, 0xd4, 0xd4, 0xd4, 0xd4, 0xd4, 0xd4, 0xd4, 0xd4, 0xd4, 0xd4, 0xd4, 0xd4, 0xd4, 0xd4, 0xd4, 0xd4, 0xd4, 0xd4, 0xd4, 0xd4, 0xd4, 0xd4, 0xd4, 0xd4, 0xd4, 0xd4, 0xd4, 0xd4, 0xd4, 0xd4, 0xd4, 0xd4, 0xd4, 0xd4, 0xd4, 0xd4, 0xd4, 0xd4, 0xd4, 0xd4, 0xd4, 0xd4, 0xd4, 0xd4, 0xd4, 0xd4, 0xd4, 0xd4, 0xd4, 0xd4, 0xd4, 0xd4, 0xd4, 0xd4, 0xd4, 0xd4, 0xd4, 0xd4, 0xd4, 0xd4, 0xd4, 0xd3, 0xd4, 0xd3, 0xd4, 0xd3, 0xd3, 0xd3, 0xd2, 0xd3, 0xd1, 0xd2, 0xd1, 0xd0, 0xd0, 0xbe, 0xfa, 0x3d, 0x45, 0x50, 0x50, 0x5d, 0x67, 0x6c, 0x6c, 0x75, 0x7e, 0x7e, 0x7e, 0x8e, 0x89, 0x8e, 0x8c, 0x89, 0x8c, 0x89, 0x89, 0x85, 0x82, 0x82, 0x78, 0x78, 0x6e, 0x6b, 0x62, 0x62, 0x55, 0x4c, 0x41, 0x3a, 0x92, 0xce, 0xcf, 0xcf, 0xd0, 0xd1, 0xd1, 0xd2, 0xd2, 0xd2, 0xd3, 0xd3, 0xd3, 0xd3, 0xd3, 0xd4, 0xd3, 0xd4, 0xd3, 0xd4, 0xd4, 0xd3, 0xd4, 0xd4, 0xd4, 0xd4, 0xd4, 0xd4, 0xd4, 0xd4, 0xd4, 0xd4, 0xd4, 0xd4, 0xd4, 0xd4, 0xd4, 0xd4, 0xd4, 0xd4, 0xd4, 0xd4, 0xd4, 0xd4, 0xd4, 0xd4, 0xd4, 0xd4, 0xd4, 0xd4, 0xd4, 0xd4, 0xd4, 0xd4, 0xd4, 0xd4, 0xd4, 0xd4, 0xd4, 0xd4, 0xd4, 0xd4, 0xd4, 0xd4, 0xd4, 0xd4, 0xd4, 0xd4, 0xd4, 0xd4, 0xd4, 0xd4, 0xd4, 0xd4, 0xd4, 0xd4, 0xd4, 0xd4, 0xd4, 0xd4, 0xd4, 0xd4, 0xd4, 
  0xd4, 0xd4, 0xd4, 0xd4, 0xd4, 0xd4, 0xd4, 0xd4, 0xd4, 0xd4, 0xd4, 0xd4, 0xd4, 0xd4, 0xd4, 0xd4, 0xd4, 0xd4, 0xd4, 0xd4, 0xd4, 0xd4, 0xd4, 0xd4, 0xd4, 0xd4, 0xd4, 0xd4, 0xd4, 0xd4, 0xd4, 0xd4, 0xd4, 0xd4, 0xd4, 0xd4, 0xd4, 0xd4, 0xd4, 0xd4, 0xd4, 0xd4, 0xd4, 0xd4, 0xd4, 0xd4, 0xd4, 0xd4, 0xd4, 0xd4, 0xd4, 0xd4, 0xd4, 0xd4, 0xd4, 0xd4, 0xd4, 0xd4, 0xd4, 0xd4, 0xd4, 0xd4, 0xd4, 0xd4, 0xd4, 0xd4, 0xd4, 0xd4, 0xd4, 0xd4, 0xd3, 0xd4, 0xd3, 0xd4, 0xd3, 0xd3, 0xd3, 0xd3, 0xd2, 0xd2, 0xd1, 0xd1, 0xd0, 0xcd, 0x81, 0xf8, 0x45, 0x48, 0x50, 0x5d, 0x5d, 0x67, 0x6c, 0x6c, 0x7e, 0x7e, 0x7e, 0x7e, 0x89, 0x7e, 0x89, 0x85, 0x82, 0x82, 0x82, 0x82, 0x78, 0x78, 0x6e, 0x6b, 0x62, 0x57, 0x4c, 0x43, 0x41, 0x58, 0xc8, 0xcf, 0xd0, 0xcf, 0xd1, 0xd1, 0xd2, 0xd2, 0xd3, 0xd2, 0xd3, 0xd3, 0xd3, 0xd4, 0xd3, 0xd4, 0xd3, 0xd4, 0xd4, 0xd4, 0xd4, 0xd4, 0xd4, 0xd4, 0xd4, 0xd4, 0xd4, 0xd4, 0xd4, 0xd4, 0xd4, 0xd4, 0xd4, 0xd4, 0xd4, 0xd4, 0xd4, 0xd4, 0xd4, 0xd4, 0xd4, 0xd4, 0xd4, 0xd4, 0xd4, 0xd4, 0xd4, 0xd4, 0xd4, 0xd4, 0xd4, 0xd4, 0xd4, 0xd4, 0xd4, 0xd4, 0xd4, 0xd4, 0xd4, 0xd4, 0xd4, 0xd4, 0xd4, 0xd4, 0xd4, 0xd4, 0xd4, 0xd4, 0xd4, 0xd4, 0xd4, 0xd4, 0xd4, 0xd4, 0xd4, 0xd4, 0xd4, 0xd4, 0xd4, 0xd4, 0xd4, 0xd4, 0xd4, 0xd4, 
  0xd4, 0xd4, 0xd4, 0xd4, 0xd4, 0xd4, 0xd4, 0xd4, 0xd4, 0xd4, 0xd4, 0xd4, 0xd4, 0xd4, 0xd4, 0xd4, 0xd4, 0xd4, 0xd4, 0xd4, 0xd4, 0xd4, 0xd4, 0xd4, 0xd4, 0xd4, 0xd4, 0xd4, 0xd4, 0xd4, 0xd4, 0xd4, 0xd4, 0xd4, 0xd4, 0xd4, 0xd4, 0xd4, 0xd4, 0xd4, 0xd4, 0xd4, 0xd4, 0xd4, 0xd4, 0xd4, 0xd4, 0xd4, 0xd4, 0xd4, 0xd4, 0xd4, 0xd4, 0xd4, 0xd4, 0xd4, 0xd4, 0xd4, 0xd4, 0xd4, 0xd4, 0xd4, 0xd4, 0xd4, 0xd4, 0xd4, 0xd4, 0xd4, 0xd4, 0xd4, 0xd4, 0xd4, 0xd3, 0xd4, 0xd3, 0xd3, 0xd3, 0xd2, 0xd3, 0xd2, 0xd2, 0xd2, 0xd1, 0xd1, 0xcf, 0x93, 0xf8, 0x3d, 0x45, 0x48, 0x50, 0x5b, 0x5d, 0x6c, 0x6c, 0x6c, 0x7e, 0x77, 0x7e, 0x82, 0x82, 0x82, 0x78, 0x82, 0x78, 0x78, 0x77, 0x6e, 0x61, 0x62, 0x57, 0x55, 0x43, 0x41, 0x58, 0xce, 0xcf, 0xd0, 0xd0, 0xd1, 0xd1, 0xd1, 0xd2, 0xd2, 0xd2, 0xd3, 0xd3, 0xd3, 0xd3, 0xd3, 0xd4, 0xd3, 0xd4, 0xd3, 0xd4, 0xd4, 0xd4, 0xd4, 0xd4, 0xd4, 0xd4, 0xd4, 0xd4, 0xd4, 0xd4, 0xd4, 0xd4, 0xd4, 0xd4, 0xd4, 0xd4, 0xd4, 0xd4, 0xd4, 0xd4, 0xd4, 0xd4, 0xd4, 0xd4, 0xd4, 0xd4, 0xd4, 0xd4, 0xd4, 0xd4, 0xd4, 0xd4, 0xd4, 0xd4, 0xd4, 0xd4, 0xd4, 0xd4, 0xd4, 0xd4, 0xd4, 0xd4, 0xd4, 0xd4, 0xd4, 0xd4, 0xd4, 0xd4, 0xd4, 0xd4, 0xd4, 0xd4, 0xd4, 0xd4, 0xd4, 0xd4, 0xd4, 0xd4, 0xd4, 0xd4, 0xd4, 0xd4, 0xd4, 0xd4, 0xd4, 
  0xd4, 0xd4, 0xd4, 0xd4, 0xd4, 0xd4, 0xd4, 0xd4, 0xd4, 0xd4, 0xd4, 0xd4, 0xd4, 0xd4, 0xd4, 0xd4, 0xd4, 0xd4, 0xd4, 0xd4, 0xd4, 0xd4, 0xd4, 0xd4, 0xd4, 0xd4, 0xd4, 0xd4, 0xd4, 0xd4, 0xd4, 0xd4, 0xd4, 0xd4, 0xd4, 0xd4, 0xd4, 0xd4, 0xd4, 0xd4, 0xd4, 0xd4, 0xd4, 0xd4, 0xd4, 0xd4, 0xd4, 0xd4, 0xd4, 0xd4, 0xd4, 0xd4, 0xd4, 0xd4, 0xd4, 0xd4, 0xd4, 0xd4, 0xd4, 0xd4, 0xd4, 0xd4, 0xd4, 0xd4, 0xd4, 0xd4, 0xd4, 0xd4, 0xd4, 0xd4, 0xd4, 0xd4, 0xd4, 0xd4, 0xd3, 0xd4, 0xd3, 0xd3, 0xd3, 0xd3, 0xd3, 0xd2, 0xd2, 0xd1, 0xd1, 0xd0, 0xcd, 0x5c, 0x35, 0x3d, 0x45, 0x50, 0x50, 0x5b, 0x5d, 0x6c, 0x6c, 0x6c, 0x77, 0x6c, 0x77, 0x77, 0x77, 0x6b, 0x77, 0x6b, 0x65, 0x61, 0x57, 0x55, 0x4c, 0x43, 0x4b, 0xb6, 0xcf, 0xd0, 0xd0, 0xd1, 0xd1, 0xd1, 0xd2, 0xd3, 0xd2, 0xd3, 0xd3, 0xd3, 0xd3, 0xd3, 0xd4, 0xd4, 0xd3, 0xd4, 0xd4, 0xd4, 0xd4, 0xd4, 0xd4, 0xd4, 0xd4, 0xd4, 0xd4, 0xd4, 0xd4, 0xd4, 0xd4, 0xd4, 0xd4, 0xd4, 0xd4, 0xd4, 0xd4, 0xd4, 0xd4, 0xd4, 0xd4, 0xd4, 0xd4, 0xd4, 0xd4, 0xd4, 0xd4, 0xd4, 0xd4, 0xd4, 0xd4, 0xd4, 0xd4, 0xd4, 0xd4, 0xd4, 0xd4, 0xd4, 0xd4, 0xd4, 0xd4, 0xd4, 0xd4, 0xd4, 0xd4, 0xd4, 0xd4, 0xd4, 0xd4, 0xd4, 0xd4, 0xd4, 0xd4, 0xd4, 0xd4, 0xd4, 0xd4, 0xd4, 0xd4, 0xd4, 0xd4, 0xd4, 0xd4, 0xd4, 0xd4, 0xd4, 
  0xd4, 0xd4, 0xd4, 0xd4, 0xd4, 0xd4, 0xd4, 0xd4, 0xd4, 0xd4, 0xd4, 0xd4, 0xd4, 0xd4, 0xd4, 0xd4, 0xd4, 0xd4, 0xd4, 0xd4, 0xd4, 0xd4, 0xd4, 0xd4, 0xd4, 0xd4, 0xd4, 0xd4, 0xd4, 0xd4, 0xd4, 0xd4, 0xd4, 0xd4, 0xd4, 0xd4, 0xd4, 0xd4, 0xd4, 0xd4, 0xd4, 0xd4, 0xd4, 0xd4, 0xd4, 0xd4, 0xd4, 0xd4, 0xd4, 0xd4, 0xd4, 0xd4, 0xd4, 0xd4, 0xd4, 0xd4, 0xd4, 0xd4, 0xd4, 0xd4, 0xd4, 0xd4, 0xd4, 0xd4, 0xd4, 0xd4, 0xd4, 0xd4, 0xd4, 0xd4, 0xd4, 0xd4, 0xd4, 0xd4, 0xd3, 0xd4, 0xd3, 0xd4, 0xd3, 0xd3, 0xd3, 0xd2, 0xd2, 0xd2, 0xd1, 0xd1, 0xd0, 0xce, 0x93, 0x3e, 0xf8, 0x45, 0x48, 0x50, 0x5d, 0x5b, 0x6c, 0x6c, 0x6c, 0x77, 0x6b, 0x6b, 0x6b, 0x6b, 0x65, 0x61, 0x5e, 0x55, 0x4c, 0x4c, 0x41, 0x7d, 0xcc, 0xcf, 0xd0, 0xd0, 0xd1, 0xd1, 0xd2, 0xd2, 0xd2, 0xd2, 0xd3, 0xd3, 0xd3, 0xd3, 0xd4, 0xd3, 0xd4, 0xd3, 0xd4, 0xd4, 0xd3, 0xd4, 0xd4, 0xd4, 0xd4, 0xd4, 0xd4, 0xd4, 0xd4, 0xd4, 0xd4, 0xd4, 0xd4, 0xd4, 0xd4, 0xd4, 0xd4, 0xd4, 0xd4, 0xd4, 0xd4, 0xd4, 0xd4, 0xd4, 0xd4, 0xd4, 0xd4, 0xd4, 0xd4, 0xd4, 0xd4, 0xd4, 0xd4, 0xd4, 0xd4, 0xd4, 0xd4, 0xd4, 0xd4, 0xd4, 0xd4, 0xd4, 0xd4, 0xd4, 0xd4, 0xd4, 0xd4, 0xd4, 0xd4, 0xd4, 0xd4, 0xd4, 0xd4, 0xd4, 0xd4, 0xd4, 0xd4, 0xd4, 0xd4, 0xd4, 0xd4, 0xd4, 0xd4, 0xd4, 0xd4, 0xd4, 0xd4, 0xd4, 
  0xd4, 0xd4, 0xd4, 0xd4, 0xd4, 0xd4, 0xd4, 0xd4, 0xd4, 0xd4, 0xd4, 0xd4, 0xd4, 0xd4, 0xd4, 0xd4, 0xd4, 0xd4, 0xd4, 0xd4, 0xd4, 0xd4, 0xd4, 0xd4, 0xd4, 0xd4, 0xd4, 0xd4, 0xd4, 0xd4, 0xd4, 0xd4, 0xd4, 0xd4, 0xd4, 0xd4, 0xd4, 0xd4, 0xd4, 0xd4, 0xd4, 0xd4, 0xd4, 0xd4, 0xd4, 0xd4, 0xd4, 0xd4, 0xd4, 0xd4, 0xd4, 0xd4, 0xd4, 0xd4, 0xd4, 0xd4, 0xd4, 0xd4, 0xd4, 0xd4, 0xd4, 0xd4, 0xd4, 0xd4, 0xd4, 0xd4, 0xd4, 0xd4, 0xd4, 0xd4, 0xd4, 0xd4, 0xd4, 0xd4, 0xd4, 0xd3, 0xd4, 0xd3, 0xd4, 0xd3, 0xd3, 0xd3, 0xd3, 0xd2, 0xd2, 0xd1, 0xd1, 0xd0, 0xd0, 0xcc, 0x52, 0x35, 0x45, 0x48, 0x4e, 0x50, 0x5b, 0x5b, 0x5f, 0x5f, 0x65, 0x65, 0x65, 0x61, 0x5e, 0x5e, 0x4c, 0x49, 0x43, 0x4b, 0x9f, 0xcf, 0xd0, 0xd0, 0xd1, 0xd1, 0xd2, 0xd2, 0xd2, 0xd2, 0xd3, 0xd3, 0xd3, 0xd3, 0xd4, 0xd3, 0xd4, 0xd3, 0xd4, 0xd4, 0xd4, 0xd4, 0xd4, 0xd4, 0xd4, 0xd4, 0xd4, 0xd4, 0xd4, 0xd4, 0xd4, 0xd4, 0xd4, 0xd4, 0xd4, 0xd4, 0xd4, 0xd4, 0xd4, 0xd4, 0xd4, 0xd4, 0xd4, 0xd4, 0xd4, 0xd4, 0xd4, 0xd4, 0xd4, 0xd4, 0xd4, 0xd4, 0xd4, 0xd4, 0xd4, 0xd4, 0xd4, 0xd4, 0xd4, 0xd4, 0xd4, 0xd4, 0xd4, 0xd4, 0xd4, 0xd4, 0xd4, 0xd4, 0xd4, 0xd4, 0xd4, 0xd4, 0xd4, 0xd4, 0xd4, 0xd4, 0xd4, 0xd4, 0xd4, 0xd4, 0xd4, 0xd4, 0xd4, 0xd4, 0xd4, 0xd4, 0xd4, 0xd4, 0xd4, 0xd4, 
  0xd4, 0xd4, 0xd4, 0xd4, 0xd4, 0xd4, 0xd4, 0xd4, 0xd4, 0xd4, 0xd4, 0xd4, 0xd4, 0xd4, 0xd4, 0xd4, 0xd4, 0xd4, 0xd4, 0xd4, 0xd4, 0xd4, 0xd4, 0xd4, 0xd4, 0xd4, 0xd4, 0xd4, 0xd4, 0xd4, 0xd4, 0xd4, 0xd4, 0xd4, 0xd4, 0xd4, 0xd4, 0xd4, 0xd4, 0xd4, 0xd4, 0xd4, 0xd4, 0xd4, 0xd4, 0xd4, 0xd4, 0xd4, 0xd4, 0xd4, 0xd4, 0xd4, 0xd4, 0xd4, 0xd4, 0xd4, 0xd4, 0xd4, 0xd4, 0xd4, 0xd4, 0xd4, 0xd4, 0xd4, 0xd4, 0xd4, 0xd4, 0xd4, 0xd4, 0xd4, 0xd4, 0xd4, 0xd4, 0xd4, 0xd4, 0xd4, 0xd4, 0xd4, 0xd3, 0xd4, 0xd3, 0xd3, 0xd3, 0xd3, 0xd2, 0xd2, 0xd2, 0xd1, 0xd1, 0xd0, 0xcc, 0x93, 0xfa, 0x3d, 0x45, 0x48, 0x50, 0x4e, 0x5b, 0x56, 0x5e, 0x5b, 0x57, 0x5b, 0x57, 0x49, 0x43, 0x3a, 0x7d, 0xc8, 0xcf, 0xd0, 0xd0, 0xd2, 0xd1, 0xd2, 0xd2, 0xd2, 0xd3, 0xd3, 0xd3, 0xd3, 0xd3, 0xd4, 0xd3, 0xd4, 0xd3, 0xd4, 0xd3, 0xd4, 0xd4, 0xd4, 0xd4, 0xd4, 0xd4, 0xd4, 0xd4, 0xd4, 0xd4, 0xd4, 0xd4, 0xd4, 0xd4, 0xd4, 0xd4, 0xd4, 0xd4, 0xd4, 0xd4, 0xd4, 0xd4, 0xd4, 0xd4, 0xd4, 0xd4, 0xd4, 0xd4, 0xd4, 0xd4, 0xd4, 0xd4, 0xd4, 0xd4, 0xd4, 0xd4, 0xd4, 0xd4, 0xd4, 0xd4, 0xd4, 0xd4, 0xd4, 0xd4, 0xd4, 0xd4, 0xd4, 0xd4, 0xd4, 0xd4, 0xd4, 0xd4, 0xd4, 0xd4, 0xd4, 0xd4, 0xd4, 0xd4, 0xd4, 0xd4, 0xd4, 0xd4, 0xd4, 0xd4, 0xd4, 0xd4, 0xd4, 0xd4, 0xd4, 0xd4, 0xd4, 
  0xd4, 0xd4, 0xd4, 0xd4, 0xd4, 0xd4, 0xd4, 0xd4, 0xd4, 0xd4, 0xd4, 0xd4, 0xd4, 0xd4, 0xd4, 0xd4, 0xd4, 0xd4, 0xd4, 0xd4, 0xd4, 0xd4, 0xd4, 0xd4, 0xd4, 0xd4, 0xd4, 0xd4, 0xd4, 0xd4, 0xd4, 0xd4, 0xd4, 0xd4, 0xd4, 0xd4, 0xd4, 0xd4, 0xd4, 0xd4, 0xd4, 0xd4, 0xd4, 0xd4, 0xd4, 0xd4, 0xd4, 0xd4, 0xd4, 0xd4, 0xd4, 0xd4, 0xd4, 0xd4, 0xd4, 0xd4, 0xd4, 0xd4, 0xd4, 0xd4, 0xd4, 0xd4, 0xd4, 0xd4, 0xd4, 0xd4, 0xd4, 0xd4, 0xd4, 0xd4, 0xd4, 0xd4, 0xd4, 0xd4, 0xd4, 0xd4, 0xd4, 0xd4, 0xd4, 0xd4, 0xd3, 0xd4, 0xd3, 0xd3, 0xd3, 0xd3, 0xd2, 0xd2, 0xd2, 0xd1, 0xd1, 0xd0, 0xbe, 0x66, 0x3f, 0x3d, 0x44, 0x44, 0x48, 0x4e, 0x53, 0x53, 0x53, 0x49, 0x40, 0x40, 0x58, 0x92, 0xcf, 0xd0, 0xd0, 0xd1, 0xd1, 0xd2, 0xd2, 0xd2, 0xd3, 0xd3, 0xd3, 0xd3, 0xd3, 0xd3, 0xd4, 0xd3, 0xd4, 0xd3, 0xd4, 0xd4, 0xd4, 0xd4, 0xd4, 0xd4, 0xd4, 0xd4, 0xd4, 0xd4, 0xd4, 0xd4, 0xd4, 0xd4, 0xd4, 0xd4, 0xd4, 0xd4, 0xd4, 0xd4, 0xd4, 0xd4, 0xd4, 0xd4, 0xd4, 0xd4, 0xd4, 0xd4, 0xd4, 0xd4, 0xd4, 0xd4, 0xd4, 0xd4, 0xd4, 0xd4, 0xd4, 0xd4, 0xd4, 0xd4, 0xd4, 0xd4, 0xd4, 0xd4, 0xd4, 0xd4, 0xd4, 0xd4, 0xd4, 0xd4, 0xd4, 0xd4, 0xd4, 0xd4, 0xd4, 0xd4, 0xd4, 0xd4, 0xd4, 0xd4, 0xd4, 0xd4, 0xd4, 0xd4, 0xd4, 0xd4, 0xd4, 0xd4, 0xd4, 0xd4, 0xd4, 0xd4, 0xd4, 0xd4, 
  0xd4, 0xd4, 0xd4, 0xd4, 0xd4, 0xd4, 0xd4, 0xd4, 0xd4, 0xd4, 0xd4, 0xd4, 0xd4, 0xd4, 0xd4, 0xd4, 0xd4, 0xd4, 0xd4, 0xd4, 0xd4, 0xd4, 0xd4, 0xd4, 0xd4, 0xd4, 0xd4, 0xd4, 0xd4, 0xd4, 0xd4, 0xd4, 0xd4, 0xd4, 0xd4, 0xd4, 0xd4, 0xd4, 0xd4, 0xd4, 0xd4, 0xd4, 0xd4, 0xd4, 0xd4, 0xd4, 0xd4, 0xd4, 0xd4, 0xd4, 0xd4, 0xd4, 0xd4, 0xd4, 0xd4, 0xd4, 0xd4, 0xd4, 0xd4, 0xd4, 0xd4, 0xd4, 0xd4, 0xd4, 0xd4, 0xd4, 0xd4, 0xd4, 0xd4, 0xd4, 0xd4, 0xd4, 0xd4, 0xd4, 0xd4, 0xd4, 0xd4, 0xd4, 0xd4, 0xd3, 0xd4, 0xd3, 0xd4, 0xd3, 0xd3, 0xd3, 0xd3, 0xd2, 0xd3, 0xd2, 0xd2, 0xd1, 0xd1, 0xd0, 0x9f, 0xf9, 0x35, 0x3d, 0x36, 0x44, 0x46, 0x49, 0x49, 0x40, 0x37, 0x7d, 0xcd, 0xd0, 0xd1, 0xd1, 0xd1, 0xd2, 0xd2, 0xd2, 0xd3, 0xd3, 0xd3, 0xd3, 0xd3, 0xd3, 0xd4, 0xd3, 0xd4, 0xd3, 0xd4, 0xd4, 0xd4, 0xd4, 0xd4, 0xd4, 0xd4, 0xd4, 0xd4, 0xd4, 0xd4, 0xd4, 0xd4, 0xd4, 0xd4, 0xd4, 0xd4, 0xd4, 0xd4, 0xd4, 0xd4, 0xd4, 0xd4, 0xd4, 0xd4, 0xd4, 0xd4, 0xd4, 0xd4, 0xd4, 0xd4, 0xd4, 0xd4, 0xd4, 0xd4, 0xd4, 0xd4, 0xd4, 0xd4, 0xd4, 0xd4, 0xd4, 0xd4, 0xd4, 0xd4, 0xd4, 0xd4, 0xd4, 0xd4, 0xd4, 0xd4, 0xd4, 0xd4, 0xd4, 0xd4, 0xd4, 0xd4, 0xd4, 0xd4, 0xd4, 0xd4, 0xd4, 0xd4, 0xd4, 0xd4, 0xd4, 0xd4, 0xd4, 0xd4, 0xd4, 0xd4, 0xd4, 0xd4, 0xd4, 0xd4, 0xd4, 
  0xd4, 0xd4, 0xd4, 0xd4, 0xd4, 0xd4, 0xd4, 0xd4, 0xd4, 0xd4, 0xd4, 0xd4, 0xd4, 0xd4, 0xd4, 0xd4, 0xd4, 0xd4, 0xd4, 0xd4, 0xd4, 0xd4, 0xd4, 0xd4, 0xd4, 0xd4, 0xd4, 0xd4, 0xd4, 0xd4, 0xd4, 0xd4, 0xd4, 0xd4, 0xd4, 0xd4, 0xd4, 0xd4, 0xd4, 0xd4, 0xd4, 0xd4, 0xd4, 0xd4, 0xd4, 0xd4, 0xd4, 0xd4, 0xd4, 0xd4, 0xd4, 0xd4, 0xd4, 0xd4, 0xd4, 0xd4, 0xd4, 0xd4, 0xd4, 0xd4, 0xd4, 0xd4, 0xd4, 0xd4, 0xd4, 0xd4, 0xd4, 0xd4, 0xd4, 0xd4, 0xd4, 0xd4, 0xd4, 0xd4, 0xd4, 0xd4, 0xd4, 0xd4, 0xd4, 0xd4, 0xd4, 0xd3, 0xd4, 0xd3, 0xd4, 0xd3, 0xd3, 0xd3, 0xd3, 0xd3, 0xd2, 0xd2, 0xd1, 0xd1, 0xd1, 0xcc, 0x93, 0x66, 0x52, 0x3e, 0x3e, 0x4f, 0x66, 0x92, 0xb6, 0xd0, 0xd0, 0xd1, 0xd1, 0xd2, 0xd2, 0xd2, 0xd3, 0xd2, 0xd3, 0xd3, 0xd3, 0xd4, 0xd3, 0xd4, 0xd3, 0xd4, 0xd4, 0xd4, 0xd4, 0xd4, 0xd4, 0xd4, 0xd4, 0xd4, 0xd4, 0xd4, 0xd4, 0xd4, 0xd4, 0xd4, 0xd4, 0xd4, 0xd4, 0xd4, 0xd4, 0xd4, 0xd4, 0xd4, 0xd4, 0xd4, 0xd4, 0xd4, 0xd4, 0xd4, 0xd4, 0xd4, 0xd4, 0xd4, 0xd4, 0xd4, 0xd4, 0xd4, 0xd4, 0xd4, 0xd4, 0xd4, 0xd4, 0xd4, 0xd4, 0xd4, 0xd4, 0xd4, 0xd4, 0xd4, 0xd4, 0xd4, 0xd4, 0xd4, 0xd4, 0xd4, 0xd4, 0xd4, 0xd4, 0xd4, 0xd4, 0xd4, 0xd4, 0xd4, 0xd4, 0xd4, 0xd4, 0xd4, 0xd4, 0xd4, 0xd4, 0xd4, 0xd4, 0xd4, 0xd4, 0xd4, 0xd4, 0xd4, 0xd4, 0xd4, 
  0xd4, 0xd4, 0xd4, 0xd4, 0xd4, 0xd4, 0xd4, 0xd4, 0xd4, 0xd4, 0xd4, 0xd4, 0xd4, 0xd4, 0xd4, 0xd4, 0xd4, 0xd4, 0xd4, 0xd4, 0xd4, 0xd4, 0xd4, 0xd4, 0xd4, 0xd4, 0xd4, 0xd4, 0xd4, 0xd4, 0xd4, 0xd4, 0xd4, 0xd4, 0xd4, 0xd4, 0xd4, 0xd4, 0xd4, 0xd4, 0xd4, 0xd4, 0xd4, 0xd4, 0xd4, 0xd4, 0xd4, 0xd4, 0xd4, 0xd4, 0xd4, 0xd4, 0xd4, 0xd4, 0xd4, 0xd4, 0xd4, 0xd4, 0xd4, 0xd4, 0xd4, 0xd4, 0xd4, 0xd4, 0xd4, 0xd4, 0xd4, 0xd4, 0xd4, 0xd4, 0xd4, 0xd4, 0xd4, 0xd4, 0xd4, 0xd4, 0xd4, 0xd4, 0xd4, 0xd4, 0xd4, 0xd4, 0xd4, 0xd4, 0xd3, 0xd4, 0xd3, 0xd3, 0xd3, 0xd3, 0xd3, 0xd2, 0xd2, 0xd2, 0xd1, 0xd0, 0xd1, 0xd1, 0xd0, 0xcc, 0xcd, 0xcf, 0xd2, 0xd1, 0xd1, 0xd1, 0xd1, 0xd2, 0xd2, 0xd2, 0xd2, 0xd3, 0xd2, 0xd3, 0xd3, 0xd3, 0xd4, 0xd3, 0xd4, 0xd3, 0xd4, 0xd4, 0xd4, 0xd4, 0xd4, 0xd4, 0xd4, 0xd4, 0xd4, 0xd4, 0xd4, 0xd4, 0xd4, 0xd4, 0xd4, 0xd4, 0xd4, 0xd4, 0xd4, 0xd4, 0xd4, 0xd4, 0xd4, 0xd4, 0xd4, 0xd4, 0xd4, 0xd4, 0xd4, 0xd4, 0xd4, 0xd4, 0xd4, 0xd4, 0xd4, 0xd4, 0xd4, 0xd4, 0xd4, 0xd4, 0xd4, 0xd4, 0xd4, 0xd4, 0xd4, 0xd4, 0xd4, 0xd4, 0xd4, 0xd4, 0xd4, 0xd4, 0xd4, 0xd4, 0xd4, 0xd4, 0xd4, 0xd4, 0xd4, 0xd4, 0xd4, 0xd4, 0xd4, 0xd4, 0xd4, 0xd4, 0xd4, 0xd4, 0xd4, 0xd4, 0xd4, 0xd4, 0xd4, 0xd4, 0xd4, 0xd4, 0xd4, 0xd4, 0xd4, 0xd4, 
};

const lv_img_dsc_t BiggestHeart = {
  .header.cf = LV_IMG_CF_INDEXED_8BIT,
  .header.always_zero = 0,
  .header.reserved = 0,
  .header.w = 200,
  .header.h = 180,
  .data_size = 37024,
  .data = BiggestHeart_map,
};
