#include "../lvgl/lvgl.h"

const uint8_t ChargeW_map[] = {
    0xFE, 0xFE, 0xFE, 0xFF, 0xFE, 0xFD, 0xFD, 0xFF, 0xFC, 0xFB, 0xFB, 0xFF, 0xFB, 0xFA, 0xFA, 0xFF,
    0xEC, 0xFD, 0xF1, 0xFF, 0xF8, 0xF7, 0xF7, 0xFF, 0xF6, 0xF5, 0xF5, 0xFF, 0xF4, 0xF2, 0xF2, 0xFF,
    0xEF, 0xED, 0xED, 0xFF, 0xEC, 0xEB, 0xEA, 0xFF, 0xEA, 0xEB, 0xEB, 0xFF, 0xE9, 0xEC, 0xE9, 0xFF,
    0xEC, 0xEA, 0xEA, 0xFF, 0xE9, 0xEA, 0xEA, 0xFF, 0xEB, 0xE9, 0xE9, 0xFF, 0xE8, 0xE9, 0xE9, 0xFF,
    0xE7, 0xE9, 0xE6, 0xFF, 0xE7, 0xE8, 0xE8, 0xFF, 0xE9, 0xE7, 0xE7, 0xFF, 0xE6, 0xE7, 0xE7, 0xFF,
    0xE5, 0xE6, 0xE6, 0xFF, 0xE7, 0xE4, 0xE4, 0xFF, 0xE4, 0xE5, 0xE5, 0xFF, 0xE4, 0xE4, 0xE4, 0xFF,
    0xE3, 0xE5, 0xE3, 0xFF, 0xE3, 0xE4, 0xE4, 0xFF, 0xE6, 0xE3, 0xE3, 0xFF, 0xE2, 0xE3, 0xE3, 0xFF,
    0xE3, 0xE1, 0xE0, 0xFF, 0xD8, 0xFD, 0xE2, 0xFF, 0xD3, 0xF1, 0xDA, 0xFF, 0xE1, 0xE2, 0xE2, 0xFF,
    0xD4, 0xE2, 0xD7, 0xFF, 0xC2, 0xFD, 0xD1, 0xFF, 0xB9, 0xFD, 0xC8, 0xFF, 0xB0, 0xFC, 0xC0, 0xFF,
    0xB8, 0xF2, 0xC4, 0xFF, 0xBC, 0xE4, 0xC3, 0xFF, 0xE0, 0xE1, 0xE1, 0xFF, 0xE1, 0xE0, 0xE0, 0xFF,
    0xDF, 0xE0, 0xE0, 0xFF, 0xE1, 0xDF, 0xDF, 0xFF, 0xDE, 0xDF, 0xDF, 0xFF, 0xE0, 0xDE, 0xDE, 0xFF,
    0xDD, 0xDE, 0xDE, 0xFF, 0xD1, 0xDF, 0xD4, 0xFF, 0xBB, 0xE0, 0xC0, 0xFF, 0xDF, 0xDC, 0xDC, 0xFF,
    0xDC, 0xDD, 0xDD, 0xFF, 0xDB, 0xDD, 0xDC, 0xFF, 0xDB, 0xDC, 0xDC, 0xFF, 0xDB, 0xDC, 0xDB, 0xFF,
    0xDA, 0xDC, 0xDB, 0xFF, 0xDD, 0xDA, 0xD9, 0xFF, 0xDA, 0xDB, 0xDA, 0xFF, 0xD8, 0xDC, 0xD9, 0xFF,
    0xD4, 0xDC, 0xD6, 0xFF, 0xD5, 0xD9, 0xD6, 0xFF, 0xCE, 0xDA, 0xCF, 0xFF, 0xBA, 0xDA, 0xBE, 0xFF,
    0xD4, 0xD6, 0xD3, 0xFF, 0xD3, 0xD1, 0xD0, 0xFF, 0xC2, 0xD3, 0xC3, 0xFF, 0xB5, 0xD1, 0xB5, 0xFF,
    0xCC, 0xC8, 0xC7, 0xFF, 0xB2, 0xC9, 0xB3, 0xFF, 0xC1, 0xC1, 0xBE, 0xFF, 0xBB, 0xB7, 0xB6, 0xFF,
    0xA3, 0xFC, 0xB7, 0xFF, 0x8E, 0xFC, 0xAA, 0xFF, 0x8F, 0xF2, 0x9F, 0xFF, 0x96, 0xE4, 0xA0, 0xFF,
    0x74, 0xF6, 0x89, 0xFF, 0x5B, 0xF5, 0x7E, 0xFF, 0x69, 0xE8, 0x7D, 0xFF, 0x50, 0xE6, 0x69, 0xFF,
    0x9A, 0xD5, 0x9F, 0xFF, 0x9B, 0xC8, 0x9B, 0xFF, 0x99, 0xBF, 0x9A, 0xFF, 0x93, 0xB7, 0x94, 0xFF,
    0x7A, 0xD1, 0x80, 0xFF, 0x51, 0xD3, 0x63, 0xFF, 0x7E, 0xBA, 0x7F, 0xFF, 0x5C, 0xBB, 0x61, 0xFF,
    0x2D, 0xF8, 0x65, 0xFF, 0x10, 0xF9, 0x4C, 0xFF, 0x03, 0xF9, 0x3B, 0xFF, 0x02, 0xF6, 0x27, 0xFF,
    0x3A, 0xE0, 0x53, 0xFF, 0x10, 0xE5, 0x36, 0xFF, 0x01, 0xEA, 0x23, 0xFF, 0x01, 0xDC, 0x17, 0xFF,
    0x33, 0xCC, 0x48, 0xFF, 0x17, 0xC9, 0x35, 0xFF, 0x02, 0xD1, 0x16, 0xFF, 0x02, 0xC6, 0x14, 0xFF,
    0x29, 0xB9, 0x3D, 0xFF, 0x10, 0xB9, 0x27, 0xFF, 0x02, 0xBD, 0x15, 0xFF, 0x02, 0xB5, 0x15, 0xFF,
    0xB3, 0xAF, 0xAE, 0xFF, 0xAF, 0xAA, 0xA9, 0xFF, 0xA8, 0xA3, 0xA2, 0xFF, 0x8B, 0xAA, 0x8C, 0xFF,
    0x9E, 0x9C, 0x99, 0xFF, 0x7B, 0xA7, 0x7C, 0xFF, 0x98, 0x93, 0x91, 0xFF, 0x8A, 0x8D, 0x85, 0xFF,
    0x88, 0x83, 0x82, 0xFF, 0x7F, 0x7A, 0x78, 0xFF, 0x60, 0xAA, 0x62, 0xFF, 0x5C, 0x9D, 0x5D, 0xFF,
    0x2F, 0xA4, 0x37, 0xFF, 0x12, 0xA5, 0x22, 0xFF, 0x58, 0x90, 0x59, 0xFF, 0x55, 0x7F, 0x54, 0xFF,
    0x23, 0x8F, 0x29, 0xFF, 0x20, 0x7F, 0x22, 0xFF, 0x04, 0xAC, 0x25, 0xFF, 0x03, 0xAC, 0x13, 0xFF,
    0x01, 0xAC, 0x07, 0xFF, 0x03, 0xA1, 0x1B, 0xFF, 0x01, 0xA1, 0x05, 0xFF, 0x02, 0x98, 0x17, 0xFF,
    0x01, 0x98, 0x05, 0xFF, 0x02, 0x90, 0x10, 0xFF, 0x01, 0x90, 0x03, 0xFF, 0x02, 0x88, 0x15, 0xFF,
    0x02, 0x82, 0x15, 0xFF, 0x02, 0x85, 0x06, 0xFF, 0x01, 0x87, 0x02, 0xFF, 0x01, 0x81, 0x02, 0xFF,
    0x02, 0x7A, 0x19, 0xFF, 0x02, 0x7A, 0x07, 0xFF, 0x01, 0x79, 0x04, 0xFF, 0x01, 0x7B, 0x01, 0xFF,
    0x01, 0x76, 0x01, 0xFF, 0x77, 0x71, 0x70, 0xFF, 0x71, 0x6B, 0x69, 0xFF, 0x69, 0x67, 0x62, 0xFF,
    0x66, 0x61, 0x5F, 0xFF, 0x62, 0x5C, 0x5A, 0xFF, 0x5C, 0x57, 0x55, 0xFF, 0x56, 0x50, 0x4E, 0xFF,
    0x3E, 0x6E, 0x3E, 0xFF, 0x3A, 0x61, 0x39, 0xFF, 0x0C, 0x6E, 0x10, 0xFF, 0x0A, 0x60, 0x0C, 0xFF,
    0x4F, 0x4A, 0x48, 0xFF, 0x3D, 0x4D, 0x3A, 0xFF, 0x21, 0x4F, 0x21, 0xFF, 0x05, 0x50, 0x06, 0xFF,
    0x02, 0x71, 0x03, 0xFF, 0x02, 0x6C, 0x02, 0xFF, 0x02, 0x68, 0x05, 0xFF, 0x02, 0x67, 0x01, 0xFF,
    0x02, 0x66, 0x00, 0xFF, 0x02, 0x62, 0x04, 0xFF, 0x02, 0x63, 0x01, 0xFF, 0x02, 0x60, 0x01, 0xFF,
    0x02, 0x62, 0x00, 0xFF, 0x02, 0x5D, 0x05, 0xFF, 0x02, 0x5E, 0x01, 0xFF, 0x02, 0x5C, 0x01, 0xFF,
    0x02, 0x5C, 0x00, 0xFF, 0x02, 0x58, 0x0B, 0xFF, 0x02, 0x59, 0x01, 0xFF, 0x02, 0x56, 0x01, 0xFF,
    0x02, 0x58, 0x00, 0xFF, 0x02, 0x54, 0x01, 0xFF, 0x02, 0x53, 0x00, 0xFF, 0x02, 0x50, 0x01, 0xFF,
    0x02, 0x4E, 0x01, 0xFF, 0x02, 0x4B, 0x01, 0xFF, 0x02, 0x48, 0x01, 0xFF, 0x01, 0x71, 0x0B, 0xFF,
    0x01, 0x71, 0x01, 0xFF, 0x01, 0x6B, 0x09, 0xFF, 0x01, 0x6B, 0x01, 0xFF, 0x01, 0x6B, 0x00, 0xFF,
    0x01, 0x65, 0x0C, 0xFF, 0x01, 0x64, 0x01, 0xFF, 0x01, 0x65, 0x00, 0xFF, 0x01, 0x5F, 0x05, 0xFF,
    0x01, 0x5F, 0x00, 0xFF, 0x01, 0x59, 0x06, 0xFF, 0x01, 0x59, 0x00, 0xFF, 0x01, 0x54, 0x06, 0xFF,
    0x01, 0x53, 0x00, 0xFF, 0x01, 0x4E, 0x05, 0xFF, 0x01, 0x4E, 0x00, 0xFF, 0x01, 0x49, 0x05, 0xFF,
    0x01, 0x49, 0x00, 0xFF, 0x4A, 0x45, 0x43, 0xFF, 0x47, 0x40, 0x3E, 0xFF, 0x42, 0x3E, 0x3C, 0xFF,
    0x3F, 0x3A, 0x38, 0xFF, 0x3C, 0x36, 0x34, 0xFF, 0x38, 0x33, 0x31, 0xFF, 0x34, 0x2F, 0x2D, 0xFF,
    0x15, 0x3E, 0x15, 0xFF, 0x02, 0x44, 0x02, 0xFF, 0x02, 0x3C, 0x01, 0xFF, 0x2F, 0x2B, 0x28, 0xFF,
    0x11, 0x2E, 0x10, 0xFF, 0x01, 0x44, 0x06, 0xFF, 0x01, 0x44, 0x00, 0xFF, 0x01, 0x40, 0x02, 0xFF,
    0x01, 0x3C, 0x02, 0xFF, 0x01, 0x39, 0x03, 0xFF, 0x01, 0x37, 0x03, 0xFF, 0x01, 0x34, 0x02, 0xFF,
    0x01, 0x32, 0x02, 0xFF, 0x01, 0x2E, 0x02, 0xFF, 0x01, 0x2B, 0x02, 0xFF, 0x00, 0x27, 0x01, 0xFF,
    0x28, 0x24, 0x22, 0xFF, 0x23, 0x20, 0x1E, 0xFF, 0x1D, 0x1E, 0x18, 0xFF, 0x1D, 0x19, 0x17, 0xFF,
    0x01, 0x24, 0x01, 0xFF, 0x01, 0x20, 0x01, 0xFF, 0x01, 0x1D, 0x01, 0xFF, 0x01, 0x19, 0x00, 0xFF,
    0x00, 0x23, 0x02, 0xFF, 0x00, 0x1E, 0x01, 0xFF, 0x00, 0x1B, 0x00, 0xFF, 0x00, 0x18, 0x00, 0xFF,
    0x19, 0x15, 0x14, 0xFF, 0x16, 0x12, 0x11, 0xFF, 0x13, 0x10, 0x0E, 0xFF, 0x01, 0x14, 0x00, 0xFF,
    0x07, 0x0E, 0x05, 0xFF, 0x00, 0x16, 0x00, 0xFF, 0x00, 0x14, 0x00, 0xFF, 0x00, 0x13, 0x00, 0xFF,
    0x00, 0x10, 0x00, 0xFF, 0x00, 0x0E, 0x00, 0xFF, 0x0E, 0x0B, 0x09, 0xFF, 0x0C, 0x09, 0x07, 0xFF,
    0x02, 0x09, 0x02, 0xFF, 0x02, 0x06, 0x02, 0xFF, 0x00, 0x0B, 0x00, 0xFF, 0x00, 0x0A, 0x00, 0xFF,
    0x00, 0x09, 0x00, 0xFF, 0x00, 0x07, 0x00, 0xFF, 0x02, 0x04, 0x01, 0xFF, 0x00, 0x04, 0x00, 0xFF,
    0x00, 0x03, 0x00, 0xFF, 0x02, 0x02, 0x02, 0xFF, 0x01, 0x01, 0x00, 0xFF, 0x00, 0x01, 0x00, 0xFF,
    0x01, 0x00, 0x01, 0xFF, 0x01, 0x00, 0x00, 0xFF, 0x00, 0x00, 0x01, 0xFF, 0x00, 0x00, 0x00, 0xFF,

    0xFD, 0xFF, 0xFF, 0xFD, 0xFF, 0xFF, 0xFF, 0xFF, 0xFF, 0xFF, 0xFD, 0xFD, 0xFD, 0xFF, 0xFF, 0xFF,
    0xFD, 0xFF, 0xFF, 0xFF, 0xFF, 0xFF, 0xFF, 0xFF, 0xFF, 0xFF, 0xFF, 0xFF, 0xFF, 0xFD, 0xFF, 0xFF,
    0xFF, 0xFF, 0xFF, 0xFF, 0xFF, 0xFF, 0xFF, 0xFF, 0xFF, 0xF9, 0xCB, 0x6D, 0x6A, 0x6C, 0x6C, 0x66,
    0x43, 0x42, 0x40, 0x3D, 0x3D, 0x39, 0x33, 0x2C, 0x27, 0x17, 0x16, 0x1A, 0x1C, 0x2F, 0x39, 0x3D,
    0x40, 0x42, 0x43, 0x65, 0x66, 0x68, 0x6A, 0x6A, 0x6B, 0x6C, 0x6A, 0x68, 0x66, 0x43, 0x42, 0x40,
    0x40, 0x3D, 0x3D, 0x3D, 0x40, 0x42, 0x43, 0x65, 0x6A, 0x6C, 0x8E, 0xEF, 0xFD, 0xFF, 0xFF, 0xFF,
    0xFD, 0xFF, 0xFF, 0xFF, 0xFF, 0xFF, 0xFD, 0xFF, 0xFF, 0xFD, 0xFF, 0xFF, 0xFF, 0xFF, 0xFF, 0xFF,
    0xFF, 0xFF, 0xFF, 0xFD, 0xFF, 0xFF, 0xFF, 0xFF, 0xFD, 0xFF, 0xFF, 0xFF, 0xFF, 0xFF, 0xFF, 0xFF,
    0xFF, 0xFF, 0xFF, 0xFF, 0xFF, 0xFF, 0xFF, 0xFF, 0xFF, 0xFF, 0xFF, 0xFD, 0xFD, 0xFF, 0xFF, 0xFF,
    0xFF, 0xFF, 0xFF, 0xFD, 0xFF, 0xFF, 0xFF, 0xFF, 0xFD, 0xFF, 0xFF, 0xFF, 0xFF, 0xFF, 0xFF, 0xFF,
    0xFF, 0xFF, 0xFF, 0xFF, 0xFF, 0xFF, 0xFF, 0xFF, 0xFD, 0xFF, 0xFF, 0xFF, 0xFA, 0x8C, 0x06, 0x07,
    0x2F, 0x64, 0x43, 0x35, 0x12, 0x07, 0x03, 0x01, 0x01, 0x01, 0x00, 0x01, 0x02, 0x03, 0x06, 0x08,
    0x12, 0x1C, 0x35, 0x3D, 0x40, 0x43, 0x64, 0x66, 0x68, 0x6A, 0x6A, 0x6B, 0x6C, 0x6C, 0x6B, 0x6A,
    0x66, 0x43, 0x40, 0x3D, 0x2B, 0x08, 0x03, 0x01, 0x01, 0x00, 0x00, 0x02, 0x05, 0x08, 0x07, 0x66,
    0xF9, 0xFF, 0xFF, 0xFF, 0xFF, 0xFF, 0xFF, 0xFF, 0xFF, 0xFF, 0xFF, 0xFF, 0xFF, 0xFF, 0xFF, 0xFF,
    0xFF, 0xFF, 0xFF, 0xFD, 0xFD, 0xFF, 0xFD, 0xFF, 0xFF, 0xFF, 0xFF, 0xFF, 0xFF, 0xFF, 0xFF, 0xFF,
    0xFF, 0xFF, 0xFF, 0xFF, 0xFF, 0xFF, 0xFF, 0xFF, 0xFF, 0xFF, 0xFF, 0xFF, 0xFF, 0xFF, 0xFF, 0xFF,
    0xFD, 0xFF, 0xFF, 0xFF, 0xFF, 0xFD, 0xFF, 0xFD, 0xFF, 0xFF, 0xFF, 0xFF, 0xFF, 0xFF, 0xFF, 0xFF,
    0xFF, 0xFF, 0xFD, 0xFF, 0xFF, 0xFF, 0xFF, 0xFF, 0xFF, 0xFF, 0xFF, 0xFF, 0xFF, 0xFF, 0xFF, 0xFF,
    0xEE, 0x17, 0x03, 0x07, 0x3C, 0x65, 0x42, 0x15, 0x12, 0x08, 0x03, 0x02, 0x01, 0x00, 0x01, 0x03,
    0x06, 0x08, 0x12, 0x2B, 0x3C, 0x40, 0x42, 0x43, 0x64, 0x66, 0x6A, 0x6B, 0x6C, 0x6D, 0x89, 0x89,
    0x8A, 0x8B, 0x89, 0x6C, 0x6B, 0x68, 0x65, 0x43, 0x40, 0x1A, 0x07, 0x05, 0x01, 0x00, 0x02, 0x07,
    0x2F, 0x42, 0x35, 0x05, 0xC7, 0xFF, 0xFF, 0xFD, 0xFF, 0xFD, 0xFF, 0xFF, 0xFF, 0xFF, 0xFD, 0xFF,
    0xFF, 0xFF, 0xFF, 0xFF, 0xFF, 0xFF, 0xFF, 0xFD, 0xFD, 0xFF, 0xFF, 0xFF, 0xFF, 0xFF, 0xFF, 0xFF,
    0xFF, 0xFF, 0xFF, 0xFF, 0xFF, 0xFF, 0xFD, 0xFF, 0xFF, 0xFF, 0xFF, 0xFF, 0xFF, 0xFD, 0xFF, 0xFF,
    0xFF, 0xFF, 0xFF, 0xFF, 0xFF, 0xFF, 0xFF, 0xFF, 0xFF, 0xFF, 0xFF, 0xFF, 0xFF, 0xFF, 0xFF, 0xFF,
    0xFF, 0xFF, 0xFD, 0xFF, 0xFD, 0xFD, 0xFF, 0xFF, 0xFF, 0xFF, 0xFF, 0xFF, 0xFD, 0xFF, 0xFD, 0xFA,
    0xFF, 0xFF, 0xFF, 0xFF, 0xD8, 0x06, 0x2F, 0x43, 0x89, 0xC3, 0x94, 0x89, 0x6A, 0x3C, 0x1A, 0x08,
    0x05, 0x01, 0x05, 0x0E, 0x35, 0x40, 0x64, 0x68, 0x6C, 0x89, 0x8B, 0x8E, 0x94, 0xC3, 0xC6, 0xCB,
    0xD8, 0xDA, 0xE4, 0xE6, 0xE6, 0xEE, 0xEE, 0xE4, 0xDB, 0xD9, 0xCB, 0xC6, 0xC1, 0x89, 0x66, 0x40,
    0x08, 0x02, 0x35, 0x66, 0x8A, 0xC1, 0x89, 0x12, 0x8F, 0xFF, 0xFF, 0xFF, 0xFF, 0xFF, 0xFF, 0xFF,
    0xFF, 0xFF, 0xFD, 0xFF, 0xFF, 0xFF, 0xFD, 0xFD, 0xFF, 0xFF, 0xFD, 0xFF, 0xFF, 0xFD, 0xFF, 0xFF,
    0xFF, 0xFF, 0xFF, 0xFF, 0xFF, 0xFF, 0xFF, 0xFF, 0xFF, 0xFF, 0xFF, 0xFF, 0xFF, 0xFF, 0xFF, 0xFD,
    0xFF, 0xFF, 0xFF, 0xFF, 0xFF, 0xFF, 0xFF, 0xFF, 0xFF, 0xFF, 0xFF, 0xFF, 0xFD, 0xFF, 0xFF, 0xFF,
    0xFD, 0xFD, 0xFD, 0xFF, 0xFF, 0xFF, 0xFF, 0xFF, 0xFF, 0xFF, 0xFD, 0xFF, 0xFF, 0xFF, 0xFF, 0xFD,
    0xFF, 0xFF, 0xFF, 0xFF, 0xFD, 0xFD, 0xFD, 0xFF, 0xD8, 0x06, 0x3C, 0x65, 0x8A, 0xC5, 0xC2, 0x8B,
    0x6B, 0x35, 0x15, 0x08, 0x05, 0x01, 0x05, 0x0E, 0x35, 0x40, 0x64, 0x68, 0x6C, 0x89, 0x8B, 0x8E,
    0x94, 0xC3, 0xC6, 0xCB, 0xD8, 0xDA, 0xE4, 0xE6, 0xEE, 0xEF, 0xEE, 0xE5, 0xDB, 0xD9, 0xCB, 0xC5,
    0xC1, 0x89, 0x66, 0x40, 0x09, 0x03, 0x39, 0x68, 0x8A, 0xC6, 0x8F, 0x3D, 0x8F, 0xFF, 0xFF, 0xFF,
    0xFF, 0xFF, 0xFF, 0xFF, 0xFF, 0xFF, 0xFF, 0xFF, 0xFF, 0xFF, 0xFF, 0xFF, 0xFF, 0xFF, 0xFF, 0xFF,
    0xFF, 0xFF, 0xFF, 0xFF, 0xFF, 0xFF, 0xFF, 0xFF, 0xFF, 0xFF, 0xFF, 0xFD, 0xFF, 0xFD, 0xFF, 0xFD,
    0xFF, 0xFF, 0xFF, 0xFF, 0xFD, 0xFF, 0xFF, 0xFF, 0xFF, 0xFD, 0xFF, 0xFF, 0xFF, 0xFF, 0xFD, 0xFF,
    0xFF, 0xFF, 0xFF, 0xFF, 0xFF, 0xFF, 0xFD, 0xFF, 0xFD, 0xFD, 0xFF, 0xFF, 0xFF, 0xFF, 0xFF, 0xFF,
    0xFF, 0xFF, 0xFF, 0xFF, 0xFF, 0xFF, 0xFF, 0xFF, 0xFF, 0xFF, 0xFF, 0xFF, 0xD8, 0x06, 0x3C, 0x65,
    0x8A, 0xC4, 0xC2, 0x8C, 0x6B, 0x39, 0x1A, 0x08, 0x05, 0x01, 0x06, 0x0E, 0x35, 0x40, 0x64, 0x68,
    0x6C, 0x89, 0x8B, 0x8E, 0x94, 0xC3, 0xC6, 0xCB, 0xD8, 0xDA, 0xE4, 0xE6, 0xEE, 0xEF, 0xEE, 0xE6,
    0xDB, 0xD9, 0xCB, 0xC4, 0x94, 0x89, 0x66, 0x40, 0x0C, 0x03, 0x35, 0x66, 0x8A, 0xC5, 0x94, 0x3D,
    0x94, 0xFF, 0xFF, 0xFF, 0xFF, 0xFF, 0xFF, 0xFF, 0xFF, 0xFF, 0xFF, 0xFF, 0xFF, 0xFD, 0xFB, 0xFF,
    0xFF, 0xFF, 0xFF, 0xFD, 0xFF, 0xFF, 0xFF, 0xFF, 0xFF, 0xFF, 0xFF, 0xFF, 0xFF, 0xFF, 0xFF, 0xFD,
    0xFF, 0xFF, 0xFF, 0xFF, 0xFF, 0xFF, 0xFF, 0xFF, 0xFA, 0xFD, 0xFF, 0xFF, 0xFF, 0xFF, 0xFF, 0xFF,
    0xFF, 0xFF, 0xFF, 0xFF, 0xFD, 0xFD, 0xFD, 0xFF, 0xFF, 0xFF, 0xFF, 0xFF, 0xFF, 0xFF, 0xFF, 0xFF,
    0xFD, 0xFF, 0xFF, 0xFF, 0xFD, 0xFF, 0xFF, 0xFF, 0xFD, 0xFF, 0xFF, 0xFF, 0xFF, 0xFF, 0xFF, 0xFF,
    0xD8, 0x05, 0x35, 0x65, 0x8A, 0xC4, 0xC2, 0x8D, 0x6B, 0x3C, 0x1A, 0x08, 0x03, 0x01, 0x06, 0x0E,
    0x36, 0x42, 0x64, 0x68, 0x6C, 0x89, 0x8B, 0x8E, 0x94, 0xC2, 0xC6, 0xCB, 0xD8, 0xDA, 0xE4, 0xE6,
    0xEE, 0xEF, 0xEE, 0xE6, 0xDB, 0xD9, 0xCB, 0xC4, 0x94, 0x89, 0x66, 0x40, 0x09, 0x03, 0x2F, 0x66,
    0x8A, 0xC6, 0x8F, 0x3D, 0x94, 0xFF, 0xFF, 0xFF, 0xFF, 0xFF, 0xFF, 0xFF, 0xFF, 0xFD, 0xFF, 0xFF,
    0xFF, 0xFD, 0xFF, 0xFF, 0xFF, 0xFF, 0xFF, 0xFD, 0xFF, 0xFF, 0xFF, 0xFF, 0xFF, 0xFF, 0xFF, 0xFF,
    0xFF, 0xFF, 0xFF, 0xFD, 0xFF, 0xFF, 0xFF, 0xFF, 0xFD, 0xFD, 0xFF, 0xFF, 0xFF, 0xFF, 0xFF, 0xFF,
    0xFF, 0xFF, 0xFF, 0xFF, 0xFF, 0xFF, 0xFF, 0xFF, 0xFD, 0xFF, 0xFF, 0xFF, 0xFF, 0xFF, 0xFF, 0xFF,
    0xFA, 0xFF, 0xFD, 0xFF, 0xFF, 0xFF, 0xFF, 0xFF, 0xFF, 0xFF, 0xFF, 0xFF, 0xFF, 0xFF, 0xFF, 0xFF,
    0xFF, 0xFF, 0xFD, 0xFF, 0xD8, 0x05, 0x2F, 0x65, 0x8A, 0xC4, 0xC3, 0x8C, 0x6A, 0x39, 0x1C, 0x08,
    0x03, 0x01, 0x05, 0x0E, 0x36, 0x40, 0x64, 0x68, 0x6C, 0x6D, 0x8B, 0x8E, 0x94, 0xC2, 0xC6, 0xCB,
    0xD8, 0xDA, 0xE4, 0xE6, 0xEE, 0xEF, 0xEE, 0xE6, 0xDB, 0xD8, 0xCB, 0xC4, 0x94, 0x89, 0x66, 0x3D,
    0x08, 0x03, 0x29, 0x66, 0x8B, 0xC7, 0x8F, 0x39, 0x8F, 0xFD, 0xFF, 0xFF, 0xFF, 0xFF, 0xFF, 0xFF,
    0xFF, 0xFF, 0xFF, 0xFF, 0xFF, 0xFF, 0xFF, 0xFF, 0xFF, 0xFF, 0xFF, 0xFF, 0xFD, 0xFF, 0xFF, 0xFF,
    0xFF, 0xFF, 0xFD, 0xFF, 0xFF, 0xFF, 0xFF, 0xFF, 0xFF, 0xFF, 0xFF, 0xFF, 0xFF, 0xFF, 0xFF, 0xFD,
    0xFD, 0xFF, 0xFF, 0xFF, 0xFF, 0xFF, 0xFF, 0xFD, 0xFD, 0xFF, 0xFF, 0xFF, 0xFF, 0xFF, 0xFF, 0xFF,
    0xFF, 0xFD, 0xFF, 0xFF, 0xFF, 0xFF, 0xFF, 0xFF, 0xFF, 0xFF, 0xFF, 0xFF, 0xFF, 0xFF, 0xFF, 0xFF,
    0xFF, 0xFD, 0xFF, 0xFF, 0xFF, 0xFF, 0xFF, 0xFF, 0xD8, 0x05, 0x2F, 0x65, 0x8A, 0xC4, 0xC3, 0x8C,
    0x6A, 0x39, 0x1A, 0x08, 0x03, 0x01, 0x05, 0x0E, 0x36, 0x40, 0x64, 0x68, 0x6C, 0x6D, 0x8B, 0x8E,
    0x94, 0xC3, 0xC6, 0xCB, 0xD8, 0xDA, 0xE4, 0xE6, 0xEE, 0xEF, 0xEE, 0xE5, 0xDB, 0xD9, 0xCB, 0xC4,
    0x94, 0x89, 0x66, 0x3D, 0x08, 0x02, 0x29, 0x66, 0x8C, 0xCB, 0x8F, 0x36, 0x8F, 0xFF, 0xFD, 0xFF,
    0xFF, 0xFF, 0xFD, 0xFF, 0xFF, 0xFD, 0xFA, 0xFF, 0xFF, 0xFF, 0xFF, 0xFF, 0xFF, 0xFD, 0xFF, 0xFF,
    0xFF, 0xFF, 0xFF, 0xFD, 0xFF, 0xFF, 0xFF, 0xFD, 0xFF, 0xFF, 0xFF, 0xFF, 0xFA, 0xFF, 0xFF, 0xFF,
    0xFF, 0xFF, 0xFF, 0xFF, 0xFF, 0xFF, 0xFF, 0xFF, 0xFF, 0xFF, 0xFD, 0xFF, 0xFF, 0xFA, 0xFD, 0xFF,
    0xFF, 0xFF, 0xFF, 0xFF, 0xFD, 0xFF, 0xFF, 0xFF, 0xFF, 0xFF, 0xFF, 0xFF, 0xFF, 0xFF, 0xFF, 0xFF,
    0xFF, 0xFF, 0xFF, 0xFF, 0xFF, 0xFF, 0xFF, 0xFF, 0xFF, 0xFF, 0xFF, 0xFF, 0xD8, 0x05, 0x35, 0x65,
    0x8A, 0xC3, 0xC2, 0x8C, 0x6A, 0x39, 0x1C, 0x08, 0x03, 0x01, 0x05, 0x0E, 0x35, 0x40, 0x64, 0x68,
    0x6B, 0x6D, 0x8A, 0x8E, 0x94, 0xC3, 0xC6, 0xCB, 0xD8, 0xDA, 0xE4, 0xE6, 0xEE, 0xEF, 0xEE, 0xE5,
    0xDB, 0xD9, 0xCB, 0xC4, 0x94, 0x89, 0x66, 0x3D, 0x08, 0x02, 0x29, 0x66, 0x8C, 0xC7, 0x8F, 0x39,
    0x94, 0xFF, 0xFF, 0xFF, 0xFF, 0xFF, 0xFD, 0xFF, 0xFF, 0xFF, 0xFF, 0xFF, 0xFF, 0xFF, 0xFF, 0xFF,
    0xFF, 0xFF, 0xFF, 0xFF, 0xFF, 0xFF, 0xFF, 0xFD, 0xFF, 0xFF, 0xFF, 0xFF, 0xFF, 0xFF, 0xFF, 0xFF,
    0xFF, 0xFF, 0xFF, 0xFF, 0xFF, 0xFF, 0xFD, 0xFD, 0xFF, 0xFF, 0xFF, 0xFF, 0xFF, 0xFF, 0xFF, 0xFF,
    0xFF, 0xFF, 0xFD, 0xFF, 0xFF, 0xFF, 0xFD, 0xFF, 0xFF, 0xFF, 0xFF, 0xFD, 0xFF, 0xFF, 0xFF, 0xFF,
    0xFF, 0xFF, 0xFF, 0xFF, 0xFF, 0xFF, 0xFF, 0xFF, 0xFF, 0xFF, 0xFF, 0xFF, 0xFF, 0xFF, 0xFF, 0xFF,
    0xD8, 0x05, 0x35, 0x65, 0x89, 0xC2, 0xC1, 0x8B, 0x6B, 0x3C, 0x1C, 0x08, 0x03, 0x01, 0x05, 0x0E,
    0x35, 0x40, 0x64, 0x68, 0x6B, 0x6D, 0x8A, 0x8D, 0x94, 0xC3, 0xC5, 0xCB, 0xD8, 0xDA, 0xE4, 0xE6,
    0xEE, 0xEF, 0xEE, 0xE5, 0xDB, 0xD8, 0xC7, 0xC4, 0x94, 0x6D, 0x66, 0x40, 0x08, 0x03, 0x2B, 0x65,
    0x8A, 0xC6, 0x8E, 0x39, 0x94, 0xFF, 0xFF, 0xFF, 0xFF, 0xFF, 0xFF, 0xFF, 0xFF, 0xFF, 0xFF, 0xFF,
    0xFF, 0xFF, 0xFF, 0xFF, 0xFF, 0xFF, 0xFF, 0xFF, 0xFF, 0xFF, 0xFF, 0xFF, 0xFF, 0xFF, 0xFD, 0xFF,
    0xFF, 0xFF, 0xFF, 0xFF, 0xFF, 0xFF, 0xFF, 0xFF, 0xFF, 0xFF, 0xFF, 0xFF, 0xFF, 0xFF, 0xFD, 0xFF,
    0xFF, 0xFF, 0xFD, 0xFF, 0xFF, 0xFF, 0xFD, 0xFF, 0xFF, 0xFF, 0xFF, 0xFF, 0xFF, 0xFF, 0xFF, 0xFF,
    0xFF, 0xFF, 0xFF, 0xFF, 0xFF, 0xFF, 0xFF, 0xFF, 0xFF, 0xFF, 0xFF, 0xFF, 0xFF, 0xFF, 0xFF, 0xFF,
    0xFF, 0xFF, 0xFF, 0xFD, 0xD8, 0x05, 0x35, 0x64, 0x6D, 0xC2, 0xC1, 0x8B, 0x6B, 0x3C, 0x1A, 0x08,
    0x03, 0x02, 0x05, 0x0E, 0x35, 0x40, 0x64, 0x68, 0x6B, 0x6D, 0x8A, 0x8D, 0x94, 0xC2, 0xC5, 0xC7,
    0xD8, 0xDA, 0xE4, 0xE6, 0xEE, 0xEE, 0xEE, 0xE5, 0xDB, 0xD8, 0xC7, 0xC4, 0x94, 0x6D, 0x66, 0x40,
    0x08, 0x03, 0x2F, 0x65, 0x8A, 0xC5, 0x8E, 0x2F, 0x94, 0xFD, 0xFF, 0xFF, 0xFF, 0xFF, 0xFD, 0xFF,
    0xFF, 0xFF, 0xFF, 0xFF, 0xFF, 0xFF, 0xFF, 0xFF, 0xFF, 0xFF, 0xFF, 0xFD, 0xFF, 0xFF, 0xFD, 0xFF,
    0xFF, 0xFF, 0xFD, 0xFF, 0xFF, 0xFD, 0xFF, 0xFF, 0xFF, 0xFF, 0xFF, 0xFF, 0xFF, 0xFD, 0xFF, 0xFF,
    0xFF, 0xFF, 0xFF, 0xFF, 0xFF, 0xFF, 0xFD, 0xFF, 0xFF, 0xFF, 0xFF, 0xFF, 0xFF, 0xFF, 0xFD, 0xFF,
    0xFF, 0xFF, 0xFF, 0xFF, 0xFF, 0xFF, 0xFF, 0xFF, 0xFF, 0xFF, 0xFF, 0xFF, 0xFF, 0xFF, 0xFF, 0xFF,
    0xFF, 0xFF, 0xFF, 0xFF, 0xFF, 0xFF, 0xFF, 0xFF, 0xD8, 0x05, 0x35, 0x64, 0x6D, 0xC2, 0xC1, 0x8A,
    0x6B, 0x3C, 0x1A, 0x08, 0x03, 0x01, 0x05, 0x0C, 0x35, 0x40, 0x43, 0x68, 0x6B, 0x6D, 0x8A, 0x8D,
    0x8F, 0xC2, 0xC4, 0xC7, 0xD8, 0xD9, 0xE4, 0xE6, 0xE6, 0xEE, 0xE6, 0xE5, 0xDB, 0xD8, 0xC7, 0xC4,
    0x94, 0x6D, 0x66, 0x40, 0x08, 0x02, 0x35, 0x66, 0x89, 0xC5, 0x8D, 0x2B, 0x94, 0xFF, 0xFF, 0xFF,
    0xFF, 0xFF, 0xFF, 0xFF, 0xFF, 0xFF, 0xFF, 0xFF, 0xFF, 0xFF, 0xFF, 0xFF, 0xFF, 0xFF, 0xFF, 0xFF,
    0xFF, 0xFF, 0xFF, 0xFF, 0xFF, 0xFD, 0xFF, 0xFF, 0xFF, 0xFF, 0xFF, 0xFF, 0xFF, 0xFF, 0xFF, 0xFF,
    0xFD, 0xFF, 0xFF, 0xFF, 0xFF, 0xFF, 0xFF, 0xFF, 0xFF, 0xFD, 0xFF, 0xFF, 0xFF, 0xFF, 0xFF, 0xFF,
    0xFF, 0xFF, 0xFF, 0xFD, 0xFA, 0xFA, 0xFA, 0xF9, 0xF9, 0xF9, 0xF1, 0xF1, 0xF1, 0xF1, 0xF1, 0xEF,
    0xEF, 0xEF, 0xEF, 0xEE, 0xEE, 0xEE, 0xEE, 0xE6, 0xE6, 0xE6, 0xE5, 0xE5, 0xC6, 0x05, 0x2B, 0x43,
    0x6C, 0x94, 0x8E, 0x6D, 0x6A, 0x39, 0x15, 0x08, 0x05, 0x03, 0x05, 0x09, 0x2F, 0x40, 0x43, 0x65,
    0x68, 0x6B, 0x6D, 0x89, 0x8B, 0x8D, 0x8F, 0x94, 0xC2, 0xC4, 0xC6, 0xC7, 0xCB, 0xCB, 0xCB, 0xC7,
    0xC7, 0xC6, 0xC4, 0xC2, 0x8F, 0x6D, 0x68, 0x42, 0x27, 0x08, 0x3D, 0x66, 0x89, 0xC2, 0x8C, 0x39,
    0x8F, 0xE6, 0xE5, 0xE6, 0xE6, 0xEE, 0xEE, 0xEE, 0xEE, 0xEE, 0xEF, 0xEF, 0xEF, 0xEF, 0xEF, 0xEF,
    0xF1, 0xF1, 0xF1, 0xF9, 0xF9, 0xF9, 0xFA, 0xFA, 0xF9, 0xFF, 0xFF, 0xFF, 0xFF, 0xFA, 0xFF, 0xFF,
    0xFF, 0xFF, 0xFF, 0xFF, 0xFF, 0xFF, 0xFF, 0xFF, 0xFD, 0xFF, 0xFF, 0xFF, 0xFF, 0xFD, 0xFF, 0xFD,
    0xFD, 0xFF, 0xFF, 0xFF, 0xFF, 0xFF, 0xFF, 0xF9, 0xE4, 0x8E, 0x89, 0x6C, 0x6C, 0x6B, 0x6C, 0x6C,
    0x6A, 0x66, 0x64, 0x42, 0x3D, 0x39, 0x2B, 0x16, 0x0D, 0x08, 0x07, 0x06, 0x05, 0x03, 0x03, 0x03,
    0x03, 0x02, 0x00, 0x00, 0x02, 0x06, 0x05, 0x05, 0x07, 0x08, 0x08, 0x12, 0x1C, 0x2B, 0x35, 0x3C,
    0x3D, 0x40, 0x40, 0x42, 0x42, 0x43, 0x64, 0x66, 0x68, 0x68, 0x6A, 0x6A, 0x6B, 0x6C, 0x6D, 0x6D,
    0x89, 0x8A, 0x8A, 0x8B, 0x8C, 0x8E, 0x8F, 0x94, 0x94, 0xC1, 0xC2, 0xC4, 0xC2, 0xC1, 0x94, 0x8E,
    0x8D, 0x8B, 0x89, 0x89, 0x6C, 0x6A, 0x66, 0x64, 0x43, 0x40, 0x2F, 0x12, 0x0E, 0x15, 0x1B, 0x2A,
    0x36, 0x3C, 0x40, 0x40, 0x42, 0x43, 0x65, 0x66, 0x6A, 0x6C, 0x89, 0x8E, 0xDB, 0xF9, 0xFF, 0xFF,
    0xFF, 0xFD, 0xFD, 0xFF, 0xFD, 0xFF, 0xFF, 0xFF, 0xFF, 0xFF, 0xFD, 0xFF, 0xFF, 0xFD, 0xFD, 0xFF,
    0xFF, 0xFF, 0xFF, 0xFF, 0xFF, 0xFF, 0xFF, 0xFF, 0xFD, 0xFD, 0xF9, 0x89, 0x08, 0x05, 0x06, 0x12,
    0x3D, 0x42, 0x6A, 0x6A, 0x64, 0x42, 0x40, 0x2F, 0x0E, 0x08, 0x07, 0x03, 0x01, 0x01, 0x01, 0x01,
    0x01, 0x01, 0x01, 0x00, 0x01, 0x01, 0x00, 0x00, 0x02, 0x05, 0x05, 0x07, 0x08, 0x08, 0x0C, 0x15,
    0x29, 0x35, 0x39, 0x3D, 0x40, 0x42, 0x42, 0x43, 0x64, 0x66, 0x68, 0x6A, 0x6B, 0x6C, 0x6C, 0x6D,
    0x89, 0x8A, 0x8B, 0x8D, 0x8E, 0x8E, 0x8E, 0x8F, 0x94, 0xC1, 0xC2, 0xC3, 0xC3, 0xC3, 0xC4, 0xC4,
    0xC3, 0xC1, 0x94, 0x8F, 0x8E, 0x8C, 0x8A, 0x89, 0x6D, 0x6B, 0x68, 0x66, 0x65, 0x42, 0x3C, 0x1A,
    0x08, 0x07, 0x05, 0x02, 0x01, 0x00, 0x01, 0x01, 0x02, 0x03, 0x06, 0x08, 0x0E, 0x12, 0x15, 0x12,
    0x08, 0x6B, 0xEF, 0xFF, 0xFD, 0xFD, 0xFF, 0xFF, 0xFF, 0xFF, 0xFF, 0xFF, 0xFD, 0xFD, 0xFF, 0xFF,
    0xFF, 0xFF, 0xFF, 0xFF, 0xFF, 0xFF, 0xFF, 0xFF, 0xFF, 0xFD, 0xFF, 0xFF, 0xFF, 0xFD, 0x8F, 0x05,
    0x05, 0x07, 0x0C, 0x2B, 0x40, 0x64, 0x68, 0x66, 0x42, 0x40, 0x3D, 0x2B, 0x0C, 0x07, 0x05, 0x02,
    0x01, 0x00, 0x00, 0x01, 0x00, 0x00, 0x00, 0x00, 0x00, 0x00, 0x00, 0x00, 0x02, 0x05, 0x06, 0x07,
    0x08, 0x08, 0x0C, 0x15, 0x29, 0x35, 0x39, 0x3D, 0x40, 0x42, 0x43, 0x64, 0x65, 0x66, 0x68, 0x6A,
    0x6B, 0x6C, 0x6D, 0x89, 0x8A, 0x8B, 0x8C, 0x8D, 0x8E, 0x8F, 0x8F, 0x94, 0x94, 0xC1, 0xC2, 0xC3,
    0xC4, 0xC4, 0xC5, 0xC5, 0xC3, 0xC1, 0x94, 0x8F, 0x8E, 0x8D, 0x8B, 0x8A, 0x6D, 0x6D, 0x6C, 0x6A,
    0x66, 0x42, 0x3D, 0x2F, 0x12, 0x06, 0x03, 0x02, 0x01, 0x00, 0x00, 0x01, 0x03, 0x07, 0x15, 0x3D,
    0x42, 0x65, 0x6B, 0x6C, 0x42, 0x07, 0x6D, 0xFA, 0xFF, 0xFF, 0xFF, 0xFF, 0xFF, 0xFF, 0xFD, 0xFA,
    0xFF, 0xFF, 0xFF, 0xFF, 0xFF, 0xFF, 0xFF, 0xFF, 0xFF, 0xFF, 0xFF, 0xFF, 0xFF, 0xFF, 0xFF, 0xFF,
    0xFF, 0xF9, 0x64, 0x01, 0x07, 0x15, 0x35, 0x40, 0x66, 0x6A, 0x66, 0x68, 0x68, 0x68, 0x66, 0x66,
    0x65, 0x40, 0x17, 0x12, 0x09, 0x08, 0x07, 0x06, 0x03, 0x02, 0x01, 0x01, 0x02, 0x05, 0x07, 0x09,
    0x1A, 0x2F, 0x3D, 0x40, 0x42, 0x43, 0x64, 0x66, 0x68, 0x6A, 0x6B, 0x6C, 0x6D, 0x89, 0x8A, 0x8B,
    0x8D, 0x8E, 0x8F, 0x94, 0x94, 0xC1, 0xC3, 0xC5, 0xC6, 0xC6, 0xCB, 0xCB, 0xD8, 0xD8, 0xD9, 0xD9,
    0xDB, 0xDB, 0xDB, 0xE4, 0xE4, 0xE5, 0xE6, 0xE5, 0xE4, 0xE4, 0xDA, 0xDA, 0xD9, 0xD8, 0xCB, 0xC7,
    0xC5, 0xC4, 0xC3, 0x94, 0x8D, 0x6D, 0x6B, 0x68, 0x43, 0x3C, 0x15, 0x08, 0x05, 0x02, 0x00, 0x05,
    0x08, 0x29, 0x40, 0x64, 0x68, 0x6C, 0x8B, 0x8C, 0x68, 0x12, 0x3C, 0xF1, 0xFF, 0xFF, 0xFF, 0xFD,
    0xFF, 0xFF, 0xFF, 0xFF, 0xFF, 0xFF, 0xFF, 0xFF, 0xFD, 0xFF, 0xFF, 0xFF, 0xFF, 0xFF, 0xFF, 0xFF,
    0xFF, 0xFF, 0xFF, 0xFF, 0xFF, 0xF1, 0x42, 0x02, 0x2B, 0x42, 0x66, 0x6C, 0x8B, 0xC1, 0xC6, 0xC7,
    0xC5, 0x94, 0x8C, 0x89, 0x6C, 0x64, 0x35, 0x2F, 0x1C, 0x0E, 0x08, 0x07, 0x05, 0x02, 0x01, 0x01,
    0x03, 0x06, 0x08, 0x12, 0x2B, 0x39, 0x40, 0x42, 0x43, 0x64, 0x66, 0x68, 0x6A, 0x6B, 0x6C, 0x6D,
    0x89, 0x8A, 0x8B, 0x8D, 0x8E, 0x94, 0x94, 0xC1, 0xC2, 0xC4, 0xC5, 0xC7, 0xC7, 0xCB, 0xD8, 0xD8,
    0xD9, 0xD9, 0xDB, 0xE4, 0xE4, 0xE5, 0xE6, 0xE6, 0xE6, 0xEE, 0xEF, 0xEE, 0xEE, 0xE6, 0xE5, 0xE5,
    0xE4, 0xDB, 0xD9, 0xD8, 0xCB, 0xCB, 0xC7, 0xC4, 0xC1, 0x8C, 0x89, 0x6B, 0x65, 0x40, 0x35, 0x12,
    0x07, 0x03, 0x00, 0x06, 0x1A, 0x40, 0x65, 0x6B, 0x8B, 0x94, 0xC6, 0xCB, 0x8F, 0x64, 0x30, 0xF1,
    0xFF, 0xFF, 0xFF, 0xFD, 0xFF, 0xFD, 0xFF, 0xFF, 0xFF, 0xFF, 0xFF, 0xFF, 0xFF, 0xFD, 0xFF, 0xFF,
    0xFF, 0xFF, 0xFD, 0xFF, 0xFF, 0xFF, 0xFF, 0xFF, 0xFF, 0xF1, 0x42, 0x03, 0x1C, 0x42, 0x66, 0x6C,
    0x8B, 0x94, 0xC7, 0xCB, 0xC4, 0x94, 0x8D, 0x8A, 0x6C, 0x64, 0x35, 0x2F, 0x1C, 0x12, 0x08, 0x07,
    0x05, 0x02, 0x01, 0x01, 0x03, 0x06, 0x08, 0x12, 0x2B, 0x39, 0x40, 0x42, 0x43, 0x64, 0x66, 0x68,
    0x6A, 0x6B, 0x6C, 0x89, 0x89, 0x8A, 0x8C, 0x8D, 0x8E, 0x8F, 0x94, 0xC1, 0xC2, 0xC4, 0xC5, 0xC7,
    0xC7, 0xCB, 0xD8, 0xD8, 0xD9, 0xDA, 0xDB, 0xE4, 0xE4, 0xE5, 0xE6, 0xE6, 0xEE, 0xEE, 0xEF, 0xEF,
    0xEE, 0xEE, 0xE6, 0xE5, 0xE4, 0xDB, 0xD9, 0xD9, 0xD8, 0xCB, 0xC7, 0xC5, 0xC1, 0x8D, 0x89, 0x6B,
    0x65, 0x42, 0x35, 0x0E, 0x07, 0x03, 0x01, 0x06, 0x1A, 0x40, 0x65, 0x6C, 0x8C, 0xC1, 0xC6, 0xC7,
    0x8F, 0x6A, 0x3C, 0xEF, 0xFF, 0xFD, 0xFF, 0xFF, 0xFF, 0xFD, 0xFF, 0xFF, 0xFF, 0xFF, 0xFF, 0xFF,
    0xFF, 0xFF, 0xFF, 0xFF, 0xFF, 0xFF, 0xFF, 0xFF, 0xFF, 0xFF, 0xFF, 0xFF, 0xFF, 0xF9, 0x42, 0x03,
    0x1C, 0x42, 0x66, 0x6C, 0x8B, 0x94, 0xC7, 0xCB, 0xC5, 0x94, 0x8D, 0x8A, 0x6C, 0x64, 0x39, 0x2F,
    0x27, 0x12, 0x08, 0x07, 0x05, 0x03, 0x01, 0x01, 0x03, 0x06, 0x08, 0x12, 0x29, 0x3C, 0x40, 0x42,
    0x43, 0x64, 0x66, 0x68, 0x6A, 0x6B, 0x6C, 0x6D, 0x89, 0x8A, 0x8C, 0x8D, 0x8E, 0x8F, 0x94, 0xC1,
    0xC2, 0xC4, 0xC5, 0xC6, 0xC7, 0xCB, 0xD8, 0xD8, 0xD9, 0xDA, 0xDB, 0xE4, 0xE4, 0xE5, 0xE6, 0xEE,
    0xEE, 0xEE, 0xEF, 0xEF, 0xEE, 0xEE, 0xE6, 0xE5, 0xE4, 0xDB, 0xDA, 0xD9, 0xD8, 0xCB, 0xC6, 0xC4,
    0xC2, 0x8E, 0x89, 0x6A, 0x65, 0x42, 0x3C, 0x12, 0x06, 0x03, 0x01, 0x06, 0x1A, 0x40, 0x65, 0x6C,
    0x8C, 0xC1, 0xC6, 0xC7, 0x8F, 0x6A, 0x3C, 0xEF, 0xFF, 0xFF, 0xFF, 0xFF, 0xFF, 0xFD, 0xFF, 0xFF,
    0xFD, 0xFF, 0xFF, 0xFF, 0xFF, 0xFF, 0xFF, 0xFD, 0xFF, 0xFF, 0xFF, 0xFF, 0xFF, 0xFF, 0xFF, 0xFF,
    0xFF, 0xF9, 0x42, 0x05, 0x29, 0x42, 0x66, 0x6C, 0x8B, 0x94, 0xC7, 0xCB, 0xC4, 0x94, 0x8D, 0x8A,
    0x6C, 0x64, 0x3C, 0x35, 0x27, 0x15, 0x09, 0x07, 0x05, 0x03, 0x01, 0x01, 0x03, 0x06, 0x08, 0x12,
    0x27, 0x39, 0x40, 0x42, 0x43, 0x64, 0x66, 0x68, 0x6A, 0x6B, 0x6C, 0x6D, 0x89, 0x8A, 0x8C, 0x8D,
    0x8E, 0x8F, 0x94, 0xC1, 0xC3, 0xC4, 0xC5, 0xC6, 0xC7, 0xCB, 0xD8, 0xD8, 0xD9, 0xDA, 0xDB, 0xE4,
    0xE4, 0xE5, 0xE6, 0xEE, 0xEE, 0xEF, 0xEF, 0xEF, 0xEE, 0xEE, 0xE6, 0xE5, 0xE4, 0xDB, 0xDA, 0xD9,
    0xD8, 0xCB, 0xC7, 0xC4, 0xC2, 0x8E, 0x89, 0x6A, 0x65, 0x42, 0x3C, 0x0E, 0x06, 0x02, 0x01, 0x06,
    0x1A, 0x40, 0x65, 0x6C, 0x8C, 0xC1, 0xC7, 0xCB, 0x8F, 0x6A, 0x39, 0xEF, 0xFF, 0xFF, 0xFF, 0xFF,
    0xFF, 0xFF, 0xFF, 0xFF, 0xFF, 0xFF, 0xFF, 0xFD, 0xFF, 0xFF, 0xFF, 0xFF, 0xFF, 0xFD, 0xFF, 0xFF,
    0xFF, 0xFF, 0xFF, 0xFF, 0xFF, 0xF6, 0x42, 0x03, 0x2B, 0x42, 0x66, 0x6C, 0x8B, 0xC1, 0xC7, 0xCB,
    0xC5, 0xC1, 0x8E, 0x8A, 0x6C, 0x64, 0x3C, 0x35, 0x27, 0x15, 0x09, 0x07, 0x05, 0x03, 0x01, 0x01,
    0x02, 0x06, 0x08, 0x12, 0x29, 0x39, 0x40, 0x42, 0x43, 0x64, 0x66, 0x68, 0x6A, 0x6B, 0x6C, 0x6D,
    0x89, 0x8A, 0x8C, 0x8D, 0x8E, 0x8F, 0x94, 0xC1, 0xC3, 0xC4, 0xC5, 0xC6, 0xC7, 0xCB, 0xD8, 0xD8,
    0xD9, 0xDA, 0xDB, 0xE4, 0xE4, 0xE5, 0xE6, 0xEE, 0xEE, 0xEF, 0xEF, 0xEF, 0xEE, 0xEE, 0xE6, 0xE5,
    0xE4, 0xDB, 0xDA, 0xD9, 0xD8, 0xCB, 0xC6, 0xC4, 0xC1, 0x8E, 0x89, 0x6A, 0x65, 0x42, 0x3C, 0x12,
    0x05, 0x02, 0x01, 0x06, 0x1A, 0x40, 0x65, 0x6C, 0x8C, 0xC1, 0xC7, 0xCB, 0x8F, 0x68, 0x39, 0xEF,
    0xFF, 0xFF, 0xFD, 0xFF, 0xFF, 0xFF, 0xFF, 0xFF, 0xFD, 0xFF, 0xFF, 0xFF, 0xFD, 0xFF, 0xFF, 0xFF,
    0xFF, 0xFF, 0xFF, 0xFF, 0xFF, 0xFF, 0xFA, 0xFF, 0xFF, 0xF6, 0x42, 0x03, 0x2B, 0x42, 0x66, 0x6C,
    0x8B, 0xC1, 0xC7, 0xCB, 0xC5, 0xC1, 0x8E, 0x8A, 0x6C, 0x64, 0x3C, 0x35, 0x29, 0x15, 0x09, 0x07,
    0x05, 0x03, 0x01, 0x01, 0x03, 0x06, 0x08, 0x12, 0x29, 0x39, 0x40, 0x42, 0x43, 0x64, 0x66, 0x68,
    0x6A, 0x6B, 0x6C, 0x6D, 0x89, 0x8A, 0x8C, 0x8D, 0x8E, 0x8F, 0x94, 0xC1, 0xC2, 0xC4, 0xC5, 0xC6,
    0xC7, 0xCB, 0xD8, 0xD8, 0xD9, 0xDA, 0xDB, 0xE4, 0xE4, 0xE5, 0xE6, 0xEE, 0xEE, 0xEF, 0xEF, 0xEF,
    0xEE, 0xEE, 0xE6, 0xE5, 0xE4, 0xDB, 0xDA, 0xD9, 0xD8, 0xCB, 0xC6, 0xC4, 0xC2, 0x8E, 0x89, 0x6A,
    0x65, 0x42, 0x3C, 0x12, 0x06, 0x03, 0x01, 0x06, 0x1A, 0x40, 0x65, 0x6C, 0x8C, 0xC1, 0xC7, 0xCB,
    0x8F, 0x68, 0x39, 0xEF, 0xFF, 0xFF, 0xFD, 0xFF, 0xFF, 0xFF, 0xFF, 0xFF, 0xFF, 0xFF, 0xFF, 0xFF,
    0xFF, 0xFF, 0xFD, 0xFF, 0xFF, 0xFD, 0xFD, 0xFF, 0xFF, 0xFF, 0xFF, 0xFF, 0xFF, 0xF9, 0x42, 0x03,
    0x2B, 0x42, 0x66, 0x6C, 0x8B, 0xC1, 0xC7, 0xCB, 0xC5, 0xC1, 0x8E, 0x8A, 0x6C, 0x64, 0x3C, 0x35,
    0x29, 0x1A, 0x0C, 0x07, 0x05, 0x03, 0x01, 0x01, 0x03, 0x06, 0x08, 0x12, 0x29, 0x39, 0x3D, 0x42,
    0x43, 0x64, 0x66, 0x68, 0x6A, 0x6B, 0x6C, 0x6D, 0x89, 0x8B, 0x8C, 0x8D, 0x8E, 0x8F, 0x94, 0xC1,
    0xC2, 0xC3, 0xC5, 0xC6, 0xC7, 0xCB, 0xD8, 0xD8, 0xD9, 0xD9, 0xDB, 0xE4, 0xE5, 0xE6, 0xE6, 0xEE,
    0xEE, 0xEE, 0xEF, 0xEF, 0xEE, 0xEE, 0xE6, 0xE5, 0xE4, 0xDB, 0xDA, 0xD9, 0xD8, 0xCB, 0xC6, 0xC4,
    0xC2, 0x8E, 0x89, 0x6B, 0x66, 0x42, 0x3C, 0x12, 0x06, 0x02, 0x01, 0x06, 0x1A, 0x40, 0x65, 0x6C,
    0x8C, 0xC1, 0xC7, 0xCB, 0x8F, 0x68, 0x39, 0xEF, 0xFF, 0xFF, 0xFF, 0xFF, 0xFF, 0xFF, 0xFF, 0xFF,
    0xFF, 0xFF, 0xFF, 0xFF, 0xFF, 0xFF, 0xFF, 0xFF, 0xFF, 0xFF, 0xFF, 0xFD, 0xFD, 0xFF, 0xFF, 0xFF,
    0xFF, 0xF9, 0x42, 0x03, 0x2B, 0x42, 0x66, 0x6C, 0x8B, 0xC1, 0xC7, 0xCB, 0xC5, 0xC1, 0x8D, 0x89,
    0x6C, 0x64, 0x3C, 0x35, 0x29, 0x1A, 0x0C, 0x07, 0x05, 0x03, 0x01, 0x01, 0x03, 0x06, 0x08, 0x12,
    0x29, 0x39, 0x3D, 0x42, 0x43, 0x64, 0x66, 0x68, 0x6A, 0x6B, 0x6C, 0x6D, 0x89, 0x8B, 0x8C, 0x8D,
    0x8E, 0x8F, 0x94, 0xC1, 0xC2, 0xC3, 0xC5, 0xC6, 0xC7, 0xCB, 0xCB, 0xD8, 0xD9, 0xD9, 0xDB, 0xE4,
    0xE5, 0xE5, 0xE6, 0xEE, 0xEE, 0xEF, 0xEF, 0xEF, 0xEE, 0xEE, 0xE6, 0xE6, 0xE5, 0xDB, 0xDA, 0xD9,
    0xD8, 0xCB, 0xC6, 0xC4, 0xC1, 0x8D, 0x89, 0x6A, 0x66, 0x42, 0x35, 0x12, 0x07, 0x02, 0x00, 0x06,
    0x1A, 0x40, 0x65, 0x6C, 0x8C, 0xC1, 0xC7, 0xD8, 0x8F, 0x68, 0x3C, 0xEF, 0xFF, 0xFF, 0xFF, 0xFF,
    0xFF, 0xFF, 0xFF, 0xFF, 0xFF, 0xFF, 0xFF, 0xFF, 0xFF, 0xFF, 0xFF, 0xFF, 0xFF, 0xFF, 0xFF, 0xFF,
    0xFF, 0xFF, 0xFF, 0xFF, 0xFF, 0xF9, 0x42, 0x03, 0x29, 0x42, 0x66, 0x6C, 0x8B, 0xC1, 0xC7, 0xCB,
    0xC5, 0xC1, 0x8D, 0x89, 0x6C, 0x64, 0x3C, 0x35, 0x29, 0x15, 0x09, 0x07, 0x05, 0x03, 0x01, 0x01,
    0x03, 0x06, 0x08, 0x12, 0x27, 0x35, 0x3D, 0x40, 0x43, 0x64, 0x66, 0x68, 0x6A, 0x6B, 0x6C, 0x6D,
    0x89, 0x8A, 0x8C, 0x8D, 0x8E, 0x8F, 0x94, 0xC1, 0xC1, 0xC3, 0xC4, 0xC6, 0xC7, 0xCB, 0xCB, 0xD8,
    0xD9, 0xD9, 0xDB, 0xE4, 0xE5, 0xE6, 0xE6, 0xEE, 0xEE, 0xEF, 0xEF, 0xEF, 0xEE, 0xEE, 0xE6, 0xE6,
    0xE4, 0xDB, 0xDA, 0xD9, 0xD8, 0xCB, 0xC6, 0xC4, 0xC1, 0x8D, 0x89, 0x6A, 0x66, 0x42, 0x35, 0x0E,
    0x07, 0x03, 0x00, 0x06, 0x1A, 0x40, 0x65, 0x6C, 0x8B, 0xC1, 0xC7, 0xD8, 0x8F, 0x68, 0x3C, 0xEF,
    0xFF, 0xFF, 0xFF, 0xFF, 0xFD, 0xFF, 0xFF, 0xFF, 0xFF, 0xFD, 0xFA, 0xFF, 0xFD, 0xFD, 0xFD, 0xFF,
    0xFF, 0xFF, 0xFF, 0xFD, 0xFF, 0xFF, 0xFF, 0xFF, 0xFF, 0xF9, 0x42, 0x03, 0x1C, 0x42, 0x65, 0x6B,
    0x8B, 0x94, 0xC7, 0xCB, 0xC4, 0x94, 0x8D, 0x89, 0x6C, 0x64, 0x3C, 0x35, 0x29, 0x15, 0x09, 0x07,
    0x05, 0x03, 0x01, 0x01, 0x03, 0x06, 0x08, 0x12, 0x27, 0x39, 0x3D, 0x40, 0x43, 0x64, 0x66, 0x68,
    0x6A, 0x6B, 0x6C, 0x6D, 0x89, 0x8A, 0x8C, 0x8D, 0x8E, 0x8F, 0x94, 0xC1, 0xC1, 0xC3, 0xC4, 0xC6,
    0xC7, 0xCB, 0xCB, 0xD8, 0xD9, 0xD9, 0xDB, 0xDB, 0xE4, 0xE5, 0xE6, 0xEE, 0xEE, 0xEE, 0xEF, 0xEF,
    0xEE, 0xEE, 0xE6, 0xE5, 0xE4, 0xDB, 0xDA, 0xD9, 0xD8, 0xCB, 0xC6, 0xC4, 0xC1, 0x8D, 0x89, 0x6A,
    0x66, 0x42, 0x39, 0x0E, 0x07, 0x02, 0x00, 0x06, 0x1A, 0x40, 0x65, 0x6B, 0x8B, 0xC1, 0xC7, 0xCB,
    0x8F, 0x68, 0x3C, 0xEF, 0xFF, 0xFF, 0xFF, 0xFF, 0xFF, 0xFF, 0xFF, 0xFF, 0xFF, 0xFF, 0xFF, 0xFF,
    0xFF, 0xFF, 0xFD, 0xFF, 0xFF, 0xFF, 0xFD, 0xFF, 0xFF, 0xFF, 0xFF, 0xFF, 0xFF, 0xF9, 0x42, 0x03,
    0x1C, 0x42, 0x65, 0x6B, 0x8A, 0x94, 0xC6, 0xCB, 0xC4, 0x94, 0x8D, 0x89, 0x6C, 0x64, 0x3C, 0x35,
    0x29, 0x15, 0x09, 0x07, 0x05, 0x03, 0x01, 0x01, 0x03, 0x06, 0x08, 0x0E, 0x27, 0x36, 0x3D, 0x40,
    0x43, 0x64, 0x66, 0x68, 0x6A, 0x6B, 0x6C, 0x6D, 0x89, 0x8A, 0x8C, 0x8E, 0x8E, 0x8F, 0x94, 0xC1,
    0xC2, 0xC3, 0xC4, 0xC5, 0xC7, 0xCB, 0xCB, 0xD8, 0xD9, 0xD9, 0xDB, 0xDB, 0xE4, 0xE5, 0xE6, 0xEE,
    0xEE, 0xEE, 0xEF, 0xEF, 0xEE, 0xEE, 0xE6, 0xE5, 0xE4, 0xDB, 0xD9, 0xD9, 0xD8, 0xCB, 0xC6, 0xC4,
    0xC1, 0x8D, 0x89, 0x6A, 0x65, 0x42, 0x3C, 0x12, 0x06, 0x02, 0x01, 0x06, 0x1C, 0x40, 0x65, 0x6B,
    0x8B, 0xC1, 0xC7, 0xCB, 0x8F, 0x68, 0x3C, 0xEF, 0xFF, 0xFF, 0xFF, 0xFF, 0xFB, 0xFF, 0xFF, 0xFD,
    0xFF, 0xFF, 0xFF, 0xFF, 0xFF, 0xFF, 0xFF, 0xFF, 0xFF, 0xFD, 0xFD, 0xFD, 0xFF, 0xFF, 0xFF, 0xFF,
    0xFD, 0xF1, 0x42, 0x03, 0x1C, 0x42, 0x65, 0x6B, 0x8A, 0x8F, 0xC6, 0xC7, 0xC4, 0x94, 0x8C, 0x89,
    0x6B, 0x64, 0x3C, 0x35, 0x29, 0x15, 0x09, 0x07, 0x05, 0x02, 0x01, 0x01, 0x02, 0x06, 0x08, 0x0E,
    0x1C, 0x35, 0x3D, 0x40, 0x43, 0x64, 0x66, 0x68, 0x6A, 0x6B, 0x6C, 0x6D, 0x89, 0x8A, 0x8C, 0x8E,
    0x8E, 0x8F, 0x94, 0xC1, 0xC2, 0xC3, 0xC4, 0xC5, 0xC7, 0xCB, 0xCB, 0xD8, 0xD8, 0xD9, 0xDA, 0xDB,
    0xE4, 0xE5, 0xE6, 0xE6, 0xEE, 0xEE, 0xEE, 0xEF, 0xEE, 0xEE, 0xE6, 0xE5, 0xE4, 0xDB, 0xD9, 0xD8,
    0xCB, 0xCB, 0xC6, 0xC3, 0xC1, 0x8D, 0x89, 0x6A, 0x65, 0x42, 0x3C, 0x12, 0x06, 0x02, 0x01, 0x06,
    0x1A, 0x40, 0x65, 0x6B, 0x8A, 0x94, 0xC6, 0xC7, 0x8E, 0x68, 0x3C, 0xEF, 0xFF, 0xFD, 0xFF, 0xFF,
    0xFF, 0xFF, 0xFF, 0xFF, 0xFF, 0xFF, 0xFF, 0xFF, 0xFF, 0xFF, 0xFF, 0xFF, 0xFF, 0xFF, 0xFF, 0xFF,
    0xFF, 0xFF, 0xFF, 0xFF, 0xFF, 0xF1, 0x42, 0x03, 0x29, 0x40, 0x65, 0x6A, 0x89, 0x8F, 0xC4, 0xC6,
    0xC2, 0x8F, 0x8C, 0x89, 0x6B, 0x64, 0x3D, 0x35, 0x29, 0x15, 0x09, 0x07, 0x05, 0x02, 0x01, 0x01,
    0x02, 0x06, 0x08, 0x0E, 0x1C, 0x35, 0x3D, 0x40, 0x43, 0x64, 0x66, 0x68, 0x6A, 0x6B, 0x6C, 0x6D,
    0x89, 0x8B, 0x8C, 0x8D, 0x8E, 0x8F, 0x94, 0xC1, 0xC2, 0xC3, 0xC4, 0xC5, 0xC7, 0xCB, 0xCB, 0xD8,
    0xD8, 0xD9, 0xDA, 0xDB, 0xE4, 0xE5, 0xE6, 0xE6, 0xEE, 0xEE, 0xEE, 0xEE, 0xEE, 0xE6, 0xE6, 0xE4,
    0xE4, 0xDB, 0xD9, 0xD8, 0xCB, 0xC7, 0xC5, 0xC3, 0xC1, 0x8D, 0x6D, 0x6A, 0x65, 0x42, 0x3C, 0x12,
    0x07, 0x02, 0x01, 0x06, 0x1A, 0x40, 0x64, 0x6A, 0x8A, 0x8F, 0xC4, 0xC5, 0x8C, 0x66, 0x3C, 0xF1,
    0xFF, 0xFD, 0xFF, 0xFF, 0xFD, 0xFD, 0xFF, 0xFF, 0xFF, 0xFF, 0xFF, 0xFF, 0xFF, 0xFF, 0xFF, 0xFF,
    0xFF, 0xFF, 0xFF, 0xFF, 0xFF, 0xFF, 0xFF, 0xFF, 0xFF, 0xF9, 0x64, 0x03, 0x2B, 0x40, 0x64, 0x6A,
    0x6D, 0x8D, 0xC2, 0xC4, 0x94, 0x8E, 0x8B, 0x6D, 0x6A, 0x65, 0x3D, 0x35, 0x29, 0x15, 0x09, 0x07,
    0x05, 0x03, 0x01, 0x02, 0x03, 0x06, 0x08, 0x0E, 0x1C, 0x35, 0x3D, 0x40, 0x43, 0x64, 0x66, 0x68,
    0x6A, 0x6B, 0x6C, 0x6D, 0x8A, 0x8B, 0x8C, 0x8D, 0x8E, 0x8F, 0x94, 0xC1, 0xC1, 0xC3, 0xC4, 0xC5,
    0xC6, 0xCB, 0xCB, 0xD8, 0xD8, 0xD9, 0xD9, 0xDB, 0xE4, 0xE4, 0xE5, 0xE6, 0xE6, 0xEE, 0xEE, 0xEE,
    0xEE, 0xE6, 0xE5, 0xE4, 0xDB, 0xDA, 0xD9, 0xD8, 0xCB, 0xC7, 0xC5, 0xC3, 0x94, 0x8C, 0x6D, 0x6A,
    0x65, 0x42, 0x3C, 0x12, 0x06, 0x02, 0x01, 0x06, 0x1A, 0x3D, 0x43, 0x68, 0x6D, 0x8D, 0xC2, 0xC4,
    0x8B, 0x65, 0x42, 0xF9, 0xFF, 0xFD, 0xFD, 0xFF, 0xFE, 0xFF, 0xFF, 0xFF, 0xFD, 0xFF, 0xFF, 0xFF,
    0xFF, 0xFF, 0xFF, 0xFF, 0xFF, 0xFF, 0xFD, 0xFF, 0xFF, 0xFF, 0xFF, 0xFD, 0xFF, 0xFF, 0xC6, 0x36,
    0x2F, 0x40, 0x64, 0x6A, 0x6D, 0x8C, 0x94, 0x94, 0x8E, 0x8D, 0x8B, 0x6D, 0x6B, 0x68, 0x65, 0x40,
    0x3D, 0x3C, 0x39, 0x34, 0x2A, 0x18, 0x18, 0x18, 0x28, 0x2C, 0x37, 0x3C, 0x3D, 0x40, 0x42, 0x43,
    0x65, 0x66, 0x68, 0x6A, 0x6B, 0x6C, 0x6D, 0x89, 0x8A, 0x8B, 0x8C, 0x8D, 0x8E, 0x8F, 0x94, 0x94,
    0x94, 0xC1, 0x95, 0xC3, 0xC4, 0xC5, 0xC6, 0xC7, 0xC7, 0xCB, 0xCB, 0xCB, 0xD8, 0xD8, 0xD9, 0xD9,
    0xDA, 0xDA, 0xDA, 0xDA, 0xDA, 0xDA, 0xD9, 0xD8, 0xD8, 0xCB, 0xC7, 0xC7, 0xC6, 0xC4, 0xC3, 0xC1,
    0x8F, 0x8B, 0x6D, 0x6A, 0x66, 0x43, 0x40, 0x37, 0x18, 0x0B, 0x0B, 0x10, 0x37, 0x40, 0x64, 0x68,
    0x6D, 0x8D, 0x94, 0xC2, 0x8B, 0x6A, 0xC3, 0xFA, 0xFB, 0xFA, 0xFA, 0xFA, 0xFB, 0xFD, 0xFF, 0xFF,
    0xFF, 0xFF, 0xFF, 0xFD, 0xFF, 0xFF, 0xFF, 0xFD, 0xFF, 0xFF, 0xFF, 0xFF, 0xFF, 0xFF, 0xFF, 0xFD,
    0xFB, 0xF8, 0xF0, 0x7F, 0x71, 0x71, 0x7B, 0x80, 0x92, 0x93, 0xBF, 0xD1, 0xCC, 0xCC, 0xD4, 0xBF,
    0xA5, 0x93, 0x92, 0x80, 0x7F, 0x7B, 0x79, 0x77, 0x62, 0x61, 0x61, 0x61, 0x76, 0x76, 0x76, 0x79,
    0x79, 0x7B, 0x7B, 0x7B, 0x7D, 0x7F, 0x7F, 0x7F, 0x80, 0x80, 0x85, 0x85, 0x85, 0xAF, 0xAF, 0xAF,
    0xB1, 0xB1, 0xB1, 0x9A, 0x9A, 0x9A, 0x93, 0xA1, 0xA1, 0xB9, 0xB9, 0xB9, 0xBB, 0x97, 0x97, 0x97,
    0x97, 0x97, 0xBF, 0xBF, 0xCD, 0xCD, 0xCD, 0xCD, 0xCD, 0xBF, 0xBF, 0x97, 0x97, 0x97, 0x97, 0x97,
    0x97, 0xA1, 0x9D, 0x9A, 0x98, 0x85, 0x7D, 0x79, 0x77, 0x63, 0x5F, 0x5E, 0x62, 0x7B, 0x84, 0x93,
    0xCD, 0xCC, 0xDD, 0xCC, 0xD1, 0x93, 0x7D, 0x77, 0x63, 0x92, 0xF0, 0xF7, 0xF8, 0xFB, 0xFF, 0xFF,
    0xFF, 0xFD, 0xFF, 0xFD, 0xFD, 0xFF, 0xFA, 0xFF, 0xFF, 0xFF, 0xFF, 0xFF, 0xFD, 0xFF, 0xFF, 0xFD,
    0xFF, 0xFF, 0xFA, 0xFB, 0xF8, 0xF4, 0xD2, 0x76, 0x56, 0x5A, 0x5E, 0x62, 0x7A, 0x85, 0xA9, 0xD1,
    0xD7, 0xE0, 0xD3, 0xAD, 0xA3, 0x98, 0x7D, 0x7B, 0x77, 0x62, 0x5E, 0x5A, 0x56, 0x56, 0x56, 0x5A,
    0x5A, 0x5A, 0x5E, 0x5E, 0x62, 0x62, 0x63, 0x63, 0x77, 0x79, 0x79, 0x7B, 0x7B, 0x7D, 0x7D, 0x7D,
    0x7F, 0x81, 0x81, 0x85, 0x85, 0x86, 0x98, 0x99, 0x9B, 0x9C, 0x9F, 0xA2, 0xA6, 0xA6, 0xA7, 0xA9,
    0xAB, 0xAC, 0xAD, 0xAE, 0xAE, 0xC9, 0xC9, 0xCF, 0xCF, 0xCA, 0xCA, 0xCA, 0xCF, 0xCF, 0xCE, 0xC9,
    0xC9, 0xAE, 0xAD, 0xAC, 0xAB, 0xA8, 0x9E, 0x98, 0x83, 0x7C, 0x77, 0x62, 0x5E, 0x5A, 0x57, 0x56,
    0x5A, 0x62, 0x7C, 0x85, 0xA9, 0xD2, 0xDD, 0xD7, 0xAE, 0x86, 0x78, 0x5A, 0x57, 0x61, 0xDE, 0xF4,
    0xF5, 0xF8, 0xFB, 0xFC, 0xFF, 0xFD, 0xFF, 0xFD, 0xFF, 0xFF, 0xFA, 0xFD, 0xFF, 0xFF, 0xFF, 0xFD,
    0xFF, 0xFF, 0xFF, 0xFF, 0xFF, 0xFF, 0xFB, 0xFB, 0xF5, 0xF2, 0xB4, 0x79, 0x56, 0x56, 0x5B, 0x62,
    0x7C, 0x86, 0xA7, 0xCA, 0xD7, 0xDC, 0xD3, 0xC0, 0xA2, 0x86, 0x7D, 0x7B, 0x79, 0x62, 0x5E, 0x5A,
    0x56, 0x56, 0x56, 0x59, 0x59, 0x5A, 0x5E, 0x5E, 0x5F, 0x62, 0x63, 0x76, 0x77, 0x77, 0x79, 0x7B,
    0x7B, 0x7D, 0x7D, 0x7D, 0x7D, 0x7F, 0x81, 0x85, 0x85, 0x86, 0x98, 0xB0, 0xB2, 0x9B, 0xB6, 0xB8,
    0xA4, 0xA4, 0xA8, 0xA9, 0xA9, 0xAB, 0xAD, 0xAD, 0xC0, 0xCE, 0xCE, 0xCE, 0xCF, 0xCF, 0xCF, 0xCF,
    0xCE, 0xCE, 0xCE, 0xCE, 0xAE, 0xAD, 0xAC, 0xAB, 0xBC, 0xA8, 0x9E, 0x88, 0x81, 0x7C, 0x77, 0x62,
    0x5E, 0x5A, 0x57, 0x56, 0x5A, 0x62, 0x7B, 0x85, 0xA7, 0xCA, 0xDC, 0xD7, 0xAC, 0x86, 0x77, 0x5A,
    0x56, 0x5D, 0xCD, 0xED, 0xF4, 0xF5, 0xF8, 0xFB, 0xFF, 0xFF, 0xFF, 0xFF, 0xFF, 0xFF, 0xFF, 0xFF,
    0xFF, 0xFF, 0xFF, 0xFF, 0xFF, 0xFF, 0xFF, 0xFF, 0xFF, 0xFB, 0xFB, 0xF7, 0xF5, 0xF0, 0xB4, 0x79,
    0x56, 0x56, 0x5A, 0x62, 0x7B, 0x86, 0xA7, 0xCA, 0xD6, 0xDC, 0xD3, 0xAE, 0xA3, 0x98, 0x81, 0x7B,
    0x79, 0x76, 0x5E, 0x56, 0x56, 0x56, 0x56, 0x59, 0x59, 0x59, 0x5E, 0x5E, 0x61, 0x62, 0x76, 0x76,
    0x76, 0x79, 0x79, 0x7B, 0x7B, 0x7B, 0x7D, 0x7D, 0x7F, 0x7F, 0x81, 0x81, 0x85, 0x85, 0x86, 0x98,
    0x99, 0xB2, 0x9B, 0x9E, 0xB8, 0xA4, 0xA6, 0xA7, 0xAA, 0xAB, 0xBE, 0xAD, 0xAD, 0xAE, 0xAE, 0xCE,
    0xCE, 0xCE, 0xCE, 0xCE, 0xCE, 0xCE, 0xCE, 0xAE, 0xC0, 0xAC, 0xAC, 0xAB, 0xA9, 0xA6, 0xB5, 0x98,
    0x81, 0x7B, 0x77, 0x62, 0x5E, 0x5A, 0x56, 0x56, 0x5A, 0x62, 0x7B, 0x85, 0xBA, 0xCA, 0xD7, 0xD6,
    0xAC, 0x85, 0x77, 0x5A, 0x56, 0x61, 0x84, 0xE9, 0xF2, 0xF5, 0xF7, 0xFB, 0xFF, 0xFF, 0xFF, 0xFF,
    0xFF, 0xFF, 0xFF, 0xFF, 0xFF, 0xFF, 0xFF, 0xFD, 0xFD, 0xFF, 0xFD, 0xFF, 0xFD, 0xFB, 0xFA, 0xF7,
    0xF3, 0xF4, 0xA5, 0x79, 0x56, 0x56, 0x5A, 0x62, 0x7B, 0x86, 0xA6, 0xCF, 0xD6, 0xD7, 0xD3, 0xAE,
    0xA6, 0x98, 0x81, 0x7B, 0x79, 0x5C, 0x4B, 0x49, 0x49, 0x49, 0x49, 0x4B, 0x54, 0x58, 0x58, 0x58,
    0x5C, 0x5C, 0x5D, 0x5D, 0x61, 0x61, 0x71, 0x71, 0x79, 0x79, 0x7B, 0x7D, 0x7F, 0x7F, 0x7F, 0x81,
    0x85, 0x85, 0x85, 0x98, 0x98, 0x99, 0x9B, 0xB5, 0x9F, 0xA4, 0xA6, 0xA7, 0xA9, 0xAA, 0xAB, 0xAC,
    0xAD, 0xC0, 0xAE, 0xCE, 0xCE, 0xCE, 0xCE, 0xCE, 0xCE, 0xCE, 0xAE, 0xC0, 0xAD, 0xAC, 0xAB, 0xAB,
    0xA9, 0xA3, 0x9B, 0x88, 0x81, 0x7B, 0x77, 0x62, 0x5E, 0x5A, 0x56, 0x56, 0x5A, 0x62, 0x7D, 0x85,
    0xA6, 0xCF, 0xD7, 0xD6, 0xBC, 0x85, 0x77, 0x5A, 0x56, 0x76, 0x84, 0xE2, 0xEC, 0xF2, 0xF5, 0xF8,
    0xFA, 0xFD, 0xFD, 0xFD, 0xFF, 0xFF, 0xFF, 0xFF, 0xFF, 0xFF, 0xFF, 0xFF, 0xFF, 0xFF, 0xFF, 0xFF,
    0xFF, 0xFB, 0xF8, 0xF5, 0xF2, 0xEC, 0x84, 0x79, 0x56, 0x56, 0x5A, 0x5E, 0x7B, 0x86, 0xA2, 0xCE,
    0xD5, 0xD7, 0xD3, 0xAE, 0xA6, 0x98, 0x81, 0x7B, 0x47, 0x04, 0x04, 0x04, 0x04, 0x1D, 0x21, 0x22,
    0x44, 0x45, 0x46, 0x48, 0x4A, 0x4A, 0x4B, 0x51, 0x58, 0x5C, 0x60, 0x60, 0x61, 0x76, 0x79, 0x7B,
    0x7D, 0x7D, 0x7F, 0x7F, 0x81, 0x85, 0x85, 0x86, 0x98, 0x99, 0x9B, 0xB5, 0x9F, 0xA2, 0xA3, 0xA6,
    0xA9, 0xA9, 0xAA, 0xAB, 0xAC, 0xAD, 0xAD, 0xAE, 0xAE, 0xAE, 0xCE, 0xCE, 0xCE, 0xAE, 0xC0, 0xAD,
    0xAC, 0xAB, 0xAB, 0xAA, 0xA9, 0xA2, 0xB2, 0x86, 0x81, 0x7B, 0x77, 0x62, 0x5E, 0x5A, 0x56, 0x56,
    0x5A, 0x5F, 0x7B, 0x85, 0xA6, 0xCF, 0xD7, 0xD5, 0xA7, 0x81, 0x63, 0x5A, 0x56, 0x76, 0x74, 0xDE,
    0xE7, 0xED, 0xF5, 0xF7, 0xFB, 0xFD, 0xFF, 0xFF, 0xFF, 0xFF, 0xFD, 0xFF, 0xFF, 0xFF, 0xFF, 0xFF,
    0xFF, 0xFF, 0xFF, 0xFD, 0xFD, 0xFB, 0xF8, 0xF5, 0xED, 0xDF, 0x84, 0x76, 0x56, 0x56, 0x5B, 0x59,
    0x7B, 0x85, 0x9F, 0xCE, 0xD5, 0xD7, 0xD3, 0xAE, 0xA6, 0x99, 0x81, 0x71, 0x04, 0x04, 0x04, 0x04,
    0x1D, 0x1D, 0x1D, 0x22, 0x44, 0x45, 0x46, 0x48, 0x4A, 0x4A, 0x4B, 0x51, 0x58, 0x5C, 0x60, 0x60,
    0x61, 0x76, 0x79, 0x7B, 0x7D, 0x7D, 0x7F, 0x7F, 0x81, 0x85, 0x85, 0x86, 0x98, 0x99, 0xB2, 0xB5,
    0x9E, 0xA2, 0xA3, 0xA6, 0xA7, 0xA9, 0xA9, 0xAB, 0xAC, 0xAD, 0xAD, 0xC0, 0xAE, 0xC0, 0xAE, 0xAE,
    0xAE, 0xC0, 0xC0, 0xAD, 0xAC, 0xAB, 0xAB, 0xA9, 0xA7, 0xA2, 0x99, 0x86, 0x81, 0x7D, 0x77, 0x62,
    0x5E, 0x5A, 0x56, 0x56, 0x5A, 0x5F, 0x7B, 0x85, 0xA2, 0xCF, 0xD7, 0xD5, 0x9D, 0x81, 0x5F, 0x5A,
    0x56, 0x76, 0x74, 0xE1, 0xE9, 0xED, 0xF4, 0xF7, 0xFA, 0xFD, 0xFD, 0xFF, 0xFF, 0xFF, 0xFF, 0xFF,
    0xFF, 0xFD, 0xFF, 0xFF, 0xFD, 0xFF, 0xFF, 0xFF, 0xFC, 0xFB, 0xF7, 0xF5, 0xED, 0xE3, 0xA5, 0x5D,
    0x56, 0x56, 0x5B, 0x59, 0x77, 0x83, 0x9F, 0xCE, 0xD6, 0xD7, 0xD3, 0xAE, 0xA6, 0x99, 0x81, 0x71,
    0x04, 0x04, 0x04, 0x04, 0x1D, 0x1D, 0x1D, 0x22, 0x23, 0x45, 0x46, 0x48, 0x4A, 0x4A, 0x4B, 0x51,
    0x58, 0x5C, 0x5C, 0x60, 0x61, 0x76, 0x79, 0x7B, 0x7B, 0x7D, 0x7F, 0x7F, 0x81, 0x81, 0x85, 0x85,
    0x98, 0x99, 0x9B, 0xB5, 0x9E, 0x9F, 0xA2, 0xA6, 0xA6, 0xA7, 0xA9, 0xAA, 0xAB, 0xAC, 0xAD, 0xAD,
    0xAD, 0xAE, 0xAE, 0xAE, 0xAE, 0xC0, 0xAD, 0xAD, 0xBE, 0xAB, 0xAA, 0xAA, 0xA7, 0x9F, 0x99, 0x85,
    0x81, 0x7D, 0x77, 0x62, 0x5E, 0x5A, 0x56, 0x56, 0x5A, 0x5F, 0x7B, 0x85, 0x9F, 0xCE, 0xD7, 0xD5,
    0x9D, 0x81, 0x62, 0x5A, 0x56, 0x59, 0x70, 0xE0, 0xE3, 0xEC, 0xF3, 0xF5, 0xF8, 0xFA, 0xFF, 0xFB,
    0xFA, 0xFA, 0xFD, 0xFA, 0xFD, 0xFF, 0xFF, 0xFF, 0xFF, 0xFF, 0xFD, 0xFF, 0xFF, 0xFB, 0xF7, 0xF3,
    0xEC, 0xE9, 0xDE, 0x55, 0x56, 0x57, 0x5B, 0x59, 0x61, 0x81, 0x9F, 0xCE, 0xD6, 0xD7, 0xD2, 0xAE,
    0xA3, 0x99, 0x81, 0x71, 0x04, 0x04, 0x04, 0x04, 0x1D, 0x1D, 0x1D, 0x22, 0x23, 0x44, 0x46, 0x48,
    0x48, 0x4A, 0x4B, 0x4B, 0x58, 0x5C, 0x5C, 0x60, 0x61, 0x76, 0x79, 0x7B, 0x7B, 0x7D, 0x7D, 0x7F,
    0x81, 0x85, 0x85, 0x86, 0x98, 0x99, 0xB2, 0xB5, 0x9E, 0x9F, 0xA2, 0xA6, 0xA6, 0xA7, 0xA9, 0xA9,
    0xAB, 0xAC, 0xAD, 0xAD, 0xAD, 0xAD, 0xAD, 0xAE, 0xAD, 0xAD, 0xAD, 0xAC, 0xAC, 0xAB, 0xBC, 0xA9,
    0xA7, 0x9F, 0xB2, 0x86, 0x81, 0x7D, 0x77, 0x62, 0x5E, 0x5A, 0x56, 0x56, 0x5A, 0x5F, 0x7B, 0x81,
    0xB5, 0xCE, 0xD6, 0xD4, 0xB5, 0x7D, 0x77, 0x5A, 0x56, 0x54, 0x74, 0xE0, 0xE3, 0xEB, 0xF2, 0xF5,
    0xF8, 0xFB, 0xFD, 0xFF, 0xFF, 0xFD, 0xFD, 0xFA, 0xFF, 0xFA, 0xFF, 0xFF, 0xFF, 0xFD, 0xFF, 0xFF,
    0xFB, 0xF7, 0xF5, 0xF2, 0xEC, 0xE9, 0xE9, 0x60, 0x56, 0x57, 0x5B, 0x59, 0x61, 0x81, 0xB8, 0xCE,
    0xD5, 0xD7, 0xD2, 0xCE, 0xA3, 0x98, 0x81, 0x71, 0x04, 0x04, 0x04, 0x04, 0x04, 0x1D, 0x1D, 0x21,
    0x23, 0x44, 0x46, 0x48, 0x48, 0x4A, 0x4B, 0x4B, 0x58, 0x5C, 0x5C, 0x60, 0x61, 0x76, 0x79, 0x7B,
    0x7B, 0x7D, 0x7D, 0x7F, 0x81, 0x85, 0x85, 0x86, 0x98, 0x99, 0xB2, 0x9B, 0x9E, 0x9F, 0xA2, 0xA6,
    0xA6, 0xA8, 0xA9, 0xA9, 0xAB, 0xAC, 0xAC, 0xAD, 0xAD, 0xAD, 0xAD, 0xAD, 0xAD, 0xAC, 0xBE, 0xAC,
    0xAB, 0xAB, 0xBC, 0xA9, 0xA7, 0xA2, 0x99, 0x86, 0x81, 0x7D, 0x77, 0x62, 0x5E, 0x5A, 0x56, 0x56,
    0x5A, 0x5F, 0x79, 0x81, 0xB5, 0xCE, 0xD5, 0xAE, 0xA2, 0x81, 0x78, 0x5A, 0x55, 0x54, 0x7F, 0xD6,
    0xE2, 0xEB, 0xED, 0xF5, 0xF7, 0xFA, 0xFF, 0xFF, 0xFF, 0xFF, 0xFF, 0xFF, 0xFF, 0xFF, 0xFF, 0xFF,
    0xFF, 0xFF, 0xFF, 0xFD, 0xFA, 0xF7, 0xF5, 0xF2, 0xE9, 0xE9, 0xEA, 0x60, 0x55, 0x57, 0x5B, 0x59,
    0x63, 0x83, 0x9F, 0xCE, 0xD5, 0xD6, 0xD2, 0xCE, 0xA3, 0x98, 0x7D, 0x71, 0x04, 0x04, 0x04, 0x04,
    0x04, 0x1D, 0x1D, 0x21, 0x23, 0x44, 0x46, 0x48, 0x48, 0x4A, 0x4B, 0x4B, 0x58, 0x5C, 0x5C, 0x5D,
    0x61, 0x76, 0x79, 0x7B, 0x7B, 0x7D, 0x7D, 0x7F, 0x81, 0x85, 0x85, 0x86, 0x98, 0x99, 0xB2, 0x9B,
    0x9E, 0x9F, 0xA2, 0xA3, 0xA8, 0xA7, 0xA7, 0xA9, 0xAB, 0xAB, 0xAC, 0xAD, 0xAD, 0xAD, 0xAD, 0xAD,
    0xAD, 0xAC, 0xAC, 0xAC, 0xAB, 0xAB, 0xAA, 0xA9, 0xA7, 0xA2, 0xB2, 0x85, 0x81, 0x7D, 0x77, 0x63,
    0x5E, 0x5A, 0x56, 0x56, 0x5A, 0x5F, 0x79, 0x81, 0x9B, 0xC0, 0xD3, 0x9D, 0xB1, 0x81, 0x78, 0x5A,
    0x55, 0x49, 0x84, 0xD7, 0xDE, 0xE9, 0xED, 0xF4, 0xF7, 0xFA, 0xFB, 0xFA, 0xFF, 0xFF, 0xFD, 0xFA,
    0xFF, 0xFF, 0xFF, 0xFF, 0xFF, 0xFF, 0xFD, 0xFB, 0xF7, 0xF5, 0xF3, 0xED, 0xE2, 0xE9, 0xEB, 0x76,
    0x54, 0x56, 0x5B, 0x55, 0x77, 0x85, 0xB8, 0xCE, 0xD5, 0xD6, 0xD2, 0xC0, 0xA2, 0x86, 0x7D, 0x71,
    0x04, 0x04, 0x04, 0x04, 0x04, 0x1D, 0x1D, 0x21, 0x23, 0x45, 0x46, 0x48, 0x48, 0x4A, 0x4B, 0x4B,
    0x58, 0x5C, 0x5C, 0x5D, 0x61, 0x76, 0x79, 0x7B, 0x7B, 0x7D, 0x7D, 0x7F, 0x81, 0x85, 0x85, 0x86,
    0x98, 0x99, 0xB2, 0x9B, 0x9E, 0x9F, 0xA2, 0xA3, 0xA8, 0xA7, 0xA7, 0xA9, 0xAB, 0xAB, 0xAC, 0xAD,
    0xAD, 0xAD, 0xAD, 0xAD, 0xAD, 0xAD, 0xAC, 0xBE, 0xAB, 0xAA, 0xAA, 0xA9, 0xA6, 0xA2, 0x99, 0x85,
    0x81, 0x7D, 0x77, 0x62, 0x5E, 0x5A, 0x56, 0x56, 0x5A, 0x5F, 0x77, 0x81, 0xB2, 0xAD, 0xD2, 0x88,
    0x85, 0x83, 0x78, 0x5A, 0x55, 0x4B, 0xB4, 0xE0, 0xE1, 0xE9, 0xED, 0xF4, 0xF7, 0xF8, 0xFB, 0xFD,
    0xFF, 0xFF, 0xFA, 0xFA, 0xFF, 0xFD, 0xFD, 0xFF, 0xFD, 0xFF, 0xFF, 0xFB, 0xF7, 0xF5, 0xF2, 0xE9,
    0xE9, 0xE3, 0xD6, 0x76, 0x54, 0x56, 0x5A, 0x54, 0x7A, 0x85, 0xB8, 0xCE, 0xD5, 0xD6, 0xD1, 0xC0,
    0x9F, 0x85, 0x7D, 0x71, 0x04, 0x04, 0x04, 0x04, 0x1D, 0x1D, 0x1D, 0x21, 0x23, 0x45, 0x46, 0x48,
    0x48, 0x4A, 0x4B, 0x4B, 0x58, 0x5C, 0x5C, 0x5D, 0x61, 0x76, 0x79, 0x7B, 0x7B, 0x7D, 0x7D, 0x7F,
    0x81, 0x85, 0x85, 0x86, 0x98, 0x99, 0xB2, 0xB6, 0x9E, 0x9F, 0x9F, 0xA3, 0xA6, 0xA6, 0xA7, 0xA9,
    0xBC, 0xAB, 0xAC, 0xAD, 0xAD, 0xAD, 0xAD, 0xAD, 0xAD, 0xAC, 0xBE, 0xBE, 0xAB, 0xAA, 0xA9, 0xA7,
    0xA6, 0x9F, 0xB2, 0x86, 0x81, 0x7D, 0x77, 0x62, 0x5E, 0x5A, 0x56, 0x56, 0x5A, 0x5F, 0x77, 0x81,
    0x99, 0xBE, 0xCA, 0x85, 0x99, 0x83, 0x63, 0x5A, 0x55, 0x51, 0xA5, 0xD6, 0xE0, 0xDF, 0xEC, 0xF3,
    0xF7, 0xF8, 0xFA, 0xFF, 0xFD, 0xFD, 0xFF, 0xFF, 0xFF, 0xFF, 0xFD, 0xFD, 0xFD, 0xFF, 0xFB, 0xFB,
    0xF5, 0xF4, 0xED, 0xDD, 0xE7, 0xE3, 0xA5, 0x76, 0x54, 0x55, 0x55, 0x59, 0x7A, 0x83, 0x9F, 0xC0,
    0xD4, 0xD5, 0xD1, 0xC0, 0x9E, 0x85, 0x7B, 0x71, 0x1D, 0x04, 0x04, 0x04, 0x1D, 0x1D, 0x1D, 0x22,
    0x44, 0x45, 0x46, 0x48, 0x48, 0x4A, 0x4B, 0x4B, 0x58, 0x5C, 0x5C, 0x5D, 0x61, 0x76, 0x79, 0x7B,
    0x7B, 0x7D, 0x7D, 0x7F, 0x81, 0x85, 0x86, 0x86, 0x98, 0x99, 0xB2, 0x9B, 0xB5, 0x9F, 0xA2, 0xA3,
    0xA6, 0xA6, 0xA7, 0xA9, 0xA9, 0xAB, 0xBE, 0xAC, 0xAD, 0xAD, 0xAD, 0xAD, 0xAD, 0xAC, 0xBE, 0xAB,
    0xAA, 0xA9, 0xA7, 0xA6, 0xBA, 0x9E, 0x99, 0x86, 0x81, 0x7D, 0x77, 0x62, 0x5E, 0x5A, 0x56, 0x56,
    0x5A, 0x5F, 0x77, 0x81, 0x99, 0xAB, 0xA1, 0xAF, 0xAC, 0x87, 0x78, 0x5A, 0x55, 0x53, 0xD2, 0xCD,
    0xD7, 0xDE, 0xEB, 0xF2, 0xF5, 0xF7, 0xFB, 0xFB, 0xFD, 0xFD, 0xFF, 0xFF, 0xFF, 0xFF, 0xFF, 0xFD,
    0xFF, 0xFF, 0xFB, 0xF7, 0xF5, 0xF2, 0xE7, 0xDE, 0xEA, 0xDF, 0x84, 0x76, 0x55, 0x54, 0x54, 0x5E,
    0x7A, 0x83, 0xB5, 0xAE, 0xD4, 0xD5, 0xD0, 0xAD, 0x9E, 0x85, 0x7D, 0x71, 0x1D, 0x04, 0x04, 0x1D,
    0x1D, 0x1D, 0x1D, 0x22, 0x44, 0x45, 0x46, 0x48, 0x4A, 0x4A, 0x4B, 0x51, 0x58, 0x5C, 0x60, 0x5D,
    0x61, 0x76, 0x79, 0x7B, 0x7D, 0x7D, 0x7D, 0x81, 0x81, 0x85, 0x86, 0x86, 0xB0, 0x99, 0xB2, 0x9B,
    0x9E, 0x9F, 0xA2, 0xA2, 0xA6, 0xA6, 0xA7, 0xA9, 0xA9, 0xAB, 0xAB, 0xAC, 0xAD, 0xAD, 0xAD, 0xAD,
    0xBE, 0xAB, 0xAB, 0xAA, 0xAA, 0xA7, 0xA6, 0xA6, 0xA3, 0xB5, 0x99, 0x86, 0x81, 0x7B, 0x77, 0x62,
    0x5E, 0x5A, 0x56, 0x56, 0x5A, 0x5E, 0x77, 0x7D, 0x98, 0xBC, 0x80, 0xAF, 0xCE, 0x86, 0x78, 0x5A,
    0x55, 0x51, 0xD6, 0xCD, 0xD6, 0xDD, 0xEB, 0xF2, 0xF5, 0xF7, 0xFA, 0xFA, 0xFF, 0xFF, 0xFD, 0xFD,
    0xFF, 0xFD, 0xFF, 0xFF, 0xFF, 0xFB, 0xFB, 0xF7, 0xF5, 0xED, 0xE0, 0xEB, 0xE9, 0xE0, 0x84, 0x76,
    0x56, 0x54, 0x55, 0x5F, 0x7A, 0x83, 0xB5, 0xCE, 0xD4, 0xD5, 0xCA, 0xAD, 0x9E, 0x86, 0x7D, 0x71,
    0x04, 0x04, 0x04, 0x1D, 0x1D, 0x1D, 0x1D, 0x22, 0x44, 0x45, 0x46, 0x48, 0x4A, 0x4A, 0x4B, 0x4B,
    0x58, 0x5C, 0x60, 0x5D, 0x61, 0x76, 0x79, 0x7B, 0x7D, 0x7D, 0x7D, 0x81, 0x81, 0x85, 0x86, 0x88,
    0xB0, 0x99, 0xB2, 0x9B, 0xB5, 0x9E, 0x9F, 0xA4, 0xA3, 0xA6, 0xA7, 0xA9, 0xAA, 0xAA, 0xAB, 0xAC,
    0xAC, 0xAC, 0xAC, 0xAC, 0xAC, 0xAC, 0xAB, 0xAA, 0xAA, 0xA7, 0xA6, 0xA6, 0xA3, 0xB5, 0x99, 0x86,
    0x81, 0x7B, 0x77, 0x62, 0x5E, 0x5A, 0x56, 0x56, 0x5A, 0x5E, 0x77, 0x7E, 0x88, 0xBC, 0x7B, 0x80,
    0xC0, 0x86, 0x78, 0x5B, 0x55, 0x4B, 0xD6, 0xD1, 0xBF, 0xE0, 0xEB, 0xF2, 0xF5, 0xF7, 0xF8, 0xFA,
    0xFB, 0xFF, 0xFF, 0xFD, 0xFF, 0xFF, 0xFF, 0xFF, 0xFF, 0xFB, 0xF8, 0xF5, 0xF3, 0xED, 0xD7, 0xE7,
    0xE2, 0xA5, 0x84, 0x76, 0x56, 0x54, 0x55, 0x5F, 0x7A, 0x83, 0xA0, 0xAE, 0xD4, 0xD5, 0xCA, 0xAC,
    0x9E, 0x86, 0x7E, 0x61, 0x04, 0x04, 0x1D, 0x1D, 0x1D, 0x1D, 0x21, 0x22, 0x44, 0x45, 0x46, 0x48,
    0x4A, 0x49, 0x4B, 0x58, 0x58, 0x5C, 0x60, 0x5D, 0x61, 0x76, 0x79, 0x7D, 0x7D, 0x7D, 0x81, 0x81,
    0x81, 0x85, 0x86, 0x88, 0xB0, 0x99, 0xB2, 0x9B, 0x9E, 0xA0, 0x9F, 0xB8, 0xA3, 0xA6, 0xA7, 0xA9,
    0xA9, 0xAA, 0xAB, 0xAB, 0xAC, 0xAC, 0xAC, 0xAC, 0xAC, 0xAB, 0xAA, 0xAA, 0xA9, 0xA8, 0xA8, 0xA3,
    0xA2, 0xB5, 0x99, 0x86, 0x81, 0x7B, 0x77, 0x62, 0x5E, 0x5A, 0x57, 0x56, 0x5A, 0x5E, 0x77, 0x7C,
    0x88, 0xBC, 0x61, 0xB4, 0xBE, 0x87, 0x78, 0x5B, 0x55, 0x49, 0xD1, 0xD4, 0xA5, 0xD7, 0xE7, 0xED,
    0xF4, 0xF5, 0xF7, 0xF8, 0xFA, 0xFD, 0xFF, 0xFF, 0xFF, 0xFF, 0xFF, 0xFF, 0xFF, 0xFA, 0xF7, 0xF5,
    0xF2, 0xEC, 0xD6, 0xE9, 0xD7, 0x84, 0xA5, 0x76, 0x55, 0x54, 0x55, 0x5F, 0x7A, 0x83, 0xA0, 0xC0,
    0xD3, 0xD5, 0xCF, 0xAB, 0xB5, 0x88, 0x7E, 0x61, 0x04, 0x04, 0x1D, 0x1D, 0x1D, 0x1D, 0x21, 0x22,
    0x44, 0x45, 0x46, 0x48, 0x4A, 0x49, 0x4B, 0x58, 0x58, 0x5C, 0x60, 0x5D, 0x61, 0x76, 0x79, 0x7D,
    0x7D, 0x7D, 0x81, 0x81, 0x81, 0x87, 0x86, 0x88, 0xB0, 0x99, 0xB2, 0x9B, 0x9E, 0x9E, 0x9F, 0xB8,
    0xA3, 0xA6, 0xBA, 0xA7, 0xAA, 0xAA, 0xAB, 0xAB, 0xAB, 0xAC, 0xAC, 0xAB, 0xAB, 0xAB, 0xBC, 0xAA,
    0xA8, 0xA6, 0xBA, 0xA4, 0xA2, 0xB5, 0x99, 0x86, 0x81, 0x7D, 0x77, 0x62, 0x5E, 0x5A, 0x56, 0x56,
    0x5A, 0x5E, 0x77, 0x7C, 0x86, 0xA7, 0x61, 0xAE, 0xAB, 0x88, 0x78, 0x5B, 0x56, 0x48, 0xB4, 0xD4,
    0xD2, 0xBF, 0xE7, 0xED, 0xF2, 0xF4, 0xF7, 0xF7, 0xFA, 0xFB, 0xFF, 0xFF, 0xFF, 0xFF, 0xFF, 0xFF,
    0xFF, 0xFB, 0xF7, 0xF5, 0xF2, 0xEB, 0xD6, 0xE3, 0xD4, 0x60, 0xCD, 0x76, 0x54, 0x56, 0x55, 0x5B,
    0x78, 0x83, 0x9E, 0xAE, 0xD3, 0xD4, 0xCF, 0xAA, 0x9E, 0x88, 0x7C, 0x61, 0x04, 0x1D, 0x1D, 0x1D,
    0x1D, 0x1D, 0x21, 0x22, 0x44, 0x45, 0x46, 0x48, 0x4A, 0x49, 0x4B, 0x58, 0x58, 0x5C, 0x60, 0x5D,
    0x61, 0x76, 0x79, 0x7D, 0x7D, 0x7D, 0x81, 0x81, 0x83, 0x87, 0x86, 0x88, 0xB0, 0x99, 0xB2, 0x9B,
    0x9C, 0xB5, 0x9F, 0xA2, 0xA3, 0xA4, 0xA6, 0xA7, 0xA9, 0xA9, 0xAA, 0xAB, 0xAB, 0xAB, 0xAB, 0xAB,
    0xAB, 0xAA, 0xA9, 0xA9, 0xA8, 0xBA, 0xA6, 0xA3, 0xA2, 0xB6, 0xB0, 0x87, 0x81, 0x7B, 0x77, 0x62,
    0x5E, 0x5A, 0x57, 0x56, 0x57, 0x5E, 0x63, 0x7C, 0x86, 0xA2, 0x5D, 0xAD, 0xBC, 0x87, 0x7A, 0x5E,
    0x56, 0x49, 0x74, 0xD2, 0xD6, 0xCD, 0xD6, 0xEC, 0xED, 0xF2, 0xF4, 0xF7, 0xF8, 0xFB, 0xFD, 0xFF,
    0xFF, 0xFF, 0xFF, 0xFF, 0xFF, 0xFB, 0xF5, 0xF4, 0xED, 0xEA, 0xD6, 0xDE, 0xD2, 0x60, 0x97, 0x76,
    0x54, 0x5A, 0x59, 0x54, 0x78, 0x83, 0xA0, 0xC0, 0xD3, 0xD3, 0xCF, 0xAA, 0xB6, 0x87, 0x7C, 0x61,
    0x04, 0x1D, 0x1D, 0x1D, 0x1D, 0x1D, 0x21, 0x22, 0x44, 0x45, 0x46, 0x48, 0x4A, 0x49, 0x4B, 0x58,
    0x58, 0x5C, 0x5D, 0x5D, 0x61, 0x76, 0x79, 0x7D, 0x7D, 0x7D, 0x81, 0x81, 0x83, 0x87, 0x87, 0x88,
    0xB0, 0x99, 0xB2, 0x9B, 0x9B, 0x9E, 0x9E, 0x9F, 0xA2, 0xA3, 0xA4, 0xA8, 0xA7, 0xA9, 0xA9, 0xAB,
    0xAB, 0xAB, 0xAB, 0xAB, 0xAA, 0xA9, 0xA9, 0xA8, 0xA8, 0xA6, 0xA3, 0xA2, 0xA2, 0x9B, 0xB0, 0x87,
    0x81, 0x7B, 0x77, 0x62, 0x5E, 0x5A, 0x57, 0x56, 0x57, 0x5E, 0x63, 0x7C, 0x87, 0x88, 0x5C, 0xA1,
    0xA7, 0x87, 0x7A, 0x5E, 0x56, 0x49, 0x60, 0xD2, 0xD7, 0xE1, 0xA5, 0xE9, 0xEB, 0xED, 0xF3, 0xF5,
    0xF7, 0xFB, 0xFA, 0xFF, 0xFF, 0xFF, 0xFF, 0xFF, 0xFD, 0xF8, 0xF5, 0xF3, 0xEC, 0xEB, 0xD5, 0xE1,
    0xD6, 0x70, 0x75, 0x76, 0x55, 0x5A, 0x5A, 0x54, 0x78, 0x83, 0xB5, 0xC0, 0xD2, 0xD3, 0xCE, 0xBC,
    0x9B, 0x83, 0x7C, 0x61, 0x1D, 0x1D, 0x1D, 0x1D, 0x1D, 0x1D, 0x21, 0x22, 0x44, 0x45, 0x46, 0x48,
    0x4A, 0x49, 0x4B, 0x58, 0x58, 0x5C, 0x5D, 0x61, 0x61, 0x76, 0x7B, 0x7D, 0x7D, 0x7E, 0x82, 0x81,
    0x83, 0x87, 0x87, 0x88, 0xB0, 0x99, 0xB2, 0xB2, 0xB6, 0x9E, 0x9E, 0x9F, 0xA2, 0xA2, 0xA3, 0xA6,
    0xA6, 0xA7, 0xAA, 0xAA, 0xAB, 0xAB, 0xAB, 0xA9, 0xA9, 0xA9, 0xA7, 0xA6, 0xA6, 0xA4, 0xA3, 0xA2,
    0xA2, 0xB6, 0x98, 0x83, 0x7E, 0x7A, 0x77, 0x62, 0x5E, 0x5A, 0x57, 0x56, 0x57, 0x5E, 0x63, 0x7C,
    0x83, 0x7E, 0x5C, 0xAF, 0xBC, 0x87, 0x78, 0x5B, 0x56, 0x49, 0x5C, 0xD2, 0xE0, 0xE2, 0xD5, 0xA5,
    0xE7, 0xEC, 0xED, 0xF4, 0xF5, 0xFA, 0xFA, 0xFD, 0xFD, 0xFD, 0xFF, 0xFF, 0xFD, 0xF8, 0xF5, 0xF2,
    0xEC, 0xEB, 0xD2, 0xDD, 0xDD, 0xA5, 0x5C, 0x60, 0x56, 0x5A, 0x5B, 0x54, 0x63, 0x82, 0x9B, 0xBE,
    0xD2, 0xD3, 0xCE, 0xBC, 0xB2, 0x83, 0x7C, 0x61, 0x1D, 0x1D, 0x1D, 0x1D, 0x1D, 0x1D, 0x21, 0x22,
    0x44, 0x45, 0x46, 0x48, 0x4A, 0x4B, 0x4B, 0x58, 0x5C, 0x5C, 0x5D, 0x61, 0x61, 0x76, 0x7B, 0x7D,
    0x7E, 0x7E, 0x82, 0x81, 0x83, 0x87, 0x88, 0x88, 0xB0, 0xB0, 0x99, 0xB2, 0x9B, 0x9C, 0x9E, 0x9E,
    0x9F, 0xA2, 0xA3, 0xA4, 0xA8, 0xA6, 0xA9, 0xA9, 0xAA, 0xAA, 0xAA, 0xA9, 0xA9, 0xA9, 0xA7, 0xA6,
    0xA6, 0xA4, 0xA2, 0xA2, 0xA2, 0x9B, 0x98, 0x83, 0x7E, 0x7A, 0x77, 0x62, 0x5E, 0x5A, 0x57, 0x56,
    0x57, 0x5E, 0x63, 0x7C, 0x82, 0x7A, 0x60, 0x74, 0xBA, 0x83, 0x78, 0x5B, 0x56, 0x49, 0x60, 0xD2,
    0xE0, 0xE3, 0xE2, 0x84, 0xDD, 0xEB, 0xED, 0xF3, 0xF5, 0xF8, 0xFB, 0xFD, 0xFF, 0xFF, 0xFF, 0xFF,
    0xFD, 0xFA, 0xF5, 0xF2, 0xEC, 0xEA, 0xD0, 0xDD, 0xDE, 0xD6, 0x51, 0x55, 0x56, 0x5A, 0x5B, 0x59,
    0x5F, 0x7E, 0xB2, 0xBE, 0xD1, 0xD3, 0xCE, 0xBC, 0xB2, 0x83, 0x7A, 0x61, 0x1D, 0x1D, 0x1D, 0x1D,
    0x1D, 0x1D, 0x21, 0x22, 0x44, 0x45, 0x46, 0x48, 0x4A, 0x4B, 0x4B, 0x58, 0x5C, 0x5C, 0x5D, 0x61,
    0x61, 0x77, 0x7B, 0x7C, 0x7E, 0x7E, 0x82, 0x82, 0x83, 0x83, 0x87, 0x88, 0xB0, 0xB0, 0xB3, 0xB2,
    0x9B, 0x9B, 0x9E, 0x9E, 0x9F, 0xA2, 0xA2, 0xA4, 0xA3, 0xA8, 0xA7, 0xA9, 0xA9, 0xA9, 0xA9, 0xA9,
    0xA9, 0xA7, 0xA6, 0xA6, 0xA3, 0xA2, 0xA2, 0x9F, 0x9F, 0xB2, 0x88, 0x83, 0x7E, 0x7A, 0x77, 0x62,
    0x5E, 0x5A, 0x57, 0x56, 0x57, 0x5E, 0x77, 0x7C, 0x7E, 0x7A, 0x85, 0x5C, 0xB0, 0x82, 0x78, 0x5B,
    0x56, 0x49, 0x71, 0xD6, 0xE0, 0xE2, 0xE1, 0xD3, 0xB4, 0xEB, 0xEC, 0xF2, 0xF0, 0xF7, 0xFA, 0xFD,
    0xFF, 0xFF, 0xFF, 0xFF, 0xFD, 0xF8, 0xF5, 0xF2, 0xEC, 0xEA, 0xCF, 0xDD, 0xE1, 0xDD, 0x75, 0x45,
    0x56, 0x57, 0x5B, 0x5B, 0x59, 0x7C, 0xB0, 0xBE, 0xCA, 0xD2, 0xC9, 0xA9, 0x99, 0x83, 0x7A, 0x61,
    0x1D, 0x1D, 0x1D, 0x1D, 0x1D, 0x1D, 0x21, 0x22, 0x44, 0x45, 0x46, 0x48, 0x4A, 0x4B, 0x4B, 0x58,
    0x5C, 0x5C, 0x5D, 0x61, 0x61, 0x77, 0x7C, 0x7E, 0x7E, 0x7E, 0x82, 0x82, 0x83, 0x83, 0x87, 0x88,
    0xB0, 0xB0, 0x99, 0x99, 0x9B, 0x9B, 0x9B, 0xB5, 0x9E, 0x9F, 0xA2, 0xA2, 0xA3, 0xA8, 0xA8, 0xA7,
    0xA9, 0xA9, 0xA9, 0xA9, 0xA9, 0xA7, 0xA6, 0xA6, 0xA3, 0xA2, 0x9F, 0x9F, 0x9E, 0xB2, 0x88, 0x83,
    0x7E, 0x7A, 0x77, 0x5F, 0x5E, 0x5A, 0x57, 0x56, 0x57, 0x5E, 0x77, 0x7A, 0x7C, 0x7D, 0xAE, 0x51,
    0x63, 0x7C, 0x78, 0x5B, 0x56, 0x49, 0x84, 0xD6, 0xE0, 0xE1, 0xE1, 0xE2, 0x84, 0xDD, 0xEC, 0xED,
    0xF4, 0xF7, 0xFB, 0xFF, 0xFF, 0xFF, 0xFF, 0xFD, 0xFF, 0xF8, 0xF5, 0xF2, 0xEC, 0xE9, 0xD2, 0xD7,
    0xDD, 0xDC, 0x84, 0x49, 0x49, 0x56, 0x5E, 0x5E, 0x59, 0x7A, 0xB0, 0xBC, 0xCA, 0xD2, 0xCE, 0xA7,
    0x99, 0x83, 0x7A, 0x61, 0x1D, 0x1D, 0x1D, 0x1D, 0x1D, 0x1D, 0x21, 0x22, 0x44, 0x45, 0x46, 0x48,
    0x4A, 0x4B, 0x4B, 0x58, 0x5C, 0x5C, 0x5D, 0x61, 0x61, 0x77, 0x7C, 0x7E, 0x7E, 0x7E, 0x82, 0x82,
    0x83, 0x83, 0x87, 0x88, 0x88, 0xB0, 0xB0, 0xB2, 0xB2, 0x9B, 0xB6, 0x9C, 0x9E, 0x9F, 0x9F, 0xA2,
    0xA3, 0xA6, 0xA6, 0xA7, 0xA7, 0xA7, 0xA9, 0xA9, 0xA7, 0xA7, 0xBA, 0xA3, 0xA4, 0x9F, 0x9E, 0xB5,
    0x9B, 0x99, 0x88, 0x83, 0x7E, 0x7A, 0x77, 0x5F, 0x5E, 0x5A, 0x57, 0x56, 0x5A, 0x5E, 0x77, 0x7A,
    0x7A, 0x80, 0xD3, 0x60, 0x4B, 0x78, 0x78, 0x5B, 0x56, 0x49, 0x97, 0xD5, 0xE0, 0xE1, 0xE1, 0xE2,
    0xD1, 0xB4, 0xEB, 0xED, 0xF3, 0xF5, 0xF8, 0xFA, 0xFF, 0xFD, 0xFF, 0xFD, 0xFF, 0xF8, 0xF5, 0xF2,
    0xEB, 0xE9, 0xE0, 0xD0, 0xE1, 0xD5, 0x76, 0x5D, 0x45, 0x49, 0x5B, 0x5B, 0x55, 0x7A, 0x88, 0xA8,
    0xCF, 0xD1, 0xAE, 0xA8, 0x99, 0x83, 0x7A, 0x61, 0x1D, 0x1D, 0x1D, 0x1D, 0x1D, 0x1D, 0x21, 0x23,
    0x44, 0x45, 0x46, 0x48, 0x4A, 0x4B, 0x4B, 0x58, 0x5C, 0x5C, 0x5D, 0x61, 0x61, 0x77, 0x7C, 0x7E,
    0x7E, 0x7E, 0x82, 0x82, 0x83, 0x83, 0x87, 0x88, 0x88, 0xB0, 0xB0, 0x99, 0xB2, 0xB2, 0x9B, 0x9B,
    0x9E, 0x9E, 0x9F, 0x9F, 0xA2, 0xA3, 0xA6, 0xA6, 0xA7, 0xA8, 0xA9, 0xA7, 0xA7, 0xA8, 0xA6, 0xA3,
    0xA2, 0x9F, 0x9E, 0x9C, 0x9B, 0xB0, 0x87, 0x83, 0x7E, 0x7A, 0x77, 0x5F, 0x5B, 0x5A, 0x57, 0x56,
    0x5A, 0x5E, 0x63, 0x7A, 0x7C, 0x7F, 0xD1, 0x7D, 0x45, 0x5E, 0x63, 0x5A, 0x55, 0x51, 0xD5, 0xD6,
    0xDC, 0xDD, 0xE2, 0xE2, 0xDE, 0x84, 0xE7, 0xEC, 0xF2, 0xF5, 0xF8, 0xFB, 0xFF, 0xFF, 0xFF, 0xFF,
    0xFF, 0xF8, 0xF5, 0xF2, 0xEC, 0xE9, 0xE2, 0xCD, 0xDD, 0xD1, 0x61, 0x76, 0x55, 0x44, 0x54, 0x5A,
    0x59, 0x78, 0x87, 0xA4, 0xCF, 0xCA, 0xC0, 0xBA, 0x99, 0x83, 0x7A, 0x61, 0x1D, 0x1D, 0x1D, 0x1D,
    0x1D, 0x1D, 0x21, 0x23, 0x44, 0x45, 0x46, 0x48, 0x4A, 0x4B, 0x4B, 0x58, 0x5C, 0x5C, 0x5D, 0x61,
    0x61, 0x77, 0x7A, 0x7E, 0x7E, 0x82, 0x82, 0x82, 0x81, 0x83, 0x85, 0x85, 0x85, 0x85, 0x92, 0xAF,
    0x92, 0x98, 0x99, 0x9A, 0x9A, 0x9C, 0x9F, 0x9F, 0xA2, 0xA3, 0xA3, 0xA6, 0xA6, 0xA7, 0xA7, 0xA8,
    0xA8, 0xA8, 0xA4, 0xA4, 0xB8, 0x9E, 0x9E, 0xB5, 0xB2, 0x88, 0x87, 0x83, 0x7E, 0x7A, 0x77, 0x5F,
    0x5E, 0x5A, 0x57, 0x56, 0x5A, 0x5E, 0x63, 0x7A, 0x7C, 0x7B, 0xCF, 0xB2, 0x58, 0x49, 0x5E, 0x5A,
    0x54, 0x53, 0xDC, 0xE0, 0xD6, 0xDD, 0xE2, 0xE2, 0xDE, 0x84, 0xDE, 0xEB, 0xF2, 0xF5, 0xF7, 0xFB,
    0xFF, 0xFD, 0xFF, 0xFF, 0xFB, 0xF8, 0xF5, 0xF2, 0xEC, 0xE9, 0xE2, 0xCD, 0xD7, 0xCD, 0x5D, 0x76,
    0x56, 0x55, 0x44, 0x55, 0x59, 0x78, 0x83, 0xA0, 0xCE, 0xCA, 0xC0, 0xBA, 0xB3, 0x83, 0x7A, 0x61,
    0x1D, 0x1D, 0x1D, 0x1D, 0x1D, 0x1D, 0x21, 0x23, 0x44, 0x45, 0x46, 0x48, 0x4A, 0x4B, 0x4B, 0x58,
    0x5C, 0x5C, 0x5D, 0x61, 0x63, 0x77, 0x7B, 0x7D, 0x7D, 0x7D, 0x7D, 0x7D, 0x75, 0x75, 0x75, 0x75,
    0x75, 0x75, 0x75, 0x75, 0x75, 0x75, 0x75, 0x92, 0x92, 0x92, 0x92, 0x92, 0x93, 0x93, 0xA1, 0xA3,
    0xA6, 0xBA, 0xA8, 0xA8, 0xBA, 0xA3, 0xA2, 0xA2, 0x9F, 0xB5, 0xB2, 0x82, 0x78, 0x87, 0x87, 0x83,
    0x7E, 0x7A, 0x77, 0x62, 0x5E, 0x5A, 0x57, 0x56, 0x5A, 0x5E, 0x63, 0x7A, 0x7E, 0x76, 0xCE, 0xA9,
    0x77, 0x45, 0x55, 0x57, 0x54, 0x60, 0xD7, 0xE0, 0xD6, 0xDC, 0xE2, 0xDF, 0xE2, 0x84, 0xD6, 0xEB,
    0xED, 0xF4, 0xF7, 0xFA, 0xFF, 0xFF, 0xFF, 0xFF, 0xFB, 0xF8, 0xF5, 0xF2, 0xEC, 0xEA, 0xE2, 0xCF,
    0xCF, 0xCD, 0x60, 0x76, 0x56, 0x57, 0x49, 0x45, 0x55, 0x5F, 0x82, 0xB6, 0xC0, 0xCF, 0xAD, 0xBA,
    0xB2, 0x83, 0x7A, 0x61, 0x1D, 0x1D, 0x1D, 0x1D, 0x1D, 0x1D, 0x21, 0x23, 0x44, 0x45, 0x48, 0x48,
    0x4A, 0x4B, 0x4B, 0x58, 0x5C, 0x5C, 0x60, 0x60, 0x61, 0x71, 0x71, 0x71, 0x74, 0x74, 0x74, 0x74,
    0x74, 0x74, 0x74, 0x74, 0x74, 0x74, 0x74, 0x74, 0x74, 0x74, 0x74, 0x75, 0x75, 0x75, 0x75, 0x75,
    0x75, 0x75, 0x92, 0x92, 0x93, 0x93, 0x93, 0xA3, 0xA3, 0xA3, 0xA2, 0x9F, 0x88, 0x7C, 0x78, 0x78,
    0x7A, 0xB0, 0x87, 0x83, 0x7E, 0x7A, 0x77, 0x62, 0x5E, 0x5A, 0x57, 0x56, 0x5A, 0x5E, 0x63, 0x7C,
    0x81, 0x61, 0xAC, 0xBC, 0x82, 0x54, 0x44, 0x56, 0x54, 0x76, 0xD6, 0xD7, 0xDC, 0xD5, 0xDE, 0xE3,
    0xE3, 0x84, 0xD1, 0xEB, 0xED, 0xF3, 0xF7, 0xFA, 0xFD, 0xFF, 0xFD, 0xFD, 0xFA, 0xF7, 0xF5, 0xF2,
    0xEC, 0xEA, 0xE2, 0xD7, 0xB7, 0xCD, 0x60, 0x76, 0x56, 0x57, 0x56, 0x22, 0x54, 0x5B, 0x7C, 0xB3,
    0xBE, 0xCE, 0xBE, 0xA4, 0xB3, 0x82, 0x7A, 0x61, 0x1D, 0x1D, 0x1D, 0x1D, 0x1D, 0x1D, 0x21, 0x23,
    0x44, 0x45, 0x48, 0x48, 0x4A, 0x4B, 0x4B, 0x58, 0x58, 0x5C, 0x5C, 0x60, 0x60, 0x60, 0x70, 0x70,
    0x70, 0x70, 0x70, 0x70, 0x70, 0x70, 0x70, 0x70, 0x70, 0x70, 0x72, 0x70, 0x73, 0x70, 0x70, 0x70,
    0x90, 0x90, 0x90, 0x90, 0x90, 0x75, 0x75, 0x75, 0x75, 0x75, 0x92, 0x92, 0x92, 0x92, 0x81, 0x7A,
    0x7A, 0x78, 0x78, 0x78, 0x87, 0xB0, 0x87, 0x83, 0x7E, 0x7A, 0x77, 0x62, 0x5E, 0x5A, 0x57, 0x56,
    0x57, 0x5E, 0x78, 0x7C, 0x81, 0x5D, 0xA6, 0xBC, 0x87, 0x5E, 0x23, 0x49, 0x54, 0x76, 0xD3, 0xD5,
    0xD7, 0xD4, 0xDE, 0xE9, 0xE3, 0x84, 0xD1, 0xEA, 0xEC, 0xF3, 0xF7, 0xFA, 0xFD, 0xFF, 0xFF, 0xFA,
    0xFB, 0xF7, 0xF5, 0xF3, 0xED, 0xEA, 0xE2, 0xDD, 0xB1, 0xD2, 0x75, 0x59, 0x56, 0x57, 0x57, 0x48,
    0x45, 0x5A, 0x7A, 0xB0, 0xAB, 0xAE, 0xAB, 0xB8, 0xB0, 0x82, 0x7A, 0x61, 0x1D, 0x1D, 0x1D, 0x1D,
    0x1E, 0x1E, 0x21, 0x23, 0x44, 0x45, 0x48, 0x48, 0x4A, 0x4A, 0x4B, 0x51, 0x51, 0x51, 0x5C, 0x5C,
    0x5C, 0x5C, 0x70, 0x70, 0x70, 0x6F, 0x6F, 0x6F, 0x6F, 0x6F, 0x6F, 0x6F, 0x6F, 0x6F, 0x6F, 0x6F,
    0x6F, 0x6F, 0x72, 0x72, 0x72, 0x72, 0x72, 0x72, 0x73, 0x73, 0x90, 0x90, 0x90, 0x90, 0x75, 0x74,
    0x70, 0x70, 0x71, 0x71, 0x71, 0x78, 0x78, 0x7A, 0xB3, 0xB0, 0x87, 0x82, 0x7E, 0x7A, 0x77, 0x62,
    0x5E, 0x5A, 0x57, 0x56, 0x5A, 0x5E, 0x78, 0x7E, 0x87, 0x76, 0xAF, 0xBC, 0x87, 0x62, 0x54, 0x1D,
    0x55, 0x61, 0xCF, 0xD2, 0xD5, 0xD7, 0xD5, 0xE3, 0xE3, 0x84, 0xD6, 0xE9, 0xEC, 0xF3, 0xF5, 0xFA,
    0xFF, 0xFF, 0xFF, 0xFB, 0xF8, 0xF7, 0xF5, 0xF3, 0xED, 0xEA, 0xDE, 0xD7, 0xAF, 0xD7, 0xD0, 0x54,
    0x56, 0x57, 0x57, 0x54, 0x1D, 0x59, 0x78, 0x87, 0xBC, 0xC0, 0xBC, 0x9F, 0xB0, 0x82, 0x7A, 0x5F,
    0x1D, 0x1D, 0x1E, 0x1D, 0x1E, 0x21, 0x21, 0x23, 0x44, 0x45, 0x46, 0x48, 0x48, 0x4A, 0x4A, 0x4B,
    0x51, 0x51, 0x51, 0x53, 0x53, 0x53, 0x53, 0x53, 0x6E, 0x6E, 0x6E, 0x6E, 0x6E, 0x6E, 0x6E, 0x6E,
    0x6E, 0x6E, 0x6E, 0x6E, 0x6E, 0x6E, 0x6E, 0x6E, 0x6E, 0x6F, 0x6F, 0x6F, 0x72, 0x72, 0x72, 0x72,
    0x72, 0x6F, 0x6F, 0x70, 0x70, 0x70, 0x70, 0x70, 0x70, 0x71, 0x71, 0x7D, 0xB0, 0x88, 0x87, 0x82,
    0x7E, 0x7A, 0x77, 0x62, 0x5E, 0x5A, 0x57, 0x56, 0x5A, 0x5E, 0x78, 0x7E, 0x87, 0x7D, 0x71, 0xBA,
    0x83, 0x62, 0x56, 0x21, 0x54, 0x61, 0xBD, 0xCF, 0xD3, 0xD7, 0xD4, 0xE2, 0xDE, 0x76, 0xE1, 0xE9,
    0xEC, 0xF2, 0xF5, 0xFA, 0xFD, 0xFF, 0xFF, 0xFA, 0xF8, 0xF5, 0xF5, 0xF3, 0xED, 0xE7, 0xE2, 0xD7,
    0xAF, 0xE1, 0xDC, 0x5C, 0x56, 0x57, 0x5A, 0x55, 0x1D, 0x54, 0x78, 0x83, 0xBA, 0xC0, 0xBC, 0x9F,
    0x88, 0x7E, 0x7A, 0x5F, 0x1D, 0x1D, 0x1E, 0x1E, 0x1E, 0x21, 0x21, 0x23, 0x44, 0x45, 0x46, 0x46,
    0x48, 0x4A, 0x4A, 0x4A, 0x4A, 0x50, 0x53, 0x53, 0x53, 0x53, 0x53, 0x53, 0x53, 0x52, 0x52, 0x52,
    0x52, 0x52, 0x52, 0x52, 0x52, 0x69, 0x69, 0x69, 0x69, 0x69, 0x69, 0x69, 0x69, 0x69, 0x69, 0x69,
    0x6E, 0x6E, 0x6E, 0x53, 0x53, 0x53, 0x53, 0x53, 0x53, 0x53, 0x70, 0x70, 0x70, 0x70, 0x70, 0x75,
    0x92, 0x85, 0x83, 0x82, 0x7E, 0x7A, 0x77, 0x62, 0x5E, 0x5A, 0x57, 0x56, 0x5A, 0x5E, 0x78, 0x7E,
    0x87, 0x81, 0x5D, 0xB2, 0x83, 0x63, 0x59, 0x48, 0x48, 0x5D, 0xA5, 0xCD, 0xD2, 0xD7, 0xD2, 0xE0,
    0xD5, 0x76, 0xDF, 0xE9, 0xEC, 0xF3, 0xF5, 0xFA, 0xFF, 0xFD, 0xFB, 0xFB, 0xF7, 0xF5, 0xF4, 0xF2,
    0xED, 0xEA, 0xE2, 0xD7, 0xAF, 0xDE, 0xDC, 0x61, 0x54, 0x57, 0x5A, 0x57, 0x44, 0x4B, 0x5F, 0x82,
    0xA4, 0xAD, 0xBC, 0x9E, 0x88, 0x7E, 0x7A, 0x5F, 0x1E, 0x1D, 0x1E, 0x1E, 0x1E, 0x21, 0x21, 0x22,
    0x23, 0x44, 0x46, 0x46, 0x46, 0x48, 0x50, 0x50, 0x50, 0x50, 0x50, 0x50, 0x50, 0x50, 0x52, 0x52,
    0x52, 0x52, 0x52, 0x52, 0x52, 0x4F, 0x4F, 0x4F, 0x4F, 0x4F, 0x4F, 0x4F, 0x4F, 0x4F, 0x4F, 0x67,
    0x67, 0x67, 0x52, 0x52, 0x52, 0x52, 0x52, 0x52, 0x52, 0x52, 0x53, 0x53, 0x53, 0x53, 0x53, 0x53,
    0x53, 0x60, 0x70, 0x74, 0x75, 0x75, 0x75, 0x7D, 0x7C, 0x7A, 0x77, 0x62, 0x5E, 0x5A, 0x57, 0x56,
    0x5A, 0x5E, 0x78, 0x7C, 0x87, 0x85, 0x5D, 0x86, 0x81, 0x78, 0x59, 0x54, 0x23, 0x5D, 0xB4, 0xBF,
    0xD2, 0xD6, 0xD5, 0xD3, 0x92, 0x84, 0xE3, 0xE9, 0xEC, 0xF2, 0xF5, 0xF8, 0xFF, 0xFD, 0xFB, 0xFB,
    0xF7, 0xF5, 0xF4, 0xF2, 0xEC, 0xE7, 0xE2, 0xDC, 0xAF, 0xE1, 0xD6, 0x61, 0x54, 0x57, 0x5B, 0x57,
    0x44, 0x49, 0x5F, 0x82, 0xB8, 0xBE, 0xA9, 0xB5, 0x87, 0x7E, 0x7A, 0x5F, 0x1E, 0x1E, 0x1E, 0x1E,
    0x1E, 0x21, 0x21, 0x24, 0x23, 0x44, 0x46, 0x46, 0x46, 0x47, 0x47, 0x47, 0x50, 0x50, 0x50, 0x50,
    0x50, 0x50, 0x4F, 0x4F, 0x4F, 0x4E, 0x4E, 0x4E, 0x4E, 0x4E, 0x4E, 0x4E, 0x4D, 0x4D, 0x4D, 0x4E,
    0x4E, 0x4E, 0x4E, 0x4E, 0x4D, 0x4D, 0x4D, 0x4D, 0x4D, 0x4D, 0x4D, 0x4F, 0x52, 0x52, 0x52, 0x52,
    0x52, 0x52, 0x53, 0x53, 0x53, 0x53, 0x72, 0x70, 0x74, 0x74, 0x74, 0x74, 0x71, 0x77, 0x63, 0x5F,
    0x5E, 0x5A, 0x57, 0x56, 0x5A, 0x5E, 0x78, 0x7C, 0x87, 0x99, 0x76, 0x7F, 0x83, 0x77, 0x59, 0x55,
    0x21, 0x54, 0x84, 0xBD, 0xD1, 0xD6, 0xD6, 0xBD, 0x5D, 0xCD, 0xE2, 0xE9, 0xEC, 0xF3, 0xF5, 0xF8,
    0xFD, 0xFB, 0xFB, 0xF8, 0xF5, 0xF5, 0xF3, 0xED, 0xEC, 0xE7, 0xE3, 0xDE, 0xB1, 0xE1, 0xD6, 0x61,
    0x54, 0x54, 0x5B, 0x56, 0x22, 0x49, 0x62, 0x82, 0xB8, 0xAC, 0xA7, 0x9B, 0x87, 0x7E, 0x7A, 0x5F,
    0x1E, 0x1E, 0x1E, 0x1E, 0x1E, 0x1E, 0x21, 0x24, 0x24, 0x44, 0x44, 0x47, 0x47, 0x47, 0x47, 0x47,
    0x4C, 0x4C, 0x4C, 0x4C, 0x4C, 0x4D, 0x4D, 0x4D, 0x4D, 0x4D, 0x4D, 0x41, 0x41, 0x41, 0x41, 0x41,
    0x41, 0x41, 0x41, 0x41, 0x41, 0x41, 0x3F, 0x3F, 0x3F, 0x3F, 0x3F, 0x41, 0x4C, 0x4C, 0x4D, 0x4D,
    0x4D, 0x4D, 0x4D, 0x52, 0x52, 0x52, 0x52, 0x52, 0x53, 0x53, 0x6F, 0x72, 0x72, 0x70, 0x70, 0x70,
    0x74, 0x71, 0x61, 0x5F, 0x5E, 0x5A, 0x57, 0x57, 0x5A, 0x5E, 0x78, 0x7C, 0x87, 0xB2, 0x80, 0x76,
    0x85, 0x5D, 0x5B, 0x55, 0x21, 0x49, 0x84, 0xA5, 0xD0, 0xD5, 0xD7, 0x84, 0x5C, 0xD6, 0xE1, 0xE9,
    0xEC, 0xF3, 0xF5, 0xF8, 0xFF, 0xFB, 0xFA, 0xF7, 0xF5, 0xF4, 0xF3, 0xED, 0xEC, 0xE7, 0xE2, 0xDF,
    0xB1, 0xE1, 0xD7, 0x76, 0x56, 0x54, 0x57, 0x54, 0x21, 0x54, 0x78, 0x83, 0xA4, 0xAC, 0xA6, 0x9B,
    0x87, 0x7E, 0x7A, 0x61, 0x1E, 0x1E, 0x1E, 0x1E, 0x1E, 0x1E, 0x21, 0x24, 0x24, 0x24, 0x44, 0x44,
    0x47, 0x47, 0x47, 0x4C, 0x4C, 0x4C, 0x4C, 0x4C, 0x4C, 0x41, 0x41, 0x41, 0x3F, 0x3F, 0x3F, 0x3F,
    0x3E, 0x3E, 0x3E, 0x3E, 0x3E, 0x3E, 0x3E, 0x3E, 0x3E, 0x3E, 0x3E, 0x3E, 0x3B, 0x3B, 0x3B, 0x3F,
    0x3F, 0x3F, 0x3F, 0x41, 0x4C, 0x4D, 0x4D, 0x4D, 0x4D, 0x4D, 0x50, 0x50, 0x50, 0x52, 0x6E, 0x6E,
    0x6F, 0x6F, 0x72, 0x70, 0x70, 0x70, 0x60, 0x5D, 0x5D, 0x5A, 0x57, 0x57, 0x5A, 0x5E, 0x78, 0x7E,
    0x87, 0xB2, 0xAF, 0x5D, 0x7B, 0x59, 0x5B, 0x56, 0x22, 0x49, 0x80, 0xA5, 0xCD, 0xD3, 0xD4, 0x60,
    0x74, 0xDC, 0xDE, 0xE9, 0xEC, 0xF3, 0xF5, 0xF6, 0xFD, 0xFB, 0xFB, 0xF7, 0xF5, 0xF3, 0xF2, 0xED,
    0xE7, 0xE9, 0xDE, 0xD7, 0xAF, 0xD7, 0xD6, 0x76, 0x57, 0x5A, 0x54, 0x49, 0x22, 0x54, 0x78, 0x87,
    0xA6, 0xBE, 0xA6, 0x9B, 0x87, 0x7E, 0x77, 0x5D, 0x1E, 0x1E, 0x1E, 0x1E, 0x1E, 0x1E, 0x21, 0x24,
    0x24, 0x24, 0x2E, 0x2E, 0x2E, 0x3F, 0x3F, 0x3F, 0x3F, 0x3F, 0x3F, 0x3F, 0x3F, 0x3B, 0x3E, 0x3E,
    0x3E, 0x3E, 0x3A, 0x3A, 0x3A, 0x3A, 0x3A, 0x3C, 0x3C, 0x3C, 0x39, 0x39, 0x38, 0x3C, 0x3A, 0x3A,
    0x3A, 0x3A, 0x3A, 0x3A, 0x3E, 0x3E, 0x3E, 0x3B, 0x3F, 0x3F, 0x3F, 0x41, 0x4C, 0x4D, 0x4D, 0x4D,
    0x4D, 0x52, 0x69, 0x69, 0x6E, 0x6E, 0x6F, 0x6F, 0x6F, 0x60, 0x60, 0x5C, 0x5D, 0x59, 0x57, 0x57,
    0x5A, 0x5E, 0x78, 0x7E, 0x87, 0x99, 0x85, 0x59, 0x5B, 0x5E, 0x5B, 0x56, 0x44, 0x4B, 0x84, 0xA5,
    0xBF, 0xCD, 0xB4, 0x54, 0xCD, 0xDC, 0xE2, 0xE9, 0xEC, 0xF3, 0xF5, 0xF7, 0xFB, 0xFA, 0xF8, 0xF7,
    0xF5, 0xF2, 0xED, 0xEC, 0xEA, 0xDF, 0xE1, 0xBD, 0xB7, 0xD4, 0xD3, 0x76, 0x57, 0x5A, 0x54, 0x21,
    0x48, 0x58, 0x78, 0x87, 0xA6, 0xAC, 0xA6, 0x9C, 0x85, 0x7D, 0x71, 0x5C, 0x1E, 0x1E, 0x1E, 0x1E,
    0x1E, 0x1E, 0x1E, 0x25, 0x25, 0x25, 0x25, 0x2E, 0x2E, 0x2E, 0x2E, 0x3B, 0x3B, 0x3B, 0x3E, 0x3E,
    0x3E, 0x3A, 0x3A, 0x3A, 0x39, 0x39, 0x34, 0x32, 0x32, 0x32, 0x32, 0x32, 0x32, 0x32, 0x32, 0x32,
    0x32, 0x32, 0x32, 0x32, 0x32, 0x32, 0x36, 0x37, 0x38, 0x3A, 0x3A, 0x3A, 0x3E, 0x3E, 0x3E, 0x3F,
    0x3F, 0x3F, 0x41, 0x4C, 0x4D, 0x4F, 0x67, 0x52, 0x69, 0x69, 0x6E, 0x6E, 0x53, 0x53, 0x5C, 0x5C,
    0x5C, 0x59, 0x55, 0x56, 0x5A, 0x5E, 0x78, 0x7C, 0x83, 0x98, 0x81, 0x59, 0x5B, 0x62, 0x5B, 0x55,
    0x21, 0x4B, 0x84, 0xA5, 0xBB, 0xA5, 0x5C, 0x60, 0xD1, 0xE0, 0xE2, 0xEA, 0xED, 0xF3, 0xF5, 0xF7,
    0xFF, 0xF8, 0xF7, 0xF5, 0xF4, 0xED, 0xEC, 0xEB, 0xE9, 0xE2, 0xDD, 0xAF, 0xCF, 0xD3, 0xD0, 0x61,
    0x57, 0x57, 0x54, 0x1D, 0x55, 0x55, 0x78, 0x87, 0xA6, 0xAC, 0xA6, 0x92, 0x75, 0x74, 0x70, 0x5C,
    0x1E, 0x1E, 0x1E, 0x1E, 0x1E, 0x1E, 0x2D, 0x2D, 0x25, 0x25, 0x25, 0x25, 0x25, 0x2E, 0x2E, 0x3E,
    0x3A, 0x3A, 0x3A, 0x38, 0x38, 0x34, 0x32, 0x32, 0x32, 0x32, 0x30, 0x30, 0x30, 0x30, 0x30, 0x2C,
    0x2C, 0x2C, 0x2C, 0x2C, 0x2C, 0x30, 0x30, 0x30, 0x30, 0x30, 0x32, 0x32, 0x32, 0x32, 0x32, 0x36,
    0x39, 0x3C, 0x3A, 0x3A, 0x3E, 0x3E, 0x3F, 0x3F, 0x41, 0x4E, 0x4E, 0x4F, 0x67, 0x52, 0x52, 0x52,
    0x53, 0x53, 0x53, 0x51, 0x58, 0x58, 0x58, 0x55, 0x59, 0x5E, 0x78, 0x7C, 0x83, 0x86, 0x81, 0x5D,
    0x63, 0x78, 0x5B, 0x54, 0x1D, 0x4B, 0x84, 0xA5, 0xA5, 0x84, 0x48, 0x84, 0xBF, 0xDC, 0xE3, 0xE7,
    0xED, 0xF3, 0xF5, 0xF7, 0xFA, 0xF8, 0xF7, 0xF5, 0xF3, 0xED, 0xEC, 0xEA, 0xE3, 0xE1, 0xDC, 0x7F,
    0xD4, 0xD3, 0xD2, 0x61, 0x56, 0x56, 0x48, 0x22, 0x57, 0x59, 0x7A, 0x88, 0xA6, 0xAC, 0x93, 0x92,
    0x74, 0x70, 0x60, 0x51, 0x1E, 0x1E, 0x1E, 0x1E, 0x20, 0x20, 0x2D, 0x2D, 0x3A, 0x3A, 0x3A, 0x3A,
    0x3A, 0x3A, 0x3A, 0x3A, 0x38, 0x37, 0x32, 0x32, 0x32, 0x30, 0x30, 0x2C, 0x2C, 0x2C, 0x2A, 0x2A,
    0x2A, 0x2A, 0x2A, 0x2A, 0x2A, 0x2A, 0x2A, 0x2A, 0x2A, 0x2A, 0x2A, 0x2A, 0x2A, 0x2A, 0x2C, 0x2C,
    0x2C, 0x30, 0x30, 0x32, 0x32, 0x32, 0x36, 0x37, 0x3C, 0x3A, 0x3A, 0x3E, 0x3F, 0x41, 0x41, 0x4E,
    0x4E, 0x4F, 0x4F, 0x52, 0x52, 0x52, 0x53, 0x51, 0x51, 0x4B, 0x58, 0x54, 0x59, 0x5D, 0x63, 0x7C,
    0x81, 0x86, 0x7B, 0x71, 0x7B, 0x78, 0x5B, 0x48, 0x1D, 0x51, 0x84, 0xA5, 0xA5, 0x60, 0x51, 0xBF,
    0xBB, 0xDC, 0xDF, 0xEB, 0xED, 0xF3, 0xF5, 0xF5, 0xFA, 0xF8, 0xF7, 0xF5, 0xF2, 0xEC, 0xEB, 0xE9,
    0xE2, 0xDD, 0xD5, 0x7F, 0xD5, 0xD4, 0xD3, 0x61, 0x56, 0x54, 0x21, 0x54, 0x58, 0x59, 0x7C, 0x88,
    0xA6, 0x93, 0x92, 0x75, 0x70, 0x70, 0x53, 0x51, 0x1E, 0x1E, 0x20, 0x20, 0x20, 0x20, 0x2D, 0x2D,
    0x2D, 0x3A, 0x3A, 0x2D, 0x2D, 0x38, 0x37, 0x32, 0x32, 0x32, 0x30, 0x2C, 0x2C, 0x2A, 0x2A, 0x2A,
    0x2A, 0x2A, 0x28, 0x28, 0x28, 0x28, 0x26, 0x26, 0x26, 0x26, 0x26, 0x26, 0x26, 0x26, 0x28, 0x28,
    0x28, 0x28, 0x2A, 0x2A, 0x2A, 0x2A, 0x2A, 0x2C, 0x2C, 0x30, 0x32, 0x32, 0x32, 0x36, 0x39, 0x3A,
    0x3E, 0x3E, 0x3F, 0x41, 0x41, 0x4D, 0x4E, 0x4F, 0x4F, 0x52, 0x50, 0x50, 0x4A, 0x4B, 0x4B, 0x54,
    0x58, 0x5D, 0x61, 0x79, 0x82, 0x88, 0x5D, 0x98, 0x7D, 0x62, 0x5A, 0x44, 0x44, 0x58, 0x84, 0xB4,
    0x84, 0x48, 0x84, 0xD4, 0xCD, 0xDD, 0xDF, 0xEB, 0xED, 0xF2, 0xF5, 0xF5, 0xFA, 0xF7, 0xF5, 0xF4,
    0xF2, 0xED, 0xEA, 0xE9, 0xE2, 0xDC, 0xB4, 0xB9, 0xD3, 0xD3, 0xD4, 0x76, 0x55, 0x44, 0x44, 0x55,
    0x4B, 0x59, 0x7E, 0x98, 0x93, 0x96, 0x75, 0x90, 0x70, 0x6F, 0x53, 0x50, 0x1E, 0x20, 0x20, 0x20,
    0x20, 0x20, 0x20, 0x2D, 0x2D, 0x2D, 0x38, 0x38, 0x34, 0x32, 0x32, 0x30, 0x2C, 0x2C, 0x2A, 0x2A,
    0x2A, 0x28, 0x28, 0x28, 0x26, 0x26, 0x1F, 0x1F, 0x1F, 0x1F, 0x1F, 0x1F, 0x1F, 0x1F, 0x1F, 0x1F,
    0x1F, 0x1F, 0x1F, 0x1F, 0x1F, 0x1F, 0x26, 0x26, 0x28, 0x28, 0x28, 0x2A, 0x2A, 0x2A, 0x2C, 0x2C,
    0x30, 0x32, 0x32, 0x32, 0x37, 0x3C, 0x3A, 0x3E, 0x3F, 0x41, 0x41, 0x4D, 0x4D, 0x4D, 0x50, 0x50,
    0x50, 0x4A, 0x49, 0x4B, 0x58, 0x5C, 0x60, 0x71, 0x7B, 0x81, 0x5D, 0xB2, 0x7A, 0x5B, 0x59, 0x22,
    0x49, 0x5C, 0xB4, 0x84, 0x5C, 0x4A, 0xBF, 0xD5, 0xD0, 0xDE, 0xE3, 0xEB, 0xED, 0xF2, 0xF4, 0xF5,
    0xF8, 0xF7, 0xF5, 0xF4, 0xF2, 0xEC, 0xE7, 0xE3, 0xE1, 0xD7, 0x7B, 0xD2, 0xD2, 0xD0, 0xCF, 0x61,
    0x54, 0x21, 0x54, 0x56, 0x49, 0x58, 0x7C, 0x92, 0x75, 0x91, 0x90, 0x73, 0x6F, 0x53, 0x53, 0x50,
    0x20, 0x20, 0x20, 0x20, 0x20, 0x20, 0x20, 0x38, 0x38, 0x37, 0x34, 0x32, 0x32, 0x30, 0x2C, 0x2A,
    0x2A, 0x2A, 0x28, 0x28, 0x26, 0x26, 0x1F, 0x1F, 0x1F, 0x1F, 0x1B, 0x1B, 0x1B, 0x1B, 0x1B, 0x1B,
    0x1B, 0x1B, 0x1B, 0x1B, 0x1B, 0x1B, 0x1B, 0x1B, 0x1B, 0x1B, 0x1F, 0x1F, 0x1F, 0x1F, 0x26, 0x26,
    0x28, 0x28, 0x2A, 0x2A, 0x2A, 0x2C, 0x30, 0x32, 0x32, 0x32, 0x37, 0x3C, 0x3A, 0x3E, 0x3F, 0x41,
    0x41, 0x4D, 0x4D, 0x4C, 0x50, 0x4A, 0x4A, 0x49, 0x4B, 0x58, 0x5C, 0x70, 0x74, 0x61, 0x60, 0xB6,
    0x7A, 0x5A, 0x55, 0x21, 0x55, 0x5D, 0xB4, 0x7F, 0x48, 0x60, 0xCD, 0xD4, 0xD7, 0xD3, 0xE9, 0xEB,
    0xED, 0xF2, 0xF4, 0xF4, 0xF7, 0xF5, 0xF5, 0xF3, 0xED, 0xEC, 0xE9, 0xE2, 0xE1, 0xD3, 0x7F, 0xD3,
    0xD0, 0xCE, 0xB9, 0x5D, 0x45, 0x48, 0x5A, 0x56, 0x49, 0x58, 0x71, 0x75, 0x90, 0x90, 0x73, 0x72,
    0x6E, 0x53, 0x50, 0x50, 0x20, 0x20, 0x20, 0x20, 0x20, 0x20, 0x37, 0x37, 0x31, 0x32, 0x32, 0x30,
    0x2C, 0x2A, 0x2A, 0x28, 0x28, 0x26, 0x1F, 0x1F, 0x1F, 0x1F, 0x1B, 0x1B, 0x1B, 0x1B, 0x1B, 0x1B,
    0x1B, 0x1B, 0x1B, 0x1B, 0x1B, 0x1B, 0x1B, 0x1B, 0x1B, 0x1B, 0x1B, 0x1B, 0x1B, 0x1B, 0x1B, 0x1B,
    0x1B, 0x1B, 0x1F, 0x1F, 0x1F, 0x1F, 0x26, 0x28, 0x28, 0x2A, 0x2A, 0x2C, 0x30, 0x32, 0x32, 0x32,
    0x37, 0x3A, 0x3E, 0x3E, 0x3F, 0x41, 0x4C, 0x4C, 0x4C, 0x50, 0x48, 0x4A, 0x4A, 0x51, 0x5C, 0x60,
    0x70, 0x58, 0x74, 0x9A, 0x7A, 0x5B, 0x49, 0x44, 0x56, 0x5D, 0xB4, 0x76, 0x48, 0x84, 0xCD, 0xD3,
    0xD7, 0xCF, 0xE9, 0xEB, 0xEC, 0xF2, 0xF2, 0xF4, 0xF7, 0xF7, 0xF5, 0xF2, 0xED, 0xEB, 0xE9, 0xE2,
    0xDD, 0xAF, 0xBB, 0xD3, 0xCF, 0xBD, 0xAF, 0x4B, 0x21, 0x55, 0x5B, 0x56, 0x49, 0x5C, 0x74, 0x74,
    0x90, 0x73, 0x72, 0x6F, 0x69, 0x52, 0x50, 0x4C, 0x20, 0x20, 0x20, 0x20, 0x37, 0x37, 0x34, 0x32,
    0x32, 0x30, 0x2C, 0x2A, 0x2A, 0x28, 0x26, 0x26, 0x1F, 0x1F, 0x1B, 0x1B, 0x1B, 0x1B, 0x1B, 0x1B,
    0x1B, 0x1B, 0x1B, 0x1B, 0x1B, 0x1B, 0x1B, 0x1B, 0x1B, 0x1B, 0x1B, 0x1B, 0x1B, 0x1B, 0x1B, 0x1B,
    0x1B, 0x1B, 0x1B, 0x1B, 0x1B, 0x1B, 0x1B, 0x1B, 0x1B, 0x1B, 0x1F, 0x1F, 0x26, 0x26, 0x28, 0x2A,
    0x2A, 0x2C, 0x30, 0x32, 0x32, 0x36, 0x39, 0x3A, 0x3E, 0x3B, 0x3F, 0x4C, 0x4C, 0x47, 0x47, 0x48,
    0x4A, 0x4A, 0x51, 0x53, 0x5C, 0x4B, 0x75, 0x92, 0x7B, 0x5A, 0x45, 0x49, 0x56, 0x5D, 0xA5, 0x5C,
    0x49, 0xA5, 0xCF, 0xD4, 0xD7, 0xCF, 0xE2, 0xEB, 0xEC, 0xED, 0xF2, 0xF3, 0xF7, 0xF5, 0xF4, 0xF2,
    0xED, 0xEB, 0xE9, 0xE1, 0xDC, 0x7B, 0xD3, 0xD1, 0xC9, 0xA1, 0x7B, 0x45, 0x48, 0x56, 0x5B, 0x55,
    0x49, 0x5C, 0x70, 0x90, 0x73, 0x72, 0x6F, 0x69, 0x52, 0x52, 0x4D, 0x4C, 0x20, 0x20, 0x20, 0x37,
    0x37, 0x32, 0x32, 0x30, 0x2C, 0x2A, 0x2A, 0x28, 0x26, 0x1F, 0x1F, 0x1F, 0x1B, 0x1B, 0x1B, 0x1B,
    0x1B, 0x1B, 0x1B, 0x1B, 0x1B, 0x1B, 0x19, 0x19, 0x19, 0x19, 0x19, 0x19, 0x19, 0x19, 0x19, 0x19,
    0x19, 0x19, 0x19, 0x19, 0x19, 0x19, 0x1B, 0x1B, 0x1B, 0x1B, 0x1B, 0x1B, 0x1B, 0x1B, 0x1B, 0x1B,
    0x1F, 0x1F, 0x1F, 0x26, 0x28, 0x2A, 0x2A, 0x2C, 0x30, 0x32, 0x32, 0x36, 0x3C, 0x3A, 0x3E, 0x3F,
    0x3F, 0x47, 0x47, 0x46, 0x50, 0x50, 0x51, 0x53, 0x51, 0x4A, 0x90, 0x75, 0x71, 0x59, 0x23, 0x54,
    0x56, 0x5D, 0xB4, 0x49, 0x60, 0xBD, 0xD1, 0xD5, 0xD7, 0xD7, 0xD0, 0xEB, 0xEC, 0xED, 0xED, 0xF3,
    0xF7, 0xF5, 0xF3, 0xED, 0xEC, 0xEB, 0xE3, 0xE0, 0xCD, 0xAF, 0xD0, 0xCF, 0xBD, 0xB1, 0x5D, 0x23,
    0x55, 0x57, 0x5B, 0x49, 0x58, 0x58, 0x70, 0x72, 0x72, 0x6F, 0x69, 0x69, 0x4F, 0x4D, 0x4C, 0x3F,
    0x20, 0x37, 0x37, 0x34, 0x32, 0x30, 0x2C, 0x2A, 0x2A, 0x28, 0x26, 0x1F, 0x1F, 0x1B, 0x1B, 0x1B,
    0x1B, 0x1B, 0x1B, 0x1B, 0x1B, 0x1B, 0x19, 0x19, 0x19, 0x19, 0x19, 0x19, 0x19, 0x19, 0x19, 0x19,
    0x19, 0x19, 0x19, 0x19, 0x19, 0x19, 0x19, 0x19, 0x19, 0x19, 0x19, 0x19, 0x19, 0x19, 0x1B, 0x1B,
    0x1B, 0x1B, 0x1B, 0x1B, 0x1B, 0x1B, 0x1B, 0x1F, 0x1F, 0x26, 0x28, 0x2A, 0x2A, 0x2C, 0x30, 0x32,
    0x36, 0x39, 0x3A, 0x3E, 0x3B, 0x3F, 0x47, 0x47, 0x47, 0x50, 0x50, 0x53, 0x51, 0x50, 0x90, 0x74,
    0x60, 0x59, 0x21, 0x55, 0x57, 0x5D, 0x84, 0x49, 0x7B, 0xBF, 0xD1, 0xD6, 0xDC, 0xE1, 0xCD, 0xEB,
    0xEB, 0xEC, 0xED, 0xF2, 0xF7, 0xF5, 0xF2, 0xED, 0xEC, 0xEA, 0xE2, 0xDC, 0x84, 0xC9, 0xCF, 0xAD,
    0xA5, 0x80, 0x49, 0x48, 0x56, 0x57, 0x59, 0x45, 0x58, 0x51, 0x6F, 0x6F, 0x6F, 0x69, 0x69, 0x4F,
    0x4E, 0x4D, 0x3F, 0x3B, 0x38, 0x37, 0x31, 0x32, 0x30, 0x2C, 0x2A, 0x2A, 0x26, 0x1F, 0x1F, 0x1B,
    0x1B, 0x1B, 0x1B, 0x1B, 0x1B, 0x1B, 0x1B, 0x19, 0x19, 0x19, 0x19, 0x19, 0x19, 0x19, 0x19, 0x19,
    0x19, 0x19, 0x19, 0x19, 0x19, 0x19, 0x19, 0x19, 0x19, 0x19, 0x19, 0x19, 0x19, 0x19, 0x19, 0x19,
    0x19, 0x19, 0x19, 0x19, 0x19, 0x1B, 0x1B, 0x1B, 0x1B, 0x1B, 0x1B, 0x1B, 0x1B, 0x1F, 0x1F, 0x26,
    0x2A, 0x2A, 0x2C, 0x30, 0x32, 0x32, 0x36, 0x3A, 0x3A, 0x3B, 0x3B, 0x47, 0x47, 0x47, 0x50, 0x50,
    0x50, 0x50, 0x72, 0x70, 0x60, 0x58, 0x22, 0x56, 0x57, 0x61, 0x80, 0x48, 0x84, 0xBF, 0xD2, 0xD6,
    0xDC, 0xE1, 0xD2, 0xE0, 0xEB, 0xEC, 0xED, 0xF2, 0xF5, 0xF4, 0xF2, 0xED, 0xEC, 0xE9, 0xE1, 0xD7,
    0x7F, 0xCF, 0xCE, 0xBB, 0xB4, 0x76, 0x44, 0x54, 0x56, 0x57, 0x54, 0x45, 0x58, 0x51, 0x6E, 0x6E,
    0x69, 0x69, 0x67, 0x4E, 0x4D, 0x41, 0x3B, 0x3A, 0x37, 0x32, 0x32, 0x2C, 0x2A, 0x2A, 0x28, 0x26,
    0x1F, 0x1F, 0x1B, 0x1B, 0x1B, 0x1B, 0x1B, 0x1B, 0x19, 0x19, 0x19, 0x19, 0x19, 0x19, 0x19, 0x19,
    0x19, 0x19, 0x19, 0x19, 0x19, 0x19, 0x19, 0x19, 0x19, 0x19, 0x19, 0x19, 0x19, 0x19, 0x19, 0x19,
    0x19, 0x19, 0x19, 0x19, 0x19, 0x19, 0x19, 0x19, 0x19, 0x19, 0x19, 0x19, 0x1B, 0x1B, 0x1B, 0x1B,
    0x1B, 0x1B, 0x1F, 0x1F, 0x26, 0x28, 0x2A, 0x2A, 0x2C, 0x32, 0x32, 0x36, 0x38, 0x3A, 0x2E, 0x2E,
    0x47, 0x4C, 0x4C, 0x50, 0x47, 0x50, 0x6F, 0x6F, 0x60, 0x58, 0x22, 0x55, 0x57, 0x61, 0x7F, 0x4A,
    0xB4, 0xCD, 0xD3, 0xD7, 0xDD, 0xE2, 0xE1, 0xCD, 0xEB, 0xEC, 0xED, 0xF2, 0xF5, 0xF3, 0xED, 0xEC,
    0xEB, 0xE3, 0xDD, 0xA5, 0xB4, 0xCF, 0xC9, 0xB9, 0x84, 0x5D, 0x45, 0x59, 0x56, 0x59, 0x49, 0x48,
    0x58, 0x53, 0x52, 0x69, 0x69, 0x67, 0x4E, 0x41, 0x41, 0x3E, 0x3A, 0x38, 0x32, 0x30, 0x2C, 0x2A,
    0x2A, 0x26, 0x1F, 0x1F, 0x1B, 0x1B, 0x1B, 0x1B, 0x1B, 0x1B, 0x19, 0x19, 0x19, 0x19, 0x19, 0x19,
    0x19, 0x19, 0x19, 0x19, 0x19, 0x19, 0x19, 0x19, 0x19, 0x19, 0x19, 0x19, 0x19, 0x19, 0x19, 0x19,
    0x19, 0x19, 0x19, 0x19, 0x19, 0x19, 0x19, 0x19, 0x19, 0x19, 0x19, 0x19, 0x19, 0x19, 0x19, 0x19,
    0x19, 0x19, 0x1B, 0x1B, 0x1B, 0x1B, 0x1B, 0x1B, 0x1F, 0x1F, 0x26, 0x2A, 0x2A, 0x2C, 0x30, 0x32,
    0x36, 0x38, 0x3A, 0x2E, 0x3B, 0x4C, 0x4C, 0x4C, 0x47, 0x47, 0x6E, 0x6F, 0x53, 0x4B, 0x22, 0x55,
    0x56, 0x5D, 0x71, 0x51, 0xB4, 0xCD, 0xD3, 0xD7, 0xDD, 0xE2, 0xE2, 0xBD, 0xEA, 0xEB, 0xEC, 0xED,
    0xF5, 0xF2, 0xED, 0xEB, 0xE9, 0xE2, 0xDD, 0x80, 0xCD, 0xCF, 0xC9, 0xB9, 0x7F, 0x49, 0x4B, 0x61,
    0x55, 0x54, 0x44, 0x4B, 0x51, 0x53, 0x50, 0x52, 0x67, 0x4F, 0x4E, 0x41, 0x3E, 0x3A, 0x39, 0x32,
    0x30, 0x2C, 0x2A, 0x28, 0x26, 0x1F, 0x1F, 0x1B, 0x1B, 0x1B, 0x1B, 0x1B, 0x19, 0x19, 0x19, 0x19,
    0x19, 0x19, 0x19, 0x19, 0x19, 0x19, 0x19, 0x19, 0x19, 0x19, 0x19, 0x16, 0x16, 0x16, 0x16, 0x16,
    0x16, 0x16, 0x16, 0x16, 0x16, 0x16, 0x16, 0x16, 0x16, 0x19, 0x19, 0x19, 0x19, 0x19, 0x19, 0x19,
    0x19, 0x19, 0x19, 0x19, 0x19, 0x19, 0x19, 0x19, 0x1B, 0x1B, 0x1B, 0x1B, 0x1B, 0x1F, 0x1F, 0x26,
    0x28, 0x2A, 0x2C, 0x30, 0x32, 0x36, 0x38, 0x3A, 0x2E, 0x3B, 0x4C, 0x4C, 0x47, 0x47, 0x69, 0x6E,
    0x53, 0x4B, 0x24, 0x58, 0x55, 0x5D, 0x76, 0x5C, 0xB4, 0xCD, 0xD4, 0xD7, 0xDD, 0xE2, 0xE2, 0xBF,
    0xE1, 0xE7, 0xEC, 0xED, 0xF5, 0xF2, 0xEC, 0xEA, 0xE3, 0xE1, 0xD7, 0x80, 0xD1, 0xD0, 0xAE, 0xA1,
    0x7B, 0x45, 0x58, 0x61, 0x55, 0x4B, 0x24, 0x4B, 0x51, 0x52, 0x50, 0x4F, 0x4F, 0x4E, 0x41, 0x3E,
    0x3A, 0x39, 0x32, 0x30, 0x2C, 0x2A, 0x28, 0x26, 0x1F, 0x1B, 0x1B, 0x1B, 0x1B, 0x1B, 0x19, 0x19,
    0x19, 0x19, 0x19, 0x19, 0x19, 0x19, 0x19, 0x19, 0x19, 0x19, 0x16, 0x16, 0x16, 0x16, 0x16, 0x16,
    0x16, 0x16, 0x16, 0x16, 0x16, 0x16, 0x16, 0x16, 0x16, 0x16, 0x16, 0x16, 0x16, 0x16, 0x16, 0x16,
    0x16, 0x16, 0x19, 0x19, 0x19, 0x19, 0x19, 0x19, 0x19, 0x19, 0x19, 0x19, 0x19, 0x19, 0x1B, 0x1B,
    0x1B, 0x1B, 0x1B, 0x1F, 0x26, 0x28, 0x2A, 0x2C, 0x30, 0x32, 0x36, 0x38, 0x3A, 0x2E, 0x3F, 0x4C,
    0x4C, 0x2E, 0x52, 0x69, 0x53, 0x4B, 0x24, 0x4B, 0x58, 0x5C, 0x61, 0x60, 0xA5, 0xCD, 0xD3, 0xD7,
    0xDD, 0xE2, 0xE2, 0xD6, 0xCD, 0xE9, 0xEB, 0xED, 0xF4, 0xF2, 0xEC, 0xE9, 0xE2, 0xE0, 0xBB, 0xB4,
    0xD5, 0xCA, 0xAD, 0xB7, 0x7B, 0x45, 0x5C, 0x60, 0x58, 0x48, 0x24, 0x4B, 0x50, 0x52, 0x4D, 0x4D,
    0x4E, 0x41, 0x3E, 0x3A, 0x37, 0x32, 0x30, 0x2A, 0x2A, 0x28, 0x1F, 0x1F, 0x1B, 0x1B, 0x1B, 0x1B,
    0x1B, 0x19, 0x19, 0x19, 0x19, 0x19, 0x19, 0x19, 0x19, 0x19, 0x19, 0x19, 0x16, 0x16, 0x16, 0x16,
    0x16, 0x16, 0x16, 0x16, 0x16, 0x16, 0x16, 0x16, 0x16, 0x16, 0x16, 0x16, 0x16, 0x16, 0x16, 0x16,
    0x16, 0x16, 0x16, 0x16, 0x16, 0x16, 0x16, 0x16, 0x19, 0x19, 0x19, 0x19, 0x19, 0x19, 0x19, 0x19,
    0x19, 0x19, 0x19, 0x1B, 0x1B, 0x1B, 0x1B, 0x1B, 0x1F, 0x1F, 0x28, 0x2A, 0x2A, 0x30, 0x32, 0x36,
    0x38, 0x3A, 0x3E, 0x3F, 0x3F, 0x25, 0x4F, 0x52, 0x52, 0x4B, 0x23, 0x49, 0x58, 0x5C, 0x60, 0x5C,
    0xA5, 0xCD, 0xD3, 0xD6, 0xDD, 0xE2, 0xE2, 0xE2, 0xA5, 0xE9, 0xEB, 0xEC, 0xF4, 0xED, 0xEB, 0xE3,
    0xDE, 0xD7, 0x7F, 0xD5, 0xD7, 0xD2, 0xAD, 0xB4, 0x79, 0x45, 0x58, 0x5C, 0x58, 0x46, 0x44, 0x4A,
    0x50, 0x52, 0x4D, 0x41, 0x41, 0x3E, 0x3A, 0x39, 0x32, 0x30, 0x2A, 0x2A, 0x26, 0x1F, 0x1F, 0x1B,
    0x1B, 0x1B, 0x1B, 0x19, 0x19, 0x19, 0x19, 0x19, 0x19, 0x19, 0x19, 0x19, 0x19, 0x16, 0x16, 0x16,
    0x16, 0x16, 0x16, 0x16, 0x16, 0x16, 0x16, 0x16, 0x16, 0x16, 0x16, 0x16, 0x16, 0x16, 0x16, 0x16,
    0x16, 0x16, 0x16, 0x16, 0x16, 0x16, 0x16, 0x16, 0x16, 0x16, 0x16, 0x16, 0x16, 0x16, 0x16, 0x19,
    0x19, 0x19, 0x19, 0x19, 0x19, 0x19, 0x19, 0x19, 0x19, 0x1B, 0x1B, 0x1B, 0x1B, 0x1F, 0x1F, 0x26,
    0x2A, 0x2A, 0x30, 0x32, 0x36, 0x39, 0x3A, 0x3E, 0x3F, 0x25, 0x4D, 0x52, 0x52, 0x50, 0x46, 0x46,
    0x4B, 0x5C, 0x60, 0x51, 0xBB, 0xCD, 0xD2, 0xD5, 0xDC, 0xE2, 0xDF, 0xE2, 0xA5, 0xE9, 0xEB, 0xEC,
    0xF3, 0xED, 0xE7, 0xE2, 0xDD, 0xD5, 0x7B, 0xDC, 0xD7, 0xD3, 0xC0, 0xB4, 0x71, 0x45, 0x4B, 0x5C,
    0x4B, 0x24, 0x47, 0x50, 0x50, 0x4D, 0x4D, 0x3F, 0x42, 0x3D, 0x39, 0x32, 0x30, 0x2A, 0x2A, 0x26,
    0x1F, 0x1F, 0x1B, 0x1B, 0x1B, 0x1B, 0x19, 0x19, 0x19, 0x19, 0x19, 0x19, 0x19, 0x19, 0x19, 0x16,
    0x16, 0x16, 0x16, 0x16, 0x16, 0x16, 0x16, 0x16, 0x16, 0x16, 0x16, 0x16, 0x16, 0x16, 0x16, 0x16,
    0x16, 0x16, 0x16, 0x16, 0x16, 0x16, 0x16, 0x16, 0x16, 0x16, 0x16, 0x16, 0x16, 0x16, 0x16, 0x16,
    0x16, 0x16, 0x16, 0x16, 0x16, 0x19, 0x19, 0x19, 0x19, 0x19, 0x19, 0x19, 0x19, 0x19, 0x1B, 0x1B,
    0x1B, 0x1B, 0x1F, 0x1F, 0x26, 0x2A, 0x2A, 0x30, 0x32, 0x36, 0x39, 0x3A, 0x3B, 0x25, 0x3F, 0x4D,
    0x50, 0x50, 0x46, 0x24, 0x4B, 0x51, 0x70, 0x51, 0xA5, 0xCD, 0xD0, 0xD5, 0xDC, 0xE1, 0xE2, 0xE2,
    0xB4, 0xE9, 0xEB, 0xEC, 0xF2, 0xEC, 0xE7, 0xE2, 0xDC, 0xD2, 0x80, 0xD6, 0xD6, 0xD3, 0xCE, 0xB4,
    0x71, 0x45, 0x4A, 0x51, 0x49, 0x24, 0x47, 0x50, 0x4D, 0x4D, 0x41, 0x3E, 0x3E, 0x39, 0x32, 0x30,
    0x2A, 0x2A, 0x26, 0x1F, 0x1F, 0x1B, 0x1B, 0x1B, 0x1B, 0x19, 0x19, 0x19, 0x19, 0x19, 0x19, 0x19,
    0x19, 0x16, 0x16, 0x16, 0x16, 0x16, 0x16, 0x16, 0x16, 0x16, 0x16, 0x16, 0x16, 0x16, 0x16, 0x16,
    0x16, 0x16, 0x16, 0x16, 0x16, 0x16, 0x16, 0x16, 0x16, 0x16, 0x16, 0x16, 0x16, 0x16, 0x16, 0x16,
    0x16, 0x16, 0x16, 0x16, 0x16, 0x16, 0x16, 0x16, 0x16, 0x16, 0x16, 0x19, 0x19, 0x19, 0x19, 0x19,
    0x19, 0x19, 0x19, 0x1B, 0x1B, 0x1B, 0x1B, 0x1F, 0x1F, 0x26, 0x2A, 0x2A, 0x30, 0x32, 0x36, 0x39,
    0x3A, 0x2E, 0x3A, 0x4C, 0x4D, 0x50, 0x48, 0x1E, 0x48, 0x51, 0x70, 0x51, 0x92, 0xBF, 0xD0, 0xD5,
    0xDC, 0xDD, 0xDE, 0xE2, 0xB4, 0xE9, 0xE7, 0xEC, 0xF2, 0xEC, 0xE9, 0xE1, 0xD7, 0xBD, 0xB4, 0xD7,
    0xD5, 0xD3, 0xCE, 0x92, 0x74, 0x48, 0x45, 0x51, 0x4A, 0x24, 0x44, 0x47, 0x4C, 0x41, 0x3F, 0x3E,
    0x3C, 0x32, 0x30, 0x2C, 0x2A, 0x26, 0x1F, 0x1F, 0x1B, 0x1B, 0x1B, 0x1B, 0x19, 0x19, 0x19, 0x19,
    0x19, 0x19, 0x19, 0x19, 0x16, 0x16, 0x16, 0x16, 0x16, 0x16, 0x16, 0x16, 0x16, 0x16, 0x16, 0x16,
    0x16, 0x16, 0x16, 0x14, 0x14, 0x14, 0x14, 0x14, 0x14, 0x14, 0x14, 0x14, 0x14, 0x14, 0x14, 0x14,
    0x14, 0x16, 0x16, 0x16, 0x16, 0x16, 0x16, 0x16, 0x16, 0x16, 0x16, 0x16, 0x16, 0x16, 0x16, 0x16,
    0x19, 0x19, 0x19, 0x19, 0x19, 0x19, 0x19, 0x19, 0x1B, 0x1B, 0x1B, 0x1B, 0x1F, 0x1F, 0x26, 0x2A,
    0x2C, 0x30, 0x32, 0x36, 0x3C, 0x3E, 0x2D, 0x3F, 0x4C, 0x4C, 0x48, 0x25, 0x47, 0x51, 0x90, 0x51,
    0x75, 0x93, 0xCF, 0xD4, 0xD7, 0xDC, 0xDE, 0xE3, 0xB4, 0xE9, 0xEB, 0xEC, 0xED, 0xEC, 0xE9, 0xE1,
    0xDC, 0xAF, 0xCD, 0xD7, 0xD5, 0xD2, 0x97, 0x92, 0x74, 0x4B, 0x24, 0x4A, 0x4A, 0x44, 0x25, 0x47,
    0x4C, 0x3F, 0x3E, 0x3A, 0x32, 0x30, 0x2C, 0x2A, 0x28, 0x1F, 0x1F, 0x1B, 0x1B, 0x1B, 0x1B, 0x19,
    0x19, 0x19, 0x19, 0x19, 0x19, 0x19, 0x16, 0x16, 0x16, 0x16, 0x16, 0x16, 0x16, 0x16, 0x16, 0x16,
    0x16, 0x16, 0x16, 0x14, 0x14, 0x14, 0x14, 0x14, 0x14, 0x14, 0x14, 0x14, 0x14, 0x14, 0x14, 0x14,
    0x14, 0x14, 0x14, 0x14, 0x14, 0x14, 0x14, 0x14, 0x14, 0x16, 0x16, 0x16, 0x16, 0x16, 0x16, 0x16,
    0x16, 0x16, 0x16, 0x16, 0x16, 0x16, 0x19, 0x19, 0x19, 0x19, 0x19, 0x19, 0x19, 0x1B, 0x1B, 0x1B,
    0x1B, 0x1F, 0x1F, 0x28, 0x2A, 0x2C, 0x30, 0x32, 0x36, 0x3A, 0x3A, 0x3A, 0x4C, 0x4C, 0x47, 0x44,
    0x24, 0x50, 0x73, 0x51, 0x75, 0x96, 0xBF, 0xD3, 0xD7, 0xDC, 0xE1, 0xE2, 0x84, 0xE9, 0xEB, 0xEC,
    0xED, 0xEB, 0xE3, 0xE1, 0xDC, 0x80, 0xD2, 0xD6, 0xD5, 0xCA, 0x93, 0x75, 0x90, 0x51, 0x21, 0x46,
    0x48, 0x47, 0x25, 0x47, 0x3F, 0x3E, 0x3A, 0x34, 0x32, 0x2C, 0x2A, 0x28, 0x1F, 0x1F, 0x1B, 0x1B,
    0x1B, 0x1B, 0x19, 0x19, 0x19, 0x19, 0x19, 0x19, 0x19, 0x16, 0x16, 0x16, 0x16, 0x16, 0x16, 0x16,
    0x16, 0x16, 0x16, 0x16, 0x16, 0x14, 0x14, 0x14, 0x14, 0x14, 0x14, 0x14, 0x14, 0x14, 0x14, 0x14,
    0x14, 0x14, 0x14, 0x14, 0x14, 0x14, 0x14, 0x14, 0x14, 0x14, 0x14, 0x14, 0x14, 0x14, 0x14, 0x16,
    0x16, 0x16, 0x16, 0x16, 0x16, 0x16, 0x16, 0x16, 0x16, 0x16, 0x16, 0x19, 0x19, 0x19, 0x19, 0x19,
    0x19, 0x19, 0x1B, 0x1B, 0x1B, 0x1B, 0x1F, 0x1F, 0x28, 0x2A, 0x2C, 0x32, 0x32, 0x37, 0x3A, 0x2D,
    0x3B, 0x4C, 0x47, 0x47, 0x1E, 0x50, 0x72, 0x51, 0x90, 0x96, 0xC8, 0xD2, 0xD7, 0xDC, 0xDD, 0xDD,
    0x84, 0xE9, 0xEB, 0xEC, 0xED, 0xEB, 0xE2, 0xE1, 0xDC, 0x7B, 0xD2, 0xD6, 0xD5, 0xCD, 0x96, 0x91,
    0x90, 0x53, 0x44, 0x24, 0x46, 0x47, 0x2D, 0x3F, 0x3B, 0x3A, 0x39, 0x32, 0x2C, 0x2A, 0x28, 0x26,
    0x1F, 0x1B, 0x1B, 0x1B, 0x1B, 0x19, 0x19, 0x19, 0x19, 0x19, 0x19, 0x19, 0x16, 0x16, 0x16, 0x16,
    0x16, 0x16, 0x16, 0x16, 0x16, 0x16, 0x14, 0x14, 0x14, 0x14, 0x14, 0x14, 0x14, 0x14, 0x14, 0x14,
    0x14, 0x14, 0x14, 0x14, 0x14, 0x14, 0x14, 0x14, 0x14, 0x14, 0x14, 0x14, 0x14, 0x14, 0x14, 0x14,
    0x14, 0x14, 0x14, 0x14, 0x14, 0x14, 0x16, 0x16, 0x16, 0x16, 0x16, 0x16, 0x16, 0x16, 0x16, 0x16,
    0x19, 0x19, 0x19, 0x19, 0x19, 0x19, 0x19, 0x1B, 0x1B, 0x1B, 0x1B, 0x1F, 0x26, 0x28, 0x2A, 0x2C,
    0x32, 0x36, 0x39, 0x3A, 0x3A, 0x3B, 0x47, 0x47, 0x25, 0x4C, 0x6E, 0x4A, 0x90, 0x91, 0x96, 0xD1,
    0xD6, 0xDD, 0xDC, 0xD6, 0x84, 0xE9, 0xEA, 0xEC, 0xED, 0xEB, 0xE2, 0xDD, 0xDE, 0x7B, 0xD0, 0xD5,
    0xD5, 0xC8, 0x96, 0x90, 0x73, 0x6E, 0x46, 0x1E, 0x47, 0x47, 0x2D, 0x2E, 0x3E, 0x38, 0x32, 0x30,
    0x2A, 0x2A, 0x26, 0x1F, 0x1B, 0x1B, 0x1B, 0x1B, 0x19, 0x19, 0x19, 0x19, 0x19, 0x19, 0x19, 0x16,
    0x16, 0x16, 0x16, 0x16, 0x16, 0x16, 0x16, 0x16, 0x16, 0x14, 0x14, 0x14, 0x14, 0x14, 0x14, 0x14,
    0x14, 0x14, 0x14, 0x14, 0x14, 0x14, 0x14, 0x14, 0x14, 0x14, 0x14, 0x14, 0x14, 0x14, 0x14, 0x14,
    0x14, 0x14, 0x14, 0x14, 0x14, 0x14, 0x14, 0x14, 0x14, 0x14, 0x14, 0x16, 0x16, 0x16, 0x16, 0x16,
    0x16, 0x16, 0x16, 0x16, 0x16, 0x19, 0x19, 0x19, 0x19, 0x19, 0x19, 0x19, 0x1B, 0x1B, 0x1B, 0x1B,
    0x1F, 0x26, 0x2A, 0x2A, 0x30, 0x32, 0x36, 0x38, 0x37, 0x2E, 0x3F, 0x47, 0x47, 0x2E, 0x53, 0x48,
    0x72, 0x90, 0x96, 0xC8, 0xD4, 0xDC, 0xD7, 0xCD, 0xA5, 0xE9, 0xE7, 0xEC, 0xED, 0xEB, 0xE2, 0xDD,
    0xDE, 0x79, 0xCF, 0xD5, 0xCC, 0x96, 0x91, 0x90, 0x72, 0x6E, 0x50, 0x2D, 0x47, 0x47, 0x25, 0x3A,
    0x3A, 0x32, 0x30, 0x2C, 0x2A, 0x26, 0x1F, 0x1B, 0x1B, 0x1B, 0x1B, 0x19, 0x19, 0x19, 0x19, 0x19,
    0x19, 0x19, 0x16, 0x16, 0x16, 0x16, 0x16, 0x16, 0x16, 0x16, 0x16, 0x14, 0x14, 0x14, 0x14, 0x14,
    0x14, 0x14, 0x14, 0x14, 0x14, 0x14, 0x14, 0x13, 0x13, 0x13, 0x13, 0x13, 0x13, 0x13, 0x13, 0x13,
    0x13, 0x13, 0x13, 0x13, 0x13, 0x14, 0x14, 0x14, 0x14, 0x14, 0x14, 0x14, 0x14, 0x14, 0x14, 0x14,
    0x14, 0x16, 0x16, 0x16, 0x16, 0x16, 0x16, 0x16, 0x16, 0x16, 0x19, 0x19, 0x19, 0x19, 0x19, 0x19,
    0x19, 0x1B, 0x1B, 0x1B, 0x1B, 0x1F, 0x26, 0x2A, 0x2C, 0x30, 0x32, 0x36, 0x38, 0x3A, 0x3F, 0x47,
    0x47, 0x25, 0x50, 0x46, 0x72, 0x90, 0x91, 0x96, 0xC8, 0xD7, 0xDC, 0x92, 0xD5, 0xE9, 0xEA, 0xEC,
    0xED, 0xE7, 0xE2, 0xDC, 0xDD, 0x79, 0xD0, 0xD5, 0xC8, 0x96, 0x91, 0x73, 0x72, 0x6E, 0x52, 0x25,
    0x25, 0x3F, 0x25, 0x38, 0x38, 0x32, 0x2C, 0x2A, 0x28, 0x1F, 0x1F, 0x1B, 0x1B, 0x1B, 0x19, 0x19,
    0x19, 0x19, 0x19, 0x19, 0x19, 0x16, 0x16, 0x16, 0x16, 0x16, 0x16, 0x16, 0x16, 0x16, 0x14, 0x14,
    0x14, 0x14, 0x14, 0x14, 0x14, 0x14, 0x14, 0x14, 0x13, 0x13, 0x13, 0x13, 0x13, 0x13, 0x13, 0x13,
    0x13, 0x13, 0x13, 0x13, 0x13, 0x13, 0x13, 0x13, 0x13, 0x13, 0x13, 0x13, 0x14, 0x14, 0x14, 0x14,
    0x14, 0x14, 0x14, 0x14, 0x14, 0x14, 0x16, 0x16, 0x16, 0x16, 0x16, 0x16, 0x16, 0x16, 0x16, 0x19,
    0x19, 0x19, 0x19, 0x19, 0x19, 0x19, 0x1B, 0x1B, 0x1B, 0x1F, 0x1F, 0x28, 0x2A, 0x2C, 0x32, 0x36,
    0x38, 0x38, 0x2E, 0x3F, 0x2E, 0x20, 0x47, 0x47, 0x6F, 0x73, 0x91, 0x96, 0xC8, 0xD3, 0xDD, 0x84,
    0xE2, 0xE3, 0xEA, 0xEC, 0xED, 0xEA, 0xE2, 0xDC, 0xDC, 0x7B, 0xD1, 0xCC, 0x96, 0x91, 0x90, 0x73,
    0x6F, 0x69, 0x52, 0x2E, 0x20, 0x2E, 0x25, 0x37, 0x32, 0x30, 0x2A, 0x2A, 0x26, 0x1F, 0x1B, 0x1B,
    0x1B, 0x19, 0x19, 0x19, 0x19, 0x19, 0x19, 0x19, 0x16, 0x16, 0x16, 0x16, 0x16, 0x16, 0x16, 0x16,
    0x14, 0x14, 0x14, 0x14, 0x14, 0x14, 0x14, 0x14, 0x14, 0x14, 0x13, 0x13, 0x13, 0x13, 0x13, 0x13,
    0x13, 0x13, 0x13, 0x13, 0x13, 0x13, 0x13, 0x13, 0x13, 0x13, 0x13, 0x13, 0x13, 0x13, 0x13, 0x13,
    0x13, 0x13, 0x14, 0x14, 0x14, 0x14, 0x14, 0x14, 0x14, 0x14, 0x14, 0x14, 0x16, 0x16, 0x16, 0x16,
    0x16, 0x16, 0x16, 0x16, 0x19, 0x19, 0x19, 0x19, 0x19, 0x19, 0x19, 0x1B, 0x1B, 0x1B, 0x1F, 0x26,
    0x2A, 0x2A, 0x30, 0x32, 0x36, 0x37, 0x3A, 0x2E, 0x2E, 0x20, 0x47, 0x47, 0x6F, 0x73, 0x90, 0x91,
    0x96, 0xD1, 0xD5, 0x84, 0xDE, 0xE3, 0xEA, 0xEC, 0xED, 0xE9, 0xDD, 0xE0, 0xDC, 0x80, 0xBF, 0xC8,
    0x96, 0x91, 0x90, 0x73, 0x6F, 0x69, 0x4F, 0x3B, 0x20, 0x25, 0x3A, 0x37, 0x32, 0x2C, 0x2A, 0x28,
    0x1F, 0x1B, 0x1B, 0x1B, 0x1B, 0x19, 0x19, 0x19, 0x19, 0x19, 0x19, 0x16, 0x16, 0x16, 0x16, 0x16,
    0x16, 0x16, 0x16, 0x14, 0x14, 0x14, 0x14, 0x14, 0x14, 0x14, 0x14, 0x14, 0x13, 0x13, 0x13, 0x13,
    0x13, 0x13, 0x13, 0x13, 0x13, 0x13, 0x13, 0x13, 0x13, 0x13, 0x13, 0x13, 0x13, 0x13, 0x13, 0x13,
    0x13, 0x13, 0x13, 0x13, 0x13, 0x13, 0x13, 0x13, 0x14, 0x14, 0x14, 0x14, 0x14, 0x14, 0x14, 0x14,
    0x14, 0x16, 0x16, 0x16, 0x16, 0x16, 0x16, 0x16, 0x16, 0x19, 0x19, 0x19, 0x19, 0x19, 0x19, 0x1B,
    0x1B, 0x1B, 0x1B, 0x1F, 0x28, 0x2A, 0x2C, 0x32, 0x36, 0x37, 0x37, 0x25, 0x2E, 0x2D, 0x2E, 0x4C,
    0x6E, 0x72, 0x90, 0x91, 0x96, 0xC8, 0x84, 0xA5, 0xDE, 0xE3, 0xE7, 0xEB, 0xEC, 0xE7, 0xDD, 0xDC,
    0xDC, 0x92, 0x92, 0xC8, 0x96, 0x90, 0x73, 0x72, 0x69, 0x67, 0x4F, 0x3B, 0x20, 0x3A, 0x2D, 0x32,
    0x30, 0x2A, 0x28, 0x1F, 0x1F, 0x1B, 0x1B, 0x1B, 0x19, 0x19, 0x19, 0x19, 0x19, 0x19, 0x16, 0x16,
    0x16, 0x16, 0x16, 0x16, 0x16, 0x16, 0x14, 0x14, 0x14, 0x14, 0x14, 0x14, 0x14, 0x14, 0x13, 0x13,
    0x13, 0x13, 0x13, 0x13, 0x13, 0x13, 0x13, 0x13, 0x13, 0x13, 0x13, 0x13, 0x13, 0x13, 0x13, 0x13,
    0x13, 0x13, 0x13, 0x13, 0x13, 0x13, 0x13, 0x13, 0x13, 0x13, 0x13, 0x13, 0x13, 0x13, 0x14, 0x14,
    0x14, 0x14, 0x14, 0x14, 0x14, 0x14, 0x16, 0x16, 0x16, 0x16, 0x16, 0x16, 0x16, 0x16, 0x19, 0x19,
    0x19, 0x19, 0x19, 0x19, 0x1B, 0x1B, 0x1B, 0x1F, 0x1F, 0x28, 0x2A, 0x30, 0x32, 0x36, 0x37, 0x3A,
    0x2E, 0x25, 0x25, 0x4C, 0x69, 0x72, 0x73, 0x90, 0x96, 0xC8, 0x71, 0xD6, 0xE1, 0xDF, 0xE7, 0xEB,
    0xEC, 0xE9, 0xDD, 0xDC, 0xD6, 0xBB, 0x70, 0x96, 0x91, 0x90, 0x73, 0x6F, 0x69, 0x67, 0x4E, 0x3F,
    0x2D, 0x2D, 0x37, 0x32, 0x2C, 0x2A, 0x26, 0x1F, 0x1B, 0x1B, 0x1B, 0x19, 0x19, 0x19, 0x19, 0x19,
    0x19, 0x16, 0x16, 0x16, 0x16, 0x16, 0x16, 0x16, 0x16, 0x14, 0x14, 0x14, 0x14, 0x14, 0x14, 0x14,
    0x13, 0x13, 0x13, 0x13, 0x13, 0x13, 0x13, 0x13, 0x13, 0x13, 0x13, 0x13, 0x13, 0x13, 0x13, 0x13,
    0x13, 0x13, 0x13, 0x13, 0x13, 0x13, 0x13, 0x13, 0x13, 0x13, 0x13, 0x13, 0x13, 0x13, 0x13, 0x13,
    0x13, 0x13, 0x13, 0x13, 0x14, 0x14, 0x14, 0x14, 0x14, 0x14, 0x14, 0x16, 0x16, 0x16, 0x16, 0x16,
    0x16, 0x16, 0x16, 0x19, 0x19, 0x19, 0x19, 0x19, 0x19, 0x1B, 0x1B, 0x1B, 0x1F, 0x26, 0x2A, 0x2C,
    0x32, 0x32, 0x37, 0x37, 0x3A, 0x25, 0x2D, 0x4C, 0x69, 0x6F, 0x73, 0x90, 0x91, 0x96, 0x74, 0xDC,
    0xE1, 0xDF, 0xEA, 0xEB, 0xEC, 0xE7, 0xDC, 0xDC, 0xD5, 0xBF, 0x60, 0x96, 0x91, 0x73, 0x72, 0x69,
    0x69, 0x4F, 0x4E, 0x3B, 0x2D, 0x38, 0x32, 0x30, 0x2A, 0x28, 0x1F, 0x1B, 0x1B, 0x1B, 0x1B, 0x19,
    0x19, 0x19, 0x19, 0x19, 0x19, 0x16, 0x16, 0x16, 0x16, 0x16, 0x16, 0x16, 0x14, 0x14, 0x14, 0x14,
    0x14, 0x14, 0x14, 0x13, 0x13, 0x13, 0x13, 0x13, 0x13, 0x13, 0x13, 0x13, 0x13, 0x13, 0x13, 0x13,
    0x11, 0x11, 0x11, 0x11, 0x11, 0x11, 0x11, 0x11, 0x11, 0x11, 0x11, 0x11, 0x13, 0x13, 0x13, 0x13,
    0x13, 0x13, 0x13, 0x13, 0x13, 0x13, 0x13, 0x13, 0x13, 0x14, 0x14, 0x14, 0x14, 0x14, 0x14, 0x14,
    0x16, 0x16, 0x16, 0x16, 0x16, 0x16, 0x16, 0x19, 0x19, 0x19, 0x19, 0x19, 0x19, 0x1B, 0x1B, 0x1B,
    0x1B, 0x1F, 0x28, 0x2A, 0x30, 0x32, 0x36, 0x34, 0x2D, 0x25, 0x20, 0x4D, 0x69, 0x69, 0x72, 0x73,
    0x91, 0x70, 0x96, 0xE0, 0xE1, 0xE3, 0xE7, 0xEB, 0xEC, 0xE9, 0xDD, 0xD7, 0xD5, 0xCD, 0x60, 0x90,
    0x90, 0x73, 0x72, 0x69, 0x67, 0x4F, 0x41, 0x3B, 0x38, 0x37, 0x32, 0x2C, 0x2A, 0x26, 0x1F, 0x1B,
    0x1B, 0x1B, 0x19, 0x19, 0x19, 0x19, 0x19, 0x19, 0x16, 0x16, 0x16, 0x16, 0x16, 0x16, 0x16, 0x14,
    0x14, 0x14, 0x14, 0x14, 0x14, 0x14, 0x13, 0x13, 0x13, 0x13, 0x13, 0x13, 0x13, 0x13, 0x13, 0x13,
    0x13, 0x11, 0x11, 0x11, 0x11, 0x11, 0x11, 0x11, 0x11, 0x11, 0x11, 0x11, 0x11, 0x11, 0x11, 0x11,
    0x11, 0x11, 0x11, 0x13, 0x13, 0x13, 0x13, 0x13, 0x13, 0x13, 0x13, 0x13, 0x13, 0x13, 0x14, 0x14,
    0x14, 0x14, 0x14, 0x14, 0x14, 0x16, 0x16, 0x16, 0x16, 0x16, 0x16, 0x16, 0x19, 0x19, 0x19, 0x19,
    0x19, 0x19, 0x1B, 0x1B, 0x1B, 0x1F, 0x26, 0x2A, 0x2C, 0x32, 0x36, 0x36, 0x37, 0x25, 0x2D, 0x4D,
    0x67, 0x69, 0x72, 0x73, 0x90, 0x53, 0x96, 0xCC, 0xDE, 0xE3, 0xE7, 0xEB, 0xEC, 0xE9, 0xDD, 0xD7,
    0xD6, 0xC8, 0x74, 0x70, 0x90, 0x73, 0x69, 0x69, 0x67, 0x4E, 0x41, 0x3E, 0x37, 0x32, 0x30, 0x2A,
    0x28, 0x1F, 0x1B, 0x1B, 0x1B, 0x1B, 0x19, 0x19, 0x19, 0x19, 0x19, 0x16, 0x16, 0x16, 0x16, 0x16,
    0x16, 0x16, 0x14, 0x14, 0x14, 0x14, 0x14, 0x14, 0x14, 0x13, 0x13, 0x13, 0x13, 0x13, 0x13, 0x13,
    0x13, 0x13, 0x13, 0x11, 0x11, 0x11, 0x11, 0x11, 0x11, 0x11, 0x11, 0x11, 0x11, 0x11, 0x11, 0x11,
    0x11, 0x11, 0x11, 0x11, 0x11, 0x11, 0x11, 0x11, 0x11, 0x13, 0x13, 0x13, 0x13, 0x13, 0x13, 0x13,
    0x13, 0x13, 0x13, 0x14, 0x14, 0x14, 0x14, 0x14, 0x14, 0x14, 0x16, 0x16, 0x16, 0x16, 0x16, 0x16,
    0x16, 0x19, 0x19, 0x19, 0x19, 0x19, 0x1B, 0x1B, 0x1B, 0x1B, 0x1F, 0x28, 0x2A, 0x30, 0x32, 0x36,
    0x34, 0x3A, 0x3A, 0x4D, 0x4F, 0x69, 0x6F, 0x73, 0x72, 0x72, 0x96, 0xCC, 0xDE, 0xE3, 0xE7, 0xE7,
    0xEB, 0xE9, 0xDE, 0xD7, 0xD5, 0xC8, 0x91, 0x51, 0x73, 0x72, 0x69, 0x67, 0x4F, 0x4E, 0x41, 0x3A,
    0x34, 0x32, 0x2C, 0x2A, 0x26, 0x1F, 0x1B, 0x1B, 0x1B, 0x19, 0x19, 0x19, 0x19, 0x19, 0x19, 0x16,
    0x16, 0x16, 0x16, 0x16, 0x16, 0x16, 0x14, 0x14, 0x14, 0x14, 0x14, 0x14, 0x13, 0x13, 0x13, 0x13,
    0x13, 0x13, 0x13, 0x13, 0x13, 0x11, 0x11, 0x11, 0x11, 0x11, 0x11, 0x11, 0x11, 0x11, 0x11, 0x11,
    0x11, 0x11, 0x11, 0x11, 0x11, 0x11, 0x11, 0x11, 0x11, 0x11, 0x11, 0x11, 0x11, 0x11, 0x11, 0x13,
    0x13, 0x13, 0x13, 0x13, 0x13, 0x13, 0x13, 0x13, 0x14, 0x14, 0x14, 0x14, 0x14, 0x14, 0x16, 0x16,
    0x16, 0x16, 0x16, 0x16, 0x16, 0x19, 0x19, 0x19, 0x19, 0x19, 0x19, 0x1B, 0x1B, 0x1B, 0x1F, 0x26,
    0x2A, 0x2C, 0x32, 0x36, 0x36, 0x38, 0x3A, 0x41, 0x4F, 0x67, 0x69, 0x72, 0x53, 0x90, 0x96, 0xC8,
    0xDD, 0xDF, 0xE9, 0xEA, 0xE7, 0xE3, 0xDE, 0xD7, 0xCC, 0x96, 0x91, 0x53, 0x6F, 0x6F, 0x69, 0x67,
    0x4E, 0x41, 0x42, 0x3A, 0x32, 0x30, 0x2A, 0x28, 0x26, 0x1F, 0x1B, 0x1B, 0x1B, 0x19, 0x19, 0x19,
    0x19, 0x19, 0x16, 0x16, 0x16, 0x16, 0x16, 0x16, 0x16, 0x14, 0x14, 0x14, 0x14, 0x14, 0x14, 0x13,
    0x13, 0x13, 0x13, 0x13, 0x13, 0x13, 0x13, 0x13, 0x11, 0x11, 0x11, 0x11, 0x11, 0x11, 0x11, 0x11,
    0x11, 0x11, 0x11, 0x11, 0x11, 0x11, 0x11, 0x11, 0x11, 0x11, 0x11, 0x11, 0x11, 0x11, 0x11, 0x11,
    0x11, 0x11, 0x11, 0x11, 0x13, 0x13, 0x13, 0x13, 0x13, 0x13, 0x13, 0x13, 0x13, 0x14, 0x14, 0x14,
    0x14, 0x14, 0x14, 0x16, 0x16, 0x16, 0x16, 0x16, 0x16, 0x16, 0x19, 0x19, 0x19, 0x19, 0x19, 0x1B,
    0x1B, 0x1B, 0x1F, 0x26, 0x28, 0x2A, 0x30, 0x32, 0x36, 0x34, 0x3A, 0x41, 0x4E, 0x67, 0x69, 0x72,
    0x53, 0x90, 0x91, 0x96, 0xCC, 0xE2, 0xE9, 0xE7, 0xE7, 0xDF, 0xDD, 0xD7, 0xC8, 0x96, 0x91, 0x73,
    0x50, 0x69, 0x69, 0x4F, 0x4E, 0x41, 0x3E, 0x38, 0x32, 0x2C, 0x2A, 0x28, 0x1F, 0x1B, 0x1B, 0x1B,
    0x19, 0x19, 0x19, 0x19, 0x19, 0x19, 0x16, 0x16, 0x16, 0x16, 0x16, 0x16, 0x14, 0x14, 0x14, 0x14,
    0x14, 0x14, 0x13, 0x13, 0x13, 0x13, 0x13, 0x13, 0x13, 0x13, 0x11, 0x11, 0x11, 0x11, 0x11, 0x11,
    0x11, 0x11, 0x11, 0x11, 0x0F, 0x0F, 0x0F, 0x0F, 0x0F, 0x0F, 0x0F, 0x0F, 0x0F, 0x0F, 0x0F, 0x0F,
    0x11, 0x11, 0x11, 0x11, 0x11, 0x11, 0x11, 0x11, 0x11, 0x11, 0x13, 0x13, 0x13, 0x13, 0x13, 0x13,
    0x13, 0x13, 0x14, 0x14, 0x14, 0x14, 0x14, 0x14, 0x16, 0x16, 0x16, 0x16, 0x16, 0x16, 0x19, 0x19,
    0x19, 0x19, 0x19, 0x19, 0x1B, 0x1B, 0x1B, 0x1F, 0x28, 0x2A, 0x2C, 0x32, 0x36, 0x34, 0x3A, 0x3F,
    0x4E, 0x4F, 0x69, 0x69, 0x50, 0x90, 0x91, 0x96, 0xCC, 0xE2, 0xE9, 0xE9, 0xE9, 0xDF, 0xDD, 0xD6,
    0xC8, 0x96, 0x91, 0x73, 0x50, 0x52, 0x67, 0x4F, 0x4E, 0x41, 0x3E, 0x37, 0x32, 0x2C, 0x2A, 0x26,
    0x1F, 0x1B, 0x1B, 0x1B, 0x19, 0x19, 0x19, 0x19, 0x19, 0x16, 0x16, 0x16, 0x16, 0x16, 0x16, 0x16,
    0x14, 0x14, 0x14, 0x14, 0x14, 0x14, 0x13, 0x13, 0x13, 0x13, 0x13, 0x13, 0x13, 0x11, 0x11, 0x11,
    0x11, 0x11, 0x11, 0x11, 0x11, 0x11, 0x0F, 0x0F, 0x0F, 0x0F, 0x0F, 0x0F, 0x0F, 0x0F, 0x0F, 0x0F,
    0x0F, 0x0F, 0x0F, 0x0F, 0x0F, 0x0F, 0x11, 0x11, 0x11, 0x11, 0x11, 0x11, 0x11, 0x11, 0x11, 0x13,
    0x13, 0x13, 0x13, 0x13, 0x13, 0x13, 0x14, 0x14, 0x14, 0x14, 0x14, 0x14, 0x16, 0x16, 0x16, 0x16,
    0x16, 0x16, 0x16, 0x19, 0x19, 0x19, 0x19, 0x19, 0x1B, 0x1B, 0x1B, 0x1F, 0x26, 0x2A, 0x2C, 0x32,
    0x36, 0x36, 0x3A, 0x3F, 0x41, 0x4F, 0x67, 0x69, 0x52, 0x73, 0x90, 0x96, 0xCC, 0xDE, 0xE9, 0xE9,
    0xE9, 0xE2, 0xDD, 0xCC, 0xC8, 0x96, 0x90, 0x73, 0x6E, 0x47, 0x4F, 0x4E, 0x41, 0x3E, 0x3A, 0x32,
    0x30, 0x2A, 0x28, 0x1F, 0x1B, 0x1B, 0x1B, 0x1B, 0x19, 0x19, 0x19, 0x19, 0x19, 0x16, 0x16, 0x16,
    0x16, 0x16, 0x16, 0x14, 0x14, 0x14, 0x14, 0x14, 0x14, 0x13, 0x13, 0x13, 0x13, 0x13, 0x13, 0x13,
    0x11, 0x11, 0x11, 0x11, 0x11, 0x11, 0x11, 0x11, 0x0F, 0x0F, 0x0F, 0x0F, 0x0F, 0x0F, 0x0F, 0x0F,
    0x0F, 0x0F, 0x0F, 0x0F, 0x0F, 0x0F, 0x0F, 0x0F, 0x0F, 0x0F, 0x0F, 0x0F, 0x11, 0x11, 0x11, 0x11,
    0x11, 0x11, 0x11, 0x11, 0x13, 0x13, 0x13, 0x13, 0x13, 0x13, 0x13, 0x14, 0x14, 0x14, 0x14, 0x14,
    0x14, 0x16, 0x16, 0x16, 0x16, 0x16, 0x16, 0x19, 0x19, 0x19, 0x19, 0x19, 0x1B, 0x1B, 0x1B, 0x1B,
    0x1F, 0x28, 0x2A, 0x30, 0x32, 0x36, 0x38, 0x3B, 0x41, 0x4E, 0x67, 0x69, 0x52, 0x73, 0x90, 0x96,
    0xC8, 0xDC, 0xE9, 0xE9, 0xE3, 0xDE, 0xDD, 0xCC, 0x96, 0x91, 0x90, 0x73, 0x6F, 0x4C, 0x4D, 0x4E,
    0x41, 0x3E, 0x38, 0x32, 0x2C, 0x2A, 0x28, 0x1F, 0x1B, 0x1B, 0x1B, 0x19, 0x19, 0x19, 0x19, 0x19,
    0x16, 0x16, 0x16, 0x16, 0x16, 0x16, 0x16, 0x14, 0x14, 0x14, 0x14, 0x14, 0x13, 0x13, 0x13, 0x13,
    0x13, 0x13, 0x13, 0x13, 0x11, 0x11, 0x11, 0x11, 0x11, 0x11, 0x11, 0x0F, 0x0F, 0x0F, 0x0F, 0x0F,
    0x0F, 0x0F, 0x0F, 0x0F, 0x0F, 0x0F, 0x0F, 0x0F, 0x0F, 0x0F, 0x0F, 0x0F, 0x0F, 0x0F, 0x0F, 0x0F,
    0x0F, 0x11, 0x11, 0x11, 0x11, 0x11, 0x11, 0x11, 0x13, 0x13, 0x13, 0x13, 0x13, 0x13, 0x13, 0x13,
    0x14, 0x14, 0x14, 0x14, 0x14, 0x16, 0x16, 0x16, 0x16, 0x16, 0x16, 0x16, 0x19, 0x19, 0x19, 0x19,
    0x19, 0x1B, 0x1B, 0x1B, 0x1F, 0x28, 0x2A, 0x2C, 0x32, 0x36, 0x34, 0x3E, 0x41, 0x4E, 0x67, 0x69,
    0x52, 0x73, 0x90, 0x95, 0xC8, 0xCC, 0xDF, 0xE9, 0xDF, 0xDE, 0xDC, 0xCC, 0x96, 0x91, 0x73, 0x72,
    0x69, 0x4F, 0x4C, 0x4E, 0x41, 0x3E, 0x38, 0x32, 0x2C, 0x2A, 0x26, 0x1F, 0x1B, 0x1B, 0x1B, 0x19,
    0x19, 0x19, 0x19, 0x19, 0x16, 0x16, 0x16, 0x16, 0x16, 0x16, 0x14, 0x14, 0x14, 0x14, 0x14, 0x14,
    0x13, 0x13, 0x13, 0x13, 0x13, 0x13, 0x13, 0x11, 0x11, 0x11, 0x11, 0x11, 0x11, 0x0F, 0x0F, 0x0F,
    0x0F, 0x0F, 0x0F, 0x0F, 0x0F, 0x0F, 0x0F, 0x0F, 0x0F, 0x0F, 0x0F, 0x0F, 0x0F, 0x0F, 0x0F, 0x0F,
    0x0F, 0x0F, 0x0F, 0x0F, 0x0F, 0x0F, 0x0F, 0x11, 0x11, 0x11, 0x11, 0x11, 0x11, 0x13, 0x13, 0x13,
    0x13, 0x13, 0x13, 0x13, 0x14, 0x14, 0x14, 0x14, 0x14, 0x14, 0x16, 0x16, 0x16, 0x16, 0x16, 0x16,
    0x19, 0x19, 0x19, 0x19, 0x19, 0x1B, 0x1B, 0x1B, 0x1F, 0x26, 0x2A, 0x2C, 0x32, 0x36, 0x36, 0x3A,
    0x3F, 0x4E, 0x4F, 0x69, 0x52, 0x73, 0x73, 0x95, 0x96, 0xCC, 0xE3, 0xE9, 0xDF, 0xDE, 0xDC, 0xC8,
    0x96, 0x91, 0x73, 0x72, 0x69, 0x67, 0x3B, 0x41, 0x3F, 0x3A, 0x34, 0x30, 0x2A, 0x28, 0x1F, 0x1B,
    0x1B, 0x1B, 0x1B, 0x19, 0x19, 0x19, 0x19, 0x19, 0x16, 0x16, 0x16, 0x16, 0x16, 0x16, 0x14, 0x14,
    0x14, 0x14, 0x14, 0x13, 0x13, 0x13, 0x13, 0x13, 0x13, 0x13, 0x11, 0x11, 0x11, 0x11, 0x11, 0x11,
    0x0F, 0x0F, 0x0F, 0x0F, 0x0F, 0x0F, 0x0F, 0x0F, 0x0F, 0x0F, 0x0F, 0x0F, 0x0F, 0x0F, 0x0F, 0x0F,
    0x0F, 0x0F, 0x0F, 0x0F, 0x0F, 0x0F, 0x0F, 0x0F, 0x0F, 0x0F, 0x0F, 0x0F, 0x11, 0x11, 0x11, 0x11,
    0x11, 0x11, 0x13, 0x13, 0x13, 0x13, 0x13, 0x13, 0x13, 0x14, 0x14, 0x14, 0x14, 0x14, 0x16, 0x16,
    0x16, 0x16, 0x16, 0x16, 0x19, 0x19, 0x19, 0x19, 0x19, 0x1B, 0x1B, 0x1B, 0x1B, 0x1F, 0x28, 0x2A,
    0x30, 0x32, 0x36, 0x2D, 0x3F, 0x41, 0x4F, 0x67, 0x4F, 0x6F, 0x73, 0x91, 0x96, 0xCC, 0xDF, 0xE9,
    0xE2, 0xDE, 0xD6, 0xC8, 0x96, 0x90, 0x73, 0x72, 0x69, 0x67, 0x3F, 0x3F, 0x3E, 0x3A, 0x32, 0x30,
    0x2A, 0x28, 0x1F, 0x1B, 0x1B, 0x1B, 0x19, 0x19, 0x19, 0x19, 0x19, 0x16, 0x16, 0x16, 0x16, 0x16,
    0x16, 0x16, 0x14, 0x14, 0x14, 0x14, 0x14, 0x13, 0x13, 0x13, 0x13, 0x13, 0x13, 0x11, 0x11, 0x11,
    0x11, 0x11, 0x11, 0x0F, 0x0F, 0x0F, 0x0F, 0x0F, 0x0F, 0x0F, 0x0F, 0x0F, 0x0F, 0x0D, 0x0D, 0x0D,
    0x0D, 0x0D, 0x0D, 0x0D, 0x0D, 0x0D, 0x0D, 0x0F, 0x0F, 0x0F, 0x0F, 0x0F, 0x0F, 0x0F, 0x0F, 0x0F,
    0x0F, 0x11, 0x11, 0x11, 0x11, 0x11, 0x11, 0x13, 0x13, 0x13, 0x13, 0x13, 0x13, 0x14, 0x14, 0x14,
    0x14, 0x14, 0x16, 0x16, 0x16, 0x16, 0x16, 0x16, 0x16, 0x19, 0x19, 0x19, 0x19, 0x19, 0x1B, 0x1B,
    0x1B, 0x1F, 0x28, 0x2A, 0x30, 0x32, 0x36, 0x38, 0x3E, 0x41, 0x4F, 0x67, 0x69, 0x69, 0x73, 0x91,
    0x96, 0xC8, 0xDE, 0xE9, 0xE2, 0xDE, 0xCC, 0xC8, 0x95, 0x90, 0x73, 0x72, 0x69, 0x67, 0x3F, 0x2E,
    0x3E, 0x3A, 0x32, 0x2C, 0x2A, 0x26, 0x1F, 0x1B, 0x1B, 0x1B, 0x19, 0x19, 0x19, 0x19, 0x19, 0x16,
    0x16, 0x16, 0x16, 0x16, 0x16, 0x14, 0x14, 0x14, 0x14, 0x14, 0x13, 0x13, 0x13, 0x13, 0x13, 0x13,
    0x13, 0x11, 0x11, 0x11, 0x11, 0x11, 0x11, 0x0F, 0x0F, 0x0F, 0x0F, 0x0F, 0x0F, 0x0F, 0x0F, 0x0D,
    0x0D, 0x0D, 0x0D, 0x0D, 0x0D, 0x0D, 0x0D, 0x0D, 0x0D, 0x0D, 0x0D, 0x0D, 0x0D, 0x0F, 0x0F, 0x0F,
    0x0F, 0x0F, 0x0F, 0x0F, 0x0F, 0x11, 0x11, 0x11, 0x11, 0x11, 0x11, 0x13, 0x13, 0x13, 0x13, 0x13,
    0x13, 0x13, 0x14, 0x14, 0x14, 0x14, 0x14, 0x16, 0x16, 0x16, 0x16, 0x16, 0x16, 0x19, 0x19, 0x19,
    0x19, 0x19, 0x1B, 0x1B, 0x1B, 0x1F, 0x26, 0x2A, 0x2C, 0x32, 0x36, 0x37, 0x3E, 0x41, 0x4E, 0x67,
    0x69, 0x52, 0x73, 0x91, 0x95, 0xC8, 0xE0, 0xE9, 0xDE, 0xDD, 0xCC, 0x96, 0x91, 0x90, 0x73, 0x6F,
    0x69, 0x4F, 0x4C, 0x25, 0x3E, 0x39, 0x32, 0x2C, 0x2A, 0x26, 0x1F, 0x1B, 0x1B, 0x1B, 0x19, 0x19,
    0x19, 0x19, 0x19, 0x16, 0x16, 0x16, 0x16, 0x16, 0x16, 0x14, 0x14, 0x14, 0x14, 0x14, 0x13, 0x13,
    0x13, 0x13, 0x13, 0x13, 0x11, 0x11, 0x11, 0x11, 0x11, 0x11, 0x0F, 0x0F, 0x0F, 0x0F, 0x0F, 0x0F,
    0x0F, 0x0F, 0x0D, 0x0D, 0x0D, 0x0D, 0x0D, 0x0D, 0x0D, 0x0D, 0x0D, 0x0D, 0x0D, 0x0D, 0x0D, 0x0D,
    0x0D, 0x0D, 0x0F, 0x0F, 0x0F, 0x0F, 0x0F, 0x0F, 0x0F, 0x0F, 0x11, 0x11, 0x11, 0x11, 0x11, 0x11,
    0x13, 0x13, 0x13, 0x13, 0x13, 0x13, 0x14, 0x14, 0x14, 0x14, 0x14, 0x16, 0x16, 0x16, 0x16, 0x16,
    0x16, 0x19, 0x19, 0x19, 0x19, 0x19, 0x1B, 0x1B, 0x1B, 0x1F, 0x26, 0x2A, 0x2C, 0x32, 0x36, 0x37,
    0x3A, 0x41, 0x4E, 0x67, 0x69, 0x52, 0x73, 0x90, 0x95, 0xC8, 0xCC, 0xE9, 0xDE, 0xE1, 0xCC, 0x96,
    0x91, 0x90, 0x73, 0x69, 0x69, 0x4F, 0x4C, 0x3A, 0x3E, 0x39, 0x32, 0x2C, 0x2A, 0x26, 0x1F, 0x1B,
    0x1B, 0x19, 0x19, 0x19, 0x19, 0x19, 0x19, 0x16, 0x16, 0x16, 0x16, 0x16, 0x16, 0x14, 0x14, 0x14,
    0x14, 0x14, 0x13, 0x13, 0x13, 0x13, 0x13, 0x13, 0x11, 0x11, 0x11, 0x11, 0x11, 0x0F, 0x0F, 0x0F,
    0x0F, 0x0F, 0x0F, 0x0F, 0x0F, 0x0D, 0x0D, 0x0D, 0x0D, 0x0D, 0x0D, 0x0D, 0x0D, 0x0D, 0x0D, 0x0D,
    0x0D, 0x0D, 0x0D, 0x0D, 0x0D, 0x0D, 0x0D, 0x0F, 0x0F, 0x0F, 0x0F, 0x0F, 0x0F, 0x0F, 0x0F, 0x11,
    0x11, 0x11, 0x11, 0x11, 0x13, 0x13, 0x13, 0x13, 0x13, 0x13, 0x14, 0x14, 0x14, 0x14, 0x14, 0x16,
    0x16, 0x16, 0x16, 0x16, 0x16, 0x19, 0x19, 0x19, 0x19, 0x19, 0x19, 0x1B, 0x1B, 0x1F, 0x26, 0x2A,
    0x2C, 0x32, 0x36, 0x37, 0x3A, 0x3F, 0x4E, 0x4F, 0x69, 0x69, 0x6E, 0x90, 0x95, 0x96, 0xCC, 0xE3,
    0xDE, 0xDD, 0xCC, 0x96, 0x91, 0x90, 0x73, 0x69, 0x67, 0x4F, 0x41, 0x3A, 0x3A, 0x34, 0x30, 0x2A,
    0x28, 0x1F, 0x1B, 0x1B, 0x1B, 0x19, 0x19, 0x19, 0x19, 0x19, 0x16, 0x16, 0x16, 0x16, 0x16, 0x16,
    0x14, 0x14, 0x14, 0x14, 0x14, 0x13, 0x13, 0x13, 0x13, 0x13, 0x13, 0x13, 0x11, 0x11, 0x11, 0x11,
    0x11, 0x0F, 0x0F, 0x0F, 0x0F, 0x0F, 0x0F, 0x0F, 0x0D, 0x0D, 0x0D, 0x0D, 0x0D, 0x0D, 0x0D, 0x0D,
    0x0D, 0x0D, 0x0D, 0x0D, 0x0D, 0x0D, 0x0D, 0x0D, 0x0D, 0x0D, 0x0D, 0x0D, 0x0F, 0x0F, 0x0F, 0x0F,
    0x0F, 0x0F, 0x0F, 0x11, 0x11, 0x11, 0x11, 0x11, 0x13, 0x13, 0x13, 0x13, 0x13, 0x13, 0x13, 0x14,
    0x14, 0x14, 0x14, 0x14, 0x16, 0x16, 0x16, 0x16, 0x16, 0x16, 0x19, 0x19, 0x19, 0x19, 0x19, 0x1B,
    0x1B, 0x1B, 0x1F, 0x28, 0x2A, 0x30, 0x32, 0x37, 0x2D, 0x3F, 0x4E, 0x4F, 0x69, 0x6D, 0x6E, 0x90,
    0x95, 0x96, 0xCC, 0xDF, 0xDE, 0xDD, 0xC8, 0x96, 0x91, 0x73, 0x72, 0x69, 0x67, 0x4F, 0x41, 0x3A,
    0x3A, 0x32, 0x30, 0x2A, 0x28, 0x1F, 0x1B, 0x1B, 0x1B, 0x19, 0x19, 0x19, 0x19, 0x19, 0x16, 0x16,
    0x16, 0x16, 0x16, 0x16, 0x14, 0x14, 0x14, 0x14, 0x14, 0x13, 0x13, 0x13, 0x13, 0x13, 0x13, 0x11,
    0x11, 0x11, 0x11, 0x11, 0x0F, 0x0F, 0x0F, 0x0F, 0x0F, 0x0F, 0x0F, 0x0D, 0x0D, 0x0D, 0x0D, 0x0D,
    0x0D, 0x0D, 0x0A, 0x0A, 0x0A, 0x0A, 0x0A, 0x0A, 0x0A, 0x0A, 0x0D, 0x0D, 0x0D, 0x0D, 0x0D, 0x0D,
    0x0D, 0x0F, 0x0F, 0x0F, 0x0F, 0x0F, 0x0F, 0x0F, 0x11, 0x11, 0x11, 0x11, 0x11, 0x13, 0x13, 0x13,
    0x13, 0x13, 0x13, 0x14, 0x14, 0x14, 0x14, 0x14, 0x16, 0x16, 0x16, 0x16, 0x16, 0x16, 0x19, 0x19,
    0x19, 0x19, 0x19, 0x1B, 0x1B, 0x1B, 0x1F, 0x28, 0x2A, 0x30, 0x32, 0x36, 0x38, 0x3F, 0x41, 0x4F,
    0x67, 0x69, 0x6E, 0x73, 0x91, 0x96, 0xCC, 0xDF, 0xE2, 0xDC, 0xC8, 0x96, 0x91, 0x73, 0x72, 0x69,
    0x67, 0x4F, 0x41, 0x3A, 0x3A, 0x32, 0x30, 0x2A, 0x28, 0x1F, 0x1B, 0x1B, 0x1B, 0x19, 0x19, 0x19,
    0x19, 0x19, 0x16, 0x16, 0x16, 0x16, 0x16, 0x16, 0x14, 0x14, 0x14, 0x14, 0x14, 0x13, 0x13, 0x13,
    0x13, 0x13, 0x13, 0x11, 0x11, 0x11, 0x11, 0x11, 0x0F, 0x0F, 0x0F, 0x0F, 0x0F, 0x0F, 0x0D, 0x0D,
    0x0D, 0x0D, 0x0D, 0x0D, 0x0D, 0x0A, 0x0A, 0x0A, 0x0A, 0x0A, 0x0A, 0x0A, 0x0A, 0x0A, 0x0A, 0x0D,
    0x0D, 0x0D, 0x0D, 0x0D, 0x0D, 0x0D, 0x0F, 0x0F, 0x0F, 0x0F, 0x0F, 0x0F, 0x11, 0x11, 0x11, 0x11,
    0x11, 0x13, 0x13, 0x13, 0x13, 0x13, 0x13, 0x14, 0x14, 0x14, 0x14, 0x14, 0x16, 0x16, 0x16, 0x16,
    0x16, 0x16, 0x19, 0x19, 0x19, 0x19, 0x19, 0x1B, 0x1B, 0x1B, 0x1F, 0x28, 0x2A, 0x30, 0x32, 0x36,
    0x38, 0x3E, 0x41, 0x4F, 0x67, 0x69, 0x72, 0x6F, 0x91, 0x96, 0xCC, 0xE2, 0xDE, 0xDC, 0xC8, 0x96,
    0x91, 0x73, 0x72, 0x69, 0x67, 0x4E, 0x3F, 0x3A, 0x3A, 0x32, 0x2C, 0x2A, 0x26, 0x1F, 0x1B, 0x1B,
    0x1B, 0x19, 0x19, 0x19, 0x19, 0x19, 0x16, 0x16, 0x16, 0x16, 0x16, 0x16, 0x14, 0x14, 0x14, 0x14,
    0x14, 0x13, 0x13, 0x13, 0x13, 0x13, 0x13, 0x11, 0x11, 0x11, 0x11, 0x11, 0x0F, 0x0F, 0x0F, 0x0F,
    0x0F, 0x0F, 0x0D, 0x0D, 0x0D, 0x0D, 0x0D, 0x0D, 0x0A, 0x0A, 0x0A, 0x0A, 0x0A, 0x0A, 0x0A, 0x0A,
    0x0A, 0x0A, 0x0A, 0x0A, 0x0D, 0x0D, 0x0D, 0x0D, 0x0D, 0x0D, 0x0F, 0x0F, 0x0F, 0x0F, 0x0F, 0x0F,
    0x11, 0x11, 0x11, 0x11, 0x11, 0x13, 0x13, 0x13, 0x13, 0x13, 0x13, 0x14, 0x14, 0x14, 0x14, 0x14,
    0x16, 0x16, 0x16, 0x16, 0x16, 0x16, 0x19, 0x19, 0x19, 0x19, 0x19, 0x1B, 0x1B, 0x1B, 0x1F, 0x26,
    0x2A, 0x2C, 0x32, 0x36, 0x38, 0x3E, 0x41, 0x4E, 0x67, 0x69, 0x8A, 0x6E, 0x91, 0x96, 0xCC, 0xDE,
    0xDE, 0xDC, 0xC8, 0x96, 0x91, 0x73, 0x72, 0x69, 0x67, 0x4E, 0x3B, 0x3E, 0x2D, 0x32, 0x2C, 0x2A,
    0x26, 0x1F, 0x1B, 0x1B, 0x1B, 0x19, 0x19, 0x19, 0x19, 0x19, 0x16, 0x16, 0x16, 0x16, 0x16, 0x16,
    0x14, 0x14, 0x14, 0x14, 0x14, 0x13, 0x13, 0x13, 0x13, 0x13, 0x11, 0x11, 0x11, 0x11, 0x11, 0x0F,
    0x0F, 0x0F, 0x0F, 0x0F, 0x0F, 0x0F, 0x0D, 0x0D, 0x0D, 0x0D, 0x0D, 0x0A, 0x0A, 0x0A, 0x0A, 0x0A,
    0x0A, 0x0A, 0x0A, 0x0A, 0x0A, 0x0A, 0x0A, 0x0A, 0x0A, 0x0D, 0x0D, 0x0D, 0x0D, 0x0D, 0x0F, 0x0F,
    0x0F, 0x0F, 0x0F, 0x0F, 0x0F, 0x11, 0x11, 0x11, 0x11, 0x11, 0x13, 0x13, 0x13, 0x13, 0x13, 0x14,
    0x14, 0x14, 0x14, 0x14, 0x16, 0x16, 0x16, 0x16, 0x16, 0x16, 0x19, 0x19, 0x19, 0x19, 0x19, 0x1B,
    0x1B, 0x1B, 0x1F, 0x26, 0x2A, 0x2C, 0x32, 0x36, 0x37, 0x3E, 0x41, 0x4E, 0x67, 0x6B, 0x8A, 0x6E,
    0x91, 0x96, 0xC8, 0xDD, 0xDE, 0xDC, 0xC8, 0x96, 0x91, 0x73, 0x72, 0x69, 0x67, 0x4D, 0x25, 0x3E,
    0x38, 0x32, 0x2C, 0x2A, 0x26, 0x1F, 0x1B, 0x1B, 0x1B, 0x19, 0x19, 0x19, 0x19, 0x19, 0x16, 0x16,
    0x16, 0x16, 0x16, 0x14, 0x14, 0x14, 0x14, 0x14, 0x13, 0x13, 0x13, 0x13, 0x13, 0x13, 0x11, 0x11,
    0x11, 0x11, 0x11, 0x0F, 0x0F, 0x0F, 0x0F, 0x0F, 0x0F, 0x0D, 0x0D, 0x0D, 0x0D, 0x0D, 0x0A, 0x0A,
    0x0A, 0x0A, 0x0A, 0x0A, 0x0A, 0x0A, 0x0A, 0x0A, 0x0A, 0x0A, 0x0A, 0x0A, 0x0A, 0x0A, 0x0D, 0x0D,
    0x0D, 0x0D, 0x0D, 0x0F, 0x0F, 0x0F, 0x0F, 0x0F, 0x0F, 0x11, 0x11, 0x11, 0x11, 0x11, 0x13, 0x13,
    0x13, 0x13, 0x13, 0x13, 0x14, 0x14, 0x14, 0x14, 0x14, 0x16, 0x16, 0x16, 0x16, 0x16, 0x19, 0x19,
    0x19, 0x19, 0x19, 0x1B, 0x1B, 0x1B, 0x1F, 0x26, 0x2A, 0x2C, 0x32, 0x36, 0x37, 0x3E, 0x41, 0x4E,
    0x67, 0x6B, 0x89, 0x6E, 0x91, 0x96, 0xC8, 0xDD, 0xDE, 0xD6, 0xC8, 0x95, 0x90, 0x73, 0x72, 0x69,
    0x67, 0x4C, 0x25, 0x3E, 0x38, 0x32, 0x2C, 0x2A, 0x26, 0x1F, 0x1B, 0x1B, 0x1B, 0x19, 0x19, 0x19,
    0x19, 0x16, 0x16, 0x16, 0x16, 0x16, 0x16, 0x14, 0x14, 0x14, 0x14, 0x14, 0x13, 0x13, 0x13, 0x13,
    0x13, 0x13, 0x11, 0x11, 0x11, 0x11, 0x11, 0x0F, 0x0F, 0x0F, 0x0F, 0x0F, 0x0F, 0x0D, 0x0D, 0x0D,
    0x0D, 0x0D, 0x0A, 0x0A, 0x0A, 0x0A, 0x0A, 0x0A, 0x0A, 0x0A, 0x0A, 0x0A, 0x0A, 0x0A, 0x0A, 0x0A,
    0x0A, 0x0A, 0x0D, 0x0D, 0x0D, 0x0D, 0x0D, 0x0F, 0x0F, 0x0F, 0x0F, 0x0F, 0x0F, 0x11, 0x11, 0x11,
    0x11, 0x11, 0x13, 0x13, 0x13, 0x13, 0x13, 0x13, 0x14, 0x14, 0x14, 0x14, 0x14, 0x16, 0x16, 0x16,
    0x16, 0x16, 0x16, 0x19, 0x19, 0x19, 0x19, 0x1B, 0x1B, 0x1B, 0x1F, 0x26, 0x2A, 0x2C, 0x32, 0x36,
    0x37, 0x3E, 0x41, 0x4E, 0x67, 0x6B, 0x89, 0x6E, 0x90, 0x95, 0xC8, 0xE0, 0xE2, 0xDC, 0xC8, 0x95,
    0x90, 0x73, 0x6F, 0x69, 0x4F, 0x3F, 0x3B, 0x3E, 0x38, 0x32, 0x2C, 0x2A, 0x26, 0x1F, 0x1B, 0x1B,
    0x1B, 0x19, 0x19, 0x19, 0x19, 0x16, 0x16, 0x16, 0x16, 0x16, 0x16, 0x14, 0x14, 0x14, 0x14, 0x14,
    0x13, 0x13, 0x13, 0x13, 0x13, 0x13, 0x11, 0x11, 0x11, 0x11, 0x11, 0x0F, 0x0F, 0x0F, 0x0F, 0x0F,
    0x0F, 0x0D, 0x0D, 0x0D, 0x0D, 0x0D, 0x0A, 0x0A, 0x0A, 0x0A, 0x0A, 0x0A, 0x0A, 0x0A, 0x0A, 0x0A,
    0x0A, 0x0A, 0x0A, 0x0A, 0x0A, 0x0A, 0x0D, 0x0D, 0x0D, 0x0D, 0x0D, 0x0F, 0x0F, 0x0F, 0x0F, 0x0F,
    0x0F, 0x11, 0x11, 0x11, 0x11, 0x11, 0x13, 0x13, 0x13, 0x13, 0x13, 0x13, 0x14, 0x14, 0x14, 0x14,
    0x14, 0x16, 0x16, 0x16, 0x16, 0x16, 0x16, 0x19, 0x19, 0x19, 0x19, 0x1B, 0x1B, 0x1B, 0x1F, 0x26,
    0x2A, 0x2C, 0x32, 0x36, 0x37, 0x3E, 0x41, 0x4E, 0x67, 0x6B, 0x89, 0x6E, 0x90, 0x95, 0xC8, 0xDD,
    0xDE, 0xD6, 0xC8, 0x95, 0x90, 0x73, 0x6F, 0x69, 0x4F, 0x3B, 0x3F, 0x3E, 0x38, 0x32, 0x2C, 0x2A,
    0x26, 0x1F, 0x1B, 0x1B, 0x1B, 0x19, 0x19, 0x19, 0x19, 0x16, 0x16, 0x16, 0x16, 0x16, 0x16, 0x14,
    0x14, 0x14, 0x14, 0x14, 0x13, 0x13, 0x13, 0x13, 0x13, 0x13, 0x11, 0x11, 0x11, 0x11, 0x11, 0x0F,
    0x0F, 0x0F, 0x0F, 0x0F, 0x0F, 0x0D, 0x0D, 0x0D, 0x0D, 0x0D, 0x0A, 0x0A, 0x0A, 0x0A, 0x0A, 0x0A,
    0x0A, 0x0A, 0x0A, 0x0A, 0x0A, 0x0A, 0x0A, 0x0A, 0x0A, 0x0A, 0x0D, 0x0D, 0x0D, 0x0D, 0x0D, 0x0F,
    0x0F, 0x0F, 0x0F, 0x0F, 0x0F, 0x11, 0x11, 0x11, 0x11, 0x11, 0x13, 0x13, 0x13, 0x13, 0x13, 0x13,
    0x14, 0x14, 0x14, 0x14, 0x14, 0x16, 0x16, 0x16, 0x16, 0x16, 0x16, 0x19, 0x19, 0x19, 0x19, 0x1B,
    0x1B, 0x1B, 0x1F, 0x26, 0x2A, 0x2C, 0x32, 0x36, 0x38, 0x3E, 0x41, 0x4E, 0x67, 0x6B, 0x89, 0x6E,
    0x90, 0x95, 0xC8, 0xDC, 0xE2, 0xDC, 0xC8, 0x95, 0x90, 0x73, 0x6F, 0x69, 0x4D, 0x3F, 0x3F, 0x3E,
    0x38, 0x32, 0x2C, 0x2A, 0x26, 0x1F, 0x1B, 0x1B, 0x1B, 0x19, 0x19, 0x19, 0x19, 0x16, 0x16, 0x16,
    0x16, 0x16, 0x16, 0x14, 0x14, 0x14, 0x14, 0x14, 0x13, 0x13, 0x13, 0x13, 0x13, 0x13, 0x11, 0x11,
    0x11, 0x11, 0x11, 0x0F, 0x0F, 0x0F, 0x0F, 0x0F, 0x0F, 0x0D, 0x0D, 0x0D, 0x0D, 0x0D, 0x0A, 0x0A,
    0x0A, 0x0A, 0x0A, 0x0A, 0x0A, 0x0A, 0x0A, 0x0A, 0x0A, 0x0A, 0x0A, 0x0A, 0x0A, 0x0A, 0x0D, 0x0D,
    0x0D, 0x0D, 0x0D, 0x0F, 0x0F, 0x0F, 0x0F, 0x0F, 0x0F, 0x11, 0x11, 0x11, 0x11, 0x11, 0x13, 0x13,
    0x13, 0x13, 0x13, 0x13, 0x14, 0x14, 0x14, 0x14, 0x14, 0x16, 0x16, 0x16, 0x16, 0x16, 0x16, 0x19,
    0x19, 0x19, 0x19, 0x1B, 0x1B, 0x1B, 0x1F, 0x26, 0x2A, 0x2C, 0x32, 0x36, 0x38, 0x3E, 0x41, 0x4E,
    0x67, 0x69, 0x89, 0x6E, 0x90, 0x95, 0xC8, 0xDD, 0xE2, 0xDC, 0xC8, 0x95, 0x90, 0x73, 0x6F, 0x69,
    0x4C, 0x4D, 0x41, 0x3E, 0x38, 0x32, 0x2C, 0x2A, 0x26, 0x1F, 0x1B, 0x1B, 0x1B, 0x19, 0x19, 0x19,
    0x19, 0x16, 0x16, 0x16, 0x16, 0x16, 0x16, 0x14, 0x14, 0x14, 0x14, 0x14, 0x13, 0x13, 0x13, 0x13,
    0x13, 0x13, 0x11, 0x11, 0x11, 0x11, 0x11, 0x0F, 0x0F, 0x0F, 0x0F, 0x0F, 0x0F, 0x0D, 0x0D, 0x0D,
    0x0D, 0x0D, 0x0A, 0x0A, 0x0A, 0x0A, 0x0A, 0x0A, 0x0A, 0x0A, 0x0A, 0x0A, 0x0A, 0x0A, 0x0A, 0x0A,
    0x0A, 0x0A, 0x0D, 0x0D, 0x0D, 0x0D, 0x0D, 0x0F, 0x0F, 0x0F, 0x0F, 0x0F, 0x0F, 0x11, 0x11, 0x11,
    0x11, 0x11, 0x13, 0x13, 0x13, 0x13, 0x13, 0x13, 0x14, 0x14, 0x14, 0x14, 0x14, 0x16, 0x16, 0x16,
    0x16, 0x16, 0x16, 0x19, 0x19, 0x19, 0x19, 0x1B, 0x1B, 0x1B, 0x1F, 0x26, 0x2A, 0x2C, 0x32, 0x36,
    0x38, 0x3E, 0x41, 0x4E, 0x67, 0x69, 0x89, 0x6E, 0x91, 0x95, 0xC8, 0xDD, 0xE2, 0xDC, 0xC8, 0x96,
    0x90, 0x73, 0x6F, 0x52, 0x4C, 0x4E, 0x41, 0x3E, 0x38, 0x32, 0x2C, 0x2A, 0x26, 0x1F, 0x1B, 0x1B,
    0x1B, 0x19, 0x19, 0x19, 0x19, 0x16, 0x16, 0x16, 0x16, 0x16, 0x16, 0x14, 0x14, 0x14, 0x14, 0x14,
    0x13, 0x13, 0x13, 0x13, 0x13, 0x13, 0x11, 0x11, 0x11, 0x11, 0x11, 0x0F, 0x0F, 0x0F, 0x0F, 0x0F,
    0x0F, 0x0D, 0x0D, 0x0D, 0x0D, 0x0D, 0x0A, 0x0A, 0x0A, 0x0A, 0x0A, 0x0A, 0x0A, 0x0A, 0x0A, 0x0A,
    0x0A, 0x0A, 0x0A, 0x0A, 0x0A, 0x0A, 0x0D, 0x0D, 0x0D, 0x0D, 0x0D, 0x0F, 0x0F, 0x0F, 0x0F, 0x0F,
    0x0F, 0x11, 0x11, 0x11, 0x11, 0x11, 0x13, 0x13, 0x13, 0x13, 0x13, 0x13, 0x14, 0x14, 0x14, 0x14,
    0x14, 0x16, 0x16, 0x16, 0x16, 0x16, 0x16, 0x19, 0x19, 0x19, 0x19, 0x1B, 0x1B, 0x1B, 0x1F, 0x26,
    0x2A, 0x2C, 0x32, 0x36, 0x38, 0x3E, 0x41, 0x4E, 0x67, 0x69, 0x72, 0x6E, 0x91, 0x96, 0xC8, 0xDD,
    0xDF, 0xDC, 0xC8, 0x96, 0x90, 0x73, 0x6F, 0x4C, 0x4E, 0x4E, 0x41, 0x3E, 0x38, 0x32, 0x2C, 0x2A,
    0x26, 0x1F, 0x1B, 0x1B, 0x1B, 0x19, 0x19, 0x19, 0x19, 0x19, 0x16, 0x16, 0x16, 0x16, 0x16, 0x14,
    0x14, 0x14, 0x14, 0x14, 0x13, 0x13, 0x13, 0x13, 0x13, 0x13, 0x11, 0x11, 0x11, 0x11, 0x11, 0x0F,
    0x0F, 0x0F, 0x0F, 0x0F, 0x0F, 0x0D, 0x0D, 0x0D, 0x0D, 0x0D, 0x0A, 0x0A, 0x0A, 0x0A, 0x0A, 0x0A,
    0x0A, 0x0A, 0x0A, 0x0A, 0x0A, 0x0A, 0x0A, 0x0A, 0x0A, 0x0A, 0x0D, 0x0D, 0x0D, 0x0D, 0x0D, 0x0F,
    0x0F, 0x0F, 0x0F, 0x0F, 0x0F, 0x11, 0x11, 0x11, 0x11, 0x11, 0x13, 0x13, 0x13, 0x13, 0x13, 0x13,
    0x14, 0x14, 0x14, 0x14, 0x14, 0x16, 0x16, 0x16, 0x16, 0x16, 0x19, 0x19, 0x19, 0x19, 0x19, 0x1B,
    0x1B, 0x1B, 0x1F, 0x26, 0x2A, 0x2C, 0x32, 0x36, 0x3A, 0x3E, 0x41, 0x4F, 0x67, 0x69, 0x69, 0x6F,
    0x91, 0x96, 0xC8, 0xDE, 0xE2, 0xDC, 0xC8, 0x96, 0x90, 0x73, 0x6E, 0x47, 0x67, 0x4E, 0x41, 0x3E,
    0x2D, 0x32, 0x2C, 0x2A, 0x26, 0x1F, 0x1B, 0x1B, 0x1B, 0x19, 0x19, 0x19, 0x19, 0x19, 0x16, 0x16,
    0x16, 0x16, 0x16, 0x16, 0x14, 0x14, 0x14, 0x14, 0x14, 0x13, 0x13, 0x13, 0x13, 0x13, 0x11, 0x11,
    0x11, 0x11, 0x11, 0x0F, 0x0F, 0x0F, 0x0F, 0x0F, 0x0F, 0x0F, 0x0D, 0x0D, 0x0D, 0x0D, 0x0D, 0x0A,
    0x0A, 0x0A, 0x0A, 0x0A, 0x0A, 0x0A, 0x0A, 0x0A, 0x0A, 0x0A, 0x0A, 0x0A, 0x0A, 0x0D, 0x0D, 0x0D,
    0x0D, 0x0D, 0x0F, 0x0F, 0x0F, 0x0F, 0x0F, 0x0F, 0x0F, 0x11, 0x11, 0x11, 0x11, 0x11, 0x13, 0x13,
    0x13, 0x13, 0x13, 0x14, 0x14, 0x14, 0x14, 0x14, 0x16, 0x16, 0x16, 0x16, 0x16, 0x16, 0x19, 0x19,
    0x19, 0x19, 0x19, 0x1B, 0x1B, 0x1B, 0x1F, 0x26, 0x2A, 0x2C, 0x32, 0x36, 0x3A, 0x3E, 0x41, 0x4F,
    0x67, 0x69, 0x52, 0x73, 0x91, 0x96, 0xCC, 0xDE, 0xDF, 0xDC, 0xC8, 0x96, 0x90, 0x73, 0x52, 0x4D,
    0x67, 0x4F, 0x41, 0x3E, 0x3A, 0x32, 0x2C, 0x2A, 0x26, 0x1F, 0x1B, 0x1B, 0x1B, 0x19, 0x19, 0x19,
    0x19, 0x19, 0x16, 0x16, 0x16, 0x16, 0x16, 0x16, 0x14, 0x14, 0x14, 0x14, 0x14, 0x13, 0x13, 0x13,
    0x13, 0x13, 0x13, 0x11, 0x11, 0x11, 0x11, 0x11, 0x0F, 0x0F, 0x0F, 0x0F, 0x0F, 0x0F, 0x0D, 0x0D,
    0x0D, 0x0D, 0x0D, 0x0D, 0x0A, 0x0A, 0x0A, 0x0A, 0x0A, 0x0A, 0x0A, 0x0A, 0x0A, 0x0A, 0x0A, 0x0A,
    0x0D, 0x0D, 0x0D, 0x0D, 0x0D, 0x0D, 0x0F, 0x0F, 0x0F, 0x0F, 0x0F, 0x0F, 0x11, 0x11, 0x11, 0x11,
    0x11, 0x13, 0x13, 0x13, 0x13, 0x13, 0x13, 0x14, 0x14, 0x14, 0x14, 0x14, 0x16, 0x16, 0x16, 0x16,
    0x16, 0x16, 0x19, 0x19, 0x19, 0x19, 0x19, 0x1B, 0x1B, 0x1B, 0x1F, 0x26, 0x2A, 0x2C, 0x32, 0x36,
    0x3A, 0x3E, 0x41, 0x4F, 0x67, 0x69, 0x52, 0x73, 0x91, 0x96, 0xCC, 0xDE, 0xDF, 0xDD, 0xC8, 0x96,
    0x90, 0x73, 0x50, 0x52, 0x67, 0x4F, 0x41, 0x3E, 0x3A, 0x32, 0x30, 0x2A, 0x28, 0x1F, 0x1B, 0x1B,
    0x1B, 0x19, 0x19, 0x19, 0x19, 0x19, 0x16, 0x16, 0x16, 0x16, 0x16, 0x16, 0x14, 0x14, 0x14, 0x14,
    0x14, 0x13, 0x13, 0x13, 0x13, 0x13, 0x13, 0x11, 0x11, 0x11, 0x11, 0x11, 0x0F, 0x0F, 0x0F, 0x0F,
    0x0F, 0x0F, 0x0D, 0x0D, 0x0D, 0x0D, 0x0D, 0x0D, 0x0D, 0x0A, 0x0A, 0x0A, 0x0A, 0x0A, 0x0A, 0x0A,
    0x0A, 0x0A, 0x0A, 0x0D, 0x0D, 0x0D, 0x0D, 0x0D, 0x0D, 0x0D, 0x0F, 0x0F, 0x0F, 0x0F, 0x0F, 0x0F,
    0x11, 0x11, 0x11, 0x11, 0x11, 0x13, 0x13, 0x13, 0x13, 0x13, 0x13, 0x14, 0x14, 0x14, 0x14, 0x14,
    0x16, 0x16, 0x16, 0x16, 0x16, 0x16, 0x19, 0x19, 0x19, 0x19, 0x19, 0x1B, 0x1B, 0x1B, 0x1F, 0x28,
    0x2A, 0x30, 0x32, 0x36, 0x3A, 0x3F, 0x41, 0x4F, 0x67, 0x4F, 0x72, 0x73, 0x91, 0x96, 0xCC, 0xE2,
    0xDF, 0xDD, 0xC8, 0x96, 0x90, 0x73, 0x50, 0x69, 0x67, 0x4F, 0x4D, 0x3F, 0x3A, 0x31, 0x30, 0x2A,
    0x28, 0x1F, 0x1B, 0x1B, 0x1B, 0x19, 0x19, 0x19, 0x19, 0x19, 0x16, 0x16, 0x16, 0x16, 0x16, 0x16,
    0x14, 0x14, 0x14, 0x14, 0x14, 0x13, 0x13, 0x13, 0x13, 0x13, 0x13, 0x11, 0x11, 0x11, 0x11, 0x11,
    0x0F, 0x0F, 0x0F, 0x0F, 0x0F, 0x0F, 0x0F, 0x0D, 0x0D, 0x0D, 0x0D, 0x0D, 0x0D, 0x0D, 0x0A, 0x0A,
    0x0A, 0x0A, 0x0A, 0x0A, 0x0A, 0x0A, 0x0D, 0x0D, 0x0D, 0x0D, 0x0D, 0x0D, 0x0D, 0x0F, 0x0F, 0x0F,
    0x0F, 0x0F, 0x0F, 0x0F, 0x11, 0x11, 0x11, 0x11, 0x11, 0x13, 0x13, 0x13, 0x13, 0x13, 0x13, 0x14,
    0x14, 0x14, 0x14, 0x14, 0x16, 0x16, 0x16, 0x16, 0x16, 0x16, 0x19, 0x19, 0x19, 0x19, 0x19, 0x1B,
    0x1B, 0x1B, 0x1F, 0x28, 0x2A, 0x30, 0x32, 0x37, 0x3A, 0x3F, 0x4E, 0x4F, 0x67, 0x4F, 0x73, 0x90,
    0x91, 0x96, 0xCC, 0xE2, 0xDF, 0xDD, 0xCC, 0x96, 0x91, 0x72, 0x50, 0x69, 0x69, 0x4F, 0x4E, 0x3F,
    0x3A, 0x34, 0x30, 0x2A, 0x28, 0x1F, 0x1B, 0x1B, 0x1B, 0x19, 0x19, 0x19, 0x19, 0x19, 0x16, 0x16,
    0x16, 0x16, 0x16, 0x16, 0x14, 0x14, 0x14, 0x14, 0x14, 0x13, 0x13, 0x13, 0x13, 0x13, 0x13, 0x13,
    0x11, 0x11, 0x11, 0x11, 0x11, 0x0F, 0x0F, 0x0F, 0x0F, 0x0F, 0x0F, 0x0F, 0x0D, 0x0D, 0x0D, 0x0D,
    0x0D, 0x0D, 0x0D, 0x0D, 0x0D, 0x0D, 0x0D, 0x0D, 0x0D, 0x0D, 0x0D, 0x0D, 0x0D, 0x0D, 0x0D, 0x0D,
    0x0F, 0x0F, 0x0F, 0x0F, 0x0F, 0x0F, 0x0F, 0x11, 0x11, 0x11, 0x11, 0x11, 0x13, 0x13, 0x13, 0x13,
    0x13, 0x13, 0x13, 0x14, 0x14, 0x14, 0x14, 0x14, 0x16, 0x16, 0x16, 0x16, 0x16, 0x16, 0x19, 0x19,
    0x19, 0x19, 0x19, 0x1B, 0x1B, 0x1B, 0x1F, 0x28, 0x2A, 0x30, 0x32, 0x39, 0x3E, 0x41, 0x4E, 0x4F,
    0x4D, 0x69, 0x73, 0x90, 0x95, 0x96, 0xCC, 0xDE, 0xE9, 0xDD, 0xCC, 0x96, 0x91, 0x6F, 0x53, 0x6F,
    0x69, 0x67, 0x4E, 0x41, 0x3E, 0x37, 0x32, 0x2C, 0x2A, 0x26, 0x1F, 0x1B, 0x1B, 0x19, 0x19, 0x19,
    0x19, 0x19, 0x19, 0x16, 0x16, 0x16, 0x16, 0x16, 0x16, 0x14, 0x14, 0x14, 0x14, 0x14, 0x13, 0x13,
    0x13, 0x13, 0x13, 0x13, 0x11, 0x11, 0x11, 0x11, 0x11, 0x0F, 0x0F, 0x0F, 0x0F, 0x0F, 0x0F, 0x0F,
    0x0F, 0x0D, 0x0D, 0x0D, 0x0D, 0x0D, 0x0D, 0x0D, 0x0D, 0x0D, 0x0D, 0x0D, 0x0D, 0x0D, 0x0D, 0x0D,
    0x0D, 0x0D, 0x0D, 0x0F, 0x0F, 0x0F, 0x0F, 0x0F, 0x0F, 0x0F, 0x0F, 0x11, 0x11, 0x11, 0x11, 0x11,
    0x13, 0x13, 0x13, 0x13, 0x13, 0x13, 0x14, 0x14, 0x14, 0x14, 0x14, 0x16, 0x16, 0x16, 0x16, 0x16,
    0x16, 0x19, 0x19, 0x19, 0x19, 0x19, 0x19, 0x1B, 0x1B, 0x1F, 0x26, 0x2A, 0x2C, 0x32, 0x36, 0x39,
    0x3E, 0x41, 0x4E, 0x4F, 0x4C, 0x6F, 0x73, 0x90, 0x95, 0xC8, 0xCC, 0xE2, 0xE9, 0xE1, 0xCC, 0x96,
    0x91, 0x6F, 0x6E, 0x6F, 0x69, 0x67, 0x4E, 0x41, 0x3E, 0x38, 0x32, 0x2C, 0x2A, 0x26, 0x1F, 0x1B,
    0x1B, 0x1B, 0x19, 0x19, 0x19, 0x19, 0x19, 0x16, 0x16, 0x16, 0x16, 0x16, 0x16, 0x14, 0x14, 0x14,
    0x14, 0x14, 0x13, 0x13, 0x13, 0x13, 0x13, 0x13, 0x11, 0x11, 0x11, 0x11, 0x11, 0x11, 0x0F, 0x0F,
    0x0F, 0x0F, 0x0F, 0x0F, 0x0F, 0x0F, 0x0D, 0x0D, 0x0D, 0x0D, 0x0D, 0x0D, 0x0D, 0x0D, 0x0D, 0x0D,
    0x0D, 0x0D, 0x0D, 0x0D, 0x0D, 0x0D, 0x0F, 0x0F, 0x0F, 0x0F, 0x0F, 0x0F, 0x0F, 0x0F, 0x11, 0x11,
    0x11, 0x11, 0x11, 0x11, 0x13, 0x13, 0x13, 0x13, 0x13, 0x13, 0x14, 0x14, 0x14, 0x14, 0x14, 0x16,
    0x16, 0x16, 0x16, 0x16, 0x16, 0x19, 0x19, 0x19, 0x19, 0x19, 0x1B, 0x1B, 0x1B, 0x1F, 0x26, 0x2A,
    0x2C, 0x32, 0x36, 0x38, 0x3E, 0x41, 0x4E, 0x4D, 0x4F, 0x72, 0x73, 0x90, 0x95, 0xC8, 0xD6, 0xDE,
    0xE7, 0xDE, 0xD5, 0xC8, 0x91, 0x6F, 0x6E, 0x72, 0x69, 0x67, 0x4F, 0x41, 0x3E, 0x38, 0x32, 0x2C,
    0x2A, 0x26, 0x1F, 0x1B, 0x1B, 0x1B, 0x19, 0x19, 0x19, 0x19, 0x19, 0x16, 0x16, 0x16, 0x16, 0x16,
    0x16, 0x14, 0x14, 0x14, 0x14, 0x14, 0x13, 0x13, 0x13, 0x13, 0x13, 0x13, 0x13, 0x11, 0x11, 0x11,
    0x11, 0x11, 0x11, 0x0F, 0x0F, 0x0F, 0x0F, 0x0F, 0x0F, 0x0F, 0x0F, 0x0D, 0x0D, 0x0D, 0x0D, 0x0D,
    0x0D, 0x0D, 0x0D, 0x0D, 0x0D, 0x0D, 0x0D, 0x0D, 0x0D, 0x0F, 0x0F, 0x0F, 0x0F, 0x0F, 0x0F, 0x0F,
    0x0F, 0x11, 0x11, 0x11, 0x11, 0x11, 0x11, 0x13, 0x13, 0x13, 0x13, 0x13, 0x13, 0x13, 0x14, 0x14,
    0x14, 0x14, 0x14, 0x16, 0x16, 0x16, 0x16, 0x16, 0x16, 0x19, 0x19, 0x19, 0x19, 0x19, 0x1B, 0x1B,
    0x1B, 0x1F, 0x26, 0x2A, 0x2C, 0x32, 0x36, 0x38, 0x3E, 0x41, 0x4E, 0x4C, 0x52, 0x72, 0x73, 0x91,
    0x96, 0xC8, 0xDC, 0xE2, 0xE7, 0xDE, 0xD6, 0xC8, 0x96, 0x6F, 0x6E, 0x72, 0x69, 0x67, 0x4F, 0x41,
    0x3F, 0x3A, 0x34, 0x30, 0x2A, 0x28, 0x1F, 0x1B, 0x1B, 0x1B, 0x19, 0x19, 0x19, 0x19, 0x19, 0x16,
    0x16, 0x16, 0x16, 0x16, 0x16, 0x16, 0x14, 0x14, 0x14, 0x14, 0x14, 0x13, 0x13, 0x13, 0x13, 0x13,
    0x13, 0x11, 0x11, 0x11, 0x11, 0x11, 0x11, 0x0F, 0x0F, 0x0F, 0x0F, 0x0F, 0x0F, 0x0F, 0x0F, 0x0F,
    0x0F, 0x0D, 0x0D, 0x0D, 0x0D, 0x0D, 0x0D, 0x0D, 0x0D, 0x0D, 0x0D, 0x0F, 0x0F, 0x0F, 0x0F, 0x0F,
    0x0F, 0x0F, 0x0F, 0x0F, 0x0F, 0x11, 0x11, 0x11, 0x11, 0x11, 0x11, 0x13, 0x13, 0x13, 0x13, 0x13,
    0x13, 0x14, 0x14, 0x14, 0x14, 0x14, 0x16, 0x16, 0x16, 0x16, 0x16, 0x16, 0x16, 0x19, 0x19, 0x19,
    0x19, 0x19, 0x1B, 0x1B, 0x1B, 0x1F, 0x28, 0x2A, 0x30, 0x32, 0x37, 0x38, 0x3B, 0x41, 0x4F, 0x4C,
    0x69, 0x72, 0x73, 0x91, 0x96, 0xC8, 0xDD, 0xDE, 0xEB, 0xDE, 0xD7, 0xC8, 0x96, 0x70, 0x53, 0x73,
    0x69, 0x69, 0x4F, 0x4E, 0x3F, 0x3A, 0x37, 0x30, 0x2A, 0x28, 0x1F, 0x1B, 0x1B, 0x1B, 0x1B, 0x19,
    0x19, 0x19, 0x19, 0x19, 0x16, 0x16, 0x16, 0x16, 0x16, 0x16, 0x14, 0x14, 0x14, 0x14, 0x14, 0x13,
    0x13, 0x13, 0x13, 0x13, 0x13, 0x13, 0x11, 0x11, 0x11, 0x11, 0x11, 0x11, 0x0F, 0x0F, 0x0F, 0x0F,
    0x0F, 0x0F, 0x0F, 0x0F, 0x0F, 0x0F, 0x0F, 0x0F, 0x0F, 0x0F, 0x0F, 0x0F, 0x0F, 0x0F, 0x0F, 0x0F,
    0x0F, 0x0F, 0x0F, 0x0F, 0x0F, 0x0F, 0x0F, 0x0F, 0x11, 0x11, 0x11, 0x11, 0x11, 0x11, 0x13, 0x13,
    0x13, 0x13, 0x13, 0x13, 0x13, 0x14, 0x14, 0x14, 0x14, 0x14, 0x16, 0x16, 0x16, 0x16, 0x16, 0x16,
    0x19, 0x19, 0x19, 0x19, 0x19, 0x1B, 0x1B, 0x1B, 0x1B, 0x1F, 0x28, 0x2A, 0x30, 0x32, 0x39, 0x38,
    0x3B, 0x4D, 0x4F, 0x47, 0x69, 0x72, 0x90, 0x91, 0x96, 0xCC, 0xDD, 0xDE, 0xEB, 0xE2, 0xD7, 0xC8,
    0x96, 0x90, 0x51, 0x73, 0x6F, 0x69, 0x67, 0x4E, 0x41, 0x3E, 0x37, 0x32, 0x2C, 0x2A, 0x26, 0x1F,
    0x1B, 0x1B, 0x1B, 0x19, 0x19, 0x19, 0x19, 0x19, 0x16, 0x16, 0x16, 0x16, 0x16, 0x16, 0x14, 0x14,
    0x14, 0x14, 0x14, 0x14, 0x13, 0x13, 0x13, 0x13, 0x13, 0x13, 0x13, 0x11, 0x11, 0x11, 0x11, 0x11,
    0x11, 0x0F, 0x0F, 0x0F, 0x0F, 0x0F, 0x0F, 0x0F, 0x0F, 0x0F, 0x0F, 0x0F, 0x0F, 0x0F, 0x0F, 0x0F,
    0x0F, 0x0F, 0x0F, 0x0F, 0x0F, 0x0F, 0x0F, 0x0F, 0x0F, 0x0F, 0x0F, 0x11, 0x11, 0x11, 0x11, 0x11,
    0x11, 0x13, 0x13, 0x13, 0x13, 0x13, 0x13, 0x13, 0x14, 0x14, 0x14, 0x14, 0x14, 0x14, 0x16, 0x16,
    0x16, 0x16, 0x16, 0x16, 0x19, 0x19, 0x19, 0x19, 0x19, 0x1B, 0x1B, 0x1B, 0x1F, 0x26, 0x2A, 0x2C,
    0x32, 0x36, 0x3C, 0x2D, 0x3B, 0x4D, 0x4F, 0x47, 0x6F, 0x73, 0x90, 0x91, 0x96, 0xCC, 0xDD, 0xDE,
    0xEB, 0xDF, 0xDC, 0xD2, 0x96, 0x91, 0x51, 0x72, 0x6F, 0x69, 0x67, 0x4E, 0x41, 0x3E, 0x38, 0x32,
    0x2C, 0x2A, 0x28, 0x1F, 0x1B, 0x1B, 0x1B, 0x19, 0x19, 0x19, 0x19, 0x19, 0x16, 0x16, 0x16, 0x16,
    0x16, 0x16, 0x16, 0x14, 0x14, 0x14, 0x14, 0x14, 0x13, 0x13, 0x13, 0x13, 0x13, 0x13, 0x13, 0x13,
    0x11, 0x11, 0x11, 0x11, 0x11, 0x11, 0x11, 0x0F, 0x0F, 0x0F, 0x0F, 0x0F, 0x0F, 0x0F, 0x0F, 0x0F,
    0x0F, 0x0F, 0x0F, 0x0F, 0x0F, 0x0F, 0x0F, 0x0F, 0x0F, 0x0F, 0x0F, 0x0F, 0x0F, 0x11, 0x11, 0x11,
    0x11, 0x11, 0x11, 0x11, 0x13, 0x13, 0x13, 0x13, 0x13, 0x13, 0x13, 0x13, 0x14, 0x14, 0x14, 0x14,
    0x14, 0x16, 0x16, 0x16, 0x16, 0x16, 0x16, 0x16, 0x19, 0x19, 0x19, 0x19, 0x19, 0x1B, 0x1B, 0x1B,
    0x1F, 0x28, 0x2A, 0x2C, 0x32, 0x36, 0x3A, 0x2D, 0x3B, 0x4D, 0x4F, 0x47, 0x6F, 0x73, 0x90, 0x96,
    0xC8, 0xCC, 0xDD, 0xDE, 0xEB, 0xDF, 0xDC, 0xD5, 0x96, 0x96, 0x53, 0x6F, 0x72, 0x69, 0x67, 0x4F,
    0x41, 0x3B, 0x38, 0x37, 0x30, 0x2A, 0x28, 0x1F, 0x1B, 0x1B, 0x1B, 0x1B, 0x19, 0x19, 0x19, 0x19,
    0x19, 0x16, 0x16, 0x16, 0x16, 0x16, 0x16, 0x14, 0x14, 0x14, 0x14, 0x14, 0x14, 0x13, 0x13, 0x13,
    0x13, 0x13, 0x13, 0x13, 0x11, 0x11, 0x11, 0x11, 0x11, 0x11, 0x11, 0x11, 0x0F, 0x0F, 0x0F, 0x0F,
    0x0F, 0x0F, 0x0F, 0x0F, 0x0F, 0x0F, 0x0F, 0x0F, 0x0F, 0x0F, 0x0F, 0x0F, 0x0F, 0x0F, 0x0F, 0x0F,
    0x11, 0x11, 0x11, 0x11, 0x11, 0x11, 0x11, 0x11, 0x13, 0x13, 0x13, 0x13, 0x13, 0x13, 0x13, 0x14,
    0x14, 0x14, 0x14, 0x14, 0x14, 0x16, 0x16, 0x16, 0x16, 0x16, 0x16, 0x19, 0x19, 0x19, 0x19, 0x19,
    0x1B, 0x1B, 0x1B, 0x1B, 0x1F, 0x28, 0x2A, 0x30, 0x32, 0x39, 0x3E, 0x2D, 0x3B, 0x4E, 0x52, 0x4C,
    0x6F, 0x73, 0x91, 0x96, 0xC8, 0xDC, 0xDD, 0xDE, 0xE7, 0xDF, 0xDD, 0xD6, 0xC8, 0x96, 0x70, 0x53,
    0x72, 0x6F, 0x69, 0x4F, 0x4D, 0x3F, 0x2D, 0x38, 0x32, 0x2C, 0x2A, 0x26, 0x1F, 0x1B, 0x1B, 0x1B,
    0x19, 0x19, 0x19, 0x19, 0x19, 0x16, 0x16, 0x16, 0x16, 0x16, 0x16, 0x16, 0x14, 0x14, 0x14, 0x14,
    0x14, 0x14, 0x13, 0x13, 0x13, 0x13, 0x13, 0x13, 0x13, 0x11, 0x11, 0x11, 0x11, 0x11, 0x11, 0x11,
    0x11, 0x11, 0x0F, 0x0F, 0x0F, 0x0F, 0x0F, 0x0F, 0x0F, 0x0F, 0x0F, 0x0F, 0x0F, 0x0F, 0x0F, 0x0F,
    0x0F, 0x0F, 0x11, 0x11, 0x11, 0x11, 0x11, 0x11, 0x11, 0x11, 0x11, 0x13, 0x13, 0x13, 0x13, 0x13,
    0x13, 0x13, 0x14, 0x14, 0x14, 0x14, 0x14, 0x14, 0x16, 0x16, 0x16, 0x16, 0x16, 0x16, 0x16, 0x19,
    0x19, 0x19, 0x19, 0x19, 0x1B, 0x1B, 0x1B, 0x1F, 0x26, 0x2A, 0x2C, 0x32, 0x36, 0x3C, 0x3E, 0x3A,
    0x3F, 0x4F, 0x69, 0x50, 0x6F, 0x73, 0x91, 0x96, 0xC8, 0xDC, 0xE1, 0xDE, 0xEA, 0xDF, 0xDD, 0xD7,
    0xC8, 0x96, 0x90, 0x51, 0x73, 0x6F, 0x69, 0x67, 0x4E, 0x41, 0x3A, 0x38, 0x32, 0x2C, 0x2A, 0x28,
    0x1F, 0x1B, 0x1B, 0x1B, 0x19, 0x19, 0x19, 0x19, 0x19, 0x19, 0x16, 0x16, 0x16, 0x16, 0x16, 0x16,
    0x14, 0x14, 0x14, 0x14, 0x14, 0x14, 0x13, 0x13, 0x13, 0x13, 0x13, 0x13, 0x13, 0x13, 0x11, 0x11,
    0x11, 0x11, 0x11, 0x11, 0x11, 0x11, 0x11, 0x11, 0x0F, 0x0F, 0x0F, 0x0F, 0x0F, 0x0F, 0x0F, 0x0F,
    0x0F, 0x0F, 0x0F, 0x0F, 0x11, 0x11, 0x11, 0x11, 0x11, 0x11, 0x11, 0x11, 0x11, 0x11, 0x13, 0x13,
    0x13, 0x13, 0x13, 0x13, 0x13, 0x13, 0x14, 0x14, 0x14, 0x14, 0x14, 0x14, 0x16, 0x16, 0x16, 0x16,
    0x16, 0x16, 0x19, 0x19, 0x19, 0x19, 0x19, 0x19, 0x1B, 0x1B, 0x1B, 0x1F, 0x28, 0x2A, 0x2C, 0x32,
    0x36, 0x3A, 0x3E, 0x3A, 0x3F, 0x4F, 0x69, 0x52, 0x53, 0x90, 0x91, 0x96, 0xCC, 0xDC, 0xDD, 0xE2,
    0xE7, 0xE3, 0xDD, 0xD7, 0xD3, 0x96, 0x91, 0x72, 0x6F, 0x72, 0x69, 0x67, 0x4F, 0x41, 0x3B, 0x38,
    0x37, 0x30, 0x2A, 0x28, 0x26, 0x1F, 0x1B, 0x1B, 0x1B, 0x19, 0x19, 0x19, 0x19, 0x19, 0x16, 0x16,
    0x16, 0x16, 0x16, 0x16, 0x16, 0x14, 0x14, 0x14, 0x14, 0x14, 0x14, 0x13, 0x13, 0x13, 0x13, 0x13,
    0x13, 0x13, 0x13, 0x13, 0x11, 0x11, 0x11, 0x11, 0x11, 0x11, 0x11, 0x11, 0x11, 0x11, 0x11, 0x11,
    0x11, 0x11, 0x11, 0x11, 0x11, 0x11, 0x11, 0x11, 0x11, 0x11, 0x11, 0x11, 0x11, 0x11, 0x11, 0x11,
    0x13, 0x13, 0x13, 0x13, 0x13, 0x13, 0x13, 0x13, 0x13, 0x14, 0x14, 0x14, 0x14, 0x14, 0x14, 0x16,
    0x16, 0x16, 0x16, 0x16, 0x16, 0x16, 0x19, 0x19, 0x19, 0x19, 0x19, 0x1B, 0x1B, 0x1B, 0x1F, 0x26,
    0x28, 0x2A, 0x30, 0x32, 0x38, 0x3A, 0x3F, 0x2D, 0x4C, 0x67, 0x69, 0x6E, 0x50, 0x90, 0x96, 0xC8,
    0xD5, 0xDC, 0xE1, 0xDE, 0xE7, 0xDF, 0xDD, 0xD7, 0xD5, 0xC8, 0x96, 0x90, 0x51, 0x6F, 0x69, 0x69,
    0x4F, 0x4D, 0x3F, 0x2D, 0x2D, 0x32, 0x2C, 0x2A, 0x26, 0x1F, 0x1B, 0x1B, 0x1B, 0x19, 0x19, 0x19,
    0x19, 0x19, 0x19, 0x16, 0x16, 0x16, 0x16, 0x16, 0x16, 0x16, 0x14, 0x14, 0x14, 0x14, 0x14, 0x14,
    0x13, 0x13, 0x13, 0x13, 0x13, 0x13, 0x13, 0x13, 0x13, 0x11, 0x11, 0x11, 0x11, 0x11, 0x11, 0x11,
    0x11, 0x11, 0x11, 0x11, 0x11, 0x11, 0x11, 0x11, 0x11, 0x11, 0x11, 0x11, 0x11, 0x11, 0x11, 0x11,
    0x11, 0x11, 0x11, 0x13, 0x13, 0x13, 0x13, 0x13, 0x13, 0x13, 0x13, 0x13, 0x14, 0x14, 0x14, 0x14,
    0x14, 0x14, 0x16, 0x16, 0x16, 0x16, 0x16, 0x16, 0x16, 0x19, 0x19, 0x19, 0x19, 0x19, 0x19, 0x1B,
    0x1B, 0x1B, 0x1F, 0x26, 0x2A, 0x2C, 0x32, 0x36, 0x3A, 0x3E, 0x3F, 0x2D, 0x4C, 0x69, 0x69, 0x72,
    0x53, 0x90, 0x96, 0xC8, 0xD7, 0xDC, 0xDE, 0xE2, 0xE7, 0xDF, 0xDE, 0xDC, 0xD6, 0xC8, 0x96, 0x91,
    0x53, 0x6E, 0x6F, 0x69, 0x67, 0x4E, 0x41, 0x3A, 0x3A, 0x37, 0x30, 0x2A, 0x28, 0x1F, 0x1B, 0x1B,
    0x1B, 0x1B, 0x19, 0x19, 0x19, 0x19, 0x19, 0x16, 0x16, 0x16, 0x16, 0x16, 0x16, 0x16, 0x14, 0x14,
    0x14, 0x14, 0x14, 0x14, 0x14, 0x13, 0x13, 0x13, 0x13, 0x13, 0x13, 0x13, 0x13, 0x13, 0x13, 0x11,
    0x11, 0x11, 0x11, 0x11, 0x11, 0x11, 0x11, 0x11, 0x11, 0x11, 0x11, 0x11, 0x11, 0x11, 0x11, 0x11,
    0x11, 0x11, 0x11, 0x11, 0x11, 0x13, 0x13, 0x13, 0x13, 0x13, 0x13, 0x13, 0x13, 0x13, 0x13, 0x14,
    0x14, 0x14, 0x14, 0x14, 0x14, 0x14, 0x16, 0x16, 0x16, 0x16, 0x16, 0x16, 0x16, 0x19, 0x19, 0x19,
    0x19, 0x19, 0x1B, 0x1B, 0x1B, 0x1B, 0x1F, 0x28, 0x2A, 0x30, 0x32, 0x39, 0x3A, 0x3B, 0x3F, 0x25,
    0x4F, 0x69, 0x6F, 0x73, 0x6F, 0x90, 0x96, 0xCC, 0xD7, 0xE0, 0xDE, 0xDF, 0xE7, 0xE3, 0xDE, 0xDC,
    0xD6, 0xD3, 0xC8, 0x91, 0x70, 0x51, 0x6F, 0x69, 0x69, 0x4F, 0x4D, 0x3A, 0x3A, 0x2D, 0x32, 0x2C,
    0x2A, 0x26, 0x1F, 0x1B, 0x1B, 0x1B, 0x19, 0x19, 0x19, 0x19, 0x19, 0x19, 0x16, 0x16, 0x16, 0x16,
    0x16, 0x16, 0x16, 0x14, 0x14, 0x14, 0x14, 0x14, 0x14, 0x14, 0x13, 0x13, 0x13, 0x13, 0x13, 0x13,
    0x13, 0x13, 0x13, 0x13, 0x13, 0x11, 0x11, 0x11, 0x11, 0x11, 0x11, 0x11, 0x11, 0x11, 0x11, 0x11,
    0x11, 0x11, 0x11, 0x11, 0x11, 0x11, 0x11, 0x13, 0x13, 0x13, 0x13, 0x13, 0x13, 0x13, 0x13, 0x13,
    0x13, 0x13, 0x14, 0x14, 0x14, 0x14, 0x14, 0x14, 0x14, 0x16, 0x16, 0x16, 0x16, 0x16, 0x16, 0x16,
    0x19, 0x19, 0x19, 0x19, 0x19, 0x19, 0x1B, 0x1B, 0x1B, 0x1F, 0x26, 0x2A, 0x2C, 0x32, 0x36, 0x3A,
    0x25, 0x3B, 0x3B, 0x2E, 0x52, 0x69, 0x72, 0x73, 0x90, 0x70, 0xC8, 0xD5, 0xD7, 0xDD, 0xDE, 0xE3,
    0xE7, 0xDF, 0xDE, 0xDC, 0xD7, 0xD5, 0xC8, 0x96, 0x90, 0x51, 0x6F, 0x6E, 0x69, 0x67, 0x4E, 0x25,
    0x25, 0x3A, 0x37, 0x30, 0x2A, 0x28, 0x1F, 0x1B, 0x1B, 0x1B, 0x1B, 0x19, 0x19, 0x19, 0x19, 0x19,
    0x19, 0x16, 0x16, 0x16, 0x16, 0x16, 0x16, 0x16, 0x14, 0x14, 0x14, 0x14, 0x14, 0x14, 0x14, 0x13,
    0x13, 0x13, 0x13, 0x13, 0x13, 0x13, 0x13, 0x13, 0x13, 0x13, 0x13, 0x13, 0x11, 0x11, 0x11, 0x11,
    0x11, 0x11, 0x11, 0x11, 0x11, 0x11, 0x11, 0x11, 0x13, 0x13, 0x13, 0x13, 0x13, 0x13, 0x13, 0x13,
    0x13, 0x13, 0x13, 0x13, 0x13, 0x14, 0x14, 0x14, 0x14, 0x14, 0x14, 0x14, 0x16, 0x16, 0x16, 0x16,
    0x16, 0x16, 0x16, 0x19, 0x19, 0x19, 0x19, 0x19, 0x19, 0x1B, 0x1B, 0x1B, 0x1B, 0x1F, 0x28, 0x2A,
    0x30, 0x32, 0x37, 0x3A, 0x2E, 0x3F, 0x2E, 0x4C, 0x69, 0x6F, 0x72, 0x90, 0x91, 0x70, 0xC8, 0xD5,
    0xD7, 0xDD, 0xDE, 0xDF, 0xE7, 0xDF, 0xDE, 0xDD, 0xD7, 0xD5, 0xCD, 0x96, 0x91, 0x53, 0x53, 0x6F,
    0x69, 0x67, 0x4D, 0x25, 0x2E, 0x3A, 0x2D, 0x32, 0x2C, 0x2A, 0x26, 0x1F, 0x1B, 0x1B, 0x1B, 0x19,
    0x19, 0x19, 0x19, 0x19, 0x19, 0x16, 0x16, 0x16, 0x16, 0x16, 0x16, 0x16, 0x16, 0x14, 0x14, 0x14,
    0x14, 0x14, 0x14, 0x14, 0x13, 0x13, 0x13, 0x13, 0x13, 0x13, 0x13, 0x13, 0x13, 0x13, 0x13, 0x13,
    0x13, 0x13, 0x13, 0x13, 0x13, 0x13, 0x13, 0x13, 0x13, 0x13, 0x13, 0x13, 0x13, 0x13, 0x13, 0x13,
    0x13, 0x13, 0x13, 0x13, 0x13, 0x13, 0x13, 0x13, 0x14, 0x14, 0x14, 0x14, 0x14, 0x14, 0x14, 0x16,
    0x16, 0x16, 0x16, 0x16, 0x16, 0x16, 0x16, 0x19, 0x19, 0x19, 0x19, 0x19, 0x19, 0x1B, 0x1B, 0x1B,
    0x1F, 0x26, 0x2A, 0x2C, 0x32, 0x32, 0x3A, 0x2E, 0x3B, 0x3F, 0x25, 0x4D, 0x69, 0x6F, 0x73, 0x90,
    0x96, 0x74, 0x97, 0xD5, 0xDC, 0xDD, 0xE2, 0xE9, 0xE7, 0xE3, 0xE2, 0xDD, 0xD7, 0xD5, 0xD2, 0xC8,
    0x96, 0x70, 0x51, 0x72, 0x6E, 0x69, 0x4C, 0x2E, 0x3B, 0x25, 0x3A, 0x34, 0x30, 0x2A, 0x28, 0x1F,
    0x1F, 0x1B, 0x1B, 0x1B, 0x19, 0x19, 0x19, 0x19, 0x19, 0x19, 0x16, 0x16, 0x16, 0x16, 0x16, 0x16,
    0x16, 0x16, 0x14, 0x14, 0x14, 0x14, 0x14, 0x14, 0x14, 0x14, 0x13, 0x13, 0x13, 0x13, 0x13, 0x13,
    0x13, 0x13, 0x13, 0x13, 0x13, 0x13, 0x13, 0x13, 0x13, 0x13, 0x13, 0x13, 0x13, 0x13, 0x13, 0x13,
    0x13, 0x13, 0x13, 0x13, 0x13, 0x13, 0x13, 0x13, 0x13, 0x13, 0x14, 0x14, 0x14, 0x14, 0x14, 0x14,
    0x14, 0x14, 0x16, 0x16, 0x16, 0x16, 0x16, 0x16, 0x16, 0x16, 0x19, 0x19, 0x19, 0x19, 0x19, 0x19,
    0x1B, 0x1B, 0x1B, 0x1F, 0x1F, 0x28, 0x2A, 0x30, 0x32, 0x37, 0x3A, 0x3B, 0x3B, 0x47, 0x2E, 0x52,
    0x6E, 0x72, 0x73, 0x91, 0x96, 0x96, 0x84, 0xD6, 0xDC, 0xDE, 0xE3, 0xE9, 0xE9, 0xDF, 0xDE, 0xDD,
    0xD7, 0xD6, 0xD3, 0x97, 0x96, 0x70, 0x51, 0x72, 0x6F, 0x52, 0x2E, 0x47, 0x47, 0x3B, 0x3A, 0x37,
    0x32, 0x2C, 0x2A, 0x28, 0x1F, 0x1B, 0x1B, 0x1B, 0x1B, 0x19, 0x19, 0x19, 0x19, 0x19, 0x19, 0x16,
    0x16, 0x16, 0x16, 0x16, 0x16, 0x16, 0x16, 0x14, 0x14, 0x14, 0x14, 0x14, 0x14, 0x14, 0x14, 0x14,
    0x13, 0x13, 0x13, 0x13, 0x13, 0x13, 0x13, 0x13, 0x13, 0x13, 0x13, 0x13, 0x13, 0x13, 0x13, 0x13,
    0x13, 0x13, 0x13, 0x13, 0x13, 0x13, 0x13, 0x13, 0x13, 0x13, 0x13, 0x13, 0x14, 0x14, 0x14, 0x14,
    0x14, 0x14, 0x14, 0x14, 0x14, 0x16, 0x16, 0x16, 0x16, 0x16, 0x16, 0x16, 0x16, 0x19, 0x19, 0x19,
    0x19, 0x19, 0x19, 0x1B, 0x1B, 0x1B, 0x1B, 0x1F, 0x28, 0x2A, 0x2C, 0x32, 0x36, 0x38, 0x2E, 0x3F,
    0x47, 0x47, 0x4C, 0x69, 0x6F, 0x73, 0x90, 0x91, 0x96, 0xCC, 0x7F, 0xD7, 0xDD, 0xE2, 0xE3, 0xE9,
    0xEA, 0xE9, 0xDE, 0xDD, 0xDC, 0xD6, 0xD3, 0xAE, 0x93, 0x74, 0x70, 0x73, 0x6F, 0x50, 0x2E, 0x4C,
    0x47, 0x3F, 0x2E, 0x37, 0x37, 0x30, 0x2A, 0x2A, 0x26, 0x1F, 0x1B, 0x1B, 0x1B, 0x19, 0x19, 0x19,
    0x19, 0x19, 0x19, 0x19, 0x16, 0x16, 0x16, 0x16, 0x16, 0x16, 0x16, 0x16, 0x14, 0x14, 0x14, 0x14,
    0x14, 0x14, 0x14, 0x14, 0x14, 0x14, 0x13, 0x13, 0x13, 0x13, 0x13, 0x13, 0x13, 0x13, 0x13, 0x13,
    0x13, 0x13, 0x13, 0x13, 0x13, 0x13, 0x13, 0x13, 0x13, 0x13, 0x13, 0x13, 0x13, 0x13, 0x14, 0x14,
    0x14, 0x14, 0x14, 0x14, 0x14, 0x14, 0x14, 0x14, 0x16, 0x16, 0x16, 0x16, 0x16, 0x16, 0x16, 0x16,
    0x19, 0x19, 0x19, 0x19, 0x19, 0x19, 0x19, 0x1B, 0x1B, 0x1B, 0x1F, 0x26, 0x2A, 0x2A, 0x30, 0x32,
    0x37, 0x37, 0x2E, 0x3F, 0x47, 0x2E, 0x4D, 0x6E, 0x72, 0x73, 0x91, 0x96, 0xC8, 0xD4, 0x80, 0xE0,
    0xE1, 0xE2, 0xE9, 0xEA, 0xE7, 0xE9, 0xE2, 0xDD, 0xDC, 0xD6, 0xD4, 0xCE, 0x93, 0x70, 0x74, 0x90,
    0x6F, 0x47, 0x4C, 0x50, 0x47, 0x47, 0x2E, 0x37, 0x2D, 0x34, 0x2C, 0x2A, 0x28, 0x1F, 0x1F, 0x1B,
    0x1B, 0x1B, 0x19, 0x19, 0x19, 0x19, 0x19, 0x19, 0x19, 0x16, 0x16, 0x16, 0x16, 0x16, 0x16, 0x16,
    0x16, 0x16, 0x14, 0x14, 0x14, 0x14, 0x14, 0x14, 0x14, 0x14, 0x14, 0x14, 0x13, 0x13, 0x13, 0x13,
    0x13, 0x13, 0x13, 0x13, 0x13, 0x13, 0x13, 0x13, 0x13, 0x13, 0x13, 0x13, 0x13, 0x13, 0x13, 0x13,
    0x14, 0x14, 0x14, 0x14, 0x14, 0x14, 0x14, 0x14, 0x14, 0x14, 0x16, 0x16, 0x16, 0x16, 0x16, 0x16,
    0x16, 0x16, 0x16, 0x19, 0x19, 0x19, 0x19, 0x19, 0x19, 0x19, 0x1B, 0x1B, 0x1B, 0x1F, 0x1F, 0x28,
    0x2A, 0x2C, 0x32, 0x36, 0x3A, 0x37, 0x2E, 0x47, 0x47, 0x24, 0x52, 0x6F, 0x73, 0x90, 0x91, 0x96,
    0xCC, 0xD5, 0x84, 0xDC, 0xE1, 0xE3, 0xE9, 0xEA, 0xEB, 0xE9, 0xDF, 0xE1, 0xE0, 0xD7, 0xD4, 0xD0,
    0x97, 0x61, 0x75, 0x90, 0x53, 0x23, 0x52, 0x50, 0x46, 0x47, 0x2E, 0x2D, 0x3A, 0x38, 0x30, 0x2C,
    0x2A, 0x26, 0x1F, 0x1B, 0x1B, 0x1B, 0x1B, 0x19, 0x19, 0x19, 0x19, 0x19, 0x19, 0x19, 0x16, 0x16,
    0x16, 0x16, 0x16, 0x16, 0x16, 0x16, 0x16, 0x14, 0x14, 0x14, 0x14, 0x14, 0x14, 0x14, 0x14, 0x14,
    0x14, 0x14, 0x14, 0x13, 0x13, 0x13, 0x13, 0x13, 0x13, 0x13, 0x13, 0x13, 0x13, 0x13, 0x13, 0x13,
    0x13, 0x14, 0x14, 0x14, 0x14, 0x14, 0x14, 0x14, 0x14, 0x14, 0x14, 0x14, 0x14, 0x16, 0x16, 0x16,
    0x16, 0x16, 0x16, 0x16, 0x16, 0x16, 0x19, 0x19, 0x19, 0x19, 0x19, 0x19, 0x19, 0x1B, 0x1B, 0x1B,
    0x1B, 0x1F, 0x26, 0x2A, 0x2C, 0x30, 0x32, 0x3C, 0x3E, 0x3A, 0x25, 0x47, 0x47, 0x44, 0x6E, 0x72,
    0x73, 0x91, 0x96, 0xC8, 0xD5, 0xD6, 0xB4, 0xD2, 0xE2, 0xDF, 0xE9, 0xE7, 0xEC, 0xE7, 0xDF, 0xE2,
    0xDD, 0xD7, 0xD5, 0xD3, 0xAE, 0x61, 0x75, 0x74, 0x4A, 0x47, 0x6F, 0x50, 0x48, 0x47, 0x2E, 0x2D,
    0x2E, 0x3A, 0x38, 0x30, 0x2A, 0x2A, 0x26, 0x1F, 0x1B, 0x1B, 0x1B, 0x1B, 0x19, 0x19, 0x19, 0x19,
    0x19, 0x19, 0x19, 0x16, 0x16, 0x16, 0x16, 0x16, 0x16, 0x16, 0x16, 0x16, 0x16, 0x14, 0x14, 0x14,
    0x14, 0x14, 0x14, 0x14, 0x14, 0x14, 0x14, 0x14, 0x14, 0x14, 0x14, 0x14, 0x14, 0x14, 0x14, 0x14,
    0x14, 0x14, 0x14, 0x14, 0x14, 0x14, 0x14, 0x14, 0x14, 0x14, 0x14, 0x14, 0x14, 0x14, 0x14, 0x16,
    0x16, 0x16, 0x16, 0x16, 0x16, 0x16, 0x16, 0x16, 0x16, 0x19, 0x19, 0x19, 0x19, 0x19, 0x19, 0x19,
    0x1B, 0x1B, 0x1B, 0x1B, 0x1F, 0x26, 0x2A, 0x2A, 0x30, 0x32, 0x39, 0x3A, 0x3B, 0x3B, 0x20, 0x47,
    0x47, 0x47, 0x6F, 0x72, 0x90, 0x91, 0x96, 0xCC, 0xD6, 0xD7, 0xBF, 0xBF, 0xE2, 0xDF, 0xE9, 0xEB,
    0xEC, 0xE7, 0xE3, 0xE2, 0xDD, 0xD7, 0xD5, 0xD4, 0xA5, 0x7B, 0x92, 0x60, 0x46, 0x53, 0x73, 0x50,
    0x48, 0x46, 0x2E, 0x25, 0x3F, 0x3E, 0x3A, 0x34, 0x2C, 0x2A, 0x28, 0x26, 0x1F, 0x1B, 0x1B, 0x1B,
    0x1B, 0x19, 0x19, 0x19, 0x19, 0x19, 0x19, 0x19, 0x16, 0x16, 0x16, 0x16, 0x16, 0x16, 0x16, 0x16,
    0x16, 0x16, 0x14, 0x14, 0x14, 0x14, 0x14, 0x14, 0x14, 0x14, 0x14, 0x14, 0x14, 0x14, 0x14, 0x14,
    0x14, 0x14, 0x14, 0x14, 0x14, 0x14, 0x14, 0x14, 0x14, 0x14, 0x14, 0x14, 0x14, 0x14, 0x14, 0x14,
    0x14, 0x14, 0x16, 0x16, 0x16, 0x16, 0x16, 0x16, 0x16, 0x16, 0x16, 0x16, 0x19, 0x19, 0x19, 0x19,
    0x19, 0x19, 0x19, 0x1B, 0x1B, 0x1B, 0x1B, 0x1F, 0x26, 0x28, 0x2A, 0x2C, 0x32, 0x36, 0x3D, 0x3E,
    0x3F, 0x4C, 0x2D, 0x25, 0x46, 0x47, 0x6F, 0x73, 0x90, 0x96, 0xC8, 0xD6, 0xD7, 0xD7, 0xCF, 0xA5,
    0xE2, 0xE9, 0xE7, 0xEC, 0xEC, 0xEB, 0xE9, 0xE2, 0xDD, 0xD7, 0xD5, 0xD3, 0x7F, 0xB7, 0x92, 0x5D,
    0x45, 0x70, 0x73, 0x53, 0x4A, 0x48, 0x2E, 0x25, 0x4C, 0x3B, 0x3E, 0x3A, 0x32, 0x2C, 0x2A, 0x28,
    0x1F, 0x1F, 0x1B, 0x1B, 0x1B, 0x1B, 0x19, 0x19, 0x19, 0x19, 0x19, 0x19, 0x19, 0x16, 0x16, 0x16,
    0x16, 0x16, 0x16, 0x16, 0x16, 0x16, 0x16, 0x16, 0x16, 0x14, 0x14, 0x14, 0x14, 0x14, 0x14, 0x14,
    0x14, 0x14, 0x14, 0x14, 0x14, 0x14, 0x14, 0x14, 0x14, 0x14, 0x14, 0x14, 0x14, 0x14, 0x14, 0x14,
    0x14, 0x14, 0x14, 0x16, 0x16, 0x16, 0x16, 0x16, 0x16, 0x16, 0x16, 0x16, 0x16, 0x16, 0x16, 0x19,
    0x19, 0x19, 0x19, 0x19, 0x19, 0x19, 0x1B, 0x1B, 0x1B, 0x1B, 0x1F, 0x1F, 0x28, 0x2A, 0x2C, 0x32,
    0x32, 0x3A, 0x3E, 0x41, 0x3F, 0x47, 0x44, 0x18, 0x47, 0x47, 0x6F, 0x70, 0x75, 0x96, 0xD1, 0xD6,
    0xD7, 0xD7, 0xCF, 0xA5, 0xDF, 0xE7, 0xE7, 0xEC, 0xED, 0xEB, 0xE9, 0xE2, 0xDD, 0xD7, 0xD4, 0xCF,
    0x7B, 0xAD, 0xB1, 0x5C, 0x45, 0x74, 0x90, 0x53, 0x4A, 0x4A, 0x44, 0x25, 0x47, 0x3F, 0x3B, 0x3E,
    0x39, 0x30, 0x2C, 0x2A, 0x28, 0x1F, 0x1F, 0x1B, 0x1B, 0x1B, 0x1B, 0x19, 0x19, 0x19, 0x19, 0x19,
    0x19, 0x19, 0x16, 0x16, 0x16, 0x16, 0x16, 0x16, 0x16, 0x16, 0x16, 0x16, 0x16, 0x16, 0x16, 0x14,
    0x14, 0x14, 0x14, 0x14, 0x14, 0x14, 0x14, 0x14, 0x14, 0x14, 0x14, 0x14, 0x14, 0x14, 0x14, 0x14,
    0x14, 0x14, 0x14, 0x14, 0x14, 0x16, 0x16, 0x16, 0x16, 0x16, 0x16, 0x16, 0x16, 0x16, 0x16, 0x16,
    0x16, 0x16, 0x19, 0x19, 0x19, 0x19, 0x19, 0x19, 0x19, 0x1B, 0x1B, 0x1B, 0x1B, 0x1F, 0x1F, 0x28,
    0x2A, 0x2C, 0x30, 0x32, 0x3C, 0x3E, 0x41, 0x41, 0x4D, 0x47, 0x48, 0x24, 0x1E, 0x44, 0x53, 0x74,
    0x75, 0x97, 0xD2, 0xD5, 0xD6, 0xD7, 0xBF, 0xCD, 0xE9, 0xEB, 0xEC, 0xEC, 0xED, 0xEC, 0xE9, 0xE2,
    0xDC, 0xD6, 0xD3, 0x80, 0xB7, 0xAD, 0xB1, 0x58, 0x48, 0x74, 0x90, 0x51, 0x4B, 0x4A, 0x47, 0x2D,
    0x47, 0x4C, 0x3B, 0x3F, 0x3A, 0x39, 0x30, 0x2C, 0x2A, 0x26, 0x1F, 0x1F, 0x1B, 0x1B, 0x1B, 0x1B,
    0x19, 0x19, 0x19, 0x19, 0x19, 0x19, 0x19, 0x19, 0x16, 0x16, 0x16, 0x16, 0x16, 0x16, 0x16, 0x16,
    0x16, 0x16, 0x16, 0x16, 0x16, 0x16, 0x16, 0x14, 0x14, 0x14, 0x14, 0x14, 0x14, 0x14, 0x14, 0x14,
    0x14, 0x14, 0x14, 0x14, 0x14, 0x16, 0x16, 0x16, 0x16, 0x16, 0x16, 0x16, 0x16, 0x16, 0x16, 0x16,
    0x16, 0x16, 0x16, 0x16, 0x19, 0x19, 0x19, 0x19, 0x19, 0x19, 0x19, 0x19, 0x1B, 0x1B, 0x1B, 0x1B,
    0x1F, 0x1F, 0x26, 0x2A, 0x2C, 0x30, 0x32, 0x39, 0x3E, 0x3F, 0x41, 0x4E, 0x4E, 0x47, 0x4A, 0x46,
    0x1E, 0x24, 0x5C, 0x74, 0x92, 0xBF, 0xD0, 0xD3, 0xD6, 0xD7, 0xA5, 0xD5, 0xE9, 0xEB, 0xEC, 0xED,
    0xF2, 0xEC, 0xE9, 0xDE, 0xDC, 0xD6, 0xD3, 0x7B, 0xD0, 0xC0, 0xB4, 0x4B, 0x48, 0x71, 0x91, 0x5C,
    0x4B, 0x4B, 0x46, 0x1E, 0x47, 0x4C, 0x3F, 0x41, 0x3E, 0x3A, 0x39, 0x30, 0x2A, 0x2A, 0x26, 0x1F,
    0x1F, 0x1B, 0x1B, 0x1B, 0x1B, 0x19, 0x19, 0x19, 0x19, 0x19, 0x19, 0x19, 0x19, 0x16, 0x16, 0x16,
    0x16, 0x16, 0x16, 0x16, 0x16, 0x16, 0x16, 0x16, 0x16, 0x16, 0x16, 0x16, 0x16, 0x16, 0x16, 0x16,
    0x16, 0x16, 0x16, 0x16, 0x16, 0x16, 0x16, 0x16, 0x16, 0x16, 0x16, 0x16, 0x16, 0x16, 0x16, 0x16,
    0x16, 0x16, 0x16, 0x16, 0x16, 0x16, 0x16, 0x19, 0x19, 0x19, 0x19, 0x19, 0x19, 0x19, 0x19, 0x1B,
    0x1B, 0x1B, 0x1B, 0x1F, 0x1F, 0x26, 0x2A, 0x2A, 0x30, 0x32, 0x39, 0x3A, 0x3E, 0x41, 0x4E, 0x4F,
    0x52, 0x50, 0x4A, 0x4A, 0x24, 0x0B, 0x4B, 0x74, 0x92, 0xBD, 0xCF, 0xD2, 0xD5, 0xDC, 0xB4, 0xDE,
    0xE9, 0xEB, 0xEC, 0xED, 0xF2, 0xEC, 0xE9, 0xE1, 0xDC, 0xD6, 0xBB, 0xAF, 0xD0, 0xAE, 0xB4, 0x58,
    0x45, 0x71, 0x96, 0x60, 0x58, 0x4B, 0x48, 0x1E, 0x46, 0x50, 0x4C, 0x4D, 0x41, 0x3E, 0x3A, 0x37,
    0x30, 0x2A, 0x2A, 0x26, 0x1F, 0x1F, 0x1B, 0x1B, 0x1B, 0x1B, 0x19, 0x19, 0x19, 0x19, 0x19, 0x19,
    0x19, 0x19, 0x19, 0x16, 0x16, 0x16, 0x16, 0x16, 0x16, 0x16, 0x16, 0x16, 0x16, 0x16, 0x16, 0x16,
    0x16, 0x16, 0x16, 0x16, 0x16, 0x16, 0x16, 0x16, 0x16, 0x16, 0x16, 0x16, 0x16, 0x16, 0x16, 0x16,
    0x16, 0x16, 0x16, 0x16, 0x16, 0x16, 0x16, 0x16, 0x16, 0x19, 0x19, 0x19, 0x19, 0x19, 0x19, 0x19,
    0x19, 0x19, 0x1B, 0x1B, 0x1B, 0x1B, 0x1F, 0x1F, 0x26, 0x2A, 0x2A, 0x30, 0x32, 0x38, 0x3A, 0x3E,
    0x41, 0x4E, 0x4F, 0x67, 0x52, 0x50, 0x4B, 0x4B, 0x45, 0x21, 0x44, 0x71, 0xB1, 0xA5, 0xBF, 0xD0,
    0xD4, 0xDC, 0xAF, 0xDF, 0xE7, 0xEB, 0xEC, 0xED, 0xF2, 0xEC, 0xE9, 0xDE, 0xDC, 0xD6, 0x7F, 0xD2,
    0xD0, 0xAE, 0x9D, 0x5D, 0x44, 0x76, 0x93, 0x60, 0x58, 0x58, 0x49, 0x1E, 0x48, 0x50, 0x4C, 0x4E,
    0x4D, 0x41, 0x3E, 0x3A, 0x37, 0x30, 0x2A, 0x2A, 0x26, 0x1F, 0x1F, 0x1B, 0x1B, 0x1B, 0x1B, 0x19,
    0x19, 0x19, 0x19, 0x19, 0x19, 0x19, 0x19, 0x19, 0x19, 0x16, 0x16, 0x16, 0x16, 0x16, 0x16, 0x16,
    0x16, 0x16, 0x16, 0x16, 0x16, 0x16, 0x16, 0x16, 0x16, 0x16, 0x16, 0x16, 0x16, 0x16, 0x16, 0x16,
    0x16, 0x16, 0x16, 0x16, 0x16, 0x16, 0x16, 0x16, 0x16, 0x16, 0x16, 0x19, 0x19, 0x19, 0x19, 0x19,
    0x19, 0x19, 0x19, 0x19, 0x19, 0x1B, 0x1B, 0x1B, 0x1B, 0x1F, 0x1F, 0x26, 0x2A, 0x2A, 0x30, 0x32,
    0x37, 0x3A, 0x3E, 0x41, 0x4D, 0x4F, 0x67, 0x69, 0x69, 0x51, 0x4B, 0x58, 0x49, 0x49, 0x44, 0x54,
    0x7F, 0xB4, 0xBD, 0xCF, 0xD2, 0xD6, 0xAF, 0xE3, 0xE9, 0xEB, 0xED, 0xED, 0xF2, 0xEC, 0xDF, 0xDD,
    0xD7, 0xD5, 0x80, 0xD4, 0xD0, 0xAE, 0xB7, 0x61, 0x22, 0x5D, 0x93, 0x60, 0x55, 0x58, 0x4B, 0x21,
    0x48, 0x50, 0x50, 0x4F, 0x4E, 0x4D, 0x41, 0x3E, 0x3A, 0x37, 0x30, 0x2A, 0x2A, 0x28, 0x1F, 0x1F,
    0x1B, 0x1B, 0x1B, 0x1B, 0x1B, 0x19, 0x19, 0x19, 0x19, 0x19, 0x19, 0x19, 0x19, 0x19, 0x19, 0x19,
    0x16, 0x16, 0x16, 0x16, 0x16, 0x16, 0x16, 0x16, 0x16, 0x16, 0x16, 0x16, 0x16, 0x16, 0x16, 0x16,
    0x16, 0x16, 0x16, 0x16, 0x16, 0x16, 0x16, 0x16, 0x16, 0x16, 0x16, 0x16, 0x19, 0x19, 0x19, 0x19,
    0x19, 0x19, 0x19, 0x19, 0x19, 0x19, 0x19, 0x1B, 0x1B, 0x1B, 0x1B, 0x1B, 0x1F, 0x1F, 0x28, 0x2A,
    0x2A, 0x30, 0x32, 0x38, 0x3A, 0x3E, 0x3F, 0x4D, 0x4E, 0x67, 0x69, 0x69, 0x6E, 0x53, 0x4B, 0x58,
    0x54, 0x4B, 0x54, 0x44, 0x61, 0x84, 0xA5, 0xCF, 0xD2, 0xA5, 0xD2, 0xE2, 0xE7, 0xEB, 0xED, 0xF2,
    0xF2, 0xEC, 0xDF, 0xE1, 0xD7, 0xBB, 0xA5, 0xD5, 0xD3, 0xCE, 0xBB, 0x7F, 0x45, 0x49, 0xAF, 0x61,
    0x55, 0x59, 0x4B, 0x21, 0x48, 0x50, 0x50, 0x52, 0x4F, 0x4E, 0x4D, 0x41, 0x3E, 0x3A, 0x38, 0x30,
    0x2C, 0x2A, 0x28, 0x26, 0x1F, 0x1B, 0x1B, 0x1B, 0x1B, 0x1B, 0x19, 0x19, 0x19, 0x19, 0x19, 0x19,
    0x19, 0x19, 0x19, 0x19, 0x19, 0x19, 0x16, 0x16, 0x16, 0x16, 0x16, 0x16, 0x16, 0x16, 0x16, 0x16,
    0x16, 0x16, 0x16, 0x16, 0x16, 0x16, 0x16, 0x16, 0x16, 0x16, 0x16, 0x16, 0x16, 0x16, 0x19, 0x19,
    0x19, 0x19, 0x19, 0x19, 0x19, 0x19, 0x19, 0x19, 0x19, 0x19, 0x1B, 0x1B, 0x1B, 0x1B, 0x1B, 0x1F,
    0x26, 0x28, 0x2A, 0x2C, 0x30, 0x32, 0x38, 0x3A, 0x3E, 0x3F, 0x4D, 0x4E, 0x4F, 0x69, 0x69, 0x6F,
    0x6F, 0x5C, 0x4B, 0x59, 0x54, 0x58, 0x76, 0x45, 0x49, 0x7F, 0xA5, 0xD0, 0xD2, 0x84, 0xDD, 0xE2,
    0xE7, 0xEC, 0xED, 0xF2, 0xF2, 0xEC, 0xE3, 0xDE, 0xDC, 0xAF, 0xD6, 0xD7, 0xD4, 0xD0, 0xBD, 0xB4,
    0x5D, 0x45, 0x76, 0x61, 0x56, 0x59, 0x54, 0x21, 0x46, 0x51, 0x53, 0x69, 0x69, 0x4F, 0x4E, 0x4D,
    0x41, 0x3E, 0x3A, 0x38, 0x30, 0x2C, 0x2A, 0x28, 0x26, 0x1F, 0x1F, 0x1B, 0x1B, 0x1B, 0x1B, 0x1B,
    0x19, 0x19, 0x19, 0x19, 0x19, 0x19, 0x19, 0x19, 0x19, 0x19, 0x19, 0x19, 0x19, 0x19, 0x19, 0x16,
    0x16, 0x16, 0x16, 0x16, 0x16, 0x16, 0x16, 0x16, 0x16, 0x16, 0x16, 0x16, 0x16, 0x19, 0x19, 0x19,
    0x19, 0x19, 0x19, 0x19, 0x19, 0x19, 0x19, 0x19, 0x19, 0x19, 0x19, 0x19, 0x1B, 0x1B, 0x1B, 0x1B,
    0x1B, 0x1F, 0x1F, 0x26, 0x28, 0x2A, 0x2C, 0x30, 0x32, 0x38, 0x3A, 0x3B, 0x3F, 0x4C, 0x4D, 0x4F,
    0x69, 0x69, 0x72, 0x72, 0x72, 0x60, 0x58, 0x59, 0x55, 0x58, 0x7F, 0x58, 0x44, 0x76, 0xA5, 0xD0,
    0xCD, 0x84, 0xDC, 0xDF, 0xE7, 0xEC, 0xED, 0xF2, 0xF2, 0xEC, 0xE9, 0xE1, 0xDD, 0xAF, 0xDD, 0xD7,
    0xD5, 0xD3, 0xC9, 0xA5, 0x7B, 0x48, 0x4B, 0x5D, 0x56, 0x57, 0x54, 0x21, 0x4A, 0x51, 0x53, 0x6E,
    0x69, 0x69, 0x4F, 0x4E, 0x4D, 0x3F, 0x3B, 0x3A, 0x37, 0x30, 0x2C, 0x2A, 0x2A, 0x26, 0x1F, 0x1F,
    0x1B, 0x1B, 0x1B, 0x1B, 0x1B, 0x1B, 0x19, 0x19, 0x19, 0x19, 0x19, 0x19, 0x19, 0x19, 0x19, 0x19,
    0x19, 0x19, 0x19, 0x19, 0x19, 0x19, 0x19, 0x19, 0x19, 0x19, 0x19, 0x19, 0x19, 0x19, 0x19, 0x19,
    0x19, 0x19, 0x19, 0x19, 0x19, 0x19, 0x19, 0x19, 0x19, 0x19, 0x19, 0x19, 0x19, 0x19, 0x1B, 0x1B,
    0x1B, 0x1B, 0x1B, 0x1B, 0x1F, 0x1F, 0x26, 0x2A, 0x2A, 0x2C, 0x30, 0x32, 0x39, 0x3A, 0x3B, 0x3F,
    0x4C, 0x4D, 0x4F, 0x52, 0x69, 0x6F, 0x73, 0x73, 0x70, 0x70, 0x58, 0x5A, 0x56, 0x4B, 0x84, 0x76,
    0x44, 0x5D, 0xB4, 0xCD, 0x84, 0xBD, 0xDD, 0xE9, 0xE7, 0xEC, 0xF2, 0xF3, 0xF2, 0xEC, 0xE9, 0xE2,
    0xE1, 0xAF, 0xDC, 0xDC, 0xD7, 0xD5, 0xD0, 0xBB, 0xAF, 0x5D, 0x23, 0x54, 0x56, 0x57, 0x55, 0x21,
    0x58, 0x5C, 0x53, 0x6F, 0x6E, 0x69, 0x69, 0x4F, 0x4E, 0x4C, 0x3F, 0x3B, 0x38, 0x37, 0x31, 0x2C,
    0x2A, 0x2A, 0x28, 0x26, 0x1F, 0x1F, 0x1B, 0x1B, 0x1B, 0x1B, 0x1B, 0x1B, 0x19, 0x19, 0x19, 0x19,
    0x19, 0x19, 0x19, 0x19, 0x19, 0x19, 0x19, 0x19, 0x19, 0x19, 0x19, 0x19, 0x19, 0x19, 0x19, 0x19,
    0x19, 0x19, 0x19, 0x19, 0x19, 0x19, 0x19, 0x19, 0x19, 0x19, 0x19, 0x19, 0x19, 0x19, 0x19, 0x19,
    0x1B, 0x1B, 0x1B, 0x1B, 0x1B, 0x1B, 0x1F, 0x1F, 0x26, 0x28, 0x2A, 0x2A, 0x2C, 0x32, 0x34, 0x3A,
    0x3E, 0x3B, 0x3F, 0x4C, 0x4C, 0x4D, 0x52, 0x69, 0x6E, 0x72, 0x73, 0x90, 0x74, 0x71, 0x59, 0x5B,
    0x57, 0x49, 0x84, 0x80, 0x49, 0x49, 0x84, 0xCD, 0x84, 0xDD, 0xE2, 0xE9, 0xEB, 0xEC, 0xF2, 0xF3,
    0xF3, 0xEC, 0xE9, 0xE2, 0xE2, 0xAF, 0xDC, 0xDD, 0xDC, 0xD6, 0xD3, 0xBF, 0xB4, 0x7B, 0x49, 0x44,
    0x56, 0x57, 0x49, 0x22, 0x59, 0x60, 0x70, 0x72, 0x6F, 0x6F, 0x69, 0x52, 0x4F, 0x4D, 0x4C, 0x3F,
    0x2D, 0x2D, 0x37, 0x34, 0x30, 0x2C, 0x2A, 0x2A, 0x26, 0x1F, 0x1F, 0x1B, 0x1B, 0x1B, 0x1B, 0x1B,
    0x1B, 0x1B, 0x1B, 0x19, 0x19, 0x19, 0x19, 0x19, 0x19, 0x19, 0x19, 0x19, 0x19, 0x19, 0x19, 0x19,
    0x19, 0x19, 0x19, 0x19, 0x19, 0x19, 0x19, 0x19, 0x19, 0x19, 0x19, 0x19, 0x19, 0x19, 0x19, 0x19,
    0x19, 0x1B, 0x1B, 0x1B, 0x1B, 0x1B, 0x1B, 0x1B, 0x1B, 0x1F, 0x1F, 0x26, 0x2A, 0x2A, 0x2C, 0x30,
    0x32, 0x38, 0x3A, 0x3E, 0x3B, 0x3F, 0x4C, 0x4C, 0x50, 0x50, 0x52, 0x6E, 0x6F, 0x73, 0x90, 0x91,
    0x75, 0x71, 0x59, 0x5B, 0x57, 0x49, 0x84, 0xB4, 0x55, 0x45, 0x7B, 0xBF, 0xB4, 0xD1, 0xDE, 0xE9,
    0xEB, 0xEC, 0xF2, 0xF3, 0xF3, 0xEC, 0xE9, 0xE2, 0xE2, 0xB4, 0xDD, 0xE1, 0xDD, 0xD6, 0xD3, 0xCF,
    0xB9, 0xAF, 0x76, 0x44, 0x54, 0x54, 0x48, 0x45, 0x59, 0x61, 0x70, 0x70, 0x72, 0x72, 0x6E, 0x69,
    0x52, 0x52, 0x4D, 0x4C, 0x3A, 0x2D, 0x2D, 0x38, 0x37, 0x30, 0x2C, 0x2A, 0x2A, 0x28, 0x26, 0x1F,
    0x1F, 0x1B, 0x1B, 0x1B, 0x1B, 0x1B, 0x1B, 0x1B, 0x1B, 0x1B, 0x19, 0x19, 0x19, 0x19, 0x19, 0x19,
    0x19, 0x19, 0x19, 0x19, 0x19, 0x19, 0x19, 0x19, 0x19, 0x19, 0x19, 0x19, 0x19, 0x19, 0x19, 0x19,
    0x19, 0x19, 0x1B, 0x1B, 0x1B, 0x1B, 0x1B, 0x1B, 0x1B, 0x1B, 0x1B, 0x1F, 0x1F, 0x26, 0x28, 0x2A,
    0x2A, 0x2C, 0x30, 0x33, 0x3C, 0x3A, 0x3E, 0x3F, 0x3F, 0x4C, 0x4C, 0x50, 0x50, 0x52, 0x53, 0x6F,
    0x72, 0x90, 0x91, 0x96, 0x75, 0x78, 0x5B, 0x5B, 0x57, 0x54, 0xB4, 0xBD, 0x76, 0x45, 0x76, 0xA5,
    0xBF, 0x84, 0xDE, 0xE9, 0xEB, 0xEC, 0xF2, 0xF2, 0xF3, 0xEC, 0xE9, 0xE2, 0xE2, 0xA5, 0xE1, 0xDE,
    0xDD, 0xD7, 0xD5, 0xCA, 0xAC, 0xB4, 0x80, 0x49, 0x44, 0x54, 0x22, 0x54, 0x57, 0x61, 0x71, 0x74,
    0x90, 0x73, 0x6F, 0x6E, 0x69, 0x52, 0x50, 0x4C, 0x3A, 0x3A, 0x2D, 0x2D, 0x2D, 0x37, 0x34, 0x30,
    0x2C, 0x2A, 0x2A, 0x28, 0x26, 0x1F, 0x1F, 0x1F, 0x1B, 0x1B, 0x1B, 0x1B, 0x1B, 0x1B, 0x1B, 0x1B,
    0x1B, 0x1B, 0x19, 0x19, 0x19, 0x19, 0x19, 0x19, 0x19, 0x19, 0x19, 0x19, 0x19, 0x19, 0x19, 0x19,
    0x19, 0x19, 0x1B, 0x1B, 0x1B, 0x1B, 0x1B, 0x1B, 0x1B, 0x1B, 0x1B, 0x1B, 0x1F, 0x1F, 0x1F, 0x26,
    0x28, 0x2A, 0x2A, 0x2C, 0x30, 0x32, 0x39, 0x3A, 0x3E, 0x3B, 0x3F, 0x4C, 0x4C, 0x4C, 0x50, 0x50,
    0x50, 0x53, 0x6E, 0x72, 0x90, 0x90, 0x96, 0x93, 0xAF, 0x63, 0x5E, 0x5B, 0x57, 0x55, 0x84, 0xCD,
    0x7F, 0x45, 0x5D, 0xB4, 0xCD, 0xAF, 0xE1, 0xE9, 0xEB, 0xEC, 0xED, 0xF2, 0xF4, 0xED, 0xE9, 0xE2,
    0xE2, 0xB4, 0xDD, 0xE1, 0xE1, 0xDC, 0xD6, 0xD2, 0xAE, 0xB9, 0x84, 0x58, 0x21, 0x45, 0x21, 0x55,
    0x5A, 0x78, 0x7B, 0x75, 0x75, 0x90, 0x72, 0x6F, 0x6E, 0x53, 0x50, 0x50, 0x25, 0x25, 0x3A, 0x3A,
    0x2D, 0x2D, 0x2D, 0x37, 0x34, 0x30, 0x2C, 0x2A, 0x2A, 0x28, 0x26, 0x26, 0x1F, 0x1F, 0x1B, 0x1B,
    0x1B, 0x1B, 0x1B, 0x1B, 0x1B, 0x1B, 0x1B, 0x1B, 0x1B, 0x1B, 0x1B, 0x1B, 0x1B, 0x1B, 0x1B, 0x1B,
    0x1B, 0x1B, 0x1B, 0x1B, 0x1B, 0x1B, 0x1B, 0x1B, 0x1B, 0x1B, 0x1B, 0x1B, 0x1B, 0x1B, 0x1F, 0x1F,
    0x26, 0x26, 0x28, 0x2A, 0x2A, 0x2C, 0x30, 0x32, 0x37, 0x3A, 0x3E, 0x3E, 0x3F, 0x41, 0x4C, 0x4D,
    0x4D, 0x50, 0x50, 0x4A, 0x53, 0x53, 0x6F, 0x70, 0x75, 0x75, 0x96, 0x97, 0x88, 0x5F, 0x78, 0x5B,
    0x57, 0x59, 0x74, 0xCD, 0x84, 0x45, 0x58, 0xAF, 0xD0, 0xD5, 0xA5, 0xE7, 0xEB, 0xEC, 0xED, 0xF2,
    0xF5, 0xED, 0xEB, 0xDF, 0xE2, 0xB4, 0xDD, 0xE2, 0xE2, 0xDD, 0xD7, 0xD3, 0xC9, 0xB9, 0xAF, 0x58,
    0x22, 0x1D, 0x49, 0x57, 0x5B, 0x78, 0x7E, 0x92, 0x75, 0x75, 0x90, 0x72, 0x6F, 0x53, 0x53, 0x50,
    0x25, 0x25, 0x25, 0x25, 0x3A, 0x3A, 0x3A, 0x2D, 0x2D, 0x37, 0x34, 0x30, 0x2C, 0x2A, 0x2A, 0x28,
    0x28, 0x26, 0x1F, 0x1F, 0x1F, 0x1F, 0x1B, 0x1B, 0x1B, 0x1B, 0x1B, 0x1B, 0x1B, 0x1B, 0x1B, 0x1B,
    0x1B, 0x1B, 0x1B, 0x1B, 0x1B, 0x1B, 0x1B, 0x1B, 0x1B, 0x1B, 0x1B, 0x1B, 0x1B, 0x1B, 0x1F, 0x1F,
    0x1F, 0x1F, 0x26, 0x28, 0x28, 0x2A, 0x2A, 0x2C, 0x30, 0x32, 0x36, 0x39, 0x3A, 0x3E, 0x3F, 0x41,
    0x41, 0x4D, 0x4D, 0x50, 0x50, 0x50, 0x50, 0x51, 0x51, 0x5C, 0x70, 0x74, 0x75, 0x93, 0xBF, 0xBE,
    0x88, 0x5F, 0x78, 0x5E, 0x5A, 0x59, 0x60, 0xBD, 0xB4, 0x45, 0x54, 0xA5, 0xD2, 0xD7, 0x84, 0xDF,
    0xEB, 0xEC, 0xED, 0xF2, 0xF5, 0xF2, 0xEC, 0xE9, 0xE2, 0xA1, 0xDE, 0xDF, 0xE2, 0xDD, 0xD7, 0xD3,
    0xCD, 0xA1, 0x7F, 0x54, 0x22, 0x21, 0x56, 0x57, 0x5E, 0x78, 0x7E, 0x86, 0x92, 0x75, 0x75, 0x70,
    0x70, 0x53, 0x53, 0x50, 0x25, 0x25, 0x25, 0x25, 0x25, 0x25, 0x25, 0x3A, 0x3A, 0x3A, 0x2D, 0x38,
    0x37, 0x30, 0x2C, 0x2A, 0x2A, 0x2A, 0x28, 0x28, 0x26, 0x26, 0x1F, 0x1F, 0x1F, 0x1F, 0x1B, 0x1B,
    0x1B, 0x1B, 0x1B, 0x1B, 0x1B, 0x1B, 0x1B, 0x1B, 0x1B, 0x1B, 0x1B, 0x1B, 0x1B, 0x1B, 0x1F, 0x1F,
    0x1F, 0x1F, 0x26, 0x26, 0x28, 0x28, 0x2A, 0x2A, 0x2A, 0x2C, 0x30, 0x32, 0x37, 0x3C, 0x3A, 0x3E,
    0x3F, 0x41, 0x41, 0x4D, 0x4D, 0x4F, 0x50, 0x50, 0x50, 0x51, 0x51, 0x51, 0x5C, 0x60, 0x70, 0x75,
    0x92, 0x97, 0xCE, 0xBE, 0xB0, 0x62, 0x78, 0x5E, 0x57, 0x5E, 0x5D, 0xA5, 0xB4, 0x48, 0x58, 0xA5,
    0xD3, 0xD6, 0xA5, 0xCD, 0xEC, 0xEC, 0xED, 0xF2, 0xF5, 0xF3, 0xEC, 0xEA, 0xE2, 0xBD, 0xDF, 0xDF,
    0xDE, 0xDD, 0xD7, 0xD3, 0xBF, 0xB4, 0x76, 0x54, 0x21, 0x23, 0x56, 0x57, 0x5E, 0x78, 0x82, 0xB0,
    0x9D, 0x92, 0x75, 0x74, 0x70, 0x70, 0x5C, 0x51, 0x24, 0x24, 0x25, 0x25, 0x25, 0x25, 0x25, 0x25,
    0x25, 0x25, 0x3A, 0x3A, 0x3A, 0x38, 0x37, 0x30, 0x2C, 0x2C, 0x2A, 0x2A, 0x2A, 0x28, 0x28, 0x28,
    0x26, 0x26, 0x1F, 0x1F, 0x1F, 0x1F, 0x1F, 0x1F, 0x1F, 0x1F, 0x1F, 0x1F, 0x1F, 0x1F, 0x1F, 0x1F,
    0x1F, 0x1F, 0x26, 0x26, 0x28, 0x28, 0x28, 0x2A, 0x2A, 0x2A, 0x2C, 0x2C, 0x30, 0x32, 0x39, 0x3C,
    0x3A, 0x3E, 0x3F, 0x41, 0x41, 0x4D, 0x4E, 0x4F, 0x52, 0x52, 0x52, 0x53, 0x53, 0x51, 0x51, 0x5C,
    0x60, 0x70, 0x71, 0x80, 0x9B, 0xBE, 0xCF, 0xC0, 0x88, 0x78, 0x78, 0x5E, 0x57, 0x61, 0x5D, 0xBB,
    0xB4, 0x45, 0x5C, 0xBF, 0xD4, 0xD7, 0xD6, 0x84, 0xEC, 0xED, 0xF2, 0xF2, 0xF7, 0xF4, 0xED, 0xEB,
    0xE9, 0xD5, 0xD5, 0xE3, 0xDE, 0xE0, 0xD7, 0xD2, 0xBD, 0xB4, 0x61, 0x4B, 0x1D, 0x23, 0x55, 0x5A,
    0x5F, 0x7A, 0x82, 0xB0, 0xA2, 0xA2, 0x92, 0x75, 0x74, 0x70, 0x60, 0x51, 0x24, 0x24, 0x24, 0x25,
    0x25, 0x25, 0x25, 0x2E, 0x2E, 0x2E, 0x2E, 0x2E, 0x2E, 0x3E, 0x3A, 0x2D, 0x38, 0x37, 0x30, 0x2C,
    0x2C, 0x2A, 0x2A, 0x2A, 0x2A, 0x2A, 0x28, 0x28, 0x28, 0x28, 0x26, 0x26, 0x26, 0x26, 0x26, 0x26,
    0x26, 0x26, 0x28, 0x28, 0x28, 0x28, 0x2A, 0x2A, 0x2A, 0x2A, 0x2A, 0x2C, 0x2C, 0x30, 0x32, 0x37,
    0x39, 0x3A, 0x3E, 0x3E, 0x3F, 0x41, 0x41, 0x4D, 0x4E, 0x4F, 0x4F, 0x52, 0x52, 0x52, 0x53, 0x53,
    0x51, 0x5C, 0x5C, 0x5C, 0x5D, 0x71, 0x7D, 0x87, 0xA0, 0xBE, 0xCF, 0xCE, 0x82, 0x7A, 0x78, 0x5B,
    0x57, 0x76, 0x76, 0xBD, 0x84, 0x45, 0x5D, 0xBF, 0xD5, 0xDC, 0xDD, 0x84, 0xED, 0xED, 0xF2, 0xF3,
    0xF7, 0xF5, 0xF2, 0xEC, 0xE9, 0xE9, 0xBF, 0xE9, 0xDE, 0xDC, 0xD6, 0xD0, 0xBB, 0xAF, 0x76, 0x4A,
    0x21, 0x23, 0x55, 0x5A, 0x5F, 0x7A, 0x82, 0xB2, 0xA3, 0xA3, 0xB5, 0x92, 0x7F, 0x71, 0x60, 0x5C,
    0x23, 0x24, 0x24, 0x24, 0x24, 0x24, 0x25, 0x2E, 0x2E, 0x2E, 0x3B, 0x3B, 0x3B, 0x3B, 0x3B, 0x3E,
    0x3E, 0x3A, 0x3A, 0x38, 0x37, 0x31, 0x30, 0x2C, 0x2C, 0x2C, 0x2A, 0x2A, 0x2A, 0x2A, 0x2A, 0x2A,
    0x2A, 0x2A, 0x2A, 0x2A, 0x2A, 0x2A, 0x2A, 0x2A, 0x2A, 0x2A, 0x2C, 0x2C, 0x2C, 0x30, 0x30, 0x34,
    0x39, 0x39, 0x3A, 0x3E, 0x3E, 0x3E, 0x41, 0x41, 0x41, 0x4D, 0x4E, 0x4F, 0x4F, 0x52, 0x52, 0x52,
    0x53, 0x53, 0x53, 0x5C, 0x5C, 0x5C, 0x5D, 0x5D, 0x61, 0x7A, 0x7E, 0x88, 0xA0, 0xAD, 0xD0, 0xCE,
    0x7C, 0x82, 0x78, 0x5E, 0x57, 0x76, 0x76, 0xA5, 0x76, 0x44, 0x76, 0xBF, 0xD5, 0xDD, 0xE3, 0x84,
    0xED, 0xED, 0xF2, 0xF3, 0xF8, 0xF5, 0xF4, 0xED, 0xEC, 0xE9, 0xBB, 0xE9, 0xDF, 0xDD, 0xD5, 0xCF,
    0xA5, 0xAF, 0x76, 0x46, 0x45, 0x23, 0x56, 0x5A, 0x5F, 0x7C, 0x83, 0xB2, 0xA6, 0xBA, 0xA0, 0xB0,
    0x81, 0x7B, 0x61, 0x5C, 0x23, 0x23, 0x23, 0x24, 0x24, 0x24, 0x24, 0x44, 0x44, 0x47, 0x47, 0x3F,
    0x3F, 0x3F, 0x3F, 0x3F, 0x3B, 0x3B, 0x3B, 0x3E, 0x3A, 0x2D, 0x2D, 0x2D, 0x38, 0x37, 0x31, 0x30,
    0x30, 0x30, 0x30, 0x2C, 0x2C, 0x2C, 0x2C, 0x2C, 0x2C, 0x30, 0x30, 0x30, 0x30, 0x30, 0x34, 0x37,
    0x39, 0x3C, 0x3A, 0x3A, 0x3E, 0x3E, 0x3E, 0x3F, 0x41, 0x41, 0x4D, 0x4E, 0x4E, 0x4F, 0x4F, 0x52,
    0x69, 0x69, 0x6E, 0x6E, 0x6E, 0x53, 0x5C, 0x60, 0x60, 0x5D, 0x5E, 0x5E, 0x5F, 0x7A, 0x82, 0x88,
    0xA0, 0xAD, 0xD0, 0xCE, 0x7C, 0x83, 0x78, 0x5E, 0x57, 0x61, 0x7F, 0x84, 0x5D, 0x44, 0x7F, 0xCD,
    0xD5, 0xDD, 0xEA, 0x84, 0xED, 0xED, 0xF2, 0xF3, 0xFA, 0xF7, 0xF5, 0xF2, 0xEC, 0xEB, 0xD6, 0xD1,
    0xE3, 0xE0, 0xD5, 0xCD, 0xA5, 0x84, 0x76, 0x45, 0x45, 0x44, 0x56, 0x5A, 0x62, 0x7C, 0x87, 0x9B,
    0xBA, 0xA7, 0x9F, 0xB0, 0x83, 0x7C, 0x78, 0x5D, 0x23, 0x44, 0x23, 0x23, 0x23, 0x24, 0x44, 0x44,
    0x47, 0x47, 0x47, 0x47, 0x47, 0x4C, 0x4C, 0x4C, 0x4C, 0x3F, 0x3F, 0x3B, 0x2E, 0x2E, 0x2E, 0x25,
    0x3E, 0x3E, 0x3A, 0x3A, 0x3A, 0x3A, 0x3C, 0x39, 0x39, 0x39, 0x39, 0x39, 0x39, 0x39, 0x3C, 0x3A,
    0x3A, 0x3A, 0x3A, 0x3E, 0x3E, 0x3E, 0x3E, 0x3F, 0x41, 0x41, 0x41, 0x41, 0x4E, 0x4E, 0x4F, 0x4F,
    0x67, 0x52, 0x69, 0x69, 0x6E, 0x6E, 0x6E, 0x6F, 0x70, 0x70, 0x70, 0x60, 0x61, 0x5F, 0x5E, 0x5E,
    0x78, 0x7A, 0x7E, 0x88, 0xB8, 0xAD, 0xD0, 0xCF, 0x7E, 0x82, 0x78, 0x5E, 0x57, 0x61, 0x84, 0x76,
    0x54, 0x48, 0xB4, 0xD1, 0xD6, 0xDD, 0xE9, 0x84, 0xED, 0xED, 0xF3, 0xF4, 0xFA, 0xF7, 0xF5, 0xF3,
    0xED, 0xEB, 0xE9, 0xBD, 0xE2, 0xDC, 0xD4, 0xCF, 0xA5, 0xAF, 0x5D, 0x45, 0x21, 0x48, 0x56, 0x5B,
    0x78, 0x7C, 0x87, 0xB5, 0xA9, 0xAA, 0xA2, 0x99, 0x83, 0x7C, 0x78, 0x5E, 0x44, 0x44, 0x44, 0x44,
    0x44, 0x44, 0x44, 0x47, 0x47, 0x47, 0x47, 0x47, 0x47, 0x47, 0x4C, 0x4C, 0x4C, 0x4C, 0x4C, 0x3F,
    0x3B, 0x3B, 0x3B, 0x3B, 0x3F, 0x3F, 0x3F, 0x3F, 0x3E, 0x3E, 0x3E, 0x3E, 0x3E, 0x3E, 0x3E, 0x3E,
    0x3E, 0x3E, 0x3E, 0x3E, 0x3E, 0x3F, 0x3F, 0x3F, 0x41, 0x41, 0x41, 0x41, 0x4D, 0x4E, 0x4E, 0x4F,
    0x4F, 0x67, 0x52, 0x52, 0x69, 0x69, 0x6E, 0x6E, 0x6F, 0x6F, 0x72, 0x70, 0x70, 0x70, 0x71, 0x61,
    0x62, 0x5F, 0x5E, 0x5E, 0x78, 0x7A, 0x7E, 0x88, 0xB8, 0xAD, 0xCA, 0xD0, 0x82, 0x82, 0x78, 0x5F,
    0x5A, 0x61, 0x84, 0x5C, 0x48, 0x54, 0xCD, 0xD4, 0xD7, 0xDD, 0xE2, 0x84, 0xED, 0xED, 0xF4, 0xF4,
    0xFB, 0xF8, 0xF7, 0xF4, 0xF2, 0xEC, 0xEB, 0xD1, 0xD5, 0xD7, 0xD3, 0xCF, 0xA5, 0xAF, 0x60, 0x44,
    0x1D, 0x54, 0x54, 0x5E, 0x78, 0x7E, 0x88, 0xA0, 0xA9, 0xBC, 0xA2, 0x99, 0x83, 0x7C, 0x78, 0x5F,
    0x44, 0x44, 0x44, 0x44, 0x44, 0x44, 0x44, 0x46, 0x46, 0x46, 0x46, 0x47, 0x50, 0x50, 0x50, 0x50,
    0x50, 0x4C, 0x4C, 0x47, 0x47, 0x47, 0x47, 0x4C, 0x4D, 0x4D, 0x4D, 0x41, 0x41, 0x41, 0x41, 0x41,
    0x41, 0x41, 0x41, 0x41, 0x41, 0x41, 0x41, 0x41, 0x41, 0x41, 0x41, 0x4D, 0x4D, 0x4E, 0x4E, 0x4E,
    0x4F, 0x4F, 0x4F, 0x52, 0x52, 0x69, 0x69, 0x69, 0x6E, 0x6F, 0x6F, 0x72, 0x72, 0x70, 0x70, 0x70,
    0x74, 0x71, 0x71, 0x78, 0x78, 0x5F, 0x5E, 0x5E, 0x62, 0x7A, 0x7E, 0x88, 0xB8, 0xAD, 0xCA, 0xD0,
    0x82, 0x82, 0x78, 0x5F, 0x5A, 0x76, 0x84, 0x54, 0x23, 0x5D, 0xD1, 0xD5, 0xE0, 0xE1, 0xDE, 0x84,
    0xED, 0xF2, 0xF4, 0xF5, 0xFA, 0xF8, 0xF7, 0xF5, 0xF3, 0xED, 0xEC, 0xE9, 0xB9, 0xD5, 0xD4, 0xCD,
    0xA5, 0xB4, 0x60, 0x21, 0x21, 0x55, 0x54, 0x5F, 0x78, 0x7E, 0x88, 0xB8, 0xBC, 0xAB, 0xA2, 0xB3,
    0x87, 0x7C, 0x78, 0x5F, 0x44, 0x44, 0x44, 0x44, 0x44, 0x44, 0x46, 0x46, 0x46, 0x48, 0x48, 0x48,
    0x50, 0x50, 0x50, 0x50, 0x50, 0x50, 0x50, 0x47, 0x47, 0x47, 0x47, 0x4D, 0x4E, 0x4D, 0x4E, 0x4D,
    0x4D, 0x4D, 0x4D, 0x4D, 0x4D, 0x4D, 0x4D, 0x4D, 0x4D, 0x4D, 0x4D, 0x4E, 0x4E, 0x4E, 0x4E, 0x4F,
    0x4F, 0x4F, 0x4F, 0x52, 0x52, 0x69, 0x69, 0x69, 0x69, 0x6E, 0x6E, 0x6F, 0x6F, 0x72, 0x72, 0x70,
    0x70, 0x74, 0x74, 0x74, 0x71, 0x7A, 0x7A, 0x78, 0x78, 0x5F, 0x5E, 0x5E, 0x5F, 0x7A, 0x7E, 0x87,
    0xA0, 0xAD, 0xD0, 0xCF, 0x82, 0x82, 0x78, 0x5E, 0x5A, 0x76, 0x84, 0x45, 0x44, 0x7F, 0xD1, 0xD5,
    0xE0, 0xE3, 0xD2, 0xB4, 0xEC, 0xF2, 0xF5, 0xF5, 0xFB, 0xF8, 0xF7, 0xF5, 0xF4, 0xED, 0xEC, 0xE9,
    0xBF, 0xD5, 0xD5, 0xCD, 0xA5, 0xB4, 0x5C, 0x04, 0x45, 0x55, 0x54, 0x5F, 0x78, 0x7E, 0xB0, 0xB8,
    0xAB, 0xAB, 0xA3, 0x9B, 0x87, 0x7C, 0x78, 0x5F, 0x44, 0x44, 0x44, 0x44, 0x44, 0x44, 0x45, 0x46,
    0x48, 0x48, 0x4A, 0x4A, 0x4A, 0x4A, 0x4A, 0x4A, 0x50, 0x50, 0x50, 0x47, 0x47, 0x47, 0x50, 0x52,
    0x52, 0x52, 0x52, 0x52, 0x52, 0x4F, 0x4F, 0x4F, 0x4F, 0x4F, 0x4F, 0x4F, 0x4F, 0x4F, 0x4F, 0x4F,
    0x52, 0x52, 0x52, 0x52, 0x52, 0x52, 0x69, 0x69, 0x69, 0x6E, 0x6E, 0x6E, 0x6F, 0x6F, 0x72, 0x72,
    0x70, 0x70, 0x74, 0x74, 0x75, 0x75, 0x75, 0x7D, 0x7E, 0x7C, 0x7A, 0x78, 0x78, 0x5F, 0x5E, 0x5B,
    0x5F, 0x7A, 0x7E, 0x87, 0xB5, 0xC0, 0xD2, 0xCE, 0x83, 0x82, 0x78, 0x5E, 0x57, 0x76, 0x84, 0x1D,
    0x49, 0xB4, 0xD2, 0xD6, 0xE0, 0xE3, 0x84, 0xD6, 0xEC, 0xF3, 0xF5, 0xF7, 0xFB, 0xFA, 0xF7, 0xF5,
    0xF5, 0xF2, 0xEC, 0xE9, 0xD6, 0xBF, 0xD5, 0xBF, 0xB4, 0x84, 0x58, 0x04, 0x49, 0x56, 0x54, 0x5F,
    0x7A, 0x82, 0xB0, 0xA2, 0xAB, 0xAB, 0xA6, 0x9B, 0x88, 0x7E, 0x78, 0x5F, 0x44, 0x44, 0x44, 0x44,
    0x44, 0x44, 0x45, 0x46, 0x48, 0x48, 0x4A, 0x4A, 0x4B, 0x4B, 0x51, 0x51, 0x51, 0x51, 0x50, 0x48,
    0x48, 0x48, 0x53, 0x53, 0x53, 0x52, 0x52, 0x52, 0x52, 0x52, 0x52, 0x52, 0x52, 0x52, 0x52, 0x52,
    0x52, 0x52, 0x52, 0x52, 0x69, 0x69, 0x69, 0x69, 0x6E, 0x6E, 0x6E, 0x6E, 0x6F, 0x6F, 0x6F, 0x72,
    0x72, 0x72, 0x70, 0x70, 0x74, 0x74, 0x75, 0x75, 0x75, 0x85, 0x83, 0x82, 0x7E, 0x7C, 0x78, 0x78,
    0x78, 0x5F, 0x5E, 0x5B, 0x5F, 0x78, 0x7E, 0x87, 0x9E, 0xC0, 0xD1, 0xCE, 0x86, 0x82, 0x78, 0x5E,
    0x57, 0x61, 0x60, 0x21, 0x5D, 0xA5, 0xD2, 0xD6, 0xE0, 0xE9, 0x84, 0xEB, 0xED, 0xF4, 0xF5, 0xF7,
    0xFB, 0xFA, 0xF7, 0xF5, 0xF5, 0xF2, 0xEC, 0xE9, 0xDF, 0xA5, 0xD4, 0xCD, 0xB4, 0x84, 0x49, 0x1D,
    0x54, 0x56, 0x54, 0x5E, 0x7A, 0x83, 0x99, 0xA2, 0xAB, 0xAB, 0xA8, 0x9C, 0x88, 0x7E, 0x78, 0x62,
    0x44, 0x44, 0x44, 0x44, 0x44, 0x44, 0x45, 0x48, 0x48, 0x4A, 0x49, 0x4B, 0x4B, 0x51, 0x51, 0x51,
    0x51, 0x51, 0x4A, 0x48, 0x4A, 0x4A, 0x53, 0x53, 0x53, 0x53, 0x6E, 0x6E, 0x6E, 0x6E, 0x6E, 0x6E,
    0x6E, 0x6E, 0x6E, 0x6E, 0x6E, 0x6E, 0x6E, 0x6E, 0x6E, 0x6E, 0x6E, 0x6F, 0x6F, 0x6F, 0x72, 0x72,
    0x72, 0x72, 0x70, 0x70, 0x74, 0x74, 0x74, 0x75, 0x75, 0x75, 0x92, 0x85, 0x88, 0x87, 0x83, 0x82,
    0x7E, 0x7A, 0x78, 0x78, 0x78, 0x5F, 0x5E, 0x5B, 0x5F, 0x78, 0x7E, 0x87, 0x9F, 0xC0, 0xCA, 0xCF,
    0xB0, 0x7E, 0x78, 0x5E, 0x57, 0x59, 0x49, 0x48, 0x84, 0xCD, 0xD2, 0xD7, 0xDD, 0xD5, 0x84, 0xEC,
    0xED, 0xF4, 0xF5, 0xF7, 0xFB, 0xFA, 0xF7, 0xF7, 0xF5, 0xF2, 0xEC, 0xEA, 0xE2, 0xB4, 0xD1, 0xCD,
    0xA5, 0x7F, 0x45, 0x23, 0x56, 0x57, 0x54, 0x5E, 0x7A, 0x83, 0x99, 0xA3, 0xAC, 0xBE, 0xA7, 0xA0,
    0x88, 0x82, 0x7A, 0x62, 0x23, 0x44, 0x23, 0x44, 0x44, 0x44, 0x45, 0x46, 0x48, 0x49, 0x4B, 0x4B,
    0x58, 0x58, 0x58, 0x58, 0x5C, 0x5C, 0x4A, 0x4A, 0x4A, 0x5C, 0x60, 0x70, 0x70, 0x6F, 0x6F, 0x6F,
    0x6F, 0x6F, 0x6F, 0x6F, 0x6F, 0x6F, 0x6F, 0x6F, 0x6F, 0x6F, 0x6F, 0x6F, 0x6F, 0x72, 0x72, 0x72,
    0x72, 0x72, 0x70, 0x70, 0x70, 0x74, 0x74, 0x75, 0x75, 0x75, 0x75, 0x92, 0x92, 0x86, 0x88, 0xB0,
    0x88, 0x87, 0x83, 0x82, 0x7E, 0x7A, 0x78, 0x78, 0x78, 0x5F, 0x5E, 0x5B, 0x5F, 0x78, 0x7E, 0x87,
    0x9F, 0xC0, 0xCA, 0xCE, 0xB5, 0x7A, 0x78, 0x5B, 0x57, 0x55, 0x23, 0x51, 0xCD, 0xD1, 0xD5, 0xE0,
    0xE1, 0x84, 0xE0, 0xED, 0xF2, 0xF5, 0xF7, 0xF8, 0xFA, 0xFA, 0xF8, 0xF7, 0xF5, 0xF2, 0xEC, 0xE7,
    0xDF, 0xB4, 0xCD, 0xCD, 0xA5, 0x79, 0x22, 0x45, 0x56, 0x57, 0x54, 0x5F, 0x7A, 0x83, 0x99, 0xA6,
    0xAC, 0xBE, 0xA9, 0x9E, 0x88, 0x82, 0x7A, 0x62, 0x23, 0x44, 0x23, 0x23, 0x44, 0x44, 0x45, 0x46,
    0x48, 0x49, 0x4B, 0x4B, 0x58, 0x58, 0x5C, 0x5C, 0x5C, 0x58, 0x4A, 0x4B, 0x58, 0x60, 0x70, 0x70,
    0x70, 0x70, 0x70, 0x70, 0x70, 0x70, 0x70, 0x70, 0x70, 0x70, 0x70, 0x70, 0x70, 0x70, 0x70, 0x70,
    0x70, 0x70, 0x70, 0x70, 0x74, 0x74, 0x74, 0x75, 0x75, 0x75, 0x75, 0x75, 0x92, 0x92, 0x98, 0xB0,
    0xB0, 0xB0, 0xB0, 0xB0, 0x88, 0x87, 0x83, 0x82, 0x7E, 0x7A, 0x78, 0x78, 0x62, 0x5F, 0x5E, 0x5B,
    0x5F, 0x78, 0x7C, 0x87, 0xB8, 0xC0, 0xD0, 0xCE, 0x9F, 0x78, 0x78, 0x5B, 0x57, 0x54, 0x21, 0x70,
    0xD1, 0xD6, 0xD6, 0xE0, 0xDF, 0x84, 0xED, 0xED, 0xF3, 0xF5, 0xF7, 0xF8, 0xFA, 0xFB, 0xF8, 0xF7,
    0xF5, 0xF2, 0xED, 0xE7, 0xDF, 0xA5, 0xA5, 0xCF, 0xA5, 0x76, 0x22, 0x48, 0x56, 0x57, 0x54, 0x62,
    0x7C, 0x83, 0xB2, 0xA6, 0xAC, 0xAD, 0xBC, 0x9F, 0x88, 0x82, 0x7C, 0x62, 0x23, 0x23, 0x23, 0x23,
    0x44, 0x44, 0x45, 0x46, 0x48, 0x49, 0x4B, 0x4B, 0x58, 0x58, 0x5C, 0x5D, 0x5D, 0x58, 0x4B, 0x4B,
    0x5D, 0x61, 0x71, 0x71, 0x71, 0x74, 0x74, 0x74, 0x74, 0x74, 0x70, 0x70, 0x74, 0x74, 0x74, 0x74,
    0x74, 0x74, 0x74, 0x74, 0x74, 0x74, 0x75, 0x75, 0x75, 0x75, 0x75, 0x92, 0x92, 0x92, 0x92, 0x99,
    0x99, 0x99, 0x99, 0xB0, 0xB0, 0xB0, 0xB0, 0xB0, 0x88, 0x87, 0x83, 0x82, 0x7C, 0x7A, 0x78, 0x78,
    0x5F, 0x5F, 0x5B, 0x5B, 0x5F, 0x78, 0x7C, 0x87, 0xA0, 0xAD, 0xD0, 0xAE, 0x9E, 0x78, 0x5F, 0x5B,
    0x56, 0x44, 0x49, 0x84, 0xD2, 0xE0, 0xE0, 0xE0, 0xCD, 0xA5, 0xF2, 0xF2, 0xF4, 0xF5, 0xF7, 0xF8,
    0xFA, 0xFB, 0xFA, 0xF7, 0xF5, 0xF2, 0xED, 0xE7, 0xE2, 0xCD, 0xA5, 0xCD, 0xA5, 0x76, 0x22, 0x49,
    0x55, 0x57, 0x55, 0x62, 0x7C, 0x83, 0x9B, 0xBA, 0xAD, 0xAD, 0xBC, 0xA0, 0xB0, 0x83, 0x7C, 0x62,
    0x23, 0x23, 0x23, 0x23, 0x23, 0x44, 0x45, 0x46, 0x48, 0x49, 0x4B, 0x4B, 0x58, 0x58, 0x5C, 0x5C,
    0x5D, 0x4B, 0x4B, 0x58, 0x63, 0x77, 0x7A, 0x7C, 0x7B, 0x7B, 0x7B, 0x7B, 0x74, 0x74, 0x74, 0x74,
    0x74, 0x75, 0x75, 0x75, 0x75, 0x75, 0x75, 0x75, 0x75, 0x75, 0x92, 0x92, 0x92, 0x92, 0xAF, 0x98,
    0xB2, 0x9B, 0x9B, 0xB2, 0xB2, 0xB2, 0xB2, 0x99, 0x99, 0xB0, 0xB0, 0xB0, 0x88, 0x88, 0x83, 0x82,
    0x7E, 0x7A, 0x78, 0x78, 0x5F, 0x5E, 0x5B, 0x5B, 0x5F, 0x78, 0x7C, 0x87, 0x9E, 0xAD, 0xCF, 0xC0,
    0x9B, 0x78, 0x5F, 0x5A, 0x54, 0x44, 0x55, 0xA5, 0xD4, 0xE0, 0xE2, 0xDE, 0x84, 0xE7, 0xF2, 0xF3,
    0xF4, 0xF5, 0xF7, 0xFA, 0xFF, 0xFB, 0xFA, 0xF7, 0xF5, 0xF3, 0xED, 0xEA, 0xE2, 0xA5, 0xBF, 0xD0,
    0xA5, 0x7B, 0x44, 0x54, 0x54, 0x57, 0x55, 0x62, 0x7A, 0x83, 0xB2, 0xBA, 0xC0, 0xC0, 0xA9, 0x9E,
    0xB0, 0x83, 0x7C, 0x62, 0x23, 0x23, 0x23, 0x23, 0x23, 0x44, 0x45, 0x46, 0x48, 0x48, 0x49, 0x4B,
    0x58, 0x58, 0x5C, 0x5C, 0x5D, 0x4B, 0x4B, 0x5D, 0x63, 0x77, 0x7A, 0x7C, 0x7C, 0x7E, 0x7E, 0x7E,
    0x82, 0x81, 0x81, 0x81, 0x81, 0x81, 0x81, 0x81, 0x85, 0x85, 0x85, 0x85, 0x86, 0xB0, 0xB0, 0xB0,
    0x99, 0x99, 0x99, 0xB2, 0x9B, 0x9B, 0x9B, 0x9B, 0x9B, 0x9B, 0xB2, 0x99, 0xB2, 0x99, 0x99, 0xB0,
    0xB0, 0x88, 0x83, 0x82, 0x7E, 0x7A, 0x78, 0x78, 0x5F, 0x5E, 0x5B, 0x5B, 0x5E, 0x78, 0x7C, 0x87,
    0xB5, 0xAC, 0xCF, 0xBE, 0xB0, 0x63, 0x5E, 0x57, 0x45, 0x49, 0x5D, 0xCD, 0xD5, 0xDD, 0xE3, 0xE9,
    0x84, 0xEC, 0xF2, 0xF4, 0xF5, 0xF7, 0xF8, 0xFB, 0xFF, 0xFA, 0xFA, 0xF8, 0xF5, 0xF3, 0xED, 0xEB,
    0xDE, 0xB4, 0xCD, 0xD2, 0xA5, 0x84, 0x45, 0x49, 0x54, 0x57, 0x55, 0x5F, 0x7A, 0x83, 0xB2, 0xBA,
    0xC0, 0xC0, 0xA9, 0x9E, 0xB0, 0x82, 0x7C, 0x62, 0x23, 0x23, 0x23, 0x23, 0x23, 0x44, 0x45, 0x46,
    0x48, 0x48, 0x49, 0x4B, 0x58, 0x58, 0x58, 0x5C, 0x58, 0x4A, 0x4B, 0x61, 0x63, 0x77, 0x7A, 0x7C,
    0x7C, 0x7E, 0x7E, 0x7E, 0x82, 0x82, 0x82, 0x83, 0x83, 0x83, 0x87, 0x87, 0x87, 0x88, 0x88, 0x88,
    0xB0, 0x98, 0xB0, 0xB0, 0x99, 0x99, 0xB2, 0x9B, 0x9B, 0x9B, 0x9B, 0x9B, 0x9B, 0x9B, 0x9B, 0xB2,
    0xB2, 0x99, 0x99, 0xB0, 0xB0, 0x88, 0x83, 0x82, 0x7E, 0x7A, 0x78, 0x78, 0x5F, 0x5E, 0x5B, 0x5B,
    0x5E, 0x78, 0x7C, 0x83, 0x9B, 0xAB, 0xCE, 0xAB, 0x87, 0x5F, 0x5B, 0x55, 0x22, 0x59, 0x60, 0xD1,
    0xD6, 0xDD, 0xE9, 0xD6, 0x84, 0xED, 0xF2, 0xF4, 0xF5, 0xF7, 0xF8, 0xFA, 0xFD, 0xFA, 0xFB, 0xF8,
    0xF5, 0xF4, 0xED, 0xEC, 0xDF, 0x84, 0xD3, 0xD3, 0xCD, 0xB4, 0x49, 0x45, 0x55, 0x56, 0x55, 0x5F,
    0x7A, 0x82, 0xB2, 0xA8, 0xC0, 0xC0, 0xA9, 0x9E, 0xB0, 0x82, 0x7A, 0x62, 0x23, 0x23, 0x23, 0x23,
    0x23, 0x23, 0x44, 0x46, 0x48, 0x48, 0x49, 0x4B, 0x58, 0x58, 0x58, 0x5C, 0x58, 0x4B, 0x5C, 0x61,
    0x63, 0x77, 0x7A, 0x7C, 0x7E, 0x7E, 0x7E, 0x7E, 0x82, 0x82, 0x82, 0x83, 0x83, 0x83, 0x87, 0x87,
    0x88, 0x88, 0x88, 0x88, 0xB0, 0xB0, 0x98, 0x99, 0xB2, 0xB2, 0x9B, 0x9B, 0x9C, 0x9C, 0xB5, 0xB5,
    0xB6, 0x9B, 0x9B, 0xB2, 0xB2, 0xB2, 0x99, 0xB0, 0xB0, 0x88, 0x83, 0x82, 0x7E, 0x7A, 0x78, 0x78,
    0x5F, 0x5E, 0x5B, 0x5A, 0x5E, 0x78, 0x7C, 0x83, 0x9B, 0xBC, 0xCE, 0xA9, 0x83, 0x5E, 0x57, 0x54,
    0x45, 0x5D, 0x60, 0xD1, 0xD7, 0xE1, 0xE3, 0xA5, 0xD2, 0xED, 0xF3, 0xF5, 0xF5, 0xF7, 0xF8, 0xFA,
    0xFF, 0xFF, 0xFB, 0xF8, 0xF7, 0xF4, 0xED, 0xEC, 0xE9, 0x84, 0xD7, 0xD4, 0xD0, 0xA5, 0x58, 0x44,
    0x55, 0x55, 0x55, 0x5F, 0x7A, 0x83, 0xB2, 0xA7, 0xCE, 0xAE, 0xA9, 0x9F, 0xB0, 0x82, 0x7C, 0x62,
    0x23, 0x23, 0x23, 0x23, 0x23, 0x23, 0x44, 0x46, 0x48, 0x48, 0x49, 0x4B, 0x58, 0x58, 0x58, 0x5C,
    0x4B, 0x4B, 0x61, 0x61, 0x63, 0x77, 0x7A, 0x7C, 0x7E, 0x7E, 0x7E, 0x7E, 0x82, 0x82, 0x82, 0x83,
    0x83, 0x83, 0x87, 0x87, 0x88, 0x88, 0x88, 0x88, 0xB0, 0xB0, 0x99, 0x99, 0xB2, 0xB2, 0x9B, 0xB5,
    0x9C, 0x9E, 0x9E, 0x9E, 0x9E, 0x9C, 0x9B, 0x9B, 0x9B, 0xB2, 0x99, 0x99, 0xB0, 0x88, 0x83, 0x82,
    0x7C, 0x7A, 0x78, 0x62, 0x5F, 0x5E, 0x5B, 0x5A, 0x5B, 0x78, 0x7C, 0x83, 0x9B, 0xBC, 0xCE, 0xBA,
    0x81, 0x5D, 0x56, 0x45, 0x49, 0x61, 0x76, 0xD1, 0xE0, 0xE2, 0xE2, 0x84, 0xE9, 0xF2, 0xF3, 0xF5,
    0xF7, 0xF7, 0xFA, 0xFA, 0xFD, 0xFD, 0xFF, 0xFA, 0xF7, 0xF4, 0xF2, 0xEC, 0xEB, 0x84, 0xE1, 0xD5,
    0xD3, 0xCD, 0x76, 0x22, 0x55, 0x54, 0x55, 0x5F, 0x7A, 0x82, 0xB2, 0xA7, 0xCE, 0xCE, 0xBC, 0xA0,
    0xB0, 0x82, 0x7C, 0x62, 0x22, 0x22, 0x23, 0x23, 0x23, 0x23, 0x44, 0x46, 0x48, 0x48, 0x49, 0x4B,
    0x4B, 0x58, 0x58, 0x5C, 0x4A, 0x58, 0x61, 0x61, 0x63, 0x77, 0x7A, 0x7C, 0x7E, 0x7E, 0x7E, 0x7E,
    0x82, 0x82, 0x82, 0x83, 0x83, 0x87, 0x87, 0x87, 0x88, 0x88, 0x88, 0xB0, 0xB0, 0x99, 0x99, 0xB2,
    0xB2, 0x9B, 0xB5, 0x9C, 0x9E, 0x9E, 0x9E, 0x9E, 0x9E, 0x9B, 0x9B, 0x9B, 0x9B, 0x99, 0x99, 0x99,
    0xB0, 0x88, 0x83, 0x82, 0x7C, 0x7A, 0x78, 0x62, 0x5F, 0x5E, 0x5B, 0x5A, 0x5B, 0x78, 0x7C, 0x83,
    0xB2, 0xBC, 0xCE, 0xA7, 0x82, 0x59, 0x55, 0x21, 0x54, 0x63, 0x76, 0xD4, 0xE0, 0xE2, 0xE3, 0x84,
    0xED, 0xF2, 0xF4, 0xF5, 0xF7, 0xF7, 0xFA, 0xFA, 0xFF, 0xFF, 0xFE, 0xFA, 0xF7, 0xF5, 0xF2, 0xED,
    0xE7, 0x84, 0xE2, 0xD7, 0xD6, 0xD1, 0x84, 0x23, 0x54, 0x55, 0x54, 0x5F, 0x78, 0x82, 0x99, 0xA7,
    0xCE, 0xCE, 0xAB, 0x9F, 0x88, 0x82, 0x7C, 0x62, 0x22, 0x22, 0x22, 0x23, 0x23, 0x23, 0x44, 0x45,
    0x48, 0x48, 0x49, 0x4B, 0x4B, 0x58, 0x58, 0x58, 0x4A, 0x5D, 0x61, 0x61, 0x63, 0x77, 0x7A, 0x7C,
    0x7E, 0x7E, 0x7E, 0x82, 0x82, 0x82, 0x82, 0x83, 0x83, 0x87, 0x87, 0x87, 0x88, 0x88, 0x88, 0xB0,
    0x98, 0x99, 0x99, 0xB2, 0x9B, 0x9B, 0x9E, 0x9E, 0x9E, 0x9E, 0x9E, 0x9E, 0x9E, 0x9B, 0x9B, 0x9B,
    0x9B, 0xB2, 0x99, 0x99, 0x99, 0x88, 0x83, 0x82, 0x7C, 0x7A, 0x78, 0x62, 0x5F, 0x5E, 0x5B, 0x5A,
    0x5B, 0x78, 0x7A, 0x82, 0xB2, 0xBC, 0xCE, 0xA6, 0x7C, 0x55, 0x54, 0x21, 0x55, 0x63, 0x7B, 0xD4,
    0xE0, 0xE2, 0xEB, 0xA5, 0xF2, 0xF2, 0xF4, 0xF5, 0xF7, 0xF8, 0xFA, 0xFA, 0xFF, 0xFD, 0xFD, 0xFA,
    0xF7, 0xF5, 0xF3, 0xED, 0xE1, 0xA5, 0xE3, 0xE0, 0xDC, 0xD4, 0xB4, 0x45, 0x48, 0x56, 0x54, 0x5B,
    0x78, 0x82, 0x99, 0xA7, 0xCE, 0xCE, 0xAB, 0xA2, 0x88, 0x82, 0x7A, 0x62, 0x22, 0x22, 0x22, 0x22,
    0x23, 0x23, 0x44, 0x45, 0x48, 0x48, 0x49, 0x4B, 0x4B, 0x58, 0x58, 0x58, 0x58, 0x5D, 0x61, 0x61,
    0x77, 0x77, 0x7C, 0x7C, 0x7E, 0x7E, 0x7E, 0x82, 0x82, 0x82, 0x82, 0x83, 0x83, 0x87, 0x87, 0x87,
    0x88, 0x88, 0x98, 0xB0, 0x99, 0xB2, 0x9B, 0x9B, 0x9C, 0xB5, 0x9E, 0x9E, 0x9E, 0x9E, 0x9F, 0x9E,
    0x9E, 0x9E, 0x9B, 0x9B, 0x9B, 0x9B, 0xB2, 0x99, 0x99, 0x88, 0x83, 0x7E, 0x7C, 0x7A, 0x78, 0x62,
    0x5F, 0x5B, 0x5A, 0x57, 0x5B, 0x78, 0x7A, 0x82, 0xB2, 0xBC, 0xCE, 0xB8, 0x78, 0x59, 0x54, 0x44,
    0x56, 0x63, 0x84, 0xBF, 0xDD, 0xE9, 0xED, 0xCD, 0xEB, 0xF2, 0xF5, 0xF7, 0xF7, 0xFB, 0xFA, 0xFB,
    0xFF, 0xFF, 0xFF, 0xFA, 0xF7, 0xF5, 0xF3, 0xF2, 0xE0, 0xBD, 0xE9, 0xDD, 0xDD, 0xD5, 0xA5, 0x54,
    0x45, 0x56, 0x54, 0x59, 0x63, 0x7E, 0xB0, 0xBA, 0xAE, 0xCE, 0xAB, 0xB8, 0xB0, 0x82, 0x7A, 0x62,
    0x22, 0x22, 0x22, 0x22, 0x22, 0x23, 0x44, 0x45, 0x48, 0x48, 0x49, 0x4B, 0x4B, 0x58, 0x58, 0x4B,
    0x5C, 0x5D, 0x61, 0x61, 0x77, 0x77, 0x7A, 0x7C, 0x7E, 0x7E, 0x7E, 0x82, 0x82, 0x82, 0x83, 0x83,
    0x87, 0x87, 0x87, 0x88, 0x88, 0x88, 0xB0, 0xB0, 0x99, 0xB2, 0x9B, 0x9B, 0x9E, 0x9E, 0x9E, 0x9F,
    0x9F, 0x9F, 0xA2, 0x9F, 0x9F, 0x9E, 0x9E, 0x9C, 0x9B, 0x9B, 0x9B, 0xB2, 0x99, 0x88, 0x83, 0x7E,
    0x7C, 0x7A, 0x78, 0x62, 0x5F, 0x5B, 0x5A, 0x57, 0x5B, 0x78, 0x7A, 0x82, 0xB2, 0xA9, 0xCE, 0xA2,
    0x78, 0x5A, 0x54, 0x45, 0x57, 0x63, 0xA5, 0x84, 0xE2, 0xEB, 0xED, 0xE1, 0xD4, 0xF3, 0xF5, 0xF7,
    0xF8, 0xFB, 0xFD, 0xFD, 0xFF, 0xFF, 0xFF, 0xFA, 0xF8, 0xF5, 0xF3, 0xF2, 0xE1, 0xCD, 0xEC, 0xE1,
    0xE1, 0xD6, 0xA5, 0x54, 0x44, 0x55, 0x57, 0x54, 0x62, 0x7C, 0x88, 0xA4, 0xAE, 0xCE, 0xAB, 0xB8,
    0xB0, 0x82, 0x7A, 0x63, 0x22, 0x22, 0x22, 0x22, 0x22, 0x23, 0x44, 0x45, 0x48, 0x48, 0x49, 0x4B,
    0x4B, 0x58, 0x58, 0x4B, 0x5D, 0x5D, 0x61, 0x61, 0x77, 0x77, 0x7A, 0x7C, 0x7E, 0x7E, 0x82, 0x82,
    0x82, 0x83, 0x83, 0x87, 0x87, 0x87, 0x87, 0x88, 0x88, 0xB0, 0x98, 0x99, 0x99, 0x9B, 0x9B, 0x9E,
    0x9E, 0x9E, 0x9F, 0xA2, 0xA2, 0xA2, 0xA2, 0xA2, 0x9F, 0x9F, 0x9E, 0x9E, 0x9B, 0x9B, 0x9B, 0xB2,
    0x99, 0x88, 0x83, 0x7E, 0x7C, 0x7A, 0x78, 0x62, 0x5F, 0x5B, 0x5A, 0x57, 0x5B, 0x78, 0x7A, 0x82,
    0xB2, 0xBC, 0xCE, 0xA7, 0x77, 0x62, 0x54, 0x44, 0x57, 0x77, 0xE0, 0x84, 0xEB, 0xED, 0xF2, 0xF2,
    0xCD, 0xF5, 0xF5, 0xF7, 0xF8, 0xFB, 0xFF, 0xFD, 0xFD, 0xFF, 0xFD, 0xFB, 0xF7, 0xF5, 0xF3, 0xF2,
    0xE9, 0xA5, 0xF2, 0xE3, 0xE2, 0xD7, 0xA5, 0x55, 0x45, 0x55, 0x5A, 0x55, 0x59, 0x77, 0x83, 0xB8,
    0xC0, 0xCE, 0xAC, 0xA4, 0xB0, 0x82, 0x7A, 0x63, 0x22, 0x22, 0x22, 0x22, 0x22, 0x23, 0x44, 0x45,
    0x48, 0x48, 0x49, 0x4B, 0x4B, 0x58, 0x58, 0x5C, 0x5D, 0x5D, 0x61, 0x61, 0x77, 0x77, 0x7C, 0x7E,
    0x7E, 0x7E, 0x82, 0x82, 0x82, 0x83, 0x83, 0x87, 0x87, 0x87, 0x88, 0x88, 0xB0, 0xB0, 0xB0, 0x99,
    0x99, 0x9B, 0x9C, 0x9E, 0x9E, 0xA2, 0xA2, 0xA2, 0xA3, 0xA3, 0xA3, 0xA2, 0xA2, 0x9F, 0x9E, 0x9E,
    0x9C, 0xB6, 0x9B, 0x9B, 0x99, 0x88, 0x83, 0x82, 0x7C, 0x7A, 0x78, 0x62, 0x5F, 0x5B, 0x5A, 0x57,
    0x5B, 0x78, 0x7A, 0x82, 0xB3, 0xAB, 0xCF, 0xC0, 0x77, 0x7A, 0x55, 0x21, 0x56, 0x76, 0xF2, 0x84,
    0xF4, 0xF2, 0xF2, 0xF2, 0xCD, 0xF5, 0xF5, 0xF7, 0xF7, 0xFA, 0xFD, 0xFF, 0xFF, 0xFF, 0xFD, 0xFA,
    0xF8, 0xF5, 0xF5, 0xF2, 0xED, 0xA5, 0xED, 0xEA, 0xDF, 0xE0, 0xD1, 0x59, 0x48, 0x54, 0x5A, 0x5A,
    0x54, 0x5F, 0x81, 0xB8, 0xC0, 0xCE, 0xAC, 0xA2, 0xB0, 0x82, 0x7C, 0x62, 0x22, 0x22, 0x22, 0x22,
    0x22, 0x23, 0x44, 0x45, 0x46, 0x48, 0x4A, 0x4B, 0x4B, 0x58, 0x58, 0x5C, 0x5D, 0x5D, 0x61, 0x61,
    0x77, 0x77, 0x7C, 0x7E, 0x7E, 0x7E, 0x82, 0x82, 0x82, 0x83, 0x83, 0x87, 0x87, 0x87, 0x88, 0x88,
    0x98, 0xB0, 0x99, 0x99, 0xB2, 0x9B, 0x9E, 0x9E, 0x9F, 0xA2, 0xA2, 0xA3, 0xA6, 0xA6, 0xA6, 0xA3,
    0xA2, 0xA2, 0x9F, 0x9E, 0x9E, 0xB5, 0x9C, 0x9B, 0xB2, 0x88, 0x87, 0x82, 0x7E, 0x7A, 0x78, 0x62,
    0x5F, 0x5B, 0x5B, 0x5A, 0x5B, 0x78, 0x7A, 0x82, 0xB2, 0xAC, 0xD0, 0xBC, 0x7C, 0x7C, 0x59, 0x21,
    0x54, 0x61, 0xEC, 0x7F, 0xF3, 0xF2, 0xF2, 0xF2, 0xE0, 0xD5, 0xF7, 0xF7, 0xF8, 0xFB, 0xFD, 0xFF,
    0xFF, 0xFD, 0xFD, 0xFD, 0xFA, 0xF7, 0xF5, 0xF2, 0xED, 0xA5, 0xEC, 0xEB, 0xEA, 0xE3, 0xE0, 0x5D,
    0x48, 0x54, 0x5A, 0x5B, 0x55, 0x59, 0x81, 0xB8, 0xAE, 0xCE, 0xBE, 0xA2, 0xB0, 0x83, 0x7C, 0x63,
    0x21, 0x21, 0x22, 0x22, 0x22, 0x23, 0x44, 0x45, 0x46, 0x48, 0x4A, 0x4B, 0x4B, 0x58, 0x58, 0x5C,
    0x5D, 0x5D, 0x61, 0x61, 0x77, 0x79, 0x7C, 0x7E, 0x7E, 0x82, 0x82, 0x82, 0x83, 0x83, 0x87, 0x87,
    0x87, 0x88, 0x88, 0xB0, 0x98, 0xB0, 0x99, 0xB2, 0x9B, 0xB5, 0x9E, 0x9E, 0xA2, 0xA2, 0xA3, 0xA6,
    0xA6, 0xA6, 0xA6, 0xA6, 0xA3, 0xA2, 0xA2, 0x9F, 0x9E, 0x9E, 0x9B, 0x9B, 0xB2, 0xB0, 0x87, 0x82,
    0x7E, 0x7A, 0x78, 0x62, 0x5F, 0x5B, 0x5B, 0x5A, 0x5B, 0x78, 0x7A, 0x83, 0x9C, 0xAD, 0xD1, 0x85,
    0x87, 0x7C, 0x5E, 0x45, 0x49, 0x61, 0xDE, 0x76, 0xDF, 0xEC, 0xF2, 0xF3, 0xF3, 0xCD, 0xF5, 0xF7,
    0xF8, 0xFA, 0xFB, 0xFD, 0xFF, 0xFF, 0xFF, 0xFF, 0xFB, 0xF7, 0xF5, 0xF3, 0xED, 0xCD, 0xE7, 0xEB,
    0xEB, 0xE9, 0xEB, 0x76, 0x49, 0x54, 0x57, 0x5E, 0x5E, 0x54, 0x7E, 0x9E, 0xC0, 0xC9, 0xAB, 0xA2,
    0x99, 0x83, 0x7C, 0x63, 0x21, 0x21, 0x22, 0x22, 0x22, 0x23, 0x44, 0x45, 0x46, 0x48, 0x4A, 0x4B,
    0x4B, 0x58, 0x58, 0x5C, 0x5D, 0x5D, 0x61, 0x61, 0x77, 0x79, 0x7C, 0x7E, 0x7E, 0x82, 0x82, 0x82,
    0x83, 0x87, 0x87, 0x87, 0x88, 0x88, 0x88, 0xB0, 0xB0, 0x99, 0x99, 0x9B, 0x9B, 0x9E, 0x9E, 0x9F,
    0xA2, 0xA3, 0xA3, 0xA6, 0xA6, 0xA6, 0xA6, 0xA6, 0xA6, 0xA4, 0xA2, 0x9F, 0x9E, 0x9E, 0x9C, 0x9B,
    0x9B, 0xB0, 0x87, 0x82, 0x7E, 0x7A, 0x78, 0x62, 0x5F, 0x5E, 0x5B, 0x5A, 0x5B, 0x78, 0x7C, 0x83,
    0xB5, 0xC0, 0xD3, 0x81, 0xB0, 0x7E, 0x5F, 0x55, 0x45, 0x61, 0xDD, 0x76, 0xD4, 0xE9, 0xED, 0xF3,
    0xF3, 0xCD, 0xF5, 0xF5, 0xF7, 0xF8, 0xFB, 0xFD, 0xFD, 0xFF, 0xFF, 0xFD, 0xFB, 0xF8, 0xF7, 0xF4,
    0xF2, 0xE1, 0xD3, 0xEC, 0xE7, 0xEA, 0xEC, 0x76, 0x49, 0x54, 0x5A, 0x5F, 0x63, 0x54, 0x7C, 0xB2,
    0xAD, 0xCE, 0xAB, 0xA2, 0x99, 0x87, 0x7E, 0x77, 0x21, 0x21, 0x22, 0x22, 0x22, 0x22, 0x44, 0x45,
    0x46, 0x48, 0x4A, 0x4B, 0x4B, 0x58, 0x58, 0x5C, 0x60, 0x5D, 0x61, 0x61, 0x79, 0x7B, 0x7D, 0x7E,
    0x81, 0x81, 0x81, 0x83, 0x83, 0x87, 0x87, 0x88, 0x88, 0xB0, 0xB0, 0xB0, 0x99, 0xB2, 0xB2, 0x9B,
    0xB5, 0x9E, 0x9F, 0xA2, 0xA3, 0xA3, 0xA6, 0xA6, 0xA7, 0xA7, 0xA7, 0xA7, 0xA7, 0xA6, 0xA2, 0xA2,
    0x9F, 0xA0, 0x9E, 0x9E, 0x9B, 0x99, 0x87, 0x82, 0x7E, 0x7A, 0x78, 0x63, 0x5F, 0x5E, 0x5B, 0x5A,
    0x5E, 0x78, 0x7C, 0x87, 0xA0, 0xCE, 0xD2, 0x9D, 0x9C, 0x7E, 0x78, 0x5A, 0x45, 0x5C, 0xD7, 0x84,
    0xCD, 0xE3, 0xEC, 0xF3, 0xF4, 0xD2, 0xF2, 0xF5, 0xF7, 0xF8, 0xFB, 0xFF, 0xFF, 0xFF, 0xFF, 0xFF,
    0xFD, 0xFB, 0xF7, 0xF4, 0xF2, 0xF2, 0xD1, 0xF2, 0xEC, 0xEA, 0xE9, 0x76, 0x48, 0x55, 0x5A, 0x5F,
    0x77, 0x54, 0x77, 0xB0, 0xBE, 0xCE, 0xBE, 0xA4, 0xB2, 0x87, 0x7E, 0x77, 0x21, 0x21, 0x22, 0x22,
    0x22, 0x22, 0x44, 0x45, 0x46, 0x48, 0x4A, 0x4B, 0x4B, 0x58, 0x58, 0x5C, 0x60, 0x5D, 0x61, 0x71,
    0x79, 0x7B, 0x7D, 0x7E, 0x81, 0x81, 0x83, 0x83, 0x87, 0x87, 0x88, 0x88, 0xB0, 0xB0, 0xB0, 0xB3,
    0xB2, 0x9B, 0x9B, 0xB5, 0x9E, 0x9F, 0xA2, 0xA3, 0xA6, 0xA8, 0xA6, 0xA7, 0xA9, 0xA9, 0xA9, 0xA9,
    0xA7, 0xA6, 0xA3, 0xA2, 0xB8, 0xA0, 0xA0, 0x9E, 0x9C, 0x99, 0x88, 0x82, 0x7E, 0x7C, 0x78, 0x63,
    0x5F, 0x5E, 0x5B, 0x5B, 0x5E, 0x78, 0x7C, 0x87, 0xB8, 0xCE, 0xAD, 0xD3, 0xBA, 0x83, 0x78, 0x5B,
    0x54, 0x46, 0xB4, 0x84, 0xCD, 0xE3, 0xEC, 0xF3, 0xF4, 0xD5, 0xEA, 0xF7, 0xF7, 0xF8, 0xFA, 0xFF,
    0xFF, 0xFF, 0xFF, 0xFF, 0xFF, 0xFB, 0xF8, 0xF5, 0xF2, 0xF2, 0xD3, 0xF3, 0xED, 0xEB, 0xDE, 0x60,
    0x48, 0x56, 0x5A, 0x5F, 0x77, 0x54, 0x77, 0x99, 0xAD, 0xCE, 0xBE, 0xBA, 0xB2, 0x87, 0x7E, 0x77,
    0x22, 0x21, 0x22, 0x22, 0x22, 0x23, 0x44, 0x45, 0x46, 0x48, 0x4A, 0x4B, 0x4B, 0x58, 0x58, 0x5C,
    0x60, 0x5D, 0x61, 0x71, 0x79, 0x7B, 0x7D, 0x81, 0x81, 0x83, 0x83, 0x87, 0x87, 0x87, 0x88, 0x88,
    0xB0, 0x98, 0x99, 0xB3, 0x9B, 0x9B, 0x9C, 0x9E, 0x9F, 0x9F, 0xA2, 0xA3, 0xA6, 0xA7, 0xA7, 0xA9,
    0xA9, 0xA9, 0xAA, 0xA9, 0xA9, 0xA7, 0xA6, 0xA4, 0xA2, 0x9F, 0x9F, 0x9E, 0x9C, 0xB3, 0x88, 0x83,
    0x7E, 0x7C, 0x78, 0x63, 0x5F, 0x5E, 0x5B, 0x5B, 0x5E, 0x78, 0x7C, 0x87, 0x9F, 0xCE, 0xCE, 0xD5,
    0xA7, 0x87, 0x78, 0x5B, 0x56, 0x45, 0x5C, 0x74, 0xCD, 0xE9, 0xEC, 0xF2, 0xF3, 0xD5, 0xE9, 0xF5,
    0xF7, 0xF8, 0xFB, 0xFF, 0xFF, 0xFF, 0xFF, 0xFF, 0xFF, 0xFB, 0xF8, 0xF5, 0xF4, 0xF2, 0xE9, 0xE0,
    0xF2, 0xEC, 0xE0, 0x60, 0x49, 0x56, 0x5B, 0x5F, 0x77, 0x54, 0x7B, 0xB6, 0xC0, 0xCF, 0xC0, 0xBA,
    0x9B, 0x87, 0x7E, 0x77, 0x22, 0x22, 0x22, 0x22, 0x22, 0x23, 0x44, 0x45, 0x46, 0x48, 0x4A, 0x4B,
    0x4B, 0x58, 0x58, 0x5C, 0x60, 0x60, 0x61, 0x71, 0x79, 0x7B, 0x7D, 0x81, 0x81, 0x83, 0x83, 0x87,
    0x87, 0x88, 0x88, 0xB0, 0xB0, 0x99, 0xB2, 0xB2, 0x9B, 0xB5, 0xB5, 0x9E, 0xA2, 0xA2, 0xA3, 0xA8,
    0xA7, 0xA9, 0xA9, 0xBC, 0xAA, 0xBC, 0xAA, 0xA9, 0xA9, 0xA7, 0xA6, 0xA3, 0xA4, 0xB8, 0x9F, 0x9F,
    0xB5, 0xB2, 0x88, 0x83, 0x7E, 0x7C, 0x78, 0x78, 0x62, 0x5E, 0x5B, 0x5B, 0x5E, 0x78, 0x7E, 0x87,
    0xB8, 0xCE, 0xCF, 0xD4, 0xA7, 0x83, 0x7A, 0x5E, 0x57, 0x54, 0x48, 0x5D, 0xCD, 0xEB, 0xEC, 0xF2,
    0xF3, 0xD2, 0xEC, 0xF5, 0xF7, 0xF8, 0xFB, 0xFD, 0xFF, 0xFF, 0xFD, 0xFF, 0xFA, 0xFA, 0xF8, 0xF7,
    0xF5, 0xF3, 0xED, 0xD5, 0xF2, 0xEA, 0xD5, 0x51, 0x55, 0x5A, 0x5B, 0x5E, 0x63, 0x55, 0x81, 0x9F,
    0xCE, 0xCF, 0xC0, 0xA7, 0x9B, 0x87, 0x7E, 0x77, 0x22, 0x22, 0x22, 0x22, 0x22, 0x23, 0x44, 0x45,
    0x46, 0x48, 0x4A, 0x4B, 0x4B, 0x58, 0x5C, 0x5C, 0x60, 0x60, 0x61, 0x71, 0x79, 0x7B, 0x7D, 0x81,
    0x81, 0x83, 0x87, 0x87, 0x88, 0x88, 0xB0, 0xB0, 0x99, 0xB2, 0x9B, 0x9B, 0x9C, 0x9E, 0x9E, 0x9F,
    0xA2, 0xA3, 0xA6, 0xA6, 0xA9, 0xA9, 0xAA, 0xAB, 0xAB, 0xAB, 0xAB, 0xAA, 0xA9, 0xA9, 0xA7, 0xA6,
    0xA4, 0xA4, 0xA2, 0x9F, 0x9E, 0xB3, 0x88, 0x83, 0x7E, 0x7C, 0x7A, 0x78, 0x62, 0x5F, 0x5B, 0x5B,
    0x5F, 0x78, 0x7E, 0x87, 0xA4, 0xCF, 0xCA, 0xD4, 0xA8, 0x83, 0x78, 0x5E, 0x57, 0x5D, 0x4A, 0x55,
    0xD2, 0xE9, 0xEC, 0xF2, 0xF3, 0xD2, 0xF0, 0xF5, 0xF7, 0xF6, 0xFB, 0xFC, 0xFF, 0xFF, 0xFF, 0xFD,
    0xFF, 0xFA, 0xFA, 0xF7, 0xF5, 0xF4, 0xED, 0xE0, 0xE3, 0xE3, 0xCD, 0x49, 0x56, 0x5A, 0x5B, 0x5E,
    0x5D, 0x59, 0x83, 0xB8, 0xCE, 0xCF, 0xAE, 0xAA, 0xB6, 0x87, 0x7E, 0x77, 0x22, 0x22, 0x22, 0x22,
    0x22, 0x23, 0x44, 0x45, 0x46, 0x48, 0x4A, 0x4B, 0x4B, 0x58, 0x5C, 0x5C, 0x60, 0x61, 0x61, 0x71,
    0x79, 0x7B, 0x7D, 0x81, 0x83, 0x87, 0x86, 0x88, 0x88, 0xB0, 0x98, 0x99, 0xB2, 0xB2, 0x9B, 0xB6,
    0x9E, 0x9E, 0x9F, 0xA2, 0xA3, 0xA6, 0xA6, 0xA7, 0xA9, 0xAA, 0xAB, 0xAB, 0xAB, 0xAB, 0xAB, 0xAB,
    0xAA, 0xA9, 0xA7, 0xA6, 0xA6, 0xA4, 0xA2, 0x9F, 0x9E, 0xB3, 0xB0, 0x83, 0x82, 0x7C, 0x7A, 0x78,
    0x62, 0x5F, 0x5E, 0x5B, 0x5F, 0x78, 0x7E, 0x88, 0xBA, 0xCF, 0xD2, 0xD4, 0xA7, 0x87, 0x7A, 0x5E,
    0x57, 0x76, 0x70, 0x49, 0xD2, 0xDE, 0xEA, 0xED, 0xF3, 0xD2, 0xF5, 0xF7, 0xF7, 0xFB, 0xFA, 0xFD,
    0xFF, 0xFF, 0xFF, 0xFD, 0xFD, 0xFF, 0xFB, 0xF8, 0xF5, 0xF5, 0xF2, 0xEB, 0xD5, 0xE2, 0x96, 0x54,
    0x56, 0x57, 0x5B, 0x5B, 0x54, 0x62, 0x86, 0xA4, 0xCE, 0xCA, 0xCE, 0xBC, 0xB5, 0x88, 0x82, 0x79,
    0x22, 0x22, 0x22, 0x22, 0x22, 0x23, 0x44, 0x45, 0x46, 0x48, 0x4A, 0x4B, 0x4B, 0x58, 0x5C, 0x5C,
    0x60, 0x61, 0x71, 0x71, 0x79, 0x7B, 0x81, 0x81, 0x85, 0x85, 0x86, 0x88, 0x88, 0x98, 0xB0, 0x99,
    0xB2, 0x9B, 0x9B, 0xB6, 0x9E, 0x9F, 0xA2, 0xA2, 0xA3, 0xA6, 0xA7, 0xA9, 0xBC, 0xAB, 0xAB, 0xAB,
    0xAC, 0xAC, 0xAC, 0xAB, 0xAB, 0xAA, 0xA9, 0xA7, 0xA6, 0xA4, 0xA2, 0xA2, 0x9F, 0x9B, 0xB0, 0x87,
    0x82, 0x7C, 0x7A, 0x78, 0x63, 0x5F, 0x5E, 0x5B, 0x5F, 0x78, 0x7E, 0xB0, 0xA8, 0xCA, 0xD2, 0xD4,
    0xBC, 0x87, 0x7A, 0x5E, 0x57, 0x76, 0x84, 0x45, 0xCD, 0xE0, 0xE3, 0xEC, 0xED, 0xD4, 0xF5, 0xF7,
    0xF8, 0xFB, 0xFA, 0xFF, 0xFF, 0xFF, 0xFF, 0xFF, 0xFF, 0xFF, 0xFB, 0xFA, 0xF7, 0xF5, 0xF2, 0xEC,
    0xD2, 0xE0, 0x74, 0x5D, 0x56, 0x57, 0x5A, 0x55, 0x59, 0x7C, 0x98, 0xA6, 0xCF, 0xD1, 0xCE, 0xAB,
    0x9F, 0xB0, 0x82, 0x7B, 0x22, 0x22, 0x22, 0x22, 0x22, 0x23, 0x44, 0x45, 0x46, 0x48, 0x4A, 0x4B,
    0x4B, 0x58, 0x5C, 0x5C, 0x60, 0x61, 0x71, 0x71, 0x7B, 0x7D, 0x81, 0x85, 0x85, 0x86, 0x86, 0xB0,
    0xB0, 0x98, 0x99, 0xB2, 0x9B, 0x9B, 0x9C, 0x9E, 0x9F, 0xA2, 0xA2, 0xA3, 0xA6, 0xA7, 0xA9, 0xAA,
    0xAB, 0xAB, 0xAC, 0xAC, 0xAD, 0xAD, 0xAD, 0xAC, 0xAB, 0xAB, 0xAA, 0xA9, 0xA8, 0xA6, 0xA4, 0xA4,
    0x9F, 0xB6, 0xB0, 0x87, 0x82, 0x7E, 0x7A, 0x78, 0x63, 0x5F, 0x5E, 0x5B, 0x5F, 0x78, 0x7E, 0xB0,
    0xA9, 0xCA, 0xD5, 0xD1, 0xBC, 0x88, 0x7A, 0x5E, 0x57, 0x76, 0xCD, 0x48, 0xB4, 0xD6, 0xE2, 0xEB,
    0xD5, 0xED, 0xF7, 0xF7, 0xF8, 0xFB, 0xFD, 0xFF, 0xFF, 0xFF, 0xFF, 0xFF, 0xFF, 0xFF, 0xFD, 0xFB,
    0xF8, 0xF5, 0xF3, 0xEC, 0xD6, 0xCD, 0x70, 0x76, 0x56, 0x57, 0x56, 0x54, 0x77, 0x82, 0x99, 0xA9,
    0xCF, 0xD2, 0xCF, 0xAB, 0xB8, 0xB0, 0x83, 0x7B, 0x22, 0x22, 0x22, 0x22, 0x23, 0x23, 0x44, 0x45,
    0x46, 0x48, 0x4A, 0x4B, 0x51, 0x51, 0x5C, 0x5C, 0x60, 0x60, 0x71, 0x71, 0x7B, 0x7D, 0x81, 0x85,
    0x85, 0x86, 0x88, 0xB0, 0xB0, 0x99, 0xB2, 0xB2, 0x9C, 0xB5, 0x9E, 0x9F, 0xB8, 0xA2, 0xA4, 0xA6,
    0xA7, 0xA9, 0xAA, 0xAB, 0xAB, 0xAC, 0xAD, 0xAD, 0xAD, 0xAD, 0xAD, 0xAD, 0xAC, 0xAB, 0xAB, 0xA9,
    0xA9, 0xA7, 0xA6, 0xA3, 0xA2, 0x9C, 0x98, 0x88, 0x83, 0x7E, 0x7A, 0x78, 0x63, 0x62, 0x5F, 0x5E,
    0x62, 0x7A, 0x82, 0x99, 0xBC, 0xD0, 0xD6, 0xD1, 0xBE, 0x88, 0x7A, 0x5E, 0x57, 0x76, 0xA5, 0x45,
    0x92, 0xD6, 0xDE, 0xED, 0xD2, 0xF5, 0xF7, 0xF7, 0xFA, 0xFB, 0xFD, 0xFD, 0xFF, 0xFF, 0xFD, 0xFF,
    0xFF, 0xFD, 0xFF, 0xFA, 0xFA, 0xF7, 0xF4, 0xEC, 0xE0, 0xA5, 0x70, 0x79, 0x56, 0x56, 0x54, 0x5D,
    0x7A, 0x83, 0xB2, 0xBC, 0xCA, 0xD3, 0xCF, 0xAC, 0xA2, 0xB3, 0x87, 0x7D, 0x22, 0x22, 0x22, 0x22,
    0x23, 0x23, 0x44, 0x45, 0x46, 0x48, 0x4A, 0x4B, 0x51, 0x51, 0x5C, 0x5C, 0x60, 0x61, 0x71, 0x71,
    0x7B, 0x7F, 0x81, 0x85, 0x86, 0x88, 0x98, 0xB0, 0x99, 0xB2, 0x9B, 0x9B, 0x9C, 0xB5, 0x9F, 0x9F,
    0xA2, 0xA3, 0xA6, 0xA6, 0xA7, 0xA9, 0xAB, 0xAB, 0xAC, 0xAC, 0xAD, 0xC0, 0xAE, 0xAE, 0xC0, 0xAD,
    0xAD, 0xAC, 0xAB, 0xBC, 0xAA, 0xA7, 0xA8, 0xA3, 0xA2, 0xA0, 0x99, 0x88, 0x83, 0x7E, 0x7C, 0x78,
    0x63, 0x62, 0x5F, 0x5E, 0x62, 0x7A, 0x82, 0xB2, 0xBC, 0xD0, 0xD7, 0xD3, 0xBC, 0xB0, 0x7A, 0x5E,
    0x5A, 0x76, 0x84, 0x48, 0x84, 0xD6, 0xDE, 0xD6, 0xE9, 0xF5, 0xF7, 0xF8, 0xFA, 0xFD, 0xFF, 0xFF,
    0xFF, 0xFF, 0xFD, 0xFF, 0xFF, 0xFD, 0xFF, 0xFF, 0xFA, 0xF7, 0xF5, 0xED, 0xDE, 0xCD, 0x74, 0x79,
    0x56, 0x56, 0x54, 0x5F, 0x7A, 0x83, 0x9B, 0xAB, 0xD1, 0xD3, 0xCF, 0xAC, 0xA3, 0x9B, 0x87, 0x7D,
    0x22, 0x22, 0x22, 0x23, 0x23, 0x23, 0x44, 0x45, 0x46, 0x48, 0x4A, 0x4B, 0x51, 0x51, 0x5C, 0x5C,
    0x60, 0x61, 0x71, 0x71, 0x7B, 0x7F, 0x85, 0x85, 0x86, 0x98, 0x98, 0x99, 0xB2, 0x9B, 0x9B, 0xB5,
    0x9E, 0x9F, 0xA2, 0xB8, 0xA4, 0xA6, 0xA6, 0xA8, 0xA9, 0xAB, 0xAB, 0xAC, 0xAD, 0xAD, 0xAE, 0xAE,
    0xAE, 0xAE, 0xC0, 0xAE, 0xAD, 0xAD, 0xBE, 0xAB, 0xAA, 0xA9, 0xA7, 0xA6, 0xA3, 0x9E, 0xB2, 0x88,
    0x83, 0x7E, 0x7C, 0x7A, 0x77, 0x63, 0x5F, 0x5F, 0x63, 0x7A, 0x83, 0xB2, 0xBE, 0xD1, 0xD7, 0xD5,
    0xBC, 0xB0, 0x7A, 0x5F, 0x57, 0x76, 0x84, 0x49, 0x84, 0xD6, 0xE2, 0xD1, 0xF1, 0xF7, 0xF8, 0xFA,
    0xFA, 0xFD, 0xFF, 0xFF, 0xFD, 0xFF, 0xFD, 0xFD, 0xFF, 0xFD, 0xFF, 0xFF, 0xFF, 0xFB, 0xF5, 0xF2,
    0xEA, 0xE0, 0x96, 0x5D, 0x56, 0x55, 0x55, 0x62, 0x7C, 0x83, 0xB5, 0xAC, 0xD2, 0xD4, 0xD0, 0xAD,
    0xA6, 0x9C, 0x87, 0x7D, 0x23, 0x23, 0x23, 0x23, 0x23, 0x23, 0x44, 0x45, 0x46, 0x48, 0x4A, 0x4B,
    0x51, 0x51, 0x5C, 0x60, 0x60, 0x70, 0x71, 0x71, 0x7B, 0x7F, 0x85, 0x86, 0x98, 0x98, 0x99, 0xB2,
    0xB2, 0x9B, 0xB6, 0xB5, 0x9F, 0xB8, 0xA2, 0xA3, 0xA6, 0xA6, 0xA7, 0xA9, 0xBC, 0xAB, 0xAC, 0xAC,
    0xAD, 0xAE, 0xAE, 0xAE, 0xAE, 0xAE, 0xAE, 0xAE, 0xAE, 0xAD, 0xAC, 0xAB, 0xAB, 0xA9, 0xA9, 0xA7,
    0xA3, 0x9F, 0x9B, 0x88, 0x83, 0x82, 0x7C, 0x7A, 0x78, 0x63, 0x5F, 0x5F, 0x78, 0x7C, 0x83, 0x9B,
    0xBE, 0xD3, 0xDC, 0xD5, 0xAC, 0x88, 0x7A, 0x5F, 0x5A, 0x76, 0x84, 0x5C, 0xA5, 0xD6, 0xD5, 0xDF,
    0xF5, 0xF7, 0xFA, 0xFA, 0xFF, 0xFF, 0xFF, 0xFF, 0xFF, 0xFF, 0xFF, 0xFF, 0xFF, 0xFF, 0xFF, 0xFF,
    0xFF, 0xFB, 0xF7, 0xF4, 0xED, 0xE7, 0xE0, 0x54, 0x56, 0x54, 0x59, 0x62, 0x7C, 0x87, 0x9E, 0xAE,
    0xD3, 0xD5, 0xCA, 0xAE, 0xA7, 0xB6, 0x88, 0x7D, 0x23, 0x23, 0x23, 0x23, 0x23, 0x44, 0x44, 0x46,
    0x46, 0x48, 0x4A, 0x4A, 0x51, 0x51, 0x5C, 0x60, 0x60, 0x70, 0x71, 0x71, 0x7F, 0x7F, 0x85, 0x86,
    0x98, 0x98, 0x99, 0xB2, 0x9B, 0x9B, 0xB5, 0x9F, 0xB8, 0xA2, 0xA3, 0xA6, 0xA6, 0xA7, 0xA7, 0xBC,
    0xAB, 0xAB, 0xAC, 0xAD, 0xAE, 0xAE, 0xAE, 0xAE, 0xC9, 0xC9, 0xC9, 0xAE, 0xAE, 0xAE, 0xAD, 0xAC,
    0xAB, 0xAA, 0xA9, 0xA7, 0xA6, 0x9F, 0x9B, 0xB0, 0x83, 0x81, 0x7E, 0x7A, 0x78, 0x63, 0x62, 0x5F,
    0x78, 0x7C, 0x87, 0xB5, 0xBE, 0xD3, 0xDC, 0xD6, 0xAC, 0xB0, 0x7A, 0x5F, 0x5A, 0x5D, 0x84, 0x74,
    0xD6, 0xE0, 0xD2, 0xF5, 0xF7, 0xF8, 0xFA, 0xFD, 0xFF, 0xFF, 0xFF, 0xFD, 0xFF, 0xFD, 0xFF, 0xFF,
    0xFF, 0xFF, 0xFF, 0xFD, 0xFF, 0xFB, 0xF7, 0xF5, 0xF2, 0xED, 0xEC, 0x70, 0x54, 0x54, 0x5A, 0x62,
    0x7B, 0x86, 0xA2, 0xCE, 0xD4, 0xD5, 0xCA, 0xCE, 0xBC, 0xB6, 0x88, 0x7D, 0x23, 0x23, 0x23, 0x23,
    0x23, 0x44, 0x44, 0x46, 0x46, 0x48, 0x4A, 0x4A, 0x51, 0x51, 0x5C, 0x60, 0x60, 0x70, 0x71, 0x7B,
    0x7F, 0x7F, 0x85, 0x98, 0x98, 0x99, 0xB2, 0x9B, 0xB5, 0xB5, 0x9E, 0x9F, 0xA2, 0xA3, 0xA6, 0xA6,
    0xA7, 0xA7, 0xA9, 0xBC, 0xAB, 0xAB, 0xAD, 0xAE, 0xAE, 0xAE, 0xC9, 0xC9, 0xC9, 0xC9, 0xC9, 0xC9,
    0xAE, 0xAE, 0xAD, 0xAD, 0xAB, 0xAB, 0xA9, 0xA7, 0xA8, 0xB8, 0x9B, 0xB0, 0x87, 0x81, 0x7E, 0x7C,
    0x7A, 0x77, 0x62, 0x62, 0x78, 0x7E, 0x87, 0xB5, 0xAD, 0xD4, 0xDD, 0xD6, 0xAD, 0xB0, 0x7C, 0x5F,
    0x57, 0x59, 0x84, 0xA5, 0xE3, 0xE3, 0xE0, 0xF5, 0xF7, 0xFB, 0xFB, 0xFF, 0xFF, 0xFD, 0xFD, 0xFD,
    0xFF, 0xFF, 0xFF, 0xFF, 0xFF, 0xFD, 0xFD, 0xFF, 0xFD, 0xFB, 0xF8, 0xF7, 0xF3, 0xF2, 0xF2, 0x76,
    0x54, 0x54, 0x59, 0x62, 0x7B, 0x88, 0xA6, 0xCE, 0xD4, 0xD5, 0xD2, 0xCE, 0xA9, 0xB5, 0x88, 0x7F,
    0x23, 0x23, 0x23, 0x23, 0x23, 0x44, 0x44, 0x46, 0x46, 0x48, 0x4A, 0x4A, 0x51, 0x51, 0x5C, 0x60,
    0x60, 0x70, 0x71, 0x7B, 0x7F, 0x80, 0x85, 0x98, 0x98, 0x99, 0x9B, 0x9B, 0x9E, 0x9E, 0x9F, 0xA2,
    0xA3, 0xA6, 0xA6, 0xA7, 0xA9, 0xAA, 0xAA, 0xAB, 0xAB, 0xAC, 0xAD, 0xAE, 0xAE, 0xC9, 0xC9, 0xCE,
    0xCF, 0xCF, 0xCF, 0xCF, 0xCE, 0xC9, 0xAE, 0xAD, 0xBE, 0xAB, 0xBC, 0xA9, 0xA7, 0xA4, 0x9B, 0x98,
    0x86, 0x81, 0x7E, 0x7C, 0x7A, 0x77, 0x63, 0x62, 0x78, 0x7E, 0x88, 0x9F, 0xC0, 0xD5, 0xDD, 0xD7,
    0xC0, 0xB2, 0x7C, 0x5E, 0x56, 0x61, 0x84, 0xE0, 0xEB, 0xE3, 0xEB, 0xF7, 0xFB, 0xFB, 0xFF, 0xFF,
    0xFF, 0xFF, 0xFD, 0xFF, 0xFF, 0xFF, 0xFF, 0xFF, 0xFF, 0xFD, 0xFF, 0xFD, 0xFA, 0xFF, 0xFB, 0xF7,
    0xF5, 0xF5, 0xF4, 0x76, 0x54, 0x54, 0x56, 0x62, 0x7D, 0x98, 0xA9, 0xCE, 0xD5, 0xD6, 0xD2, 0xCF,
    0xAB, 0x9E, 0xB0, 0x80, 0x23, 0x23, 0x23, 0x23, 0x23, 0x44, 0x44, 0x46, 0x46, 0x48, 0x4A, 0x4A,
    0x51, 0x51, 0x5C, 0x60, 0x60, 0x70, 0x71, 0x71, 0x7F, 0x80, 0xAF, 0x98, 0xB1, 0x99, 0x9B, 0x9C,
    0x9E, 0xA2, 0xA2, 0xA3, 0xA6, 0xA6, 0xA7, 0xA9, 0xA9, 0xAB, 0xAB, 0xAB, 0xAC, 0xAD, 0xAE, 0xAE,
    0xC9, 0xC9, 0xCE, 0xCF, 0xCF, 0xCF, 0xCF, 0xCF, 0xC9, 0xC9, 0xAE, 0xAD, 0xAD, 0xBE, 0xAB, 0xA9,
    0xA7, 0xA3, 0x9B, 0x98, 0x86, 0x83, 0x82, 0x7E, 0x7A, 0x78, 0x63, 0x63, 0x7A, 0x82, 0x88, 0xB8,
    0xCE, 0xD5, 0xE1, 0xD7, 0xCE, 0xB2, 0x7C, 0x5E, 0x56, 0x61, 0x84, 0xEB, 0xEC, 0xE9, 0xF2, 0xF7,
    0xFB, 0xFA, 0xFD, 0xFA, 0xFF, 0xFF, 0xFF, 0xFD, 0xFF, 0xFF, 0xFF, 0xFD, 0xFF, 0xFF, 0xFD, 0xFF,
    0xFD, 0xFD, 0xFA, 0xF8, 0xF5, 0xF5, 0xF3, 0x76, 0x55, 0x54, 0x54, 0x62, 0x7D, 0x98, 0xA9, 0xCF,
    0xD5, 0xD6, 0xD3, 0xCF, 0xAB, 0xA2, 0x98, 0x80, 0x23, 0x23, 0x23, 0x23, 0x44, 0x44, 0x45, 0x46,
    0x46, 0x48, 0x4A, 0x4A, 0x51, 0x51, 0x5C, 0x60, 0x60, 0x70, 0x71, 0x74, 0x7F, 0x80, 0xAF, 0x98,
    0x99, 0x9A, 0xB5, 0x9E, 0x9F, 0xA2, 0xA3, 0xA6, 0xA6, 0xA7, 0xA9, 0xA9, 0xAB, 0xBE, 0xAC, 0xAC,
    0xAD, 0xAE, 0xAE, 0xAE, 0xC9, 0xC9, 0xCF, 0xCF, 0xCA, 0xCA, 0xCF, 0xCF, 0xCF, 0xC9, 0xAE, 0xC0,
    0xAD, 0xBE, 0xAC, 0xAB, 0xA9, 0xA3, 0x9E, 0x99, 0x86, 0x83, 0x81, 0x7E, 0x7C, 0x7A, 0x78, 0x78,
    0x7A, 0x82, 0xB0, 0xA3, 0xCE, 0xD5, 0xE1, 0xD7, 0xCE, 0x9B, 0x7C, 0x5B, 0x57, 0x5D, 0xE0, 0xEC,
    0xED, 0xEB, 0xF4, 0xFB, 0xFB, 0xFA, 0xFD, 0xFF, 0xFF, 0xFF, 0xFF, 0xFF, 0xFF, 0xFF, 0xFF, 0xFF,
    0xFF, 0xFF, 0xFF, 0xFF, 0xFF, 0xFF, 0xFD, 0xFB, 0xF7, 0xF5, 0xF3, 0x76, 0x56, 0x56, 0x49, 0x62,
    0x7D, 0xB1, 0xA9, 0xCF, 0xD5, 0xD7, 0xD4, 0xCA, 0xAD, 0xA4, 0x99, 0x85, 0x23, 0x23, 0x23, 0x23,
    0x44, 0x44, 0x45, 0x46, 0x46, 0x48, 0x4A, 0x4A, 0x51, 0x51, 0x5C, 0x60, 0x60, 0x70, 0x74, 0x74,
    0x7F, 0x80, 0xAF, 0x99, 0x9A, 0x9B, 0xB5, 0x9F, 0xA2, 0xA3, 0xA6, 0xA7, 0xA9, 0xA9, 0xAA, 0xAB,
    0xAC, 0xAC, 0xAD, 0xAD, 0xC0, 0xAE, 0xC9, 0xCE, 0xC9, 0xCF, 0xCA, 0xCA, 0xD0, 0xCA, 0xCA, 0xCA,
    0xCA, 0xCF, 0xCE, 0xCE, 0xAE, 0xAD, 0xBE, 0xAC, 0xAA, 0xA3, 0x9F, 0xB2, 0x88, 0x85, 0x81, 0x7E,
    0x7C, 0x7A, 0x78, 0x78, 0x7A, 0x82, 0xB0, 0xA6, 0xCF, 0xD5, 0xE1, 0xDC, 0xCF, 0xB5, 0x7C, 0x5B,
    0x5A, 0x76, 0xE7, 0xED, 0xF2, 0xF2, 0xF3, 0xFA, 0xFB, 0xFD, 0xFD, 0xFF, 0xFF, 0xFF, 0xFF, 0xFF,
    0xFF, 0xFD, 0xFD, 0xFD, 0xFF, 0xFF, 0xFF, 0xFF, 0xFD, 0xFA, 0xFD, 0xFB, 0xF7, 0xF7, 0xF5, 0x76,
    0x56, 0x56, 0x54, 0x62, 0x7D, 0x99, 0xBC, 0xCA, 0xD6, 0xD7, 0xD4, 0xCA, 0xAD, 0xA8, 0x9B, 0x92,
    0x23, 0x23, 0x23, 0x44, 0x44, 0x44, 0x45, 0x46, 0x46, 0x48, 0x4A, 0x4A, 0x51, 0x51, 0x5C, 0x60,
    0x60, 0x70, 0x74, 0x74, 0x7F, 0x80, 0xAF, 0xB1, 0x9A, 0x9D, 0x9D, 0x9F, 0xA3, 0xA6, 0xA7, 0xA9,
    0xBC, 0xAB, 0xAB, 0xBE, 0xAD, 0xAD, 0xAD, 0xAE, 0xAE, 0xAE, 0xCE, 0xCF, 0xCF, 0xCA, 0xD0, 0xD0,
    0xCA, 0xCA, 0xCA, 0xCA, 0xCA, 0xCF, 0xCE, 0xCE, 0xAE, 0xAD, 0xAD, 0xAC, 0xAB, 0xA6, 0x9F, 0x9B,
    0x98, 0x86, 0x81, 0x7E, 0x7C, 0x7A, 0x78, 0x78, 0x7C, 0x81, 0x99, 0xA9, 0xCF, 0xD6, 0xE2, 0xDC,
    0xCF, 0xB5, 0x7C, 0x5E, 0x5A, 0x76, 0xEC, 0xF2, 0xF4, 0xF5, 0xF4, 0xFA, 0xFF, 0xFD, 0xFF, 0xFF,
    0xFD, 0xFD, 0xFF, 0xFF, 0xFF, 0xFF, 0xFF, 0xFF, 0xFF, 0xFF, 0xFF, 0xFF, 0xFF, 0xFF, 0xFF, 0xFB,
    0xF8, 0xF8, 0xF6, 0x79, 0x56, 0x56, 0x54, 0x5F, 0x7D, 0x9A, 0xAB, 0xCA, 0xD6, 0xD7, 0xD5, 0xCA,
    0xC0, 0xA9, 0x9F, 0x92, 0x23, 0x23, 0x23, 0x44, 0x44, 0x44, 0x45, 0x46, 0x46, 0x48, 0x4A, 0x4A,
    0x51, 0x51, 0x5C, 0x60, 0x60, 0x70, 0x74, 0x74, 0x7F, 0x80, 0xAF, 0x9A, 0x9D, 0x9D, 0x9D, 0xA2,
    0xA6, 0xA7, 0xA9, 0xAA, 0xAB, 0xAB, 0xAC, 0xAD, 0xAD, 0xAE, 0xAE, 0xAE, 0xC9, 0xC9, 0xCF, 0xCF,
    0xCA, 0xD0, 0xCA, 0xCA, 0xCA, 0xCA, 0xCA, 0xD0, 0xCA, 0xCA, 0xCF, 0xCE, 0xCE, 0xC0, 0xAD, 0xAC,
    0xAB, 0xA7, 0xA2, 0x9B, 0x99, 0x86, 0x81, 0x7E, 0x7C, 0x7A, 0x78, 0x78, 0x7C, 0x81, 0xB2, 0xA9,
    0xCA, 0xD6, 0xE2, 0xDC, 0xCF, 0x9E, 0x7C, 0x5F, 0x5B, 0x76, 0xED, 0xF5, 0xF5, 0xF7, 0xF5, 0xFF,
    0xFF, 0xFF, 0xFF, 0xFF, 0xFF, 0xFF, 0xFF, 0xFF, 0xFF, 0xFF, 0xFF, 0xFF, 0xFF, 0xFF, 0xFF, 0xFD,
    0xFD, 0xFF, 0xFF, 0xFD, 0xFB, 0xF8, 0xF6, 0x79, 0x56, 0x56, 0x54, 0x62, 0x7D, 0x9A, 0xAC, 0xCA,
    0xD7, 0xDC, 0xD5, 0xCA, 0xAE, 0xAA, 0xA2, 0x92, 0x23, 0x23, 0x23, 0x44, 0x44, 0x44, 0x45, 0x46,
    0x46, 0x48, 0x4A, 0x4B, 0x51, 0x51, 0x5C, 0x60, 0x60, 0x70, 0x74, 0x74, 0x7F, 0x80, 0xAF, 0x9A,
    0x9D, 0x9D, 0xA2, 0xA3, 0xA6, 0xA7, 0xA9, 0xAB, 0xAB, 0xBE, 0xAD, 0xAD, 0xC0, 0xAE, 0xCE, 0xCE,
    0xC9, 0xCF, 0xCF, 0xCA, 0xCA, 0xCA, 0xD1, 0xD1, 0xD1, 0xD1, 0xD1, 0xD1, 0xCA, 0xD0, 0xCF, 0xCE,
    0xCE, 0xAE, 0xAE, 0xAD, 0xAC, 0xBC, 0xA3, 0x9E, 0x99, 0x86, 0x81, 0x7E, 0x7C, 0x7C, 0x7A, 0x78,
    0x7C, 0x83, 0x9B, 0xAB, 0xCA, 0xD7, 0xE3, 0xDD, 0xD0, 0xB8, 0x7E, 0x5F, 0x5B, 0x76, 0xF0, 0xF7,
    0xF7, 0xF8, 0xF7, 0xFF, 0xFF, 0xFF, 0xFF, 0xFF, 0xFF, 0xFF, 0xFF, 0xFF, 0xFF, 0xFD, 0xFD, 0xFF,
    0xFF, 0xFF, 0xFF, 0xFF, 0xFF, 0xFF, 0xFF, 0xFF, 0xFB, 0xFB, 0xFA, 0x79, 0x56, 0x56, 0x54, 0x63,
    0x81, 0x9A, 0xAC, 0xD1, 0xD7, 0xDC, 0xD5, 0xCA, 0xAE, 0xAB, 0xA2, 0x92, 0x44, 0x23, 0x44, 0x44,
    0x44, 0x44, 0x45, 0x46, 0x46, 0x48, 0x4A, 0x4B, 0x51, 0x51, 0x5C, 0x60, 0x60, 0x70, 0x74, 0x74,
    0x7F, 0x80, 0xB1, 0x9D, 0x9D, 0xB7, 0xA2, 0xA6, 0xA7, 0xA9, 0xBC, 0xAB, 0xBE, 0xAD, 0xAD, 0xAE,
    0xAE, 0xCE, 0xCE, 0xCE, 0xCF, 0xCF, 0xCF, 0xCA, 0xCA, 0xCA, 0xD1, 0xD2, 0xD3, 0xD3, 0xD3, 0xD2,
    0xCA, 0xCA, 0xCF, 0xCF, 0xCE, 0xAE, 0xAE, 0xAD, 0xAC, 0xAA, 0xA4, 0x9E, 0x99, 0x86, 0x83, 0x7E,
    0x7D, 0x7C, 0x7A, 0x78, 0x7C, 0x83, 0xB5, 0xAB, 0xD0, 0xD7, 0xE3, 0xDD, 0xCA, 0xA3, 0x81, 0x62,
    0x5B, 0x76, 0xF0, 0xF7, 0xF8, 0xFB, 0xF8, 0xFF, 0xFF, 0xFF, 0xFF, 0xFF, 0xFF, 0xFF, 0xFF, 0xFF,
    0xFF, 0xFF, 0xFF, 0xFF, 0xFF, 0xFF, 0xFF, 0xFF, 0xFF, 0xFF, 0xFF, 0xFD, 0xFF, 0xFB, 0xFB, 0x79,
    0x56, 0x56, 0x55, 0x77, 0x81, 0xB5, 0xAC, 0xD2, 0xD7, 0xDC, 0xD5, 0xCA, 0xC9, 0xAB, 0xA2, 0x98,
    0x53, 0x47, 0x46, 0x46, 0x46, 0x46, 0x46, 0x46, 0x48, 0x4A, 0x4A, 0x51, 0x51, 0x5C, 0x5C, 0x60,
    0x70, 0x70, 0x74, 0x74, 0x7F, 0xAF, 0x9A, 0x9D, 0x9D, 0xA2, 0xA3, 0xA6, 0xA7, 0xBC, 0xAB, 0xAB,
    0xAC, 0xAD, 0xC0, 0xC0, 0xAE, 0xCE, 0xC9, 0xC9, 0xCF, 0xCA, 0xCA, 0xCA, 0xCA, 0xCA, 0xD1, 0xD2,
    0xD2, 0xD3, 0xD3, 0xD2, 0xCA, 0xCA, 0xCA, 0xCF, 0xCE, 0xCE, 0xAE, 0xC0, 0xBE, 0xBC, 0xA6, 0x9F,
    0x99, 0x88, 0x83, 0x81, 0x7E, 0x7C, 0x7A, 0x78, 0x7C, 0x86, 0x9E, 0xAC, 0xD0, 0xD7, 0xE3, 0xDD,
    0xCA, 0xA6, 0x81, 0x62, 0x5B, 0x76, 0xF1, 0xF8, 0xFB, 0xFB, 0xFB, 0xFF, 0xFF, 0xFF, 0xFF, 0xFF,
    0xFF, 0xFF, 0xFF, 0xFF, 0xFF, 0xFF, 0xFF, 0xFF, 0xFF, 0xFF, 0xFF, 0xFF, 0xFF, 0xFF, 0xFF, 0xFF,
    0xFF, 0xFB, 0xFB, 0x79, 0x56, 0x55, 0x5E, 0x79, 0x81, 0xB5, 0xAD, 0xD2, 0xD7, 0xDC, 0xD5, 0xD1,
    0xCE, 0xBE, 0xB8, 0x98, 0x85, 0x81, 0x7D, 0x7B, 0x76, 0x63, 0x76, 0x79, 0x79, 0x79, 0x7B, 0x7D,
    0x7F, 0x80, 0x85, 0x85, 0xAF, 0x98, 0x98, 0x99, 0x9A, 0xB5, 0x9E, 0x9F, 0xA2, 0xA3, 0xA6, 0xA7,
    0xA9, 0xAA, 0xAB, 0xAC, 0xAD, 0xAD, 0xAE, 0xCE, 0xCE, 0xCE, 0xCF, 0xCF, 0xCA, 0xCA, 0xCA, 0xD1,
    0xD2, 0xD2, 0xD3, 0xD3, 0xD3, 0xD3, 0xD3, 0xD3, 0xD2, 0xCA, 0xCA, 0xCF, 0xCF, 0xCE, 0xCE, 0xC0,
    0xAD, 0xBC, 0xA6, 0x9F, 0xB2, 0x88, 0x85, 0x81, 0x7E, 0x7C, 0x7A, 0x78, 0x7C, 0x86, 0xB5, 0xAB,
    0xCA, 0xD7, 0xE9, 0xDE, 0xD2, 0xA7, 0x81, 0x62, 0x5A, 0x76, 0xF1, 0xFA, 0xFB, 0xFF, 0xFF, 0xFD,
    0xFF, 0xFF, 0xFF, 0xFF, 0xFF, 0xFF, 0xFF, 0xFF, 0xFF, 0xFF, 0xFF, 0xFF, 0xFF, 0xFF, 0xFF, 0xFF,
    0xFF, 0xFF, 0xFF, 0xFF, 0xFF, 0xFF, 0xFE, 0x76, 0x55, 0x55, 0x5F, 0x7B, 0x85, 0x9B, 0xAC, 0xD1,
    0xD7, 0xDC, 0xD5, 0xD2, 0xCE, 0xAA, 0xB8, 0x99, 0x85, 0x85, 0x7D, 0x7B, 0x79, 0x63, 0x77, 0x79,
    0x79, 0x7B, 0x7D, 0x7F, 0x7F, 0x80, 0x85, 0x85, 0xAF, 0x98, 0x98, 0xB2, 0xB5, 0xB5, 0xA0, 0x9F,
    0xA3, 0xA8, 0xBA, 0xA7, 0xA9, 0xAB, 0xBE, 0xAC, 0xAD, 0xC0, 0xAE, 0xCE, 0xC9, 0xCF, 0xCF, 0xCF,
    0xCA, 0xCA, 0xD1, 0xD2, 0xD2, 0xD3, 0xD3, 0xD3, 0xD4, 0xD3, 0xD3, 0xD3, 0xD2, 0xD1, 0xCA, 0xCA,
    0xCF, 0xCE, 0xCE, 0xC0, 0xAD, 0xAB, 0xBA, 0x9F, 0xB2, 0x88, 0x85, 0x81, 0x7E, 0x7C, 0x78, 0x78,
    0x7E, 0x86, 0xB6, 0xA9, 0xCA, 0xD7, 0xE9, 0xE2, 0xD3, 0xA7, 0x81, 0x62, 0x5B, 0x76, 0xF7, 0xFF,
    0xFF, 0xFF, 0xFF, 0xFF, 0xFF, 0xFF, 0xFF, 0xFF, 0xFF, 0xFF, 0xFF, 0xFF, 0xFF, 0xFF, 0xFE, 0xFF,
    0xFF, 0xFF, 0xFF, 0xFF, 0xFF, 0xFD, 0xFF, 0xFF, 0xFF, 0xFF, 0xFF, 0x76, 0x54, 0x56, 0x62, 0x7D,
    0x85, 0x9A, 0xAC, 0xD2, 0xD6, 0xD7, 0xD5, 0xD3, 0xC9, 0xA7, 0x9E, 0x9B, 0x98, 0x85, 0x7D, 0x7B,
    0x79, 0x76, 0x77, 0x79, 0x7B, 0x7B, 0x7D, 0x7F, 0x7F, 0x80, 0x85, 0x85, 0xAF, 0x98, 0x99, 0x9B,
    0xB5, 0x9E, 0x9E, 0xB8, 0xA3, 0xA6, 0xA7, 0xA9, 0xAA, 0xAB, 0xBE, 0xAD, 0xAD, 0xAE, 0xAE, 0xCE,
    0xCF, 0xCF, 0xCF, 0xCA, 0xCA, 0xD1, 0xD1, 0xD2, 0xD3, 0xD3, 0xD4, 0xD4, 0xD4, 0xD3, 0xD3, 0xD3,
    0xD2, 0xD2, 0xCA, 0xCA, 0xCF, 0xCE, 0xC9, 0xAE, 0xAD, 0xAC, 0xBA, 0xB5, 0x99, 0x98, 0x86, 0x81,
    0x7E, 0x7A, 0x78, 0x78, 0x7E, 0x87, 0xB2, 0xA6, 0xCF, 0xD7, 0xE9, 0xE3, 0xD4, 0xA7, 0x82, 0x62,
    0x5B, 0x79, 0xF8, 0xFF, 0xFD, 0xFF, 0xFD, 0xFF, 0xFF, 0xFF, 0xFF, 0xFD, 0xFF, 0xFF, 0xFF, 0xFF,
    0xFF, 0xFF, 0xFF, 0xFF, 0xFF, 0xFF, 0xFF, 0xFF, 0xFF, 0xFF, 0xFF, 0xFF, 0xFF, 0xFF, 0xFB, 0x76,
    0x55, 0x5A, 0x63, 0x7D, 0x81, 0x99, 0xAD, 0xD1, 0xD5, 0xD6, 0xD6, 0xD3, 0xAE, 0x9F, 0x9B, 0x9E,
    0x9B, 0xAF, 0x7D, 0x79, 0x77, 0x77, 0x79, 0x79, 0x7B, 0x7D, 0x7D, 0x7F, 0x80, 0x80, 0x85, 0x85,
    0xAF, 0x98, 0x99, 0x9E, 0x9E, 0x9E, 0xB5, 0xA3, 0xA6, 0xA7, 0xA7, 0xA9, 0xAB, 0xAC, 0xAD, 0xAD,
    0xAD, 0xAE, 0xC9, 0xC9, 0xC9, 0xCF, 0xCF, 0xCA, 0xCA, 0xD1, 0xD2, 0xD2, 0xD3, 0xD3, 0xD4, 0xD5,
    0xD4, 0xD3, 0xD3, 0xD3, 0xD3, 0xD2, 0xCA, 0xCF, 0xCF, 0xCF, 0xCE, 0xAE, 0xC0, 0xAC, 0xA6, 0x9B,
    0x98, 0x98, 0xB0, 0x83, 0x7E, 0x7A, 0x78, 0x78, 0x7E, 0x83, 0x88, 0xB7, 0xCF, 0xDC, 0xE9, 0xE9,
    0xD5, 0xA3, 0x82, 0x78, 0x5E, 0x79, 0xF8, 0xFF, 0xFD, 0xFF, 0xFF, 0xFF, 0xFF, 0xFF, 0xFF, 0xFD,
    0xFF, 0xFF, 0xFF, 0xFA, 0xFF, 0xFD, 0xFF, 0xFF, 0xFF, 0xFF, 0xFF, 0xFF, 0xFF, 0xFD, 0xFF, 0xFD,
    0xFF, 0xFF, 0xF9, 0x70, 0x48, 0x46, 0x4C, 0x4F, 0x4F, 0x69, 0x69, 0x6D, 0x6B, 0x6B, 0x6B, 0x67,
    0x67, 0x4F, 0x4F, 0x4F, 0x4F, 0x4F, 0x4D, 0x4C, 0x4C, 0x4C, 0x4C, 0x4C, 0x4D, 0x4D, 0x4D, 0x4D,
    0x4D, 0x4E, 0x4E, 0x4F, 0x4F, 0x4F, 0x4F, 0x67, 0x67, 0x67, 0x67, 0x69, 0x69, 0x69, 0x69, 0x69,
    0x69, 0x69, 0x69, 0x69, 0x6D, 0x6D, 0x6D, 0x6D, 0x6D, 0x89, 0x8A, 0x8B, 0x8B, 0x8B, 0x8C, 0x8C,
    0x8D, 0x8E, 0x8F, 0x8F, 0x8F, 0x8F, 0x94, 0x94, 0x8F, 0x8F, 0x8E, 0x73, 0x73, 0x73, 0x73, 0x73,
    0x73, 0x72, 0x6D, 0x69, 0x69, 0x69, 0x69, 0x52, 0x4D, 0x4C, 0x4C, 0x4C, 0x4D, 0x4D, 0x4D, 0x4F,
    0x67, 0x6A, 0x6A, 0x6B, 0x6B, 0x69, 0x6F, 0x6E, 0x53, 0x70, 0xF1, 0xFF, 0xFF, 0xFF, 0xFF, 0xFF,
    0xFF, 0xFF, 0xFF, 0xFF, 0xFF, 0xFF, 0xFF, 0xFF, 0xFD, 0xFF, 0xFF, 0xFD, 0xFF, 0xFF, 0xFF, 0xFD,
    0xFF, 0xFF, 0xFD, 0xFF, 0xFF, 0xFA, 0xC5, 0x0A, 0x05, 0x07, 0x0E, 0x35, 0x40, 0x64, 0x6A, 0x6A,
    0x65, 0x43, 0x40, 0x2F, 0x12, 0x0C, 0x08, 0x06, 0x03, 0x03, 0x02, 0x02, 0x02, 0x02, 0x02, 0x02,
    0x02, 0x02, 0x03, 0x03, 0x05, 0x06, 0x07, 0x08, 0x12, 0x1C, 0x2F, 0x39, 0x3C, 0x40, 0x42, 0x42,
    0x43, 0x64, 0x66, 0x66, 0x68, 0x6A, 0x6A, 0x6B, 0x6C, 0x6C, 0x6D, 0x89, 0x8A, 0x8B, 0x8C, 0x8D,
    0x8E, 0x8E, 0x8F, 0x94, 0xC1, 0xC2, 0xC3, 0xC4, 0xC4, 0xC4, 0xC5, 0xC5, 0xC4, 0xC3, 0xC2, 0xC1,
    0x94, 0x8F, 0x8E, 0x8D, 0x8B, 0x89, 0x6C, 0x6B, 0x6A, 0x65, 0x42, 0x3C, 0x15, 0x08, 0x05, 0x03,
    0x02, 0x02, 0x02, 0x03, 0x05, 0x07, 0x0C, 0x3D, 0x43, 0x68, 0x6D, 0x89, 0x66, 0x2F, 0xC1, 0xFA,
    0xFF, 0xFF, 0xFF, 0xFF, 0xFF, 0xFF, 0xFF, 0xFF, 0xFD, 0xFF, 0xFF, 0xFF, 0xFD, 0xFF, 0xFF, 0xFF,
    0xFF, 0xFF, 0xFF, 0xFD, 0xFF, 0xFF, 0xFF, 0xFF, 0xFF, 0xF9, 0x65, 0x02, 0x05, 0x07, 0x12, 0x35,
    0x40, 0x64, 0x6A, 0x6A, 0x65, 0x43, 0x40, 0x2F, 0x15, 0x0E, 0x07, 0x03, 0x02, 0x00, 0x00, 0x00,
    0x00, 0x00, 0x00, 0x00, 0x00, 0x00, 0x01, 0x02, 0x05, 0x06, 0x07, 0x08, 0x12, 0x1C, 0x2F, 0x35,
    0x3D, 0x40, 0x40, 0x42, 0x43, 0x64, 0x65, 0x66, 0x68, 0x6A, 0x6A, 0x6B, 0x6C, 0x6D, 0x6D, 0x89,
    0x8A, 0x8B, 0x8C, 0x8D, 0x8E, 0x8F, 0x8F, 0x94, 0xC1, 0xC2, 0xC3, 0xC4, 0xC4, 0xC5, 0xC5, 0xC5,
    0xC4, 0xC4, 0xC2, 0xC1, 0x94, 0x8F, 0x8E, 0x8D, 0x8B, 0x8A, 0x6D, 0x6C, 0x6A, 0x65, 0x42, 0x3C,
    0x1A, 0x08, 0x06, 0x02, 0x00, 0x00, 0x00, 0x01, 0x02, 0x06, 0x0C, 0x3D, 0x43, 0x68, 0x6D, 0x89,
    0x66, 0x15, 0x42, 0xF9, 0xFF, 0xFF, 0xFF, 0xFF, 0xFD, 0xFF, 0xFF, 0xFF, 0xFF, 0xFF, 0xFF, 0xFF,
    0xFF, 0xFF, 0xFF, 0xFF, 0xFF, 0xFF, 0xFF, 0xFF, 0xFF, 0xFF, 0xFF, 0xFD, 0xFF, 0xF6, 0x42, 0x00,
    0x05, 0x0E, 0x2F, 0x40, 0x43, 0x66, 0x6A, 0x68, 0x43, 0x43, 0x42, 0x3D, 0x2F, 0x1A, 0x07, 0x06,
    0x02, 0x02, 0x02, 0x02, 0x02, 0x01, 0x01, 0x01, 0x01, 0x01, 0x02, 0x03, 0x06, 0x07, 0x08, 0x0E,
    0x1C, 0x2F, 0x3C, 0x3D, 0x40, 0x40, 0x42, 0x43, 0x64, 0x65, 0x66, 0x68, 0x6A, 0x6A, 0x6B, 0x6C,
    0x6D, 0x6D, 0x89, 0x8A, 0x8B, 0x8C, 0x8D, 0x8F, 0x8F, 0x94, 0xC1, 0xC1, 0xC2, 0xC4, 0xC4, 0xC5,
    0xC6, 0xC7, 0xC7, 0xC7, 0xC6, 0xC5, 0xC4, 0xC3, 0xC2, 0x94, 0x8F, 0x8F, 0x8D, 0x8B, 0x8A, 0x89,
    0x6C, 0x66, 0x42, 0x3D, 0x2F, 0x12, 0x07, 0x03, 0x01, 0x00, 0x00, 0x02, 0x05, 0x07, 0x1A, 0x40,
    0x64, 0x6A, 0x89, 0x8B, 0x66, 0x15, 0x36, 0xF1, 0xFF, 0xFD, 0xFD, 0xFF, 0xFF, 0xFF, 0xFF, 0xFF,
    0xFF, 0xFF, 0xFF, 0xFD, 0xFD, 0xFF, 0xFF, 0xFF, 0xFF, 0xFD, 0xFD, 0xFD, 0xFF, 0xFF, 0xFF, 0xFF,
    0xFF, 0xF1, 0x42, 0x03, 0x35, 0x64, 0x6A, 0x89, 0x8D, 0xC1, 0xC6, 0xC7, 0xC4, 0xC1, 0x8E, 0x8A,
    0x6C, 0x66, 0x40, 0x35, 0x1C, 0x12, 0x09, 0x07, 0x05, 0x03, 0x01, 0x01, 0x03, 0x05, 0x08, 0x0E,
    0x29, 0x39, 0x3D, 0x42, 0x43, 0x64, 0x66, 0x68, 0x6A, 0x6B, 0x6C, 0x6D, 0x89, 0x8A, 0x8B, 0x8D,
    0x8E, 0x8E, 0x8F, 0x94, 0xC1, 0xC3, 0xC4, 0xC5, 0xC6, 0xC7, 0xCB, 0xD8, 0xD8, 0xD9, 0xDB, 0xDB,
    0xE4, 0xE5, 0xE6, 0xE6, 0xEE, 0xEE, 0xEE, 0xEE, 0xEE, 0xE6, 0xE6, 0xE5, 0xE4, 0xDB, 0xDA, 0xD9,
    0xD8, 0xCB, 0xCB, 0xC6, 0xC1, 0x8C, 0x6D, 0x6A, 0x65, 0x42, 0x35, 0x0C, 0x06, 0x03, 0x01, 0x06,
    0x15, 0x3D, 0x65, 0x6C, 0x8C, 0x94, 0xC6, 0xCB, 0x8F, 0x65, 0x39, 0xF1, 0xFF, 0xFF, 0xFF, 0xFD,
    0xFF, 0xFF, 0xFF, 0xFF, 0xFF, 0xFF, 0xFF, 0xFF, 0xFF, 0xFD, 0xFF, 0xFF, 0xFF, 0xFF, 0xFF, 0xFD,
    0xFF, 0xFF, 0xFF, 0xFF, 0xFF, 0xF9, 0x42, 0x05, 0x35, 0x43, 0x68, 0x6D, 0x8D, 0xC1, 0xC7, 0xCB,
    0xC4, 0xC1, 0x8E, 0x8A, 0x6C, 0x65, 0x3D, 0x35, 0x29, 0x15, 0x09, 0x07, 0x05, 0x02, 0x01, 0x01,
    0x03, 0x06, 0x08, 0x12, 0x29, 0x39, 0x3D, 0x42, 0x43, 0x64, 0x66, 0x68, 0x6A, 0x6B, 0x6C, 0x6D,
    0x89, 0x8A, 0x8C, 0x8D, 0x8E, 0x8F, 0x8F, 0x94, 0xC2, 0xC3, 0xC4, 0xC6, 0xC7, 0xCB, 0xCB, 0xD8,
    0xD9, 0xD9, 0xDB, 0xDB, 0xE4, 0xE5, 0xE6, 0xEE, 0xEE, 0xEE, 0xEF, 0xEE, 0xEE, 0xEE, 0xE6, 0xE5,
    0xE5, 0xE4, 0xDB, 0xD9, 0xD8, 0xCB, 0xC7, 0xC5, 0x94, 0x8C, 0x6D, 0x6A, 0x65, 0x42, 0x35, 0x0E,
    0x06, 0x03, 0x01, 0x06, 0x1A, 0x40, 0x65, 0x6C, 0x8C, 0xC1, 0xC6, 0xCB, 0x8F, 0x68, 0x40, 0xF1,
    0xFF, 0xFF, 0xFF, 0xFD, 0xFF, 0xFF, 0xFD, 0xFF, 0xFF, 0xFF, 0xFD, 0xFF, 0xFF, 0xFF, 0xFF, 0xFF,
    0xFF, 0xFF, 0xFF, 0xFF, 0xFF, 0xFF, 0xFA, 0xFF, 0xFF, 0xF9, 0x42, 0x06, 0x35, 0x43, 0x68, 0x6D,
    0x8D, 0xC2, 0xCB, 0xD8, 0xC6, 0xC1, 0x8E, 0x8A, 0x6C, 0x65, 0x3D, 0x35, 0x2B, 0x15, 0x0C, 0x07,
    0x05, 0x03, 0x01, 0x01, 0x03, 0x06, 0x08, 0x12, 0x29, 0x39, 0x3D, 0x42, 0x43, 0x64, 0x66, 0x68,
    0x6A, 0x6B, 0x6C, 0x6D, 0x89, 0x8A, 0x8C, 0x8D, 0x8E, 0x8F, 0x8F, 0x94, 0xC2, 0xC3, 0xC5, 0xC6,
    0xC7, 0xCB, 0xCB, 0xD8, 0xD9, 0xD9, 0xDB, 0xE4, 0xE5, 0xE5, 0xE6, 0xEE, 0xEE, 0xEE, 0xEF, 0xEE,
    0xEE, 0xEE, 0xE6, 0xE6, 0xE5, 0xE4, 0xDB, 0xD9, 0xD8, 0xCB, 0xC6, 0xC4, 0xC1, 0x8C, 0x6D, 0x6A,
    0x65, 0x40, 0x35, 0x0E, 0x06, 0x03, 0x01, 0x06, 0x1A, 0x40, 0x65, 0x6C, 0x8C, 0xC1, 0xC6, 0xC7,
    0x8E, 0x68, 0x40, 0xF1, 0xFF, 0xFF, 0xFF, 0xFF, 0xFF, 0xFF, 0xFF, 0xFF, 0xFF, 0xFD, 0xFF, 0xFD,
    0xFF, 0xFF, 0xFF, 0xFD, 0xFF, 0xFF, 0xFF, 0xFF, 0xFF, 0xFF, 0xFF, 0xFF, 0xFF, 0xF1, 0x42, 0x06,
    0x39, 0x43, 0x68, 0x6D, 0x8D, 0xC2, 0xCB, 0xD8, 0xC6, 0xC2, 0x8E, 0x8A, 0x6C, 0x64, 0x3D, 0x35,
    0x2F, 0x1A, 0x0C, 0x07, 0x05, 0x03, 0x01, 0x01, 0x03, 0x06, 0x08, 0x12, 0x29, 0x39, 0x3D, 0x40,
    0x43, 0x64, 0x66, 0x68, 0x6A, 0x6B, 0x6C, 0x6D, 0x89, 0x8A, 0x8B, 0x8C, 0x8E, 0x8F, 0x8F, 0x94,
    0xC2, 0xC3, 0xC4, 0xC6, 0xC7, 0xCB, 0xCB, 0xD8, 0xD9, 0xD9, 0xDB, 0xE4, 0xE5, 0xE6, 0xE6, 0xEE,
    0xEE, 0xEE, 0xEF, 0xEF, 0xEE, 0xEE, 0xE6, 0xE6, 0xE5, 0xE4, 0xDB, 0xD9, 0xD8, 0xCB, 0xC6, 0xC3,
    0x94, 0x8D, 0x89, 0x6A, 0x65, 0x40, 0x35, 0x0E, 0x07, 0x03, 0x01, 0x06, 0x1C, 0x40, 0x65, 0x6C,
    0x8C, 0xC1, 0xC6, 0xC7, 0x8E, 0x68, 0x40, 0xF1, 0xFF, 0xFF, 0xFF, 0xFF, 0xFF, 0xFF, 0xFF, 0xFF,
    0xFF, 0xFF, 0xFF, 0xFF, 0xFF, 0xFF, 0xFF, 0xFF, 0xFF, 0xFF, 0xFF, 0xFF, 0xFF, 0xFF, 0xFF, 0xFF,
    0xFF, 0xF1, 0x42, 0x05, 0x35, 0x43, 0x68, 0x6D, 0x8D, 0xC2, 0xCB, 0xD8, 0xC6, 0xC1, 0x8E, 0x8A,
    0x6C, 0x64, 0x3D, 0x39, 0x2F, 0x1A, 0x0C, 0x07, 0x05, 0x03, 0x01, 0x01, 0x03, 0x06, 0x08, 0x0E,
    0x27, 0x39, 0x3D, 0x40, 0x43, 0x64, 0x65, 0x68, 0x6A, 0x6B, 0x6C, 0x6D, 0x89, 0x8A, 0x8B, 0x8C,
    0x8D, 0x8E, 0x8F, 0x94, 0xC2, 0xC3, 0xC4, 0xC6, 0xC7, 0xCB, 0xCB, 0xD8, 0xD9, 0xD9, 0xDB, 0xE4,
    0xE5, 0xE6, 0xE6, 0xEE, 0xEE, 0xEE, 0xEF, 0xEF, 0xEE, 0xEE, 0xE6, 0xE6, 0xE5, 0xE4, 0xDB, 0xD9,
    0xD8, 0xCB, 0xC6, 0xC3, 0x94, 0x8D, 0x6D, 0x6A, 0x65, 0x40, 0x35, 0x0E, 0x06, 0x03, 0x01, 0x06,
    0x1C, 0x40, 0x65, 0x6C, 0x8C, 0xC1, 0xC7, 0xCB, 0x8F, 0x68, 0x3D, 0xF1, 0xFF, 0xFF, 0xFF, 0xFF,
    0xFF, 0xFF, 0xFF, 0xFF, 0xFF, 0xFF, 0xFF, 0xFF, 0xFD, 0xFF, 0xFD, 0xFF, 0xFF, 0xFF, 0xFD, 0xFF,
    0xFF, 0xFF, 0xFF, 0xFF, 0xFF, 0xF1, 0x42, 0x05, 0x35, 0x43, 0x68, 0x6D, 0x8D, 0xC2, 0xCB, 0xD8,
    0xC6, 0xC2, 0x8E, 0x8A, 0x6D, 0x65, 0x3D, 0x39, 0x2F, 0x1A, 0x0C, 0x07, 0x05, 0x02, 0x01, 0x01,
    0x03, 0x06, 0x08, 0x0E, 0x1C, 0x35, 0x3D, 0x40, 0x43, 0x64, 0x65, 0x68, 0x6A, 0x6B, 0x6C, 0x6D,
    0x89, 0x8A, 0x8B, 0x8C, 0x8D, 0x8E, 0x8F, 0x94, 0xC1, 0xC3, 0xC5, 0xC6, 0xC7, 0xCB, 0xCB, 0xD8,
    0xD9, 0xD9, 0xDB, 0xDB, 0xE4, 0xE5, 0xE6, 0xEE, 0xEE, 0xEE, 0xEF, 0xEF, 0xEE, 0xEE, 0xE6, 0xE6,
    0xE5, 0xE4, 0xDA, 0xD9, 0xD8, 0xCB, 0xC6, 0xC4, 0xC1, 0x8D, 0x6D, 0x6A, 0x65, 0x40, 0x35, 0x0E,
    0x06, 0x03, 0x01, 0x06, 0x1C, 0x40, 0x65, 0x6C, 0x8C, 0xC1, 0xC7, 0xCB, 0x8F, 0x68, 0x3C, 0xF1,
    0xFF, 0xFF, 0xFF, 0xFD, 0xFD, 0xFF, 0xFF, 0xFF, 0xFF, 0xFF, 0xFF, 0xFF, 0xFF, 0xFF, 0xFF, 0xFF,
    0xFF, 0xFF, 0xFF, 0xFF, 0xFD, 0xFF, 0xFF, 0xFF, 0xFD, 0xF9, 0x42, 0x03, 0x35, 0x43, 0x68, 0x6D,
    0x8D, 0xC2, 0xCB, 0xD8, 0xC6, 0xC1, 0x8E, 0x8A, 0x6D, 0x65, 0x3D, 0x35, 0x2B, 0x1A, 0x0C, 0x07,
    0x05, 0x02, 0x01, 0x01, 0x02, 0x05, 0x08, 0x0E, 0x1C, 0x36, 0x3D, 0x40, 0x42, 0x64, 0x65, 0x68,
    0x6A, 0x6B, 0x6C, 0x6D, 0x89, 0x8A, 0x8B, 0x8C, 0x8D, 0x8E, 0x8F, 0x94, 0xC1, 0xC3, 0xC4, 0xC6,
    0xC7, 0xCB, 0xCB, 0xD8, 0xD9, 0xD9, 0xDB, 0xDB, 0xE4, 0xE5, 0xE6, 0xEE, 0xEE, 0xEF, 0xEF, 0xEF,
    0xEE, 0xEE, 0xE6, 0xE6, 0xE5, 0xDB, 0xDA, 0xD9, 0xD8, 0xCB, 0xC5, 0xC3, 0xC1, 0x8C, 0x6D, 0x6A,
    0x65, 0x40, 0x35, 0x0E, 0x06, 0x03, 0x01, 0x06, 0x1C, 0x40, 0x65, 0x6C, 0x8C, 0xC1, 0xC7, 0xCB,
    0x8F, 0x68, 0x3D, 0xF1, 0xFF, 0xFF, 0xFF, 0xFF, 0xFF, 0xFD, 0xFF, 0xFF, 0xFF, 0xFF, 0xFF, 0xFF,
    0xFF, 0xFF, 0xFF, 0xFF, 0xFF, 0xFF, 0xFF, 0xFF, 0xFD, 0xFF, 0xFF, 0xFF, 0xFF, 0xF1, 0x42, 0x03,
    0x35, 0x43, 0x68, 0x6D, 0x8D, 0xC2, 0xCB, 0xD8, 0xC6, 0xC2, 0x8E, 0x8A, 0x6C, 0x65, 0x3C, 0x35,
    0x29, 0x15, 0x0C, 0x07, 0x05, 0x03, 0x01, 0x01, 0x02, 0x06, 0x07, 0x0E, 0x1C, 0x35, 0x3D, 0x40,
    0x42, 0x43, 0x65, 0x66, 0x6A, 0x6A, 0x6C, 0x6D, 0x89, 0x8A, 0x8B, 0x8C, 0x8D, 0x8E, 0x8F, 0x94,
    0xC1, 0xC3, 0xC4, 0xC5, 0xC7, 0xCB, 0xCB, 0xD8, 0xD9, 0xD9, 0xDA, 0xDB, 0xE4, 0xE5, 0xE6, 0xE6,
    0xEE, 0xEE, 0xEF, 0xEF, 0xEE, 0xEE, 0xE6, 0xE5, 0xE4, 0xDB, 0xDA, 0xD9, 0xD8, 0xCB, 0xC5, 0xC3,
    0x94, 0x8C, 0x6D, 0x6A, 0x64, 0x40, 0x35, 0x0E, 0x06, 0x02, 0x01, 0x06, 0x1C, 0x40, 0x65, 0x6C,
    0x8C, 0xC1, 0xC7, 0xCB, 0x8F, 0x68, 0x3C, 0xF1, 0xFF, 0xFF, 0xFF, 0xFD, 0xFD, 0xFF, 0xFF, 0xFF,
    0xFF, 0xFF, 0xFF, 0xFF, 0xFF, 0xFF, 0xFF, 0xFF, 0xFF, 0xFF, 0xFD, 0xFF, 0xFF, 0xFF, 0xFF, 0xFF,
    0xFF, 0xF1, 0x42, 0x03, 0x35, 0x43, 0x68, 0x6C, 0x8C, 0xC2, 0xCB, 0xD8, 0xC6, 0xC1, 0x8E, 0x8A,
    0x6C, 0x64, 0x3D, 0x35, 0x29, 0x15, 0x0C, 0x07, 0x05, 0x02, 0x01, 0x01, 0x03, 0x06, 0x07, 0x0E,
    0x1C, 0x35, 0x3D, 0x40, 0x42, 0x43, 0x65, 0x66, 0x68, 0x6A, 0x6C, 0x6D, 0x89, 0x8A, 0x8B, 0x8C,
    0x8D, 0x8E, 0x8F, 0x94, 0xC1, 0xC3, 0xC4, 0xC5, 0xC7, 0xCB, 0xCB, 0xD8, 0xD8, 0xD9, 0xDA, 0xDB,
    0xE4, 0xE5, 0xE6, 0xE6, 0xEE, 0xEF, 0xEF, 0xEF, 0xEE, 0xEE, 0xE6, 0xE6, 0xE4, 0xDB, 0xDA, 0xD9,
    0xD8, 0xC7, 0xC5, 0xC3, 0x94, 0x8C, 0x6D, 0x6A, 0x64, 0x40, 0x35, 0x0E, 0x06, 0x03, 0x01, 0x06,
    0x1C, 0x40, 0x65, 0x6C, 0x8C, 0xC1, 0xC6, 0xCB, 0x8F, 0x68, 0x3C, 0xF1, 0xFF, 0xFD, 0xFF, 0xFF,
    0xFF, 0xFF, 0xFD, 0xFD, 0xFF, 0xFF, 0xFF, 0xFF, 0xFF, 0xFF, 0xFF, 0xFF, 0xFF, 0xFF, 0xFD, 0xFF,
    0xFF, 0xFF, 0xFF, 0xFF, 0xFF, 0xF1, 0x42, 0x03, 0x2F, 0x43, 0x66, 0x6C, 0x8C, 0xC1, 0xCB, 0xCB,
    0xC6, 0xC1, 0x8E, 0x8A, 0x6C, 0x64, 0x3D, 0x35, 0x29, 0x15, 0x09, 0x07, 0x05, 0x02, 0x01, 0x01,
    0x03, 0x06, 0x07, 0x0E, 0x1C, 0x35, 0x3D, 0x40, 0x42, 0x43, 0x65, 0x66, 0x68, 0x6A, 0x6C, 0x6D,
    0x89, 0x8A, 0x8B, 0x8C, 0x8D, 0x8E, 0x8F, 0x94, 0xC1, 0xC3, 0xC4, 0xC5, 0xC7, 0xCB, 0xCB, 0xD8,
    0xD8, 0xD9, 0xDA, 0xDB, 0xE4, 0xE5, 0xE6, 0xE6, 0xEE, 0xEE, 0xEF, 0xEF, 0xEE, 0xEE, 0xE6, 0xE5,
    0xE4, 0xDB, 0xDA, 0xD9, 0xCB, 0xC7, 0xC5, 0xC3, 0x94, 0x8C, 0x6D, 0x6A, 0x64, 0x40, 0x35, 0x0E,
    0x06, 0x02, 0x01, 0x06, 0x1C, 0x40, 0x65, 0x6C, 0x8C, 0x94, 0xC6, 0xC7, 0x8E, 0x66, 0x3C, 0xF1,
    0xFF, 0xFF, 0xFF, 0xFF, 0xFF, 0xFD, 0xFF, 0xFF, 0xFF, 0xFD, 0xFF, 0xFF, 0xFF, 0xFF, 0xFF, 0xFF,
    0xFD, 0xFF, 0xFD, 0xFF, 0xFF, 0xFF, 0xFF, 0xFF, 0xFF, 0xF1, 0x42, 0x03, 0x2F, 0x42, 0x66, 0x6C,
    0x8C, 0xC1, 0xC7, 0xCB, 0xC5, 0xC1, 0x8E, 0x8A, 0x6C, 0x64, 0x3D, 0x35, 0x27, 0x15, 0x0C, 0x07,
    0x05, 0x03, 0x01, 0x01, 0x02, 0x06, 0x07, 0x0E, 0x1C, 0x35, 0x3D, 0x40, 0x42, 0x43, 0x65, 0x66,
    0x68, 0x6A, 0x6C, 0x6D, 0x89, 0x8A, 0x8B, 0x8C, 0x8E, 0x8E, 0x8F, 0x94, 0xC1, 0xC3, 0xC4, 0xC5,
    0xC6, 0xC7, 0xCB, 0xD8, 0xD8, 0xD9, 0xDA, 0xDB, 0xE4, 0xE4, 0xE5, 0xE6, 0xEE, 0xEE, 0xEF, 0xEF,
    0xEE, 0xEE, 0xE6, 0xE5, 0xE4, 0xDB, 0xD9, 0xD8, 0xCB, 0xC7, 0xC5, 0xC3, 0x94, 0x8B, 0x6D, 0x68,
    0x64, 0x40, 0x35, 0x0E, 0x06, 0x03, 0x01, 0x06, 0x1C, 0x40, 0x65, 0x6C, 0x8B, 0x94, 0xC5, 0xC7,
    0x8E, 0x66, 0x3C, 0xF1, 0xFF, 0xFF, 0xFF, 0xFF, 0xFF, 0xFF, 0xFF, 0xFF, 0xFD, 0xFF, 0xFF, 0xFF,
    0xFF, 0xFF, 0xFF, 0xFF, 0xFF, 0xFF, 0xFF, 0xFF, 0xFF, 0xFF, 0xFF, 0xFD, 0xFD, 0xF9, 0x42, 0x03,
    0x2B, 0x42, 0x66, 0x6C, 0x8B, 0xC1, 0xC7, 0xCB, 0xC5, 0x94, 0x8D, 0x89, 0x6C, 0x64, 0x3D, 0x35,
    0x2B, 0x15, 0x0C, 0x07, 0x05, 0x02, 0x01, 0x01, 0x02, 0x06, 0x07, 0x0E, 0x1C, 0x35, 0x3D, 0x40,
    0x42, 0x43, 0x65, 0x66, 0x68, 0x6A, 0x6C, 0x6D, 0x89, 0x8A, 0x8B, 0x8D, 0x8E, 0x8F, 0x8F, 0x94,
    0xC1, 0xC3, 0xC4, 0xC5, 0xC6, 0xC7, 0xCB, 0xD8, 0xD8, 0xD9, 0xD9, 0xDB, 0xDB, 0xE4, 0xE5, 0xE6,
    0xEE, 0xEE, 0xEE, 0xEE, 0xEE, 0xE6, 0xE6, 0xE5, 0xE4, 0xDB, 0xD9, 0xD8, 0xCB, 0xC7, 0xC5, 0xC3,
    0x94, 0x8B, 0x6D, 0x68, 0x64, 0x40, 0x35, 0x0C, 0x06, 0x02, 0x01, 0x06, 0x1C, 0x40, 0x65, 0x6B,
    0x8B, 0x8F, 0xC4, 0xC7, 0x8D, 0x66, 0x3C, 0xF1, 0xFF, 0xFF, 0xFF, 0xFF, 0xFF, 0xFD, 0xFF, 0xFF,
    0xFF, 0xFD, 0xFF, 0xFF, 0xFF, 0xFF, 0xFF, 0xFF, 0xFF, 0xFF, 0xFF, 0xFF, 0xFF, 0xFF, 0xFF, 0xFF,
    0xFF, 0xF1, 0x42, 0x03, 0x2F, 0x42, 0x66, 0x6B, 0x8B, 0x94, 0xC6, 0xC7, 0xC4, 0x94, 0x8C, 0x89,
    0x6C, 0x64, 0x3C, 0x35, 0x2B, 0x15, 0x09, 0x07, 0x05, 0x03, 0x01, 0x01, 0x03, 0x06, 0x07, 0x0E,
    0x1A, 0x35, 0x3D, 0x40, 0x42, 0x43, 0x65, 0x66, 0x6A, 0x6A, 0x6C, 0x6D, 0x89, 0x8A, 0x8B, 0x8D,
    0x8E, 0x8F, 0x8F, 0x94, 0xC1, 0xC3, 0xC4, 0xC5, 0xC6, 0xC7, 0xCB, 0xD8, 0xD8, 0xD9, 0xD9, 0xDB,
    0xDB, 0xE4, 0xE5, 0xE6, 0xE6, 0xEE, 0xEE, 0xEE, 0xEE, 0xE6, 0xE6, 0xE5, 0xE4, 0xDB, 0xD9, 0xD8,
    0xD8, 0xC7, 0xC5, 0xC3, 0x94, 0x8B, 0x6C, 0x68, 0x43, 0x40, 0x35, 0x0C, 0x06, 0x02, 0x01, 0x06,
    0x1A, 0x40, 0x65, 0x6A, 0x8A, 0x8F, 0xC3, 0xC5, 0x8D, 0x66, 0x39, 0xF1, 0xFF, 0xFF, 0xFF, 0xFF,
    0xFF, 0xFF, 0xFF, 0xFF, 0xFF, 0xFF, 0xFF, 0xFF, 0xFD, 0xFF, 0xFF, 0xFF, 0xFF, 0xFF, 0xFF, 0xFF,
    0xFF, 0xFF, 0xFF, 0xFD, 0xFD, 0xF9, 0x42, 0x03, 0x2F, 0x42, 0x65, 0x6A, 0x8A, 0x8F, 0xC4, 0xC6,
    0xC3, 0x8F, 0x8B, 0x89, 0x6C, 0x64, 0x3D, 0x35, 0x2B, 0x15, 0x09, 0x07, 0x06, 0x02, 0x01, 0x01,
    0x02, 0x05, 0x07, 0x0C, 0x1A, 0x35, 0x3D, 0x40, 0x42, 0x43, 0x65, 0x66, 0x6A, 0x6A, 0x6C, 0x6D,
    0x89, 0x8A, 0x8B, 0x8D, 0x8E, 0x8F, 0x8F, 0x94, 0xC1, 0xC3, 0xC4, 0xC5, 0xC6, 0xC7, 0xCB, 0xCB,
    0xD8, 0xD8, 0xD9, 0xDA, 0xDB, 0xE4, 0xE5, 0xE6, 0xE6, 0xEE, 0xEE, 0xEE, 0xEE, 0xE6, 0xE5, 0xE4,
    0xDB, 0xDB, 0xD9, 0xD8, 0xCB, 0xC7, 0xC5, 0xC3, 0x94, 0x8B, 0x6C, 0x68, 0x43, 0x40, 0x2F, 0x0C,
    0x06, 0x02, 0x01, 0x06, 0x15, 0x3D, 0x64, 0x6A, 0x89, 0x8E, 0xC1, 0xC3, 0x8C, 0x66, 0x39, 0xF1,
    0xFF, 0xFF, 0xFF, 0xFF, 0xFF, 0xFF, 0xFF, 0xFF, 0xFF, 0xFF, 0xFF, 0xFF, 0xFF, 0xFF, 0xFF, 0xFF,
    0xFF, 0xFF, 0xFF, 0xFF, 0xFF, 0xFD, 0xFF, 0xFF, 0xFF, 0xF9, 0x6C, 0x05, 0x2B, 0x42, 0x64, 0x6A,
    0x89, 0x8E, 0xC4, 0xC5, 0xC2, 0x8F, 0x8B, 0x89, 0x6C, 0x65, 0x3D, 0x39, 0x2B, 0x1A, 0x0C, 0x07,
    0x06, 0x03, 0x00, 0x00, 0x02, 0x05, 0x07, 0x0C, 0x1A, 0x33, 0x3C, 0x40, 0x42, 0x43, 0x65, 0x66,
    0x68, 0x6A, 0x6C, 0x6D, 0x89, 0x8A, 0x8B, 0x8C, 0x8E, 0x8F, 0x94, 0x94, 0xC1, 0xC2, 0xC4, 0xC5,
    0xC6, 0xC7, 0xCB, 0xCB, 0xD8, 0xD8, 0xD9, 0xDA, 0xDB, 0xE4, 0xE4, 0xE5, 0xE6, 0xE6, 0xEE, 0xEE,
    0xE6, 0xE6, 0xE5, 0xE4, 0xDB, 0xDA, 0xD9, 0xD8, 0xCB, 0xC7, 0xC4, 0xC2, 0x94, 0x8B, 0x6C, 0x68,
    0x43, 0x40, 0x2F, 0x0E, 0x06, 0x02, 0x01, 0x06, 0x15, 0x3D, 0x43, 0x68, 0x6D, 0x8D, 0xC1, 0xC1,
    0x8B, 0x65, 0x66, 0xF9, 0xFF, 0xFF, 0xFF, 0xFF, 0xFF, 0xFF, 0xFF, 0xFF, 0xFF, 0xFF, 0xFF, 0xFF,
    0xFF, 0xFF, 0xFF, 0xFF, 0xFF, 0xFF, 0xFF, 0xFD, 0xFF, 0xFD, 0xFD, 0xFF, 0xFF, 0xFF, 0xE5, 0x42,
    0x08, 0x3C, 0x43, 0x68, 0x6C, 0x8B, 0xC1, 0xC3, 0xC1, 0x8E, 0x8B, 0x6D, 0x6B, 0x68, 0x42, 0x39,
    0x1C, 0x12, 0x08, 0x07, 0x05, 0x03, 0x03, 0x03, 0x03, 0x05, 0x07, 0x08, 0x15, 0x2F, 0x3C, 0x40,
    0x42, 0x43, 0x65, 0x66, 0x68, 0x6A, 0x6C, 0x6D, 0x89, 0x8A, 0x8B, 0x8C, 0x8D, 0x8E, 0x8F, 0x94,
    0xC1, 0xC2, 0xC3, 0xC5, 0xC6, 0xC7, 0xCB, 0xCB, 0xD8, 0xD8, 0xD9, 0xD9, 0xDB, 0xDB, 0xE4, 0xE4,
    0xE5, 0xE6, 0xE6, 0xE6, 0xE6, 0xE5, 0xE4, 0xDB, 0xDA, 0xD9, 0xD8, 0xCB, 0xC7, 0xC6, 0xC3, 0x94,
    0x8E, 0x8B, 0x6C, 0x68, 0x64, 0x40, 0x35, 0x0E, 0x06, 0x03, 0x03, 0x06, 0x15, 0x3D, 0x43, 0x68,
    0x6D, 0x8C, 0x8F, 0x8D, 0x6B, 0x65, 0xD9, 0xFD, 0xFF, 0xFF, 0xFF, 0xFF, 0xFF, 0xFF, 0xFF, 0xFF,
    0xFD, 0xFF, 0xFF, 0xFF, 0xFF, 0xFF, 0xFF, 0xFF, 0xFF, 0xFF, 0xFF, 0xFF, 0xFD, 0xFF, 0xFF, 0xFF,
    0xFF, 0xFF, 0xFD, 0xEE, 0x8E, 0x6C, 0x6C, 0x6C, 0x6C, 0x6C, 0x6D, 0x89, 0x8A, 0x89, 0x89, 0x89,
    0x6D, 0x6D, 0x89, 0x6D, 0x6C, 0x6B, 0x6B, 0x6A, 0x6A, 0x6A, 0x6A, 0x6A, 0x6A, 0x6A, 0x6A, 0x6B,
    0x6C, 0x6C, 0x6D, 0x6D, 0x89, 0x8A, 0x8B, 0x8D, 0x8D, 0x8E, 0x8F, 0x94, 0xC1, 0xC2, 0xC3, 0xC4,
    0xC5, 0xC6, 0xC7, 0xC7, 0xCB, 0xCB, 0xCB, 0xD8, 0xD8, 0xD8, 0xD9, 0xD9, 0xD9, 0xD9, 0xD9, 0xD9,
    0xDA, 0xDA, 0xDA, 0xDA, 0xDB, 0xDB, 0xDB, 0xDB, 0xDB, 0xDA, 0xD9, 0xD9, 0xD9, 0xD8, 0xD8, 0xCB,
    0xC6, 0xC4, 0xC1, 0x8E, 0x8C, 0x8B, 0x8A, 0x6D, 0x6D, 0x6C, 0x6B, 0x6B, 0x6A, 0x6A, 0x6A, 0x6A,
    0x6B, 0x6C, 0x6D, 0x8B, 0x8E, 0x94, 0xC3, 0xC3, 0xC4, 0xEE, 0xFA, 0xFF, 0xFF, 0xFF, 0xFF, 0xFF,
    0xFF, 0xFF, 0xFF, 0xFF, 0xFF, 0xFF, 0xFF, 0xFF,
};

const lv_img_dsc_t Charge = {
    .header.w = 132,
    .header.h = 250,
    .data_size = 1024 + 33000,
    .header.cf = LV_IMG_CF_INDEXED_8BIT,
    .data = ChargeW_map,
};