#ifdef __has_include
    #if __has_include("lvgl.h")
        #ifndef LV_LVGL_H_INCLUDE_SIMPLE
            #define LV_LVGL_H_INCLUDE_SIMPLE
        #endif
    #endif
#endif

#if defined(LV_LVGL_H_INCLUDE_SIMPLE)
    #include "lvgl.h"
#else
    #include "../lvgl/lvgl.h"
#endif


#ifndef LV_ATTRIBUTE_MEM_ALIGN
#define LV_ATTRIBUTE_MEM_ALIGN
#endif

#ifndef LV_ATTRIBUTE_IMG_GSR
#define LV_ATTRIBUTE_IMG_GSR
#endif

const LV_ATTRIBUTE_MEM_ALIGN LV_ATTRIBUTE_LARGE_CONST LV_ATTRIBUTE_IMG_GSR uint8_t GSR_map[] = {
  0x00, 0x00, 0x00, 0x00, 	/*Color of index 0*/
  0x00, 0x00, 0x00, 0x08, 	/*Color of index 1*/
  0x00, 0x00, 0x00, 0x16, 	/*Color of index 2*/
  0x00, 0x00, 0x00, 0x28, 	/*Color of index 3*/
  0x00, 0x00, 0x00, 0x38, 	/*Color of index 4*/
  0x00, 0x00, 0x00, 0x73, 	/*Color of index 5*/
  0x00, 0x00, 0x00, 0x84, 	/*Color of index 6*/
  0x00, 0x00, 0x00, 0x9e, 	/*Color of index 7*/
  0x00, 0x00, 0x00, 0xb4, 	/*Color of index 8*/
  0x00, 0x00, 0x00, 0xc6, 	/*Color of index 9*/
  0x00, 0x00, 0x00, 0xdc, 	/*Color of index 10*/
  0x00, 0x00, 0x00, 0xfe, 	/*Color of index 11*/
  0xaa, 0xaa, 0x00, 0x03, 	/*Color of index 12*/
  0xf3, 0xf4, 0xd0, 0x1d, 	/*Color of index 13*/
  0x55, 0x55, 0x00, 0x03, 	/*Color of index 14*/
  0xf7, 0xfc, 0xd6, 0x64, 	/*Color of index 15*/
  0xaa, 0xbf, 0x2a, 0x0c, 	/*Color of index 16*/
  0x6b, 0x6b, 0x00, 0x09, 	/*Color of index 17*/
  0x9a, 0x9a, 0x16, 0x0c, 	/*Color of index 18*/
  0xf8, 0xfe, 0xd5, 0xaf, 	/*Color of index 19*/
  0xf8, 0xfe, 0xdf, 0xff, 	/*Color of index 20*/
  0xc0, 0xd3, 0x30, 0x1c, 	/*Color of index 21*/
  0xf7, 0xfe, 0xd6, 0xff, 	/*Color of index 22*/
  0x17, 0x17, 0x00, 0x0b, 	/*Color of index 23*/
  0xf5, 0xfc, 0xd2, 0xff, 	/*Color of index 24*/
  0xf4, 0xfb, 0xd3, 0xf4, 	/*Color of index 25*/
  0xf4, 0xfa, 0xd8, 0xff, 	/*Color of index 26*/
  0xe7, 0xf3, 0x8a, 0x5e, 	/*Color of index 27*/
  0xba, 0xc0, 0x28, 0x29, 	/*Color of index 28*/
  0xf2, 0xf9, 0xcc, 0xff, 	/*Color of index 29*/
  0x26, 0x26, 0x00, 0x14, 	/*Color of index 30*/
  0xc1, 0xce, 0x35, 0x3a, 	/*Color of index 31*/
  0xd3, 0xe0, 0x5f, 0x53, 	/*Color of index 32*/
  0xed, 0xf4, 0xcc, 0xff, 	/*Color of index 33*/
  0xef, 0xf5, 0xc2, 0xff, 	/*Color of index 34*/
  0x7b, 0x74, 0x06, 0x22, 	/*Color of index 35*/
  0xec, 0xf4, 0xb8, 0xfe, 	/*Color of index 36*/
  0xc7, 0xd6, 0x3a, 0x53, 	/*Color of index 37*/
  0x98, 0x98, 0x0c, 0x31, 	/*Color of index 38*/
  0xee, 0xfd, 0x8a, 0xfe, 	/*Color of index 39*/
  0xe9, 0xf2, 0xaa, 0xff, 	/*Color of index 40*/
  0xe4, 0xeb, 0xc3, 0xff, 	/*Color of index 41*/
  0xd6, 0xe6, 0x5d, 0x89, 	/*Color of index 42*/
  0xe6, 0xeb, 0xb5, 0xff, 	/*Color of index 43*/
  0xeb, 0xf9, 0x84, 0xff, 	/*Color of index 44*/
  0xd9, 0xe7, 0x67, 0xa5, 	/*Color of index 45*/
  0xc6, 0xd5, 0x3a, 0x72, 	/*Color of index 46*/
  0xbb, 0xc6, 0x2f, 0x62, 	/*Color of index 47*/
  0xe8, 0xf7, 0x7d, 0xff, 	/*Color of index 48*/
  0xe8, 0xf5, 0x80, 0xff, 	/*Color of index 49*/
  0xe4, 0xef, 0x95, 0xff, 	/*Color of index 50*/
  0xe4, 0xec, 0x9f, 0xff, 	/*Color of index 51*/
  0x9a, 0x9a, 0x17, 0x48, 	/*Color of index 52*/
  0xdc, 0xe3, 0xbb, 0xff, 	/*Color of index 53*/
  0x78, 0x6e, 0x09, 0x3b, 	/*Color of index 54*/
  0xe5, 0xf2, 0x7b, 0xfe, 	/*Color of index 55*/
  0xdf, 0xe4, 0xa7, 0xff, 	/*Color of index 56*/
  0x85, 0x7e, 0x0b, 0x44, 	/*Color of index 57*/
  0xe0, 0xeb, 0x89, 0xff, 	/*Color of index 58*/
  0xc4, 0xd2, 0x38, 0x8a, 	/*Color of index 59*/
  0xe2, 0xf0, 0x72, 0xff, 	/*Color of index 60*/
  0xcd, 0xde, 0x40, 0xa2, 	/*Color of index 61*/
  0xdf, 0xeb, 0x79, 0xff, 	/*Color of index 62*/
  0xd4, 0xda, 0xb2, 0xff, 	/*Color of index 63*/
  0xde, 0xec, 0x6b, 0xff, 	/*Color of index 64*/
  0x9b, 0x9c, 0x15, 0x5f, 	/*Color of index 65*/
  0xda, 0xe1, 0x8f, 0xff, 	/*Color of index 66*/
  0xdc, 0xe9, 0x71, 0xff, 	/*Color of index 67*/
  0xd7, 0xdb, 0x9b, 0xff, 	/*Color of index 68*/
  0xbc, 0xc8, 0x30, 0x93, 	/*Color of index 69*/
  0x17, 0x17, 0x01, 0x37, 	/*Color of index 70*/
  0x86, 0x80, 0x09, 0x57, 	/*Color of index 71*/
  0xda, 0xe8, 0x64, 0xff, 	/*Color of index 72*/
  0xcc, 0xdc, 0x3f, 0xc1, 	/*Color of index 73*/
  0xd8, 0xe4, 0x6c, 0xff, 	/*Color of index 74*/
  0xd6, 0xdd, 0x82, 0xff, 	/*Color of index 75*/
  0xcb, 0xd1, 0xaa, 0xff, 	/*Color of index 76*/
  0xd6, 0xe7, 0x5b, 0xff, 	/*Color of index 77*/
  0xc4, 0xd0, 0x37, 0xb1, 	/*Color of index 78*/
  0xd3, 0xe3, 0x4e, 0xed, 	/*Color of index 79*/
  0xd5, 0xe5, 0x59, 0xff, 	/*Color of index 80*/
  0xd6, 0xe1, 0x64, 0xff, 	/*Color of index 81*/
  0xce, 0xdf, 0x42, 0xe0, 	/*Color of index 82*/
  0xd0, 0xd3, 0x8d, 0xff, 	/*Color of index 83*/
  0xd3, 0xe4, 0x51, 0xfe, 	/*Color of index 84*/
  0xd1, 0xdb, 0x65, 0xff, 	/*Color of index 85*/
  0x73, 0x69, 0x09, 0x5d, 	/*Color of index 86*/
  0xd2, 0xe2, 0x4c, 0xff, 	/*Color of index 87*/
  0xc8, 0xd8, 0x49, 0xe2, 	/*Color of index 88*/
  0xd0, 0xdc, 0x53, 0xff, 	/*Color of index 89*/
  0xcf, 0xe0, 0x44, 0xff, 	/*Color of index 90*/
  0xcb, 0xcf, 0x7e, 0xff, 	/*Color of index 91*/
  0xbe, 0xc5, 0x9d, 0xfe, 	/*Color of index 92*/
  0xce, 0xd7, 0x5a, 0xff, 	/*Color of index 93*/
  0xcd, 0xde, 0x40, 0xff, 	/*Color of index 94*/
  0xcb, 0xd1, 0x6a, 0xff, 	/*Color of index 95*/
  0xbc, 0xc7, 0x30, 0xc5, 	/*Color of index 96*/
  0x83, 0x7c, 0x0d, 0x72, 	/*Color of index 97*/
  0xb5, 0xbe, 0x2b, 0xb7, 	/*Color of index 98*/
  0xc0, 0xcc, 0x34, 0xd4, 	/*Color of index 99*/
  0xcb, 0xd7, 0x4a, 0xff, 	/*Color of index 100*/
  0xcb, 0xd4, 0x52, 0xff, 	/*Color of index 101*/
  0xca, 0xd9, 0x3d, 0xfe, 	/*Color of index 102*/
  0xc5, 0xd3, 0x38, 0xed, 	/*Color of index 103*/
  0x9b, 0x9a, 0x12, 0x8f, 	/*Color of index 104*/
  0xc7, 0xd6, 0x3a, 0xff, 	/*Color of index 105*/
  0xc7, 0xd3, 0x44, 0xff, 	/*Color of index 106*/
  0xc3, 0xc4, 0x76, 0xff, 	/*Color of index 107*/
  0xb5, 0xbb, 0x93, 0xff, 	/*Color of index 108*/
  0xbe, 0xca, 0x31, 0xe4, 	/*Color of index 109*/
  0xc5, 0xd0, 0x42, 0xff, 	/*Color of index 110*/
  0xc2, 0xc7, 0x5f, 0xff, 	/*Color of index 111*/
  0xc5, 0xd2, 0x38, 0xff, 	/*Color of index 112*/
  0xc3, 0xca, 0x4c, 0xff, 	/*Color of index 113*/
  0xc3, 0xcf, 0x36, 0xff, 	/*Color of index 114*/
  0xc2, 0xcb, 0x42, 0xff, 	/*Color of index 115*/
  0xc1, 0xcc, 0x3a, 0xff, 	/*Color of index 116*/
  0xbd, 0xbd, 0x6a, 0xff, 	/*Color of index 117*/
  0xae, 0xb4, 0x8c, 0xff, 	/*Color of index 118*/
  0xc0, 0xcc, 0x33, 0xff, 	/*Color of index 119*/
  0xbb, 0xc5, 0x2e, 0xf2, 	/*Color of index 120*/
  0xbf, 0xc8, 0x38, 0xff, 	/*Color of index 121*/
  0x88, 0x82, 0x0d, 0x94, 	/*Color of index 122*/
  0xbe, 0xc9, 0x31, 0xff, 	/*Color of index 123*/
  0xbc, 0xc1, 0x4b, 0xff, 	/*Color of index 124*/
  0x20, 0x25, 0x08, 0x65, 	/*Color of index 125*/
  0xbc, 0xc3, 0x3d, 0xff, 	/*Color of index 126*/
  0xb8, 0xb8, 0x60, 0xff, 	/*Color of index 127*/
  0xbb, 0xc5, 0x2f, 0xff, 	/*Color of index 128*/
  0x9a, 0x98, 0x11, 0xb0, 	/*Color of index 129*/
  0x7b, 0x71, 0x0a, 0x8e, 	/*Color of index 130*/
  0xa5, 0xab, 0x83, 0xff, 	/*Color of index 131*/
  0xb9, 0xc2, 0x2d, 0xfe, 	/*Color of index 132*/
  0x02, 0x02, 0x00, 0x5f, 	/*Color of index 133*/
  0xb6, 0xbb, 0x3e, 0xff, 	/*Color of index 134*/
  0x9b, 0x9a, 0x16, 0xbc, 	/*Color of index 135*/
  0xb7, 0xbf, 0x2b, 0xff, 	/*Color of index 136*/
  0xa5, 0xa7, 0x1d, 0xd6, 	/*Color of index 137*/
  0xa0, 0xa5, 0x7e, 0xff, 	/*Color of index 138*/
  0xb4, 0xbc, 0x28, 0xff, 	/*Color of index 139*/
  0xb3, 0xb9, 0x31, 0xff, 	/*Color of index 140*/
  0xaf, 0xae, 0x4e, 0xff, 	/*Color of index 141*/
  0xb2, 0xb9, 0x26, 0xff, 	/*Color of index 142*/
  0x8d, 0x89, 0x0f, 0xb5, 	/*Color of index 143*/
  0xae, 0xb0, 0x3b, 0xff, 	/*Color of index 144*/
  0x9a, 0x9f, 0x79, 0xff, 	/*Color of index 145*/
  0xae, 0xb3, 0x2b, 0xff, 	/*Color of index 146*/
  0xaf, 0xb5, 0x23, 0xff, 	/*Color of index 147*/
  0xac, 0xb1, 0x21, 0xff, 	/*Color of index 148*/
  0x83, 0x7b, 0x0c, 0xb5, 	/*Color of index 149*/
  0xa9, 0xab, 0x2d, 0xff, 	/*Color of index 150*/
  0xaa, 0xae, 0x1f, 0xff, 	/*Color of index 151*/
  0x2a, 0x2e, 0x0c, 0x84, 	/*Color of index 152*/
  0x92, 0x97, 0x70, 0xff, 	/*Color of index 153*/
  0xa5, 0xa3, 0x3e, 0xff, 	/*Color of index 154*/
  0xa8, 0xab, 0x1d, 0xff, 	/*Color of index 155*/
  0x89, 0x84, 0x0e, 0xc6, 	/*Color of index 156*/
  0xa6, 0xa9, 0x21, 0xff, 	/*Color of index 157*/
  0xa5, 0xa8, 0x1b, 0xff, 	/*Color of index 158*/
  0x95, 0x93, 0x0f, 0xdc, 	/*Color of index 159*/
  0xa3, 0xa2, 0x2d, 0xff, 	/*Color of index 160*/
  0xa3, 0xa4, 0x18, 0xfe, 	/*Color of index 161*/
  0x8c, 0x87, 0x10, 0xd4, 	/*Color of index 162*/
  0xa0, 0xa1, 0x22, 0xff, 	/*Color of index 163*/
  0x88, 0x8e, 0x66, 0xff, 	/*Color of index 164*/
  0x9d, 0x9c, 0x13, 0xf4, 	/*Color of index 165*/
  0x77, 0x6f, 0x0a, 0xbe, 	/*Color of index 166*/
  0xa0, 0xa1, 0x16, 0xff, 	/*Color of index 167*/
  0x9d, 0x9a, 0x2e, 0xff, 	/*Color of index 168*/
  0x48, 0x42, 0x0b, 0x9f, 	/*Color of index 169*/
  0x82, 0x7e, 0x00, 0xcd, 	/*Color of index 170*/
  0x9e, 0x9e, 0x14, 0xfe, 	/*Color of index 171*/
  0x9a, 0x99, 0x1b, 0xff, 	/*Color of index 172*/
  0x9c, 0x9b, 0x12, 0xff, 	/*Color of index 173*/
  0x98, 0x95, 0x27, 0xff, 	/*Color of index 174*/
  0x87, 0x82, 0x0d, 0xe0, 	/*Color of index 175*/
  0x90, 0x8b, 0x0f, 0xec, 	/*Color of index 176*/
  0x93, 0x90, 0x0f, 0xf3, 	/*Color of index 177*/
  0x99, 0x98, 0x10, 0xff, 	/*Color of index 178*/
  0x7e, 0x83, 0x5b, 0xff, 	/*Color of index 179*/
  0x73, 0x67, 0x0a, 0xc7, 	/*Color of index 180*/
  0x95, 0x93, 0x1a, 0xff, 	/*Color of index 181*/
  0x97, 0x95, 0x10, 0xff, 	/*Color of index 182*/
  0x61, 0x65, 0x3d, 0xd4, 	/*Color of index 183*/
  0x94, 0x92, 0x0f, 0xff, 	/*Color of index 184*/
  0x91, 0x8d, 0x1a, 0xff, 	/*Color of index 185*/
  0x93, 0x90, 0x0f, 0xff, 	/*Color of index 186*/
  0x91, 0x8e, 0x0f, 0xfe, 	/*Color of index 187*/
  0x90, 0x8c, 0x0e, 0xff, 	/*Color of index 188*/
  0x77, 0x6d, 0x0a, 0xd9, 	/*Color of index 189*/
  0x75, 0x7a, 0x53, 0xff, 	/*Color of index 190*/
  0x07, 0x08, 0x02, 0x92, 	/*Color of index 191*/
  0x8d, 0x89, 0x12, 0xff, 	/*Color of index 192*/
  0x8d, 0x89, 0x0e, 0xff, 	/*Color of index 193*/
  0x1a, 0x1b, 0x05, 0x9e, 	/*Color of index 194*/
  0x81, 0x78, 0x0c, 0xeb, 	/*Color of index 195*/
  0x89, 0x84, 0x18, 0xff, 	/*Color of index 196*/
  0x8c, 0x88, 0x07, 0xff, 	/*Color of index 197*/
  0x8a, 0x84, 0x10, 0xff, 	/*Color of index 198*/
  0x3f, 0x43, 0x1c, 0xbf, 	/*Color of index 199*/
  0x8a, 0x84, 0x0d, 0xfe, 	/*Color of index 200*/
  0x88, 0x84, 0x05, 0xff, 	/*Color of index 201*/
  0x6d, 0x72, 0x4a, 0xff, 	/*Color of index 202*/
  0x86, 0x80, 0x0d, 0xff, 	/*Color of index 203*/
  0x28, 0x2b, 0x09, 0xb1, 	/*Color of index 204*/
  0x83, 0x7c, 0x15, 0xff, 	/*Color of index 205*/
  0x85, 0x80, 0x02, 0xff, 	/*Color of index 206*/
  0x82, 0x7b, 0x0c, 0xff, 	/*Color of index 207*/
  0x83, 0x7d, 0x00, 0xfe, 	/*Color of index 208*/
  0x7f, 0x77, 0x0c, 0xff, 	/*Color of index 209*/
  0x7b, 0x73, 0x11, 0xff, 	/*Color of index 210*/
  0x61, 0x66, 0x3f, 0xff, 	/*Color of index 211*/
  0x7c, 0x72, 0x0b, 0xff, 	/*Color of index 212*/
  0x77, 0x6c, 0x0a, 0xfe, 	/*Color of index 213*/
  0x74, 0x6b, 0x0f, 0xff, 	/*Color of index 214*/
  0x44, 0x46, 0x0f, 0xdc, 	/*Color of index 215*/
  0x59, 0x5d, 0x36, 0xff, 	/*Color of index 216*/
  0x6d, 0x64, 0x10, 0xfe, 	/*Color of index 217*/
  0x63, 0x5b, 0x0f, 0xff, 	/*Color of index 218*/
  0x4d, 0x51, 0x2a, 0xff, 	/*Color of index 219*/
  0x5c, 0x54, 0x0e, 0xff, 	/*Color of index 220*/
  0x53, 0x4b, 0x0c, 0xff, 	/*Color of index 221*/
  0x42, 0x46, 0x1f, 0xff, 	/*Color of index 222*/
  0x1d, 0x21, 0x08, 0xda, 	/*Color of index 223*/
  0x0f, 0x10, 0x04, 0xce, 	/*Color of index 224*/
  0x4a, 0x43, 0x0b, 0xff, 	/*Color of index 225*/
  0x3c, 0x40, 0x19, 0xff, 	/*Color of index 226*/
  0x43, 0x3d, 0x0a, 0xff, 	/*Color of index 227*/
  0x37, 0x3b, 0x14, 0xff, 	/*Color of index 228*/
  0x35, 0x38, 0x0d, 0xff, 	/*Color of index 229*/
  0x3a, 0x35, 0x08, 0xff, 	/*Color of index 230*/
  0x30, 0x34, 0x0c, 0xff, 	/*Color of index 231*/
  0x2c, 0x30, 0x0a, 0xff, 	/*Color of index 232*/
  0x1c, 0x1e, 0x07, 0xef, 	/*Color of index 233*/
  0x29, 0x2d, 0x0a, 0xfe, 	/*Color of index 234*/
  0x31, 0x2c, 0x07, 0xff, 	/*Color of index 235*/
  0x25, 0x29, 0x09, 0xff, 	/*Color of index 236*/
  0x2d, 0x28, 0x07, 0xff, 	/*Color of index 237*/
  0x22, 0x25, 0x08, 0xfe, 	/*Color of index 238*/
  0x28, 0x25, 0x06, 0xff, 	/*Color of index 239*/
  0x20, 0x22, 0x07, 0xff, 	/*Color of index 240*/
  0x1d, 0x1f, 0x06, 0xff, 	/*Color of index 241*/
  0x1c, 0x1e, 0x06, 0xff, 	/*Color of index 242*/
  0x19, 0x1b, 0x06, 0xff, 	/*Color of index 243*/
  0x16, 0x18, 0x05, 0xff, 	/*Color of index 244*/
  0x14, 0x15, 0x04, 0xff, 	/*Color of index 245*/
  0x11, 0x12, 0x04, 0xfe, 	/*Color of index 246*/
  0x01, 0x01, 0x00, 0xf1, 	/*Color of index 247*/
  0x0f, 0x10, 0x03, 0xff, 	/*Color of index 248*/
  0x0d, 0x0e, 0x02, 0xff, 	/*Color of index 249*/
  0x0a, 0x0b, 0x02, 0xff, 	/*Color of index 250*/
  0x08, 0x08, 0x02, 0xfe, 	/*Color of index 251*/
  0x05, 0x05, 0x01, 0xff, 	/*Color of index 252*/
  0x00, 0x00, 0x00, 0x00, 	/*Color of index 253*/
  0x00, 0x00, 0x00, 0x00, 	/*Color of index 254*/
  0x00, 0x00, 0x00, 0x00, 	/*Color of index 255*/

  0x00, 0x00, 0x00, 0x00, 0x00, 0x00, 0x00, 0x00, 0x00, 0x00, 0x00, 0x00, 0x00, 0x00, 0x00, 0x00, 0x00, 0x00, 0x00, 0x00, 0x00, 0x00, 0x00, 0x00, 0x00, 0x00, 0x00, 0x02, 0x0a, 0x0b, 0x0b, 0x0b, 0x0b, 0x0b, 0x0b, 0x0b, 0x0b, 0x0b, 0x0b, 0x0b, 0x0b, 0x0b, 0x0b, 0x0b, 0x0b, 0x0b, 0x0b, 0x0b, 0x0b, 0x0b, 0x0b, 0x0b, 0x0b, 0x0b, 0x0b, 0x0b, 0x0b, 0x0b, 0x0b, 0x0b, 0x0b, 0x0b, 0x0b, 0x0b, 0x0b, 0x0b, 0x0b, 0x0b, 0x0b, 0x0b, 0x0b, 0x0b, 0x0b, 0x0b, 0x0b, 0x0b, 0x0b, 0x0b, 0x0b, 0x0b, 0x0b, 0x0b, 0x0b, 0x0b, 0x0b, 0x0b, 0x0b, 0x0b, 0x0b, 0x0b, 0x0b, 0x0b, 0x0b, 0x0b, 0x0b, 0x0b, 0x0b, 0x0b, 0x0b, 0x0b, 0x0b, 0x0b, 0x0b, 0x0b, 0x0b, 0x0b, 0x0b, 0x0b, 0x0b, 0x0b, 0x0b, 0x0b, 0x0b, 0x0b, 0x0b, 0x0b, 0x0b, 0x0b, 0x0b, 0x0b, 0x0b, 0x0b, 0x0b, 0x0b, 0x0b, 0x0b, 0x0b, 0x0b, 0x0b, 0x0b, 0xfc, 0xfc, 0xfc, 0xfb, 0xfa, 0xfa, 0xf8, 0xf6, 0xf5, 0xf4, 0xf3, 0xf3, 0xf2, 0xf1, 0xf1, 0xf1, 0xf1, 0xf1, 0xf1, 0xf2, 0xf3, 0xf4, 0xf4, 0xf5, 0xf6, 0xf8, 0xf9, 0xfa, 0xfb, 0xfc, 0xfc, 0xfc, 0xfc, 0x0b, 0x0b, 0x0b, 0x0b, 0x0b, 0x0b, 0x0b, 0x0b, 0x0a, 0x02, 0x00, 0x00, 0x00, 0x00, 0x00, 0x00, 0x00, 0x00, 0x00, 0x00, 0x00, 0x00, 0x00, 0x00, 0x00, 0x00, 0x00, 0x00, 0x00, 0x00, 0x00, 0x00, 0x00, 0x00, 0x00, 0x00, 0x00, 
  0x00, 0x00, 0x00, 0x00, 0x00, 0x00, 0x00, 0x00, 0x00, 0x00, 0x00, 0x00, 0x00, 0x00, 0x00, 0x00, 0x00, 0x00, 0x00, 0x00, 0x00, 0x00, 0x00, 0x00, 0x00, 0x00, 0x01, 0x09, 0x0b, 0x0b, 0x0b, 0x0b, 0x0b, 0x0b, 0x0b, 0x0b, 0x0b, 0x0b, 0x0b, 0x0b, 0x0b, 0x0b, 0x0b, 0x0b, 0x0b, 0x0b, 0x0b, 0x0b, 0x0b, 0x0b, 0x0b, 0x0b, 0x0b, 0x0b, 0x0b, 0x0b, 0x0b, 0x0b, 0x0b, 0x0b, 0x0b, 0x0b, 0x0b, 0x0b, 0x0b, 0x0b, 0x0b, 0x0b, 0x0b, 0x0b, 0x0b, 0x0b, 0x0b, 0x0b, 0x0b, 0x0b, 0x0b, 0x0b, 0x0b, 0x0b, 0x0b, 0x0b, 0x0b, 0x0b, 0x0b, 0x0b, 0x0b, 0x0b, 0x0b, 0x0b, 0x0b, 0x0b, 0x0b, 0x0b, 0x0b, 0x0b, 0x0b, 0x0b, 0x0b, 0x0b, 0x0b, 0x0b, 0x0b, 0x0b, 0x0b, 0x0b, 0x0b, 0x0b, 0x0b, 0x0b, 0x0b, 0x0b, 0x0b, 0x0b, 0x0b, 0x0b, 0x0b, 0x0b, 0x0b, 0x0b, 0x0b, 0x0b, 0x0b, 0x0b, 0x0b, 0x0b, 0x0b, 0x0b, 0xfc, 0x0b, 0xfc, 0xfc, 0xfb, 0xfb, 0xfa, 0xf8, 0xf8, 0xf5, 0xf4, 0xf3, 0xf2, 0xf1, 0xf0, 0xee, 0xee, 0xea, 0xee, 0xee, 0xf0, 0xf0, 0xf1, 0xf1, 0xf3, 0xf4, 0xf5, 0xf6, 0xf8, 0xf9, 0xfa, 0xfb, 0xfc, 0xfc, 0x0b, 0xfc, 0x0b, 0x0b, 0x0b, 0x0b, 0x0b, 0x0b, 0x0b, 0x0b, 0x09, 0x00, 0x00, 0x00, 0x00, 0x00, 0x00, 0x00, 0x00, 0x00, 0x00, 0x00, 0x00, 0x00, 0x00, 0x00, 0x00, 0x00, 0x00, 0x00, 0x00, 0x00, 0x00, 0x00, 0x00, 0x00, 0x00, 0x00, 
  0x00, 0x00, 0x00, 0x00, 0x00, 0x00, 0x00, 0x00, 0x00, 0x00, 0x00, 0x00, 0x00, 0x00, 0x00, 0x00, 0x00, 0x00, 0x00, 0x00, 0x00, 0x00, 0x00, 0x00, 0x00, 0x00, 0x07, 0x0b, 0x0b, 0x0b, 0x0b, 0x0b, 0x0b, 0x0b, 0x0b, 0x0b, 0x0b, 0x0b, 0x0b, 0x0b, 0x0b, 0x0b, 0x0b, 0x0b, 0x0b, 0x0b, 0x0b, 0x0b, 0x0b, 0x0b, 0x0b, 0x0b, 0x0b, 0x0b, 0x0b, 0x0b, 0x0b, 0x0b, 0x0b, 0x0b, 0x0b, 0x0b, 0x0b, 0x0b, 0x0b, 0x0b, 0x0b, 0x0b, 0x0b, 0x0b, 0x0b, 0x0b, 0x0b, 0x0b, 0x0b, 0x0b, 0x0b, 0x0b, 0x0b, 0x0b, 0x0b, 0x0b, 0x0b, 0x0b, 0x0b, 0x0b, 0x0b, 0x0b, 0x0b, 0x0b, 0x0b, 0x0b, 0x0b, 0x0b, 0x0b, 0x0b, 0x0b, 0x0b, 0x0b, 0x0b, 0x0b, 0x0b, 0x0b, 0x0b, 0x0b, 0x0b, 0x0b, 0x0b, 0x0b, 0x0b, 0x0b, 0x0b, 0x0b, 0x0b, 0x0b, 0x0b, 0x0b, 0x0b, 0x0b, 0x0b, 0x0b, 0x0b, 0x0b, 0x0b, 0x0b, 0x0b, 0x0b, 0xfc, 0x0b, 0xfc, 0xfc, 0xfb, 0xfb, 0xfa, 0xf8, 0xf8, 0xf5, 0xf4, 0xf3, 0xf2, 0xf0, 0xee, 0xee, 0xde, 0x91, 0x6c, 0xa4, 0xe4, 0xec, 0xee, 0xee, 0xf0, 0xf2, 0xf3, 0xf4, 0xf5, 0xf6, 0xf8, 0xfa, 0xfa, 0xfb, 0xfc, 0xfc, 0x0b, 0xfc, 0x0b, 0x0b, 0x0b, 0x0b, 0x0b, 0x0b, 0x0b, 0x0b, 0x07, 0x00, 0x00, 0x00, 0x00, 0x00, 0x00, 0x00, 0x00, 0x00, 0x00, 0x00, 0x00, 0x00, 0x00, 0x00, 0x00, 0x00, 0x00, 0x00, 0x00, 0x00, 0x00, 0x00, 0x00, 0x00, 0x00, 
  0x00, 0x00, 0x00, 0x00, 0x00, 0x00, 0x00, 0x00, 0x00, 0x00, 0x00, 0x00, 0x00, 0x00, 0x00, 0x00, 0x00, 0x00, 0x00, 0x00, 0x00, 0x00, 0x00, 0x00, 0x00, 0x05, 0x0b, 0x0b, 0x0b, 0x0b, 0x0b, 0x0b, 0x0b, 0x0b, 0x0b, 0x0b, 0x0b, 0x0b, 0x0b, 0x0b, 0x0b, 0x0b, 0x0b, 0x0b, 0x0b, 0x0b, 0x0b, 0x0b, 0x0b, 0x0b, 0x0b, 0x0b, 0x0b, 0x0b, 0x0b, 0x0b, 0x0b, 0x0b, 0x0b, 0x0b, 0x0b, 0x0b, 0x0b, 0x0b, 0x0b, 0x0b, 0x0b, 0x0b, 0x0b, 0x0b, 0x0b, 0x0b, 0x0b, 0x0b, 0x0b, 0x0b, 0x0b, 0x0b, 0x0b, 0x0b, 0x0b, 0x0b, 0x0b, 0x0b, 0x0b, 0x0b, 0x0b, 0x0b, 0x0b, 0x0b, 0x0b, 0x0b, 0x0b, 0x0b, 0x0b, 0x0b, 0x0b, 0x0b, 0x0b, 0x0b, 0x0b, 0x0b, 0x0b, 0x0b, 0x0b, 0x0b, 0x0b, 0x0b, 0x0b, 0x0b, 0x0b, 0x0b, 0x0b, 0x0b, 0x0b, 0x0b, 0x0b, 0x0b, 0x0b, 0x0b, 0x0b, 0x0b, 0x0b, 0x0b, 0x0b, 0x0b, 0x0b, 0x0b, 0xfc, 0xfc, 0xfc, 0xfb, 0xfa, 0xf9, 0xf8, 0xf5, 0xf4, 0xf3, 0xf1, 0xf0, 0xee, 0xec, 0xde, 0x35, 0x14, 0x14, 0x14, 0x5c, 0xe4, 0xec, 0xec, 0xee, 0xf0, 0xf1, 0xf3, 0xf4, 0xf5, 0xf6, 0xf8, 0xfa, 0xfb, 0xfb, 0xfc, 0xfc, 0x0b, 0xfc, 0x0b, 0x0b, 0x0b, 0x0b, 0x0b, 0x0b, 0x0b, 0x0b, 0x05, 0x00, 0x00, 0x00, 0x00, 0x00, 0x00, 0x00, 0x00, 0x00, 0x00, 0x00, 0x00, 0x00, 0x00, 0x00, 0x00, 0x00, 0x00, 0x00, 0x00, 0x00, 0x00, 0x00, 0x00, 0x00, 
  0x00, 0x00, 0x00, 0x00, 0x00, 0x00, 0x00, 0x00, 0x00, 0x00, 0x00, 0x00, 0x00, 0x00, 0x00, 0x00, 0x00, 0x00, 0x00, 0x00, 0x00, 0x00, 0x00, 0x00, 0x04, 0x0b, 0x0b, 0x0b, 0x0b, 0x0b, 0x0b, 0x0b, 0x0b, 0x0b, 0x0b, 0x0b, 0x0b, 0x0b, 0x0b, 0x0b, 0x0b, 0x0b, 0x0b, 0x0b, 0x0b, 0x0b, 0x0b, 0x0b, 0x0b, 0x0b, 0x0b, 0x0b, 0x0b, 0x0b, 0x0b, 0x0b, 0x0b, 0x0b, 0x0b, 0x0b, 0x0b, 0x0b, 0x0b, 0x0b, 0x0b, 0x0b, 0x0b, 0x0b, 0x0b, 0x0b, 0x0b, 0x0b, 0x0b, 0x0b, 0x0b, 0x0b, 0x0b, 0x0b, 0x0b, 0x0b, 0x0b, 0x0b, 0x0b, 0x0b, 0x0b, 0x0b, 0x0b, 0x0b, 0x0b, 0x0b, 0x0b, 0x0b, 0x0b, 0x0b, 0x0b, 0x0b, 0x0b, 0x0b, 0x0b, 0x0b, 0x0b, 0x0b, 0x0b, 0x0b, 0x0b, 0x0b, 0x0b, 0x0b, 0x0b, 0x0b, 0x0b, 0x0b, 0x0b, 0x0b, 0x0b, 0x0b, 0x0b, 0x0b, 0x0b, 0x0b, 0x0b, 0x0b, 0x0b, 0x0b, 0x0b, 0x0b, 0xfc, 0x0b, 0xfc, 0xfc, 0xfc, 0xfa, 0xfa, 0xf8, 0xf6, 0xf4, 0xf3, 0xf1, 0xf0, 0xee, 0xec, 0xea, 0x91, 0x14, 0x14, 0x14, 0x14, 0x14, 0xbe, 0xea, 0xea, 0xec, 0xee, 0xf0, 0xf0, 0xf3, 0xf4, 0xf5, 0xf8, 0xf9, 0xfa, 0xfb, 0xfc, 0xfc, 0xfc, 0x0b, 0x0b, 0x0b, 0x0b, 0x0b, 0x0b, 0x0b, 0x0b, 0x0b, 0x0b, 0x04, 0x00, 0x00, 0x00, 0x00, 0x00, 0x00, 0x00, 0x00, 0x00, 0x00, 0x00, 0x00, 0x00, 0x00, 0x00, 0x00, 0x00, 0x00, 0x00, 0x00, 0x00, 0x00, 0x00, 0x00, 
  0x00, 0x00, 0x00, 0x00, 0x00, 0x00, 0x00, 0x00, 0x00, 0x00, 0x00, 0x00, 0x00, 0x00, 0x00, 0x00, 0x00, 0x00, 0x00, 0x00, 0x00, 0x00, 0x00, 0x02, 0x0a, 0x0b, 0x0b, 0x0b, 0x0b, 0x0b, 0x0b, 0x0b, 0x0b, 0x0b, 0x0b, 0x0b, 0x0b, 0x0b, 0x0b, 0x0b, 0x0b, 0x0b, 0x0b, 0x0b, 0x0b, 0x0b, 0x0b, 0x0b, 0x0b, 0x0b, 0x0b, 0x0b, 0x0b, 0x0b, 0x0b, 0x0b, 0x0b, 0x0b, 0x0b, 0x0b, 0x0b, 0x0b, 0x0b, 0x0b, 0x0b, 0x0b, 0x0b, 0x0b, 0x0b, 0x0b, 0x0b, 0x0b, 0x0b, 0x0b, 0x0b, 0x0b, 0x0b, 0x0b, 0x0b, 0x0b, 0x0b, 0x0b, 0x0b, 0x0b, 0x0b, 0x0b, 0x0b, 0x0b, 0x0b, 0x0b, 0x0b, 0x0b, 0x0b, 0x0b, 0x0b, 0x0b, 0x0b, 0x0b, 0x0b, 0x0b, 0x0b, 0x0b, 0x0b, 0x0b, 0x0b, 0x0b, 0x0b, 0x0b, 0x0b, 0x0b, 0x0b, 0x0b, 0x0b, 0x0b, 0x0b, 0x0b, 0x0b, 0x0b, 0x0b, 0x0b, 0x0b, 0x0b, 0x0b, 0x0b, 0x0b, 0x0b, 0x0b, 0xfc, 0xfc, 0xfc, 0xfb, 0xfa, 0xf9, 0xf8, 0xf4, 0xf4, 0xf1, 0xf0, 0xee, 0xec, 0xea, 0xe5, 0x4c, 0x14, 0x14, 0x14, 0x14, 0x14, 0x35, 0xd3, 0xe8, 0xea, 0xec, 0xee, 0xf0, 0xf1, 0xf3, 0xf4, 0xf5, 0xf8, 0xf9, 0xfa, 0xfb, 0xfc, 0xfc, 0xfc, 0x0b, 0x0b, 0x0b, 0x0b, 0x0b, 0x0b, 0x0b, 0x0b, 0x0b, 0x0a, 0x02, 0x00, 0x00, 0x00, 0x00, 0x00, 0x00, 0x00, 0x00, 0x00, 0x00, 0x00, 0x00, 0x00, 0x00, 0x00, 0x00, 0x00, 0x00, 0x00, 0x00, 0x00, 0x00, 0x00, 
  0x00, 0x00, 0x00, 0x00, 0x00, 0x00, 0x00, 0x00, 0x00, 0x00, 0x00, 0x00, 0x00, 0x00, 0x00, 0x00, 0x00, 0x00, 0x00, 0x00, 0x00, 0x00, 0x00, 0x08, 0x0b, 0x0b, 0x0b, 0x0b, 0x0b, 0x0b, 0x0b, 0x0b, 0x0b, 0x0b, 0x0b, 0x0b, 0x0b, 0x0b, 0x0b, 0x0b, 0x0b, 0x0b, 0x0b, 0x0b, 0x0b, 0x0b, 0x0b, 0x0b, 0x0b, 0x0b, 0x0b, 0x0b, 0x0b, 0x0b, 0x0b, 0x0b, 0x0b, 0x0b, 0x0b, 0x0b, 0x0b, 0x0b, 0x0b, 0x0b, 0x0b, 0x0b, 0x0b, 0x0b, 0x0b, 0x0b, 0x0b, 0x0b, 0x0b, 0x0b, 0x0b, 0x0b, 0x0b, 0x0b, 0x0b, 0x0b, 0x0b, 0x0b, 0x0b, 0x0b, 0x0b, 0x0b, 0x0b, 0x0b, 0x0b, 0x0b, 0x0b, 0x0b, 0x0b, 0x0b, 0x0b, 0x0b, 0x0b, 0x0b, 0x0b, 0x0b, 0x0b, 0x0b, 0x0b, 0x0b, 0x0b, 0x0b, 0x0b, 0x0b, 0x0b, 0x0b, 0x0b, 0x0b, 0x0b, 0x0b, 0x0b, 0x0b, 0x0b, 0x0b, 0x0b, 0x0b, 0x0b, 0x0b, 0x0b, 0x0b, 0x0b, 0xfc, 0x0b, 0xfc, 0xfc, 0xfb, 0xfb, 0xfa, 0xf8, 0xf6, 0xf4, 0xf2, 0xf1, 0xee, 0xec, 0xea, 0xe8, 0xb3, 0x1a, 0x14, 0x14, 0x14, 0x14, 0x14, 0x14, 0x29, 0xa4, 0xe7, 0xea, 0xec, 0xee, 0xf0, 0xf2, 0xf3, 0xf5, 0xf6, 0xf8, 0xfa, 0xfb, 0xfb, 0xfc, 0x0b, 0xfc, 0x0b, 0x0b, 0x0b, 0x0b, 0x0b, 0x0b, 0x0b, 0x0b, 0x0b, 0x08, 0x00, 0x00, 0x00, 0x00, 0x00, 0x00, 0x00, 0x00, 0x00, 0x00, 0x00, 0x00, 0x00, 0x00, 0x00, 0x00, 0x00, 0x00, 0x00, 0x00, 0x00, 0x00, 0x00, 
  0x00, 0x00, 0x00, 0x00, 0x00, 0x00, 0x00, 0x00, 0x00, 0x00, 0x00, 0x00, 0x00, 0x00, 0x00, 0x00, 0x00, 0x00, 0x00, 0x00, 0x00, 0x00, 0x05, 0x0b, 0x0b, 0x0b, 0x0b, 0x0b, 0x0b, 0x0b, 0x0b, 0x0b, 0x0b, 0x0b, 0x0b, 0x0b, 0x0b, 0x0b, 0x0b, 0x0b, 0x0b, 0x0b, 0x0b, 0x0b, 0x0b, 0x0b, 0x0b, 0x0b, 0x0b, 0x0b, 0x0b, 0x0b, 0x0b, 0x0b, 0x0b, 0x0b, 0x0b, 0x0b, 0x0b, 0x0b, 0x0b, 0x0b, 0x0b, 0x0b, 0x0b, 0x0b, 0x0b, 0x0b, 0x0b, 0x0b, 0x0b, 0x0b, 0x0b, 0x0b, 0x0b, 0x0b, 0x0b, 0x0b, 0x0b, 0x0b, 0x0b, 0x0b, 0x0b, 0x0b, 0x0b, 0x0b, 0x0b, 0x0b, 0x0b, 0x0b, 0x0b, 0x0b, 0x0b, 0x0b, 0x0b, 0x0b, 0x0b, 0x0b, 0x0b, 0x0b, 0x0b, 0x0b, 0x0b, 0x0b, 0x0b, 0x0b, 0x0b, 0x0b, 0x0b, 0x0b, 0x0b, 0x0b, 0x0b, 0x0b, 0x0b, 0x0b, 0x0b, 0x0b, 0x0b, 0x0b, 0x0b, 0x0b, 0x0b, 0x0b, 0x0b, 0x0b, 0xfc, 0xfc, 0xfc, 0xfb, 0xfa, 0xf8, 0xf8, 0xf4, 0xf3, 0xf2, 0xf0, 0xec, 0xec, 0xe8, 0xd3, 0x21, 0x16, 0x14, 0x14, 0x14, 0x14, 0x14, 0x16, 0x16, 0x21, 0xb3, 0xe8, 0xea, 0xec, 0xee, 0xf0, 0xf2, 0xf4, 0xf5, 0xf6, 0xf9, 0xfa, 0xfb, 0xfc, 0xfc, 0x0b, 0xfc, 0x0b, 0x0b, 0x0b, 0x0b, 0x0b, 0x0b, 0x0b, 0x0b, 0x0b, 0x05, 0x00, 0x00, 0x00, 0x00, 0x00, 0x00, 0x00, 0x00, 0x00, 0x00, 0x00, 0x00, 0x00, 0x00, 0x00, 0x00, 0x00, 0x00, 0x00, 0x00, 0x00, 0x00, 
  0x00, 0x00, 0x00, 0x00, 0x00, 0x00, 0x00, 0x00, 0x00, 0x00, 0x00, 0x00, 0x00, 0x00, 0x00, 0x00, 0x00, 0x00, 0x00, 0x00, 0x00, 0x04, 0x0b, 0x0b, 0x0b, 0x0b, 0x0b, 0x0b, 0x0b, 0x0b, 0x0b, 0x0b, 0x0b, 0x0b, 0x0b, 0x0b, 0x0b, 0x0b, 0x0b, 0x0b, 0x0b, 0x0b, 0x0b, 0x0b, 0x0b, 0x0b, 0x0b, 0x0b, 0x0b, 0x0b, 0x0b, 0x0b, 0x0b, 0x0b, 0x0b, 0x0b, 0x0b, 0x0b, 0x0b, 0x0b, 0x0b, 0x0b, 0x0b, 0x0b, 0x0b, 0x0b, 0x0b, 0x0b, 0x0b, 0x0b, 0x0b, 0x0b, 0x0b, 0x0b, 0x0b, 0x0b, 0x0b, 0x0b, 0x0b, 0x0b, 0x0b, 0x0b, 0x0b, 0x0b, 0x0b, 0x0b, 0x0b, 0x0b, 0x0b, 0x0b, 0x0b, 0x0b, 0x0b, 0x0b, 0x0b, 0x0b, 0x0b, 0x0b, 0x0b, 0x0b, 0x0b, 0x0b, 0x0b, 0x0b, 0x0b, 0x0b, 0x0b, 0x0b, 0x0b, 0x0b, 0x0b, 0x0b, 0x0b, 0x0b, 0x0b, 0x0b, 0x0b, 0x0b, 0x0b, 0x0b, 0x0b, 0x0b, 0x0b, 0x0b, 0xfc, 0x0b, 0xfc, 0xfc, 0xfc, 0xfa, 0xfa, 0xf8, 0xf5, 0xf4, 0xf2, 0xf0, 0xee, 0xec, 0xe8, 0xe7, 0x5c, 0x16, 0x16, 0x16, 0x14, 0x14, 0x14, 0x28, 0x1d, 0x16, 0x16, 0x21, 0xd8, 0xea, 0xea, 0xec, 0xf0, 0xf0, 0xf3, 0xf4, 0xf5, 0xf8, 0xfa, 0xfb, 0xfb, 0xfc, 0xfc, 0x0b, 0x0b, 0x0b, 0x0b, 0x0b, 0x0b, 0x0b, 0x0b, 0x0b, 0x0b, 0x0b, 0x04, 0x00, 0x00, 0x00, 0x00, 0x00, 0x00, 0x00, 0x00, 0x00, 0x00, 0x00, 0x00, 0x00, 0x00, 0x00, 0x00, 0x00, 0x00, 0x00, 0x00, 0x00, 
  0x00, 0x00, 0x00, 0x00, 0x00, 0x00, 0x00, 0x00, 0x00, 0x00, 0x00, 0x00, 0x00, 0x00, 0x00, 0x00, 0x00, 0x00, 0x00, 0x00, 0x01, 0x0a, 0x0b, 0x0b, 0x0b, 0x0b, 0x0b, 0x0b, 0x0b, 0x0b, 0x0b, 0x0b, 0x0b, 0x0b, 0x0b, 0x0b, 0x0b, 0x0b, 0x0b, 0x0b, 0x0b, 0x0b, 0x0b, 0x0b, 0x0b, 0x0b, 0x0b, 0x0b, 0x0b, 0x0b, 0x0b, 0x0b, 0x0b, 0x0b, 0x0b, 0x0b, 0x0b, 0x0b, 0x0b, 0x0b, 0x0b, 0x0b, 0x0b, 0x0b, 0x0b, 0x0b, 0x0b, 0x0b, 0x0b, 0x0b, 0x0b, 0x0b, 0x0b, 0x0b, 0x0b, 0x0b, 0x0b, 0x0b, 0x0b, 0x0b, 0x0b, 0x0b, 0x0b, 0x0b, 0x0b, 0x0b, 0x0b, 0x0b, 0x0b, 0x0b, 0x0b, 0x0b, 0x0b, 0x0b, 0x0b, 0x0b, 0x0b, 0x0b, 0x0b, 0x0b, 0x0b, 0x0b, 0x0b, 0x0b, 0x0b, 0x0b, 0x0b, 0x0b, 0x0b, 0x0b, 0x0b, 0x0b, 0x0b, 0x0b, 0x0b, 0x0b, 0x0b, 0x0b, 0x0b, 0x0b, 0x0b, 0x0b, 0x0b, 0x0b, 0x0b, 0xfc, 0xfc, 0xfc, 0xfb, 0xfa, 0xf9, 0xf6, 0xf5, 0xf3, 0xf2, 0xee, 0xec, 0xea, 0xe8, 0xb3, 0x16, 0x16, 0x16, 0x4a, 0x4a, 0x3a, 0x55, 0x70, 0x51, 0x18, 0x16, 0x16, 0x3f, 0xe2, 0xea, 0xea, 0xee, 0xee, 0xf2, 0xf3, 0xf5, 0xf6, 0xf9, 0xfa, 0xfb, 0xfc, 0xfc, 0xfc, 0x0b, 0x0b, 0x0b, 0x0b, 0x0b, 0x0b, 0x0b, 0x0b, 0x0b, 0x0b, 0x0a, 0x01, 0x00, 0x00, 0x00, 0x00, 0x00, 0x00, 0x00, 0x00, 0x00, 0x00, 0x00, 0x00, 0x00, 0x00, 0x00, 0x00, 0x00, 0x00, 0x00, 0x00, 
  0x00, 0x00, 0x00, 0x00, 0x00, 0x00, 0x00, 0x00, 0x00, 0x00, 0x00, 0x00, 0x00, 0x00, 0x00, 0x00, 0x00, 0x00, 0x00, 0x00, 0x06, 0x0b, 0x0b, 0x0b, 0x0b, 0x0b, 0x0b, 0x0b, 0x0b, 0x0b, 0x0b, 0x0b, 0x0b, 0x0b, 0x0b, 0x0b, 0x0b, 0x0b, 0x0b, 0x0b, 0x0b, 0x0b, 0x0b, 0x0b, 0x0b, 0x0b, 0x0b, 0x0b, 0x0b, 0x0b, 0x0b, 0x0b, 0x0b, 0x0b, 0x0b, 0x0b, 0x0b, 0x0b, 0x0b, 0x0b, 0x0b, 0x0b, 0x0b, 0x0b, 0x0b, 0x0b, 0x0b, 0x0b, 0x0b, 0x0b, 0x0b, 0x0b, 0x0b, 0x0b, 0x0b, 0x0b, 0x0b, 0x0b, 0x0b, 0x0b, 0x0b, 0x0b, 0x0b, 0x0b, 0x0b, 0x0b, 0x0b, 0x0b, 0x0b, 0x0b, 0x0b, 0x0b, 0x0b, 0x0b, 0x0b, 0x0b, 0x0b, 0x0b, 0x0b, 0x0b, 0x0b, 0x0b, 0x0b, 0x0b, 0x0b, 0x0b, 0x0b, 0x0b, 0x0b, 0x0b, 0x0b, 0x0b, 0x0b, 0x0b, 0x0b, 0x0b, 0x0b, 0x0b, 0x0b, 0x0b, 0x0b, 0x0b, 0x0b, 0x0b, 0xfc, 0x0b, 0xfc, 0xfc, 0xfb, 0xfa, 0xf9, 0xf6, 0xf4, 0xf3, 0xf0, 0xee, 0xec, 0xea, 0xe7, 0x35, 0x16, 0x16, 0x3a, 0x70, 0x70, 0x70, 0x70, 0x70, 0x6e, 0x4a, 0x18, 0x16, 0x16, 0x99, 0xe7, 0xea, 0xec, 0xee, 0xf0, 0xf3, 0xf4, 0xf5, 0xf8, 0xfa, 0xfb, 0xfb, 0xfc, 0x0b, 0xfc, 0x0b, 0x0b, 0x0b, 0x0b, 0x0b, 0x0b, 0x0b, 0x0b, 0x0b, 0x0b, 0xbf, 0x00, 0x00, 0x00, 0x00, 0x00, 0x00, 0x00, 0x00, 0x00, 0x00, 0x00, 0x00, 0x00, 0x00, 0x00, 0x00, 0x00, 0x00, 0x00, 0x00, 
  0x00, 0x00, 0x00, 0x00, 0x00, 0x00, 0x00, 0x00, 0x00, 0x00, 0x00, 0x00, 0x00, 0x00, 0x00, 0x00, 0x00, 0x00, 0x00, 0x04, 0x0b, 0x0b, 0x0b, 0x0b, 0x0b, 0x0b, 0x0b, 0x0b, 0x0b, 0x0b, 0x0b, 0x0b, 0x0b, 0x0b, 0x0b, 0x0b, 0x0b, 0x0b, 0x0b, 0x0b, 0x0b, 0x0b, 0x0b, 0x0b, 0x0b, 0x0b, 0x0b, 0x0b, 0x0b, 0x0b, 0x0b, 0x0b, 0x0b, 0x0b, 0x0b, 0x0b, 0x0b, 0x0b, 0x0b, 0x0b, 0x0b, 0x0b, 0x0b, 0x0b, 0x0b, 0x0b, 0x0b, 0x0b, 0x0b, 0x0b, 0x0b, 0x0b, 0x0b, 0x0b, 0x0b, 0x0b, 0x0b, 0x0b, 0x0b, 0x0b, 0x0b, 0x0b, 0x0b, 0x0b, 0x0b, 0x0b, 0x0b, 0x0b, 0x0b, 0x0b, 0x0b, 0x0b, 0x0b, 0x0b, 0x0b, 0x0b, 0x0b, 0x0b, 0x0b, 0x0b, 0x0b, 0x0b, 0x0b, 0x0b, 0x0b, 0x0b, 0x0b, 0x0b, 0x0b, 0x0b, 0x0b, 0x0b, 0x0b, 0x0b, 0x0b, 0x0b, 0x0b, 0x0b, 0x0b, 0x0b, 0x0b, 0x0b, 0x0b, 0x0b, 0x0b, 0xfc, 0xfc, 0xfb, 0xfa, 0xf9, 0xf8, 0xf5, 0xf4, 0xf1, 0xf0, 0xec, 0xea, 0xe8, 0xd8, 0x16, 0x16, 0x18, 0x59, 0x70, 0x70, 0x70, 0x70, 0x72, 0x72, 0x70, 0x32, 0x18, 0x16, 0x29, 0xdb, 0xe8, 0xec, 0xec, 0xf0, 0xf1, 0xf3, 0xf5, 0xf8, 0xf8, 0xfa, 0xfb, 0xfc, 0xfc, 0x0b, 0xfc, 0x0b, 0x0b, 0x0b, 0x0b, 0x0b, 0x0b, 0x0b, 0x0b, 0x0b, 0x0b, 0x04, 0x00, 0x00, 0x00, 0x00, 0x00, 0x00, 0x00, 0x00, 0x00, 0x00, 0x00, 0x00, 0x00, 0x00, 0x00, 0x00, 0x00, 0x00, 0x00, 
  0x00, 0x00, 0x00, 0x00, 0x00, 0x00, 0x00, 0x00, 0x00, 0x00, 0x00, 0x00, 0x00, 0x00, 0x00, 0x00, 0x00, 0x00, 0x01, 0x0a, 0x0b, 0x0b, 0x0b, 0x0b, 0x0b, 0x0b, 0x0b, 0x0b, 0x0b, 0x0b, 0x0b, 0x0b, 0x0b, 0x0b, 0x0b, 0x0b, 0x0b, 0x0b, 0x0b, 0x0b, 0x0b, 0x0b, 0x0b, 0x0b, 0x0b, 0x0b, 0x0b, 0x0b, 0x0b, 0x0b, 0x0b, 0x0b, 0x0b, 0x0b, 0x0b, 0x0b, 0x0b, 0x0b, 0x0b, 0x0b, 0x0b, 0x0b, 0x0b, 0x0b, 0x0b, 0x0b, 0x0b, 0x0b, 0x0b, 0x0b, 0x0b, 0x0b, 0x0b, 0x0b, 0x0b, 0x0b, 0x0b, 0x0b, 0x0b, 0x0b, 0x0b, 0x0b, 0xfc, 0x0b, 0xfc, 0x0b, 0xfc, 0x0b, 0xfc, 0x0b, 0x0b, 0x0b, 0x0b, 0x0b, 0x0b, 0x0b, 0x0b, 0x0b, 0x0b, 0x0b, 0x0b, 0x0b, 0x0b, 0x0b, 0x0b, 0x0b, 0x0b, 0x0b, 0x0b, 0x0b, 0x0b, 0x0b, 0x0b, 0x0b, 0x0b, 0x0b, 0x0b, 0x0b, 0x0b, 0x0b, 0x0b, 0x0b, 0x0b, 0x0b, 0xfc, 0xfc, 0xfc, 0xfb, 0xfb, 0xf9, 0xf6, 0xf5, 0xf3, 0xf1, 0xee, 0xec, 0xea, 0xea, 0x6c, 0x16, 0x16, 0x33, 0x70, 0x72, 0x88, 0x93, 0x84, 0x7b, 0x72, 0x72, 0x6a, 0x24, 0x16, 0x16, 0x6c, 0xe7, 0xea, 0xec, 0xec, 0xf1, 0xf2, 0xf4, 0xf6, 0xf8, 0xfa, 0xfa, 0xfc, 0xfc, 0xfc, 0x0b, 0x0b, 0x0b, 0x0b, 0x0b, 0x0b, 0x0b, 0x0b, 0x0b, 0x0b, 0x0b, 0x0a, 0x01, 0x00, 0x00, 0x00, 0x00, 0x00, 0x00, 0x00, 0x00, 0x00, 0x00, 0x00, 0x00, 0x00, 0x00, 0x00, 0x00, 0x00, 0x00, 
  0x00, 0x00, 0x00, 0x00, 0x00, 0x00, 0x00, 0x00, 0x00, 0x00, 0x00, 0x00, 0x00, 0x00, 0x00, 0x00, 0x00, 0x00, 0x06, 0x0b, 0x0b, 0x0b, 0x0b, 0x0b, 0x0b, 0x0b, 0x0b, 0x0b, 0x0b, 0x0b, 0x0b, 0x0b, 0x0b, 0x0b, 0x0b, 0x0b, 0x0b, 0x0b, 0x0b, 0x0b, 0x0b, 0x0b, 0x0b, 0x0b, 0x0b, 0x0b, 0x0b, 0x0b, 0x0b, 0x0b, 0x0b, 0x0b, 0x0b, 0x0b, 0x0b, 0x0b, 0x0b, 0x0b, 0x0b, 0x0b, 0x0b, 0x0b, 0x0b, 0x0b, 0x0b, 0x0b, 0x0b, 0x0b, 0x0b, 0x0b, 0x0b, 0x0b, 0x0b, 0x0b, 0x0b, 0x0b, 0x0b, 0x0b, 0xfc, 0x0b, 0xfc, 0x0b, 0xfc, 0x0b, 0xfc, 0x0b, 0xfc, 0x0b, 0xfc, 0x0b, 0xfc, 0x0b, 0xfc, 0x0b, 0x0b, 0x0b, 0x0b, 0x0b, 0x0b, 0x0b, 0x0b, 0x0b, 0x0b, 0x0b, 0x0b, 0x0b, 0x0b, 0x0b, 0x0b, 0x0b, 0x0b, 0x0b, 0x0b, 0x0b, 0x0b, 0x0b, 0x0b, 0x0b, 0x0b, 0x0b, 0x0b, 0x0b, 0x0b, 0xfc, 0x0b, 0xfc, 0xfc, 0xfa, 0xfa, 0xf8, 0xf6, 0xf4, 0xf2, 0xf0, 0xec, 0xec, 0xe8, 0xe5, 0x29, 0x16, 0x16, 0x59, 0x88, 0xb6, 0xc9, 0xd0, 0xc9, 0xbc, 0x97, 0x7b, 0x72, 0x55, 0x16, 0x16, 0x1d, 0xd8, 0xea, 0xea, 0xec, 0xee, 0xf1, 0xf3, 0xf5, 0xf6, 0xf9, 0xfa, 0xfb, 0xfc, 0xfc, 0xfc, 0x0b, 0x0b, 0x0b, 0x0b, 0x0b, 0x0b, 0x0b, 0x0b, 0x0b, 0x0b, 0x0b, 0x06, 0x00, 0x00, 0x00, 0x00, 0x00, 0x00, 0x00, 0x00, 0x00, 0x00, 0x00, 0x00, 0x00, 0x00, 0x00, 0x00, 0x00, 0x00, 
  0x00, 0x00, 0x00, 0x00, 0x00, 0x00, 0x00, 0x00, 0x00, 0x00, 0x00, 0x00, 0x00, 0x00, 0x00, 0x00, 0x00, 0x03, 0x0b, 0x0b, 0x0b, 0x0b, 0x0b, 0x0b, 0x0b, 0x0b, 0x0b, 0x0b, 0x0b, 0x0b, 0x0b, 0x0b, 0x0b, 0x0b, 0x0b, 0x0b, 0x0b, 0x0b, 0x0b, 0x0b, 0x0b, 0x0b, 0x0b, 0x0b, 0x0b, 0x0b, 0x0b, 0x0b, 0x0b, 0x0b, 0x0b, 0x0b, 0x0b, 0x0b, 0x0b, 0x0b, 0x0b, 0x0b, 0x0b, 0x0b, 0x0b, 0x0b, 0x0b, 0x0b, 0x0b, 0x0b, 0x0b, 0x0b, 0x0b, 0x0b, 0x0b, 0x0b, 0x0b, 0x0b, 0x0b, 0x0b, 0xfc, 0x0b, 0xfc, 0x0b, 0xfc, 0xfc, 0xfc, 0xfc, 0xfc, 0xfc, 0xfc, 0xfc, 0xfc, 0xfc, 0xfc, 0x0b, 0xfc, 0x0b, 0xfc, 0x0b, 0x0b, 0x0b, 0x0b, 0x0b, 0x0b, 0x0b, 0x0b, 0x0b, 0x0b, 0x0b, 0x0b, 0x0b, 0x0b, 0x0b, 0x0b, 0x0b, 0x0b, 0x0b, 0x0b, 0x0b, 0x0b, 0x0b, 0x0b, 0x0b, 0x0b, 0x0b, 0x0b, 0x0b, 0xfc, 0xfc, 0xfb, 0xfb, 0xf9, 0xf8, 0xf5, 0xf3, 0xf1, 0xf0, 0xec, 0xea, 0xe8, 0xb3, 0x16, 0x16, 0x24, 0x88, 0xc9, 0xd0, 0xd0, 0xd0, 0xd0, 0xd0, 0xd0, 0xb8, 0x80, 0x72, 0x24, 0x16, 0x16, 0x8a, 0xe7, 0xea, 0xec, 0xec, 0xf1, 0xf2, 0xf4, 0xf6, 0xf8, 0xfa, 0xfb, 0xfb, 0xfc, 0x0b, 0xfc, 0x0b, 0x0b, 0x0b, 0x0b, 0x0b, 0x0b, 0x0b, 0x0b, 0x0b, 0x0b, 0x0b, 0x03, 0x00, 0x00, 0x00, 0x00, 0x00, 0x00, 0x00, 0x00, 0x00, 0x00, 0x00, 0x00, 0x00, 0x00, 0x00, 0x00, 0x00, 
  0x00, 0x00, 0x00, 0x00, 0x00, 0x00, 0x00, 0x00, 0x00, 0x00, 0x00, 0x00, 0x00, 0x00, 0x00, 0x00, 0x00, 0x09, 0x0b, 0x0b, 0x0b, 0x0b, 0x0b, 0x0b, 0x0b, 0x0b, 0x0b, 0x0b, 0x0b, 0x0b, 0x0b, 0x0b, 0x0b, 0x0b, 0x0b, 0x0b, 0x0b, 0x0b, 0x0b, 0x0b, 0x0b, 0x0b, 0x0b, 0x0b, 0x0b, 0x0b, 0x0b, 0x0b, 0x0b, 0x0b, 0x0b, 0x0b, 0x0b, 0x0b, 0x0b, 0x0b, 0x0b, 0x0b, 0x0b, 0x0b, 0x0b, 0x0b, 0x0b, 0x0b, 0x0b, 0x0b, 0x0b, 0x0b, 0x0b, 0x0b, 0x0b, 0x0b, 0x0b, 0x0b, 0x0b, 0xfc, 0x0b, 0xfc, 0x0b, 0xfc, 0xfc, 0xfc, 0xfc, 0xfc, 0xfc, 0xfc, 0xfc, 0xfc, 0xfc, 0xfc, 0xfc, 0xfc, 0xfc, 0x0b, 0x0b, 0xfc, 0x0b, 0x0b, 0x0b, 0x0b, 0x0b, 0x0b, 0x0b, 0x0b, 0x0b, 0x0b, 0x0b, 0x0b, 0x0b, 0x0b, 0x0b, 0x0b, 0x0b, 0x0b, 0x0b, 0x0b, 0x0b, 0x0b, 0x0b, 0x0b, 0x0b, 0x0b, 0x0b, 0xfc, 0xfc, 0xfc, 0xfb, 0xfa, 0xf9, 0xf8, 0xf4, 0xf3, 0xf1, 0xee, 0xec, 0xea, 0xe8, 0x5c, 0x16, 0x16, 0x3a, 0xbc, 0xd0, 0xd0, 0xb2, 0x97, 0xa7, 0xce, 0xd0, 0xd0, 0xb8, 0x7b, 0x55, 0x16, 0x16, 0x21, 0xde, 0xe8, 0xec, 0xec, 0xf0, 0xf1, 0xf4, 0xf5, 0xf8, 0xf9, 0xfa, 0xfc, 0xfc, 0xfc, 0x0b, 0x0b, 0x0b, 0x0b, 0x0b, 0x0b, 0x0b, 0x0b, 0x0b, 0x0b, 0x0b, 0x0b, 0x09, 0x00, 0x00, 0x00, 0x00, 0x00, 0x00, 0x00, 0x00, 0x00, 0x00, 0x00, 0x00, 0x00, 0x00, 0x00, 0x00, 0x00, 
  0x00, 0x00, 0x00, 0x00, 0x00, 0x00, 0x00, 0x00, 0x00, 0x00, 0x00, 0x00, 0x00, 0x00, 0x00, 0x00, 0x85, 0x0b, 0x0b, 0x0b, 0x0b, 0x0b, 0x0b, 0x0b, 0x0b, 0x0b, 0x0b, 0x0b, 0x0b, 0x0b, 0x0b, 0x0b, 0x0b, 0x0b, 0x0b, 0x0b, 0x0b, 0x0b, 0x0b, 0x0b, 0x0b, 0x0b, 0x0b, 0x0b, 0x0b, 0x0b, 0x0b, 0x0b, 0x0b, 0x0b, 0x0b, 0x0b, 0x0b, 0x0b, 0x0b, 0x0b, 0x0b, 0x0b, 0x0b, 0x0b, 0x0b, 0x0b, 0x0b, 0x0b, 0x0b, 0x0b, 0x0b, 0x0b, 0x0b, 0x0b, 0x0b, 0x0b, 0x0b, 0x0b, 0xfc, 0x0b, 0xfc, 0xfc, 0xfc, 0xfc, 0xfb, 0xfc, 0xfb, 0xfb, 0xfb, 0xfb, 0xfb, 0xfb, 0xfb, 0xfc, 0xfc, 0xfc, 0xfc, 0xfc, 0xfc, 0x0b, 0xfc, 0x0b, 0x0b, 0x0b, 0x0b, 0x0b, 0x0b, 0x0b, 0x0b, 0x0b, 0x0b, 0x0b, 0x0b, 0x0b, 0x0b, 0x0b, 0x0b, 0x0b, 0x0b, 0x0b, 0x0b, 0x0b, 0x0b, 0x0b, 0x0b, 0x0b, 0xfc, 0x0b, 0xfc, 0xfc, 0xfb, 0xfa, 0xf9, 0xf5, 0xf5, 0xf2, 0xf1, 0xec, 0xec, 0xea, 0xde, 0x1d, 0x16, 0x18, 0x90, 0xd0, 0xce, 0x9b, 0x77, 0x72, 0x72, 0x80, 0xad, 0xce, 0xd0, 0xb2, 0x7b, 0x24, 0x16, 0x16, 0x99, 0xe8, 0xea, 0xec, 0xee, 0xf1, 0xf3, 0xf5, 0xf6, 0xf9, 0xfa, 0xfb, 0xfc, 0xfc, 0x0b, 0xfc, 0x0b, 0x0b, 0x0b, 0x0b, 0x0b, 0x0b, 0x0b, 0x0b, 0x0b, 0x0b, 0x0b, 0x85, 0x00, 0x00, 0x00, 0x00, 0x00, 0x00, 0x00, 0x00, 0x00, 0x00, 0x00, 0x00, 0x00, 0x00, 0x00, 0x00, 
  0x00, 0x00, 0x00, 0x00, 0x00, 0x00, 0x00, 0x00, 0x00, 0x00, 0x00, 0x00, 0x00, 0x00, 0x00, 0x01, 0x0a, 0x0b, 0x0b, 0x0b, 0x0b, 0x0b, 0x0b, 0x0b, 0x0b, 0x0b, 0x0b, 0x0b, 0x0b, 0x0b, 0x0b, 0x0b, 0x0b, 0x0b, 0x0b, 0x0b, 0x0b, 0x0b, 0x0b, 0x0b, 0x0b, 0x0b, 0x0b, 0x0b, 0x0b, 0x0b, 0x0b, 0x0b, 0x0b, 0x0b, 0x0b, 0x0b, 0x0b, 0x0b, 0x0b, 0x0b, 0x0b, 0x0b, 0x0b, 0x0b, 0x0b, 0x0b, 0x0b, 0x0b, 0x0b, 0x0b, 0x0b, 0x0b, 0x0b, 0x0b, 0x0b, 0x0b, 0xfc, 0x0b, 0xfc, 0xfc, 0xfc, 0xfc, 0xfb, 0xfb, 0xfb, 0xfa, 0xfa, 0xfa, 0xfa, 0xfa, 0xfa, 0xfa, 0xfb, 0xfa, 0xfb, 0xfb, 0xfc, 0xfc, 0xfc, 0xfc, 0x0b, 0xfc, 0x0b, 0x0b, 0x0b, 0x0b, 0x0b, 0x0b, 0x0b, 0x0b, 0x0b, 0x0b, 0x0b, 0x0b, 0x0b, 0x0b, 0x0b, 0x0b, 0x0b, 0x0b, 0x0b, 0x0b, 0x0b, 0x0b, 0x0b, 0x0b, 0x0b, 0xfc, 0xfc, 0xfb, 0xfb, 0xf9, 0xf8, 0xf5, 0xf4, 0xf2, 0xf0, 0xec, 0xea, 0xe8, 0xca, 0x18, 0x16, 0x2b, 0xce, 0xd0, 0xbc, 0x77, 0x72, 0x72, 0x77, 0x72, 0x7b, 0xab, 0xd0, 0xd0, 0xa7, 0x55, 0x16, 0x16, 0x29, 0xe4, 0xea, 0xec, 0xec, 0xf0, 0xf2, 0xf4, 0xf5, 0xf8, 0xf9, 0xfa, 0xfb, 0xfc, 0xfc, 0x0b, 0x0b, 0x0b, 0x0b, 0x0b, 0x0b, 0x0b, 0x0b, 0x0b, 0x0b, 0x0b, 0x0b, 0x0a, 0x01, 0x00, 0x00, 0x00, 0x00, 0x00, 0x00, 0x00, 0x00, 0x00, 0x00, 0x00, 0x00, 0x00, 0x00, 0x00, 
  0x00, 0x00, 0x00, 0x00, 0x00, 0x00, 0x00, 0x00, 0x00, 0x00, 0x00, 0x00, 0x00, 0x00, 0x00, 0x06, 0x0b, 0x0b, 0x0b, 0x0b, 0x0b, 0x0b, 0x0b, 0x0b, 0x0b, 0x0b, 0x0b, 0x0b, 0x0b, 0x0b, 0x0b, 0x0b, 0x0b, 0x0b, 0x0b, 0x0b, 0x0b, 0x0b, 0x0b, 0x0b, 0x0b, 0x0b, 0x0b, 0x0b, 0x0b, 0x0b, 0x0b, 0x0b, 0x0b, 0x0b, 0x0b, 0x0b, 0x0b, 0x0b, 0x0b, 0x0b, 0x0b, 0x0b, 0x0b, 0x0b, 0x0b, 0x0b, 0x0b, 0x0b, 0x0b, 0x0b, 0x0b, 0x0b, 0x0b, 0x0b, 0x0b, 0xfc, 0x0b, 0xfc, 0xfc, 0xfc, 0xfb, 0xfb, 0xfb, 0xfa, 0xfa, 0xf9, 0xfa, 0xf9, 0xf9, 0xf9, 0xf9, 0xf9, 0xf9, 0xfa, 0xfa, 0xfa, 0xfb, 0xfb, 0xfc, 0xfc, 0xfc, 0xfc, 0x0b, 0xfc, 0x0b, 0x0b, 0x0b, 0x0b, 0x0b, 0x0b, 0x0b, 0x0b, 0x0b, 0x0b, 0x0b, 0x0b, 0x0b, 0x0b, 0x0b, 0x0b, 0x0b, 0x0b, 0x0b, 0x0b, 0x0b, 0xfc, 0x0b, 0xfc, 0xfc, 0xfc, 0xfa, 0xf9, 0xf8, 0xf5, 0xf3, 0xf1, 0xee, 0xec, 0xea, 0xe8, 0x76, 0x16, 0x16, 0x75, 0xd0, 0xce, 0x8e, 0x72, 0x72, 0x77, 0x72, 0x77, 0x77, 0x7b, 0xb6, 0xd0, 0xce, 0x8c, 0x22, 0x16, 0x16, 0xbe, 0xe8, 0xea, 0xec, 0xee, 0xf1, 0xf3, 0xf5, 0xf6, 0xf9, 0xfa, 0xfb, 0xfc, 0xfc, 0x0b, 0xfc, 0x0b, 0x0b, 0x0b, 0x0b, 0x0b, 0x0b, 0x0b, 0x0b, 0x0b, 0x0b, 0x0b, 0x06, 0x00, 0x00, 0x00, 0x00, 0x00, 0x00, 0x00, 0x00, 0x00, 0x00, 0x00, 0x00, 0x00, 0x00, 0x00, 
  0x00, 0x00, 0x00, 0x00, 0x00, 0x00, 0x00, 0x00, 0x00, 0x00, 0x00, 0x00, 0x00, 0x00, 0x02, 0xf7, 0x0b, 0x0b, 0x0b, 0x0b, 0x0b, 0x0b, 0x0b, 0x0b, 0x0b, 0x0b, 0x0b, 0x0b, 0x0b, 0x0b, 0x0b, 0x0b, 0x0b, 0x0b, 0x0b, 0x0b, 0x0b, 0x0b, 0x0b, 0x0b, 0x0b, 0x0b, 0x0b, 0x0b, 0x0b, 0x0b, 0x0b, 0x0b, 0x0b, 0x0b, 0x0b, 0x0b, 0x0b, 0x0b, 0x0b, 0x0b, 0x0b, 0x0b, 0x0b, 0x0b, 0x0b, 0x0b, 0x0b, 0x0b, 0x0b, 0x0b, 0x0b, 0x0b, 0x0b, 0x0b, 0xfc, 0x0b, 0xfc, 0xfc, 0xfc, 0xfb, 0xfb, 0xfa, 0xfa, 0xf9, 0xf8, 0xf8, 0xf8, 0xf6, 0xf6, 0xf6, 0xf6, 0xf8, 0xf8, 0xf8, 0xf9, 0xfa, 0xfa, 0xfb, 0xfb, 0xfc, 0xfc, 0xfc, 0xfc, 0x0b, 0x0b, 0x0b, 0x0b, 0x0b, 0x0b, 0x0b, 0x0b, 0x0b, 0x0b, 0x0b, 0x0b, 0x0b, 0x0b, 0x0b, 0x0b, 0x0b, 0x0b, 0x0b, 0x0b, 0x0b, 0x0b, 0x0b, 0xfc, 0xfc, 0xfc, 0xfb, 0xfa, 0xf9, 0xf5, 0xf4, 0xf3, 0xf0, 0xee, 0xec, 0xea, 0xe5, 0x35, 0x16, 0x18, 0xc1, 0xd0, 0xb8, 0x72, 0x77, 0x72, 0x77, 0x77, 0x77, 0x77, 0x7b, 0x8e, 0xc9, 0xd0, 0xb8, 0x4b, 0x16, 0x16, 0x3f, 0xe7, 0xea, 0xec, 0xec, 0xf1, 0xf2, 0xf4, 0xf5, 0xf8, 0xfa, 0xfa, 0xfc, 0xfc, 0xfc, 0x0b, 0x0b, 0x0b, 0x0b, 0x0b, 0x0b, 0x0b, 0x0b, 0x0b, 0x0b, 0x0b, 0x0b, 0xf7, 0x02, 0x00, 0x00, 0x00, 0x00, 0x00, 0x00, 0x00, 0x00, 0x00, 0x00, 0x00, 0x00, 0x00, 0x00, 
  0x00, 0x00, 0x00, 0x00, 0x00, 0x00, 0x00, 0x00, 0x00, 0x00, 0x00, 0x00, 0x00, 0x00, 0x07, 0x0b, 0x0b, 0x0b, 0x0b, 0x0b, 0x0b, 0x0b, 0x0b, 0x0b, 0x0b, 0x0b, 0x0b, 0x0b, 0x0b, 0x0b, 0x0b, 0x0b, 0x0b, 0x0b, 0x0b, 0x0b, 0x0b, 0x0b, 0x0b, 0x0b, 0x0b, 0x0b, 0x0b, 0x0b, 0x0b, 0x0b, 0x0b, 0x0b, 0x0b, 0x0b, 0x0b, 0x0b, 0x0b, 0x0b, 0x0b, 0x0b, 0x0b, 0x0b, 0x0b, 0x0b, 0x0b, 0x0b, 0x0b, 0x0b, 0x0b, 0x0b, 0x0b, 0x0b, 0x0b, 0xfc, 0x0b, 0xfc, 0xfc, 0xfb, 0xfb, 0xfb, 0xfa, 0xf9, 0xf9, 0xf8, 0xf6, 0xf6, 0xf5, 0xf5, 0xf5, 0xf5, 0xf5, 0xf5, 0xf6, 0xf6, 0xf8, 0xf8, 0xf9, 0xfa, 0xfa, 0xfb, 0xfb, 0xfc, 0xfc, 0x0b, 0xfc, 0x0b, 0x0b, 0x0b, 0x0b, 0x0b, 0x0b, 0x0b, 0x0b, 0x0b, 0x0b, 0x0b, 0x0b, 0x0b, 0x0b, 0x0b, 0x0b, 0x0b, 0x0b, 0x0b, 0x0b, 0xfc, 0x0b, 0xfc, 0xfc, 0xfa, 0xfa, 0xf8, 0xf5, 0xf4, 0xf2, 0xf0, 0xec, 0xea, 0xe8, 0xd8, 0x18, 0x16, 0x38, 0xd0, 0xd0, 0x8e, 0x77, 0x72, 0x77, 0x77, 0x77, 0x77, 0x77, 0x77, 0x7b, 0xab, 0xd0, 0xd0, 0x86, 0x18, 0x16, 0x16, 0xd3, 0xe8, 0xea, 0xec, 0xee, 0xf2, 0xf3, 0xf5, 0xf8, 0xf9, 0xfb, 0xfb, 0xfc, 0x0b, 0xfc, 0x0b, 0x0b, 0x0b, 0x0b, 0x0b, 0x0b, 0x0b, 0x0b, 0x0b, 0x0b, 0x0b, 0x0b, 0x07, 0x00, 0x00, 0x00, 0x00, 0x00, 0x00, 0x00, 0x00, 0x00, 0x00, 0x00, 0x00, 0x00, 0x00, 
  0x00, 0x00, 0x00, 0x00, 0x00, 0x00, 0x00, 0x00, 0x00, 0x00, 0x00, 0x00, 0x00, 0x03, 0x0b, 0x0b, 0x0b, 0x0b, 0x0b, 0x0b, 0x0b, 0x0b, 0x0b, 0x0b, 0x0b, 0x0b, 0x0b, 0x0b, 0x0b, 0x0b, 0x0b, 0x0b, 0x0b, 0x0b, 0x0b, 0x0b, 0x0b, 0x0b, 0x0b, 0x0b, 0x0b, 0x0b, 0x0b, 0x0b, 0x0b, 0x0b, 0x0b, 0x0b, 0x0b, 0x0b, 0x0b, 0x0b, 0x0b, 0x0b, 0x0b, 0x0b, 0x0b, 0x0b, 0x0b, 0x0b, 0x0b, 0x0b, 0x0b, 0x0b, 0x0b, 0x0b, 0x0b, 0x0b, 0xfc, 0x0b, 0xfc, 0xfc, 0xfc, 0xfb, 0xfb, 0xfa, 0xf9, 0xf8, 0xf6, 0xf5, 0xf5, 0xf4, 0xf4, 0xf3, 0xf3, 0xf3, 0xf3, 0xf4, 0xf4, 0xf5, 0xf5, 0xf8, 0xf8, 0xf9, 0xfa, 0xfa, 0xfb, 0xfc, 0xfc, 0xfc, 0x0b, 0x0b, 0x0b, 0x0b, 0x0b, 0x0b, 0x0b, 0x0b, 0x0b, 0x0b, 0x0b, 0x0b, 0x0b, 0x0b, 0x0b, 0x0b, 0x0b, 0x0b, 0x0b, 0x0b, 0x0b, 0x0b, 0xfc, 0xfc, 0xfb, 0xfb, 0xf9, 0xf8, 0xf5, 0xf4, 0xf2, 0xf0, 0xec, 0xec, 0xe8, 0x99, 0x16, 0x16, 0x7f, 0xd0, 0xbc, 0x77, 0x77, 0x59, 0x48, 0x37, 0x40, 0x59, 0x74, 0x7b, 0x77, 0x80, 0xbc, 0xd0, 0xbc, 0x33, 0x16, 0x16, 0x91, 0xe8, 0xea, 0xec, 0xf0, 0xf0, 0xf3, 0xf4, 0xf6, 0xf9, 0xfa, 0xfb, 0xfc, 0xfc, 0x0b, 0xfc, 0x0b, 0x0b, 0x0b, 0x0b, 0x0b, 0x0b, 0x0b, 0x0b, 0x0b, 0x0b, 0x0b, 0x0b, 0x03, 0x00, 0x00, 0x00, 0x00, 0x00, 0x00, 0x00, 0x00, 0x00, 0x00, 0x00, 0x00, 0x00, 
  0x00, 0x00, 0x00, 0x00, 0x00, 0x00, 0x00, 0x00, 0x00, 0x00, 0x00, 0x00, 0x00, 0x07, 0x0b, 0x0b, 0x0b, 0x0b, 0x0b, 0x0b, 0x0b, 0x0b, 0x0b, 0x0b, 0x0b, 0x0b, 0x0b, 0x0b, 0x0b, 0x0b, 0x0b, 0x0b, 0x0b, 0x0b, 0x0b, 0x0b, 0x0b, 0x0b, 0x0b, 0x0b, 0x0b, 0x0b, 0x0b, 0x0b, 0x0b, 0x0b, 0x0b, 0x0b, 0x0b, 0x0b, 0x0b, 0x0b, 0x0b, 0x0b, 0x0b, 0x0b, 0x0b, 0x0b, 0x0b, 0x0b, 0x0b, 0x0b, 0x0b, 0x0b, 0x0b, 0x0b, 0x0b, 0xfc, 0x0b, 0xfc, 0xfc, 0xfc, 0xfb, 0xfa, 0xfa, 0xf9, 0xf8, 0xf5, 0xf5, 0xf4, 0xf3, 0xf3, 0xf2, 0xf2, 0xf1, 0xf2, 0xf1, 0xf3, 0xf2, 0xf4, 0xf3, 0xf5, 0xf5, 0xf8, 0xf8, 0xfa, 0xfa, 0xfb, 0xfc, 0xfc, 0x0b, 0xfc, 0x0b, 0x0b, 0x0b, 0x0b, 0x0b, 0x0b, 0x0b, 0x0b, 0x0b, 0x0b, 0x0b, 0x0b, 0x0b, 0x0b, 0x0b, 0x0b, 0x0b, 0x0b, 0xfc, 0x0b, 0xfc, 0xfc, 0xfb, 0xfa, 0xf9, 0xf8, 0xf5, 0xf3, 0xf1, 0xee, 0xec, 0xea, 0xe8, 0x6c, 0x16, 0x16, 0xa8, 0xd0, 0x9b, 0x74, 0x4d, 0x27, 0x27, 0x2c, 0x27, 0x27, 0x2c, 0x64, 0x7b, 0x7b, 0x9e, 0xce, 0xd0, 0x86, 0x16, 0x16, 0x35, 0xe4, 0xea, 0xea, 0xee, 0xf0, 0xf2, 0xf4, 0xf5, 0xf8, 0xfa, 0xfb, 0xfb, 0xfc, 0xfc, 0x0b, 0x0b, 0x0b, 0x0b, 0x0b, 0x0b, 0x0b, 0x0b, 0x0b, 0x0b, 0x0b, 0x0b, 0x0b, 0x07, 0x00, 0x00, 0x00, 0x00, 0x00, 0x00, 0x00, 0x00, 0x00, 0x00, 0x00, 0x00, 0x00, 
  0x00, 0x00, 0x00, 0x00, 0x00, 0x00, 0x00, 0x00, 0x00, 0x00, 0x00, 0x00, 0x03, 0x0b, 0x0b, 0x0b, 0x0b, 0x0b, 0x0b, 0x0b, 0x0b, 0x0b, 0x0b, 0x0b, 0x0b, 0x0b, 0x0b, 0x0b, 0x0b, 0x0b, 0x0b, 0x0b, 0x0b, 0x0b, 0x0b, 0x0b, 0x0b, 0x0b, 0x0b, 0x0b, 0x0b, 0x0b, 0x0b, 0x0b, 0x0b, 0x0b, 0x0b, 0x0b, 0x0b, 0x0b, 0x0b, 0x0b, 0x0b, 0x0b, 0x0b, 0x0b, 0x0b, 0x0b, 0x0b, 0x0b, 0x0b, 0x0b, 0x0b, 0x0b, 0x0b, 0x0b, 0x0b, 0x0b, 0xfc, 0xfc, 0xfc, 0xfb, 0xfb, 0xfa, 0xf8, 0xf8, 0xf5, 0xf4, 0xf4, 0xf2, 0xf2, 0xf0, 0xf0, 0xf0, 0xee, 0xf0, 0xf0, 0xf0, 0xf1, 0xf1, 0xf3, 0xf3, 0xf4, 0xf5, 0xf8, 0xf9, 0xfa, 0xfa, 0xfb, 0xfc, 0xfc, 0x0b, 0xfc, 0x0b, 0x0b, 0x0b, 0x0b, 0x0b, 0x0b, 0x0b, 0x0b, 0x0b, 0x0b, 0x0b, 0x0b, 0x0b, 0x0b, 0x0b, 0x0b, 0x0b, 0x0b, 0xfc, 0xfc, 0xfc, 0xfb, 0xfa, 0xf9, 0xf5, 0xf4, 0xf3, 0xf0, 0xee, 0xec, 0xea, 0xe4, 0x29, 0x16, 0x1d, 0xce, 0xce, 0x88, 0x59, 0x27, 0x30, 0x59, 0x70, 0x64, 0x4d, 0x2c, 0x27, 0x59, 0x7b, 0x88, 0xc5, 0xd0, 0xbc, 0x1d, 0x16, 0x16, 0xbe, 0xea, 0xea, 0xec, 0xf0, 0xf1, 0xf3, 0xf5, 0xf8, 0xf9, 0xfa, 0xfc, 0xfc, 0xfc, 0xfc, 0x0b, 0x0b, 0x0b, 0x0b, 0x0b, 0x0b, 0x0b, 0x0b, 0x0b, 0x0b, 0x0b, 0x0b, 0x0b, 0x03, 0x00, 0x00, 0x00, 0x00, 0x00, 0x00, 0x00, 0x00, 0x00, 0x00, 0x00, 0x00, 
  0x00, 0x00, 0x00, 0x00, 0x00, 0x00, 0x00, 0x00, 0x00, 0x00, 0x00, 0x00, 0x07, 0x0b, 0x0b, 0x0b, 0x0b, 0x0b, 0x0b, 0x0b, 0x0b, 0x0b, 0x0b, 0x0b, 0x0b, 0x0b, 0x0b, 0x0b, 0x0b, 0x0b, 0x0b, 0x0b, 0x0b, 0x0b, 0x0b, 0x0b, 0x0b, 0x0b, 0x0b, 0x0b, 0x0b, 0x0b, 0x0b, 0x0b, 0x0b, 0x0b, 0x0b, 0x0b, 0x0b, 0x0b, 0x0b, 0x0b, 0x0b, 0x0b, 0x0b, 0x0b, 0x0b, 0x0b, 0x0b, 0x0b, 0x0b, 0x0b, 0x0b, 0x0b, 0x0b, 0x0b, 0x0b, 0xfc, 0xfc, 0xfc, 0xfb, 0xfb, 0xf9, 0xf9, 0xf6, 0xf5, 0xf4, 0xf3, 0xf2, 0xf1, 0xf0, 0xee, 0xee, 0xec, 0xec, 0xec, 0xec, 0xee, 0xee, 0xf0, 0xf1, 0xf2, 0xf3, 0xf5, 0xf5, 0xf8, 0xf8, 0xfa, 0xfb, 0xfb, 0xfc, 0xfc, 0x0b, 0x0b, 0x0b, 0x0b, 0x0b, 0x0b, 0x0b, 0x0b, 0x0b, 0x0b, 0x0b, 0x0b, 0x0b, 0x0b, 0x0b, 0x0b, 0x0b, 0x0b, 0xfc, 0x0b, 0xfc, 0xfc, 0xfb, 0xfa, 0xf8, 0xf5, 0xf4, 0xf2, 0xf0, 0xec, 0xec, 0xe8, 0xd8, 0x1d, 0x16, 0x44, 0xd0, 0xba, 0x72, 0x37, 0x2c, 0x64, 0x7b, 0x7b, 0x7b, 0x77, 0x64, 0x30, 0x27, 0x64, 0x7b, 0x9e, 0xd0, 0xce, 0x5b, 0x16, 0x16, 0x83, 0xe8, 0xea, 0xec, 0xee, 0xf0, 0xf3, 0xf4, 0xf6, 0xf8, 0xfa, 0xfb, 0xfc, 0xfc, 0x0b, 0xfc, 0x0b, 0x0b, 0x0b, 0x0b, 0x0b, 0x0b, 0x0b, 0x0b, 0x0b, 0x0b, 0x0b, 0x0b, 0x07, 0x00, 0x00, 0x00, 0x00, 0x00, 0x00, 0x00, 0x00, 0x00, 0x00, 0x00, 0x00, 
  0x00, 0x00, 0x00, 0x00, 0x00, 0x00, 0x00, 0x00, 0x00, 0x00, 0x00, 0x03, 0x0b, 0x0b, 0x0b, 0x0b, 0x0b, 0x0b, 0x0b, 0x0b, 0x0b, 0x0b, 0x0b, 0x0b, 0x0b, 0x0b, 0x0b, 0x0b, 0x0b, 0x0b, 0x0b, 0x0b, 0x0b, 0x0b, 0x0b, 0x0b, 0x0b, 0x0b, 0x0b, 0x0b, 0x0b, 0x0b, 0x0b, 0x0b, 0x0b, 0x0b, 0x0b, 0x0b, 0x0b, 0x0b, 0x0b, 0x0b, 0x0b, 0x0b, 0x0b, 0x0b, 0x0b, 0x0b, 0x0b, 0x0b, 0x0b, 0x0b, 0x0b, 0x0b, 0x0b, 0xfc, 0x0b, 0xfc, 0xfc, 0xfb, 0xfb, 0xfa, 0xf9, 0xf8, 0xf5, 0xf4, 0xf3, 0xf2, 0xf0, 0xf0, 0xec, 0xec, 0xec, 0xec, 0xec, 0xea, 0xec, 0xec, 0xec, 0xee, 0xee, 0xf0, 0xf2, 0xf3, 0xf4, 0xf5, 0xf8, 0xf9, 0xfa, 0xfb, 0xfc, 0xfc, 0xfc, 0x0b, 0x0b, 0x0b, 0x0b, 0x0b, 0x0b, 0x0b, 0x0b, 0x0b, 0x0b, 0x0b, 0x0b, 0x0b, 0x0b, 0x0b, 0x0b, 0x0b, 0x0b, 0xfc, 0xfc, 0xfb, 0xfb, 0xf9, 0xf8, 0xf5, 0xf3, 0xf2, 0xf0, 0xec, 0xea, 0xe8, 0xb3, 0x16, 0x16, 0x75, 0xd0, 0xa1, 0x4d, 0x27, 0x59, 0x77, 0x7b, 0x7b, 0x7b, 0x7b, 0x7b, 0x64, 0x2c, 0x30, 0x74, 0x84, 0xc9, 0xd0, 0xa8, 0x16, 0x16, 0x29, 0xde, 0xea, 0xea, 0xee, 0xee, 0xf2, 0xf4, 0xf5, 0xf8, 0xf9, 0xfa, 0xfb, 0xfc, 0xfc, 0x0b, 0x0b, 0x0b, 0x0b, 0x0b, 0x0b, 0x0b, 0x0b, 0x0b, 0x0b, 0x0b, 0x0b, 0x0b, 0x0b, 0x03, 0x00, 0x00, 0x00, 0x00, 0x00, 0x00, 0x00, 0x00, 0x00, 0x00, 0x00, 
  0x00, 0x00, 0x00, 0x00, 0x00, 0x00, 0x00, 0x00, 0x00, 0x00, 0x00, 0x07, 0x0b, 0x0b, 0x0b, 0x0b, 0x0b, 0x0b, 0x0b, 0x0b, 0x0b, 0x0b, 0x0b, 0x0b, 0x0b, 0x0b, 0x0b, 0x0b, 0x0b, 0x0b, 0x0b, 0x0b, 0x0b, 0x0b, 0x0b, 0x0b, 0x0b, 0x0b, 0x0b, 0x0b, 0x0b, 0x0b, 0x0b, 0x0b, 0x0b, 0x0b, 0x0b, 0x0b, 0x0b, 0x0b, 0x0b, 0x0b, 0x0b, 0x0b, 0x0b, 0x0b, 0x0b, 0x0b, 0x0b, 0x0b, 0x0b, 0x0b, 0x0b, 0x0b, 0x0b, 0x0b, 0xfc, 0xfc, 0xfc, 0xfb, 0xfa, 0xf9, 0xf8, 0xf5, 0xf4, 0xf3, 0xf1, 0xf0, 0xee, 0xec, 0xec, 0xec, 0xe8, 0xea, 0xde, 0xdb, 0xe8, 0xea, 0xea, 0xec, 0xec, 0xee, 0xf0, 0xf2, 0xf3, 0xf5, 0xf6, 0xf8, 0xf9, 0xfa, 0xfb, 0xfc, 0xfc, 0x0b, 0xfc, 0x0b, 0x0b, 0x0b, 0x0b, 0x0b, 0x0b, 0x0b, 0x0b, 0x0b, 0x0b, 0x0b, 0x0b, 0x0b, 0x0b, 0xfc, 0x0b, 0xfc, 0xfc, 0xfc, 0xfa, 0xf9, 0xf6, 0xf5, 0xf3, 0xf1, 0xee, 0xec, 0xea, 0xe8, 0x76, 0x16, 0x16, 0x9a, 0xd0, 0x88, 0x2c, 0x37, 0x74, 0x7b, 0x7b, 0x7b, 0x80, 0x7b, 0x80, 0x80, 0x59, 0x27, 0x48, 0x80, 0xab, 0xd0, 0xd0, 0x24, 0x16, 0x16, 0xb3, 0xe8, 0xea, 0xec, 0xee, 0xf1, 0xf3, 0xf5, 0xf6, 0xf9, 0xfa, 0xfb, 0xfc, 0xfc, 0x0b, 0xfc, 0x0b, 0x0b, 0x0b, 0x0b, 0x0b, 0x0b, 0x0b, 0x0b, 0x0b, 0x0b, 0x0b, 0xfc, 0x07, 0x00, 0x00, 0x00, 0x00, 0x00, 0x00, 0x00, 0x00, 0x00, 0x00, 0x00, 
  0x00, 0x00, 0x00, 0x00, 0x00, 0x00, 0x00, 0x00, 0x00, 0x00, 0x02, 0xf7, 0x0b, 0x0b, 0x0b, 0x0b, 0x0b, 0x0b, 0x0b, 0x0b, 0x0b, 0x0b, 0x0b, 0x0b, 0x0b, 0x0b, 0x0b, 0x0b, 0x0b, 0x0b, 0x0b, 0x0b, 0x0b, 0x0b, 0x0b, 0x0b, 0x0b, 0x0b, 0x0b, 0x0b, 0x0b, 0x0b, 0x0b, 0x0b, 0x0b, 0x0b, 0x0b, 0x0b, 0x0b, 0x0b, 0x0b, 0x0b, 0x0b, 0x0b, 0x0b, 0x0b, 0x0b, 0x0b, 0x0b, 0x0b, 0x0b, 0x0b, 0x0b, 0x0b, 0xfc, 0x0b, 0xfc, 0xfc, 0xfb, 0xfb, 0xfa, 0xf8, 0xf8, 0xf4, 0xf4, 0xf1, 0xf0, 0xee, 0xec, 0xec, 0xe8, 0xe2, 0x99, 0x3f, 0x16, 0x16, 0x21, 0x6c, 0xd3, 0xea, 0xea, 0xec, 0xee, 0xf0, 0xf2, 0xf4, 0xf5, 0xf8, 0xf9, 0xfa, 0xfb, 0xfc, 0xfc, 0xfc, 0x0b, 0x0b, 0x0b, 0x0b, 0x0b, 0x0b, 0x0b, 0x0b, 0x0b, 0x0b, 0x0b, 0x0b, 0x0b, 0x0b, 0x0b, 0x0b, 0xfc, 0xfc, 0xfc, 0xfb, 0xfa, 0xf9, 0xf6, 0xf4, 0xf3, 0xf0, 0xee, 0xec, 0xea, 0xe7, 0x29, 0x16, 0x1d, 0xce, 0xc5, 0x59, 0x27, 0x59, 0x7b, 0x7b, 0x7b, 0x7b, 0x7b, 0x7b, 0x80, 0x7b, 0x7b, 0x40, 0x27, 0x64, 0x8b, 0xce, 0xd0, 0x75, 0x16, 0x16, 0x6c, 0xe8, 0xea, 0xec, 0xee, 0xf0, 0xf3, 0xf4, 0xf6, 0xf8, 0xfa, 0xfb, 0xfc, 0xfc, 0xfc, 0x0b, 0x0b, 0x0b, 0x0b, 0x0b, 0x0b, 0x0b, 0x0b, 0x0b, 0x0b, 0xfc, 0x0b, 0xfc, 0xf7, 0x02, 0x00, 0x00, 0x00, 0x00, 0x00, 0x00, 0x00, 0x00, 0x00, 0x00, 
  0x00, 0x00, 0x00, 0x00, 0x00, 0x00, 0x00, 0x00, 0x00, 0x00, 0x06, 0x0b, 0x0b, 0x0b, 0x0b, 0x0b, 0x0b, 0x0b, 0x0b, 0x0b, 0x0b, 0x0b, 0x0b, 0x0b, 0x0b, 0x0b, 0x0b, 0x0b, 0x0b, 0x0b, 0x0b, 0x0b, 0x0b, 0x0b, 0x0b, 0x0b, 0x0b, 0x0b, 0x0b, 0x0b, 0x0b, 0x0b, 0x0b, 0x0b, 0x0b, 0x0b, 0x0b, 0x0b, 0x0b, 0x0b, 0x0b, 0x0b, 0x0b, 0x0b, 0x0b, 0x0b, 0x0b, 0x0b, 0x0b, 0x0b, 0x0b, 0x0b, 0x0b, 0x0b, 0x0b, 0xfc, 0xfc, 0xfc, 0xfb, 0xfa, 0xf9, 0xf6, 0xf5, 0xf4, 0xf2, 0xf0, 0xee, 0xec, 0xea, 0xea, 0xdb, 0x4c, 0x16, 0x16, 0x16, 0x16, 0x16, 0x16, 0x29, 0xd3, 0xe8, 0xec, 0xec, 0xee, 0xf0, 0xf3, 0xf4, 0xf5, 0xf8, 0xf9, 0xfb, 0xfb, 0xfc, 0x0b, 0xfc, 0x0b, 0x0b, 0x0b, 0x0b, 0x0b, 0x0b, 0x0b, 0x0b, 0x0b, 0x0b, 0x0b, 0x0b, 0x0b, 0x0b, 0xfc, 0x0b, 0xfc, 0xfc, 0xfb, 0xfa, 0xf8, 0xf6, 0xf4, 0xf2, 0xf0, 0xee, 0xea, 0xe8, 0xdb, 0x21, 0x16, 0x38, 0xce, 0xab, 0x31, 0x30, 0x7b, 0x7b, 0x7b, 0x7b, 0x80, 0x7b, 0x80, 0x7b, 0x80, 0x80, 0x6e, 0x30, 0x37, 0x80, 0xba, 0xd0, 0xc0, 0x1d, 0x16, 0x21, 0xdb, 0xe8, 0xec, 0xec, 0xf0, 0xf1, 0xf4, 0xf5, 0xf8, 0xf9, 0xfb, 0xfb, 0xfc, 0x0b, 0xfc, 0x0b, 0x0b, 0x0b, 0x0b, 0x0b, 0x0b, 0x0b, 0x0b, 0xfc, 0x0b, 0xfc, 0x0b, 0xfa, 0x06, 0x00, 0x00, 0x00, 0x00, 0x00, 0x00, 0x00, 0x00, 0x00, 0x00, 
  0x00, 0x00, 0x00, 0x00, 0x00, 0x00, 0x00, 0x00, 0x00, 0x01, 0xf7, 0x0b, 0x0b, 0x0b, 0x0b, 0x0b, 0x0b, 0x0b, 0x0b, 0x0b, 0x0b, 0x0b, 0x0b, 0x0b, 0x0b, 0x0b, 0x0b, 0x0b, 0x0b, 0x0b, 0x0b, 0x0b, 0x0b, 0x0b, 0x0b, 0x0b, 0x0b, 0x0b, 0x0b, 0x0b, 0x0b, 0x0b, 0x0b, 0x0b, 0x0b, 0x0b, 0x0b, 0x0b, 0x0b, 0x0b, 0x0b, 0x0b, 0x0b, 0x0b, 0x0b, 0x0b, 0x0b, 0x0b, 0x0b, 0x0b, 0x0b, 0x0b, 0x0b, 0xfc, 0x0b, 0xfc, 0xfc, 0xfb, 0xfa, 0xf9, 0xf8, 0xf5, 0xf4, 0xf3, 0xf1, 0xee, 0xec, 0xec, 0xe8, 0xde, 0x3f, 0x16, 0x16, 0x16, 0x16, 0x1d, 0x16, 0x16, 0x16, 0x3f, 0xd8, 0xea, 0xea, 0xee, 0xee, 0xf2, 0xf3, 0xf5, 0xf6, 0xf8, 0xfa, 0xfb, 0xfb, 0xfc, 0x0b, 0xfc, 0x0b, 0x0b, 0x0b, 0x0b, 0x0b, 0x0b, 0x0b, 0x0b, 0x0b, 0x0b, 0x0b, 0x0b, 0x0b, 0x0b, 0xfc, 0xfc, 0xfc, 0xfa, 0xfa, 0xf8, 0xf5, 0xf4, 0xf2, 0xf0, 0xec, 0xec, 0xe8, 0xbe, 0x16, 0x16, 0x6b, 0xd0, 0x7e, 0x27, 0x50, 0x7b, 0x7b, 0x7b, 0x80, 0x7b, 0x80, 0x80, 0x80, 0x80, 0x80, 0x84, 0x51, 0x27, 0x59, 0x9b, 0xce, 0xd0, 0x53, 0x16, 0x16, 0xb3, 0xe7, 0xea, 0xec, 0xee, 0xf1, 0xf3, 0xf5, 0xf6, 0xf9, 0xfa, 0xfb, 0xfc, 0xfc, 0x0b, 0xfc, 0x0b, 0x0b, 0x0b, 0x0b, 0x0b, 0x0b, 0xfc, 0x0b, 0xfc, 0xfc, 0xfc, 0xfb, 0xf7, 0x01, 0x00, 0x00, 0x00, 0x00, 0x00, 0x00, 0x00, 0x00, 0x00, 
  0x00, 0x00, 0x00, 0x00, 0x00, 0x00, 0x00, 0x00, 0x00, 0x85, 0x0b, 0x0b, 0x0b, 0x0b, 0x0b, 0x0b, 0x0b, 0x0b, 0x0b, 0x0b, 0x0b, 0x0b, 0x0b, 0x0b, 0x0b, 0x0b, 0x0b, 0x0b, 0x0b, 0x0b, 0x0b, 0x0b, 0x0b, 0x0b, 0x0b, 0x0b, 0x0b, 0x0b, 0x0b, 0x0b, 0x0b, 0x0b, 0x0b, 0x0b, 0x0b, 0x0b, 0x0b, 0x0b, 0x0b, 0x0b, 0x0b, 0x0b, 0x0b, 0x0b, 0x0b, 0x0b, 0x0b, 0x0b, 0x0b, 0x0b, 0x0b, 0x0b, 0x0b, 0x0b, 0xfc, 0xfc, 0xfb, 0xfb, 0xfa, 0xf8, 0xf6, 0xf5, 0xf3, 0xf1, 0xf0, 0xec, 0xea, 0xea, 0xe4, 0x5c, 0x16, 0x16, 0x16, 0x28, 0x43, 0x4d, 0x3a, 0x18, 0x16, 0x16, 0x5c, 0xe4, 0xea, 0xec, 0xee, 0xf0, 0xf2, 0xf4, 0xf5, 0xf8, 0xf9, 0xfa, 0xfc, 0xfc, 0xfc, 0x0b, 0x0b, 0x0b, 0x0b, 0x0b, 0x0b, 0x0b, 0x0b, 0x0b, 0x0b, 0x0b, 0x0b, 0x0b, 0xfc, 0x0b, 0xfc, 0xfc, 0xfb, 0xfb, 0xf9, 0xf8, 0xf5, 0xf3, 0xf1, 0xee, 0xec, 0xea, 0xe8, 0x8a, 0x16, 0x16, 0x8d, 0xce, 0x4a, 0x27, 0x74, 0x7b, 0x7b, 0x80, 0x7b, 0x80, 0x80, 0x80, 0x80, 0x80, 0x80, 0x80, 0x74, 0x30, 0x31, 0x80, 0xc5, 0xd0, 0x9a, 0x16, 0x16, 0x5c, 0xe7, 0xea, 0xec, 0xee, 0xf0, 0xf2, 0xf4, 0xf5, 0xf8, 0xfa, 0xfb, 0xfb, 0xfc, 0xfc, 0x0b, 0x0b, 0x0b, 0x0b, 0x0b, 0x0b, 0xfc, 0x0b, 0xfc, 0xfc, 0xfc, 0xfb, 0xfb, 0xf5, 0x85, 0x00, 0x00, 0x00, 0x00, 0x00, 0x00, 0x00, 0x00, 0x00, 
  0x00, 0x00, 0x00, 0x00, 0x00, 0x00, 0x00, 0x00, 0x00, 0x09, 0x0b, 0x0b, 0x0b, 0x0b, 0x0b, 0x0b, 0x0b, 0x0b, 0x0b, 0x0b, 0x0b, 0x0b, 0x0b, 0x0b, 0x0b, 0x0b, 0x0b, 0x0b, 0x0b, 0x0b, 0x0b, 0x0b, 0x0b, 0x0b, 0x0b, 0x0b, 0x0b, 0x0b, 0x0b, 0x0b, 0x0b, 0x0b, 0x0b, 0x0b, 0x0b, 0x0b, 0x0b, 0x0b, 0x0b, 0x0b, 0x0b, 0x0b, 0x0b, 0x0b, 0x0b, 0x0b, 0x0b, 0x0b, 0x0b, 0x0b, 0x0b, 0x0b, 0xfc, 0x0b, 0xfc, 0xfc, 0xfb, 0xfa, 0xf9, 0xf8, 0xf5, 0xf4, 0xf2, 0xf1, 0xee, 0xec, 0xea, 0xe8, 0x91, 0x16, 0x16, 0x16, 0x3a, 0x5a, 0x5e, 0x5e, 0x5a, 0x3e, 0x18, 0x16, 0x18, 0xa4, 0xe8, 0xea, 0xec, 0xee, 0xf2, 0xf3, 0xf4, 0xf6, 0xf8, 0xfa, 0xfa, 0xfc, 0xfc, 0xfc, 0x0b, 0x0b, 0x0b, 0x0b, 0x0b, 0x0b, 0x0b, 0x0b, 0x0b, 0x0b, 0x0b, 0x0b, 0x0b, 0x0b, 0xfc, 0xfc, 0xfb, 0xfa, 0xf9, 0xf6, 0xf5, 0xf3, 0xf1, 0xee, 0xec, 0xea, 0xe8, 0x5c, 0x16, 0x16, 0xb5, 0xbc, 0x2c, 0x3c, 0x7b, 0x7b, 0x80, 0x7b, 0x80, 0x80, 0x80, 0x80, 0x80, 0x80, 0x84, 0x84, 0x84, 0x51, 0x27, 0x65, 0xa7, 0xd0, 0xc1, 0x22, 0x16, 0x1d, 0xd8, 0xe8, 0xea, 0xec, 0xf0, 0xf1, 0xf3, 0xf5, 0xf8, 0xf9, 0xfa, 0xfb, 0xfc, 0xfc, 0xfc, 0x0b, 0x0b, 0x0b, 0x0b, 0xfc, 0x0b, 0xfc, 0xfc, 0xfc, 0xfb, 0xfa, 0xfa, 0xf9, 0xe0, 0x00, 0x00, 0x00, 0x00, 0x00, 0x00, 0x00, 0x00, 0x00, 
  0x00, 0x00, 0x00, 0x00, 0x00, 0x00, 0x00, 0x00, 0x04, 0x0b, 0x0b, 0x0b, 0x0b, 0x0b, 0x0b, 0x0b, 0x0b, 0x0b, 0x0b, 0x0b, 0x0b, 0x0b, 0x0b, 0x0b, 0x0b, 0x0b, 0x0b, 0x0b, 0x0b, 0x0b, 0x0b, 0x0b, 0x0b, 0x0b, 0x0b, 0x0b, 0x0b, 0x0b, 0x0b, 0x0b, 0x0b, 0x0b, 0x0b, 0x0b, 0x0b, 0x0b, 0x0b, 0x0b, 0x0b, 0x0b, 0x0b, 0x0b, 0x0b, 0x0b, 0x0b, 0x0b, 0x0b, 0x0b, 0x0b, 0x0b, 0x0b, 0x0b, 0x0b, 0xfc, 0xfc, 0xfb, 0xfb, 0xfa, 0xf8, 0xf6, 0xf4, 0xf3, 0xf1, 0xee, 0xec, 0xea, 0xe7, 0xd8, 0x18, 0x16, 0x16, 0x32, 0x5a, 0x5e, 0x5e, 0x5e, 0x5e, 0x5e, 0x32, 0x16, 0x16, 0x35, 0xde, 0xea, 0xea, 0xee, 0xf0, 0xf2, 0xf4, 0xf5, 0xf8, 0xf9, 0xfb, 0xfb, 0xfc, 0x0b, 0xfc, 0x0b, 0x0b, 0x0b, 0x0b, 0x0b, 0x0b, 0x0b, 0x0b, 0x0b, 0x0b, 0x0b, 0x0b, 0xfc, 0xfc, 0xfc, 0xfb, 0xfa, 0xf8, 0xf6, 0xf4, 0xf2, 0xf0, 0xee, 0xea, 0xea, 0xe4, 0x29, 0x16, 0x2b, 0xc9, 0x90, 0x27, 0x59, 0x7b, 0x80, 0x80, 0x80, 0x80, 0x80, 0x80, 0x84, 0x80, 0x84, 0x84, 0x80, 0x84, 0x79, 0x30, 0x37, 0x94, 0xd0, 0xd0, 0x6b, 0x16, 0x16, 0xa4, 0xe8, 0xea, 0xec, 0xee, 0xf0, 0xf3, 0xf4, 0xf6, 0xf8, 0xfa, 0xfb, 0xfc, 0xfc, 0x0b, 0xfc, 0x0b, 0x0b, 0xfc, 0x0b, 0xfc, 0xfc, 0xfc, 0xfb, 0xfb, 0xfa, 0xf9, 0xf6, 0xf6, 0x46, 0x00, 0x00, 0x00, 0x00, 0x00, 0x00, 0x00, 0x00, 
  0x00, 0x00, 0x00, 0x00, 0x00, 0x00, 0x00, 0x00, 0xbf, 0x0b, 0x0b, 0x0b, 0x0b, 0x0b, 0x0b, 0x0b, 0x0b, 0x0b, 0x0b, 0x0b, 0x0b, 0x0b, 0x0b, 0x0b, 0x0b, 0x0b, 0x0b, 0x0b, 0x0b, 0x0b, 0x0b, 0x0b, 0x0b, 0x0b, 0x0b, 0x0b, 0x0b, 0x0b, 0x0b, 0x0b, 0x0b, 0x0b, 0x0b, 0x0b, 0x0b, 0x0b, 0x0b, 0x0b, 0x0b, 0x0b, 0x0b, 0x0b, 0x0b, 0x0b, 0x0b, 0x0b, 0x0b, 0x0b, 0x0b, 0x0b, 0x0b, 0xfc, 0x0b, 0xfc, 0xfc, 0xfb, 0xfb, 0xf9, 0xf8, 0xf5, 0xf4, 0xf2, 0xf0, 0xee, 0xec, 0xea, 0xe4, 0x4c, 0x16, 0x16, 0x24, 0x5e, 0x5e, 0x5e, 0x5e, 0x5e, 0x5e, 0x66, 0x57, 0x22, 0x16, 0x16, 0xb3, 0xe8, 0xea, 0xec, 0xf0, 0xf1, 0xf3, 0xf5, 0xf6, 0xf9, 0xfa, 0xfb, 0xfc, 0xfc, 0x0b, 0xfc, 0x0b, 0x0b, 0x0b, 0x0b, 0x0b, 0x0b, 0x0b, 0x0b, 0x0b, 0x0b, 0x0b, 0xfc, 0xfc, 0xfc, 0xfb, 0xfa, 0xf8, 0xf6, 0xf4, 0xf2, 0xf0, 0xec, 0xec, 0xe8, 0xd8, 0x21, 0x16, 0x44, 0xce, 0x5d, 0x27, 0x72, 0x80, 0x80, 0x80, 0x80, 0x80, 0x80, 0x80, 0x84, 0x80, 0x84, 0x84, 0x84, 0x84, 0x88, 0x51, 0x27, 0x6a, 0xbc, 0xd0, 0xa8, 0x16, 0x16, 0x3f, 0xe5, 0xea, 0xec, 0xee, 0xf0, 0xf2, 0xf4, 0xf5, 0xf8, 0xfa, 0xfa, 0xfc, 0xfc, 0xfc, 0x0b, 0xfc, 0x0b, 0x0b, 0xfc, 0xfc, 0xfc, 0xfc, 0xfb, 0xfa, 0xf9, 0xf8, 0xf5, 0xf4, 0xc2, 0x00, 0x00, 0x00, 0x00, 0x00, 0x00, 0x00, 0x00, 
  0x00, 0x00, 0x00, 0x00, 0x00, 0x00, 0x00, 0x01, 0xf7, 0x0b, 0x0b, 0x0b, 0x0b, 0x0b, 0x0b, 0x0b, 0x0b, 0x0b, 0x0b, 0x0b, 0x0b, 0x0b, 0x0b, 0x0b, 0x0b, 0x0b, 0x0b, 0x0b, 0x0b, 0x0b, 0x0b, 0x0b, 0x0b, 0x0b, 0x0b, 0x0b, 0x0b, 0x0b, 0x0b, 0x0b, 0x0b, 0x0b, 0x0b, 0x0b, 0x0b, 0x0b, 0x0b, 0x0b, 0x0b, 0x0b, 0x0b, 0x0b, 0x0b, 0x0b, 0x0b, 0x0b, 0x0b, 0x0b, 0x0b, 0x0b, 0x0b, 0x0b, 0xfc, 0xfc, 0xfc, 0xfb, 0xfa, 0xf8, 0xf6, 0xf5, 0xf3, 0xf2, 0xee, 0xec, 0xea, 0xe8, 0xbe, 0x18, 0x16, 0x16, 0x50, 0x5e, 0x5e, 0x5e, 0x5e, 0x66, 0x66, 0x5e, 0x66, 0x3e, 0x16, 0x16, 0x35, 0xde, 0xea, 0xec, 0xee, 0xf0, 0xf2, 0xf4, 0xf5, 0xf8, 0xfa, 0xfb, 0xfc, 0xfc, 0xfc, 0x0b, 0x0b, 0x0b, 0x0b, 0x0b, 0x0b, 0x0b, 0x0b, 0x0b, 0x0b, 0x0b, 0x0b, 0x0b, 0xfc, 0xfc, 0xfa, 0xfa, 0xf8, 0xf5, 0xf4, 0xf2, 0xf0, 0xec, 0xea, 0xea, 0xb3, 0x16, 0x16, 0x75, 0xce, 0x2c, 0x37, 0x80, 0x80, 0x80, 0x80, 0x84, 0x80, 0x84, 0x84, 0x84, 0x84, 0x84, 0x84, 0x88, 0x84, 0x88, 0x74, 0x27, 0x43, 0xa7, 0xd0, 0xc8, 0x2b, 0x16, 0x21, 0xd8, 0xe8, 0xea, 0xec, 0xf0, 0xf2, 0xf3, 0xf5, 0xf8, 0xf9, 0xfa, 0xfb, 0xfc, 0xfc, 0xfc, 0x0b, 0xfc, 0xfc, 0xfc, 0xfc, 0xfc, 0xfb, 0xfa, 0xf9, 0xf8, 0xf5, 0xf5, 0xf3, 0xe9, 0x17, 0x00, 0x00, 0x00, 0x00, 0x00, 0x00, 0x00, 
  0x00, 0x00, 0x00, 0x00, 0x00, 0x00, 0x00, 0x85, 0x0b, 0x0b, 0x0b, 0x0b, 0x0b, 0x0b, 0x0b, 0x0b, 0x0b, 0x0b, 0x0b, 0x0b, 0x0b, 0x0b, 0xfc, 0x0b, 0xfc, 0x0b, 0xfc, 0x0b, 0xfc, 0x0b, 0xfc, 0x0b, 0x0b, 0x0b, 0x0b, 0x0b, 0x0b, 0x0b, 0x0b, 0x0b, 0x0b, 0x0b, 0x0b, 0x0b, 0x0b, 0x0b, 0x0b, 0x0b, 0x0b, 0x0b, 0x0b, 0x0b, 0x0b, 0x0b, 0x0b, 0x0b, 0x0b, 0x0b, 0x0b, 0x0b, 0x0b, 0xfc, 0x0b, 0xfc, 0xfb, 0xfb, 0xfa, 0xf8, 0xf5, 0xf4, 0xf2, 0xf0, 0xee, 0xec, 0xea, 0xe4, 0x35, 0x16, 0x16, 0x32, 0x5e, 0x5e, 0x77, 0x94, 0xb6, 0xba, 0xa1, 0x8e, 0x66, 0x59, 0x24, 0x16, 0x16, 0xca, 0xe8, 0xea, 0xec, 0xf0, 0xf1, 0xf3, 0xf5, 0xf8, 0xf9, 0xfa, 0xfb, 0xfc, 0xfc, 0x0b, 0xfc, 0x0b, 0x0b, 0x0b, 0x0b, 0x0b, 0x0b, 0x0b, 0x0b, 0x0b, 0xfc, 0xfc, 0xfc, 0xfb, 0xfb, 0xf9, 0xf8, 0xf5, 0xf3, 0xf1, 0xee, 0xec, 0xea, 0xe8, 0x8a, 0x16, 0x16, 0x9a, 0xac, 0x27, 0x50, 0x80, 0x80, 0x80, 0x80, 0x80, 0x84, 0x80, 0x84, 0x84, 0x84, 0x84, 0x88, 0x84, 0x88, 0x88, 0x88, 0x40, 0x27, 0x88, 0xce, 0xd0, 0x7f, 0x16, 0x16, 0x99, 0xe8, 0xea, 0xec, 0xee, 0xf0, 0xf3, 0xf4, 0xf6, 0xf9, 0xfa, 0xfb, 0xfb, 0xfc, 0xfc, 0xfc, 0xfc, 0xfc, 0xfc, 0xfc, 0xfb, 0xfa, 0xfa, 0xf8, 0xf6, 0xf5, 0xf3, 0xf3, 0xf0, 0x7d, 0x00, 0x00, 0x00, 0x00, 0x00, 0x00, 0x00, 
  0x00, 0x00, 0x00, 0x00, 0x00, 0x00, 0x00, 0x08, 0x0b, 0x0b, 0x0b, 0x0b, 0x0b, 0x0b, 0x0b, 0x0b, 0x0b, 0x0b, 0xfc, 0x0b, 0xfc, 0x0b, 0xfc, 0x0b, 0xfc, 0x0b, 0xfc, 0x0b, 0xfc, 0x0b, 0xfc, 0x0b, 0xfc, 0x0b, 0xfc, 0x0b, 0x0b, 0x0b, 0x0b, 0x0b, 0x0b, 0x0b, 0x0b, 0x0b, 0x0b, 0x0b, 0x0b, 0x0b, 0x0b, 0x0b, 0x0b, 0x0b, 0x0b, 0x0b, 0x0b, 0x0b, 0x0b, 0x0b, 0x0b, 0x0b, 0x0b, 0x0b, 0xfc, 0xfc, 0xfb, 0xfa, 0xf9, 0xf6, 0xf5, 0xf3, 0xf2, 0xee, 0xec, 0xea, 0xe8, 0xbe, 0x18, 0x16, 0x1d, 0x57, 0x66, 0x93, 0xc5, 0xd0, 0xd0, 0xd0, 0xd0, 0xce, 0xab, 0x72, 0x3e, 0x16, 0x16, 0x5c, 0xe5, 0xea, 0xec, 0xee, 0xf0, 0xf3, 0xf4, 0xf6, 0xf8, 0xfa, 0xfb, 0xfc, 0xfc, 0xfc, 0x0b, 0x0b, 0x0b, 0x0b, 0x0b, 0x0b, 0x0b, 0x0b, 0x0b, 0x0b, 0x0b, 0xfc, 0xfc, 0xfc, 0xfa, 0xf9, 0xf6, 0xf5, 0xf3, 0xf1, 0xee, 0xec, 0xea, 0xe8, 0x4c, 0x16, 0x16, 0xb9, 0x86, 0x27, 0x6e, 0x80, 0x84, 0x80, 0x84, 0x84, 0x84, 0x84, 0x84, 0x84, 0x84, 0x88, 0x84, 0x88, 0x88, 0x88, 0x88, 0x64, 0x27, 0x59, 0xba, 0xd0, 0xa8, 0x16, 0x16, 0x3f, 0xe2, 0xe8, 0xec, 0xec, 0xf0, 0xf1, 0xf4, 0xf5, 0xf8, 0xf9, 0xfa, 0xfb, 0xfc, 0xfc, 0xfc, 0xfc, 0xfc, 0xfc, 0xfb, 0xfa, 0xfa, 0xf8, 0xf6, 0xf5, 0xf3, 0xf3, 0xf0, 0xf0, 0xcc, 0x00, 0x00, 0x00, 0x00, 0x00, 0x00, 0x00, 
  0x00, 0x00, 0x00, 0x00, 0x00, 0x00, 0x02, 0x0b, 0x0b, 0x0b, 0x0b, 0x0b, 0x0b, 0x0b, 0xfc, 0x0b, 0xfc, 0x0b, 0xfc, 0x0b, 0xfc, 0xfc, 0xfc, 0xfc, 0xfc, 0xfc, 0xfc, 0xfc, 0xfc, 0xfc, 0xfc, 0xfc, 0x0b, 0xfc, 0x0b, 0xfc, 0x0b, 0x0b, 0x0b, 0x0b, 0x0b, 0x0b, 0x0b, 0x0b, 0x0b, 0x0b, 0x0b, 0x0b, 0x0b, 0x0b, 0x0b, 0x0b, 0x0b, 0x0b, 0x0b, 0x0b, 0x0b, 0x0b, 0x0b, 0x0b, 0xfc, 0xfc, 0xfc, 0xfb, 0xfb, 0xfa, 0xf8, 0xf5, 0xf4, 0xf2, 0xf0, 0xee, 0xec, 0xea, 0xe7, 0x4c, 0x16, 0x16, 0x32, 0x66, 0x9e, 0xd0, 0xd0, 0xd0, 0xc9, 0xbc, 0xce, 0xd0, 0xd0, 0xb2, 0x59, 0x18, 0x16, 0x1d, 0xd8, 0xe8, 0xea, 0xee, 0xee, 0xf2, 0xf4, 0xf5, 0xf8, 0xf9, 0xfb, 0xfb, 0xfc, 0x0b, 0xfc, 0x0b, 0x0b, 0x0b, 0x0b, 0x0b, 0x0b, 0x0b, 0x0b, 0x0b, 0xfc, 0xfc, 0xfc, 0xfb, 0xfa, 0xf9, 0xf6, 0xf4, 0xf3, 0xf0, 0xee, 0xea, 0xea, 0xde, 0x29, 0x16, 0x2b, 0xcb, 0x4a, 0x31, 0x80, 0x80, 0x84, 0x80, 0x84, 0x84, 0x84, 0x84, 0x84, 0x88, 0x88, 0x88, 0x88, 0x88, 0x88, 0x88, 0x8b, 0x88, 0x31, 0x37, 0xa7, 0xd0, 0xc9, 0x38, 0x16, 0x21, 0xd8, 0xe8, 0xea, 0xec, 0xee, 0xf1, 0xf3, 0xf4, 0xf6, 0xf8, 0xfa, 0xfa, 0xfb, 0xfc, 0xfc, 0xfc, 0xfb, 0xfb, 0xfa, 0xfa, 0xf8, 0xf8, 0xf5, 0xf4, 0xf3, 0xf0, 0xf0, 0xec, 0xec, 0x1e, 0x00, 0x00, 0x00, 0x00, 0x00, 0x00, 
  0x00, 0x00, 0x00, 0x00, 0x00, 0x00, 0x85, 0x0b, 0x0b, 0x0b, 0x0b, 0x0b, 0xfc, 0x0b, 0xfc, 0x0b, 0xfc, 0xfc, 0xfc, 0xfc, 0xfc, 0xfc, 0xfc, 0xfc, 0xfc, 0xfb, 0xfb, 0xfc, 0xfc, 0xfc, 0xfc, 0xfc, 0xfc, 0xfc, 0xfc, 0xfc, 0x0b, 0xfc, 0x0b, 0xfc, 0x0b, 0x0b, 0x0b, 0x0b, 0x0b, 0x0b, 0x0b, 0x0b, 0x0b, 0x0b, 0x0b, 0x0b, 0x0b, 0x0b, 0x0b, 0x0b, 0x0b, 0x0b, 0x0b, 0x0b, 0x0b, 0xfc, 0xfc, 0xfb, 0xfa, 0xf9, 0xf6, 0xf5, 0xf3, 0xf1, 0xf0, 0xec, 0xea, 0xe8, 0xd3, 0x18, 0x16, 0x18, 0x54, 0x97, 0xd0, 0xd0, 0xc5, 0x93, 0x69, 0x66, 0x80, 0xb2, 0xd0, 0xce, 0x94, 0x28, 0x16, 0x16, 0x8a, 0xe8, 0xea, 0xec, 0xee, 0xf1, 0xf3, 0xf5, 0xf6, 0xf9, 0xfa, 0xfb, 0xfc, 0xfc, 0x0b, 0x0b, 0x0b, 0x0b, 0x0b, 0x0b, 0x0b, 0x0b, 0x0b, 0x0b, 0x0b, 0xfc, 0xfc, 0xfb, 0xfa, 0xf8, 0xf5, 0xf4, 0xf2, 0xf0, 0xec, 0xec, 0xe8, 0xd8, 0x21, 0x16, 0x44, 0xb9, 0x2c, 0x40, 0x80, 0x84, 0x84, 0x84, 0x84, 0x84, 0x84, 0x88, 0x88, 0x88, 0x84, 0x88, 0x88, 0x88, 0x8b, 0x88, 0x8b, 0x88, 0x59, 0x27, 0x7e, 0xce, 0xd0, 0x75, 0x16, 0x16, 0x83, 0xe8, 0xe8, 0xec, 0xec, 0xf0, 0xf2, 0xf4, 0xf5, 0xf8, 0xf9, 0xfa, 0xfa, 0xfb, 0xfb, 0xfb, 0xfb, 0xfa, 0xfa, 0xf9, 0xf8, 0xf5, 0xf4, 0xf3, 0xf1, 0xf0, 0xec, 0xec, 0xe7, 0x7d, 0x00, 0x00, 0x00, 0x00, 0x00, 0x00, 
  0x00, 0x00, 0x00, 0x00, 0x00, 0x00, 0x09, 0x0b, 0x0b, 0x0b, 0xfc, 0x0b, 0x0b, 0xfc, 0x0b, 0xfc, 0xfc, 0xfc, 0xfc, 0xfc, 0xfb, 0xfb, 0xfb, 0xfb, 0xfb, 0xfb, 0xfb, 0xfb, 0xfb, 0xfb, 0xfb, 0xfb, 0xfc, 0xfc, 0xfc, 0xfc, 0xfc, 0x0b, 0xfc, 0x0b, 0x0b, 0x0b, 0x0b, 0x0b, 0x0b, 0x0b, 0x0b, 0x0b, 0x0b, 0x0b, 0x0b, 0x0b, 0x0b, 0x0b, 0x0b, 0x0b, 0x0b, 0x0b, 0x0b, 0x0b, 0xfc, 0xfc, 0xfc, 0xfb, 0xfa, 0xf9, 0xf5, 0xf5, 0xf2, 0xf1, 0xee, 0xec, 0xea, 0xe8, 0x83, 0x16, 0x16, 0x32, 0x88, 0xce, 0xd0, 0xc5, 0x77, 0x66, 0x66, 0x66, 0x66, 0x72, 0xba, 0xd0, 0xc9, 0x5d, 0x18, 0x16, 0x4c, 0xe4, 0xea, 0xec, 0xee, 0xf0, 0xf3, 0xf4, 0xf6, 0xf8, 0xfa, 0xfb, 0xfc, 0xfc, 0xfc, 0x0b, 0x0b, 0x0b, 0x0b, 0x0b, 0x0b, 0x0b, 0x0b, 0x0b, 0xfc, 0xfc, 0xfc, 0xfb, 0xfa, 0xf8, 0xf6, 0xf3, 0xf2, 0xf0, 0xec, 0xea, 0xe8, 0xbe, 0x16, 0x16, 0x6b, 0xa0, 0x27, 0x64, 0x80, 0x84, 0x80, 0x84, 0x84, 0x84, 0x84, 0x84, 0x84, 0x88, 0x88, 0x88, 0x88, 0x88, 0x88, 0x88, 0x8b, 0x8b, 0x84, 0x27, 0x48, 0xb6, 0xd0, 0xae, 0x18, 0x16, 0x29, 0xdb, 0xea, 0xea, 0xec, 0xf0, 0xf1, 0xf3, 0xf5, 0xf6, 0xf8, 0xfa, 0xfa, 0xfb, 0xfb, 0xfb, 0xfa, 0xfa, 0xf9, 0xf8, 0xf5, 0xf5, 0xf3, 0xf1, 0xf0, 0xee, 0xec, 0xea, 0xea, 0xc7, 0x00, 0x00, 0x00, 0x00, 0x00, 0x00, 
  0x00, 0x00, 0x00, 0x00, 0x00, 0x02, 0x0b, 0x0b, 0x0b, 0xfc, 0x0b, 0xfc, 0xfc, 0xfc, 0xfc, 0xfc, 0xfc, 0xfb, 0xfb, 0xfb, 0xfb, 0xfb, 0xfa, 0xfa, 0xfa, 0xfa, 0xfa, 0xfa, 0xfa, 0xfb, 0xfa, 0xfb, 0xfb, 0xfb, 0xfb, 0xfc, 0xfc, 0xfc, 0xfc, 0xfc, 0x0b, 0xfc, 0x0b, 0x0b, 0x0b, 0x0b, 0x0b, 0x0b, 0x0b, 0x0b, 0x0b, 0x0b, 0x0b, 0x0b, 0x0b, 0x0b, 0x0b, 0x0b, 0x0b, 0xfc, 0x0b, 0xfc, 0xfc, 0xfa, 0xfa, 0xf8, 0xf5, 0xf4, 0xf2, 0xf0, 0xec, 0xec, 0xea, 0xde, 0x35, 0x16, 0x16, 0x55, 0xb6, 0xd0, 0xc9, 0x80, 0x66, 0x66, 0x66, 0x66, 0x66, 0x66, 0x8b, 0xc9, 0xd0, 0xa3, 0x22, 0x16, 0x16, 0xdb, 0xe8, 0xea, 0xec, 0xf0, 0xf2, 0xf4, 0xf5, 0xf8, 0xfa, 0xfa, 0xfc, 0xfc, 0x0b, 0xfc, 0x0b, 0x0b, 0x0b, 0x0b, 0x0b, 0x0b, 0x0b, 0xfc, 0x0b, 0xfc, 0xfc, 0xfa, 0xfa, 0xf8, 0xf5, 0xf3, 0xf1, 0xee, 0xec, 0xea, 0xe8, 0x8a, 0x16, 0x14, 0x9a, 0x7c, 0x27, 0x6e, 0x84, 0x84, 0x84, 0x84, 0x84, 0x88, 0x84, 0x88, 0x88, 0x88, 0x88, 0x88, 0x88, 0x88, 0x8b, 0x8b, 0x8b, 0x8b, 0x8b, 0x37, 0x31, 0x9e, 0xd0, 0xce, 0x44, 0x16, 0x16, 0xca, 0xe8, 0xea, 0xec, 0xee, 0xf1, 0xf2, 0xf4, 0xf5, 0xf8, 0xf8, 0xfa, 0xfa, 0xfa, 0xfa, 0xfa, 0xf9, 0xf8, 0xf6, 0xf5, 0xf3, 0xf2, 0xf0, 0xee, 0xec, 0xea, 0xe8, 0xe4, 0x5c, 0x0d, 0x00, 0x00, 0x00, 0x00, 0x00, 
  0x00, 0x00, 0x00, 0x00, 0x00, 0x85, 0x0b, 0xfc, 0x0b, 0xfc, 0xfc, 0xfc, 0xfc, 0xfc, 0xfb, 0xfb, 0xfb, 0xfa, 0xfb, 0xfa, 0xfa, 0xf9, 0xf9, 0xf9, 0xf9, 0xf9, 0xf9, 0xf9, 0xf9, 0xf9, 0xf9, 0xfa, 0xfa, 0xfa, 0xfb, 0xfb, 0xfb, 0xfc, 0xfc, 0xfc, 0xfc, 0x0b, 0xfc, 0x0b, 0x0b, 0x0b, 0x0b, 0x0b, 0x0b, 0x0b, 0x0b, 0x0b, 0x0b, 0x0b, 0x0b, 0x0b, 0x0b, 0x0b, 0x0b, 0x0b, 0xfc, 0xfc, 0xfb, 0xfa, 0xf9, 0xf6, 0xf5, 0xf3, 0xf2, 0xee, 0xec, 0xea, 0xe8, 0xbe, 0x18, 0x16, 0x24, 0x9b, 0xd0, 0xd0, 0x93, 0x66, 0x66, 0x66, 0x66, 0x66, 0x66, 0x69, 0x69, 0xa7, 0xd0, 0xce, 0x53, 0x16, 0x16, 0xa4, 0xe7, 0xec, 0xec, 0xee, 0xf1, 0xf3, 0xf5, 0xf6, 0xf9, 0xfb, 0xfb, 0xfc, 0xfc, 0x0b, 0x0b, 0x0b, 0x0b, 0x0b, 0x0b, 0x0b, 0x0b, 0x0b, 0xfc, 0xfc, 0xfb, 0xfb, 0xf9, 0xf8, 0xf5, 0xf3, 0xf1, 0xee, 0xec, 0xea, 0xe8, 0x6c, 0x16, 0x16, 0xb5, 0x55, 0x2c, 0x80, 0x84, 0x84, 0x84, 0x84, 0x88, 0x84, 0x88, 0x84, 0x88, 0x88, 0x88, 0x88, 0x8b, 0x8b, 0x88, 0x8b, 0x8b, 0x8b, 0x8b, 0x65, 0x27, 0x71, 0xc9, 0xd0, 0x7f, 0x16, 0x16, 0x6c, 0xe7, 0xe8, 0xec, 0xec, 0xee, 0xf1, 0xf3, 0xf5, 0xf5, 0xf8, 0xf8, 0xf9, 0xf9, 0xf9, 0xf8, 0xf8, 0xf5, 0xf5, 0xf3, 0xf3, 0xf0, 0xee, 0xec, 0xec, 0xea, 0xe8, 0x91, 0x18, 0x0f, 0x00, 0x00, 0x00, 0x00, 0x00, 
  0x00, 0x00, 0x00, 0x00, 0x00, 0x08, 0xfc, 0x0b, 0xfc, 0xfc, 0xfc, 0xfc, 0xfb, 0xfb, 0xfb, 0xfa, 0xfa, 0xf9, 0xf9, 0xf8, 0xf8, 0xf8, 0xf6, 0xf6, 0xf6, 0xf6, 0xf6, 0xf6, 0xf6, 0xf8, 0xf8, 0xf8, 0xf9, 0xf9, 0xfa, 0xfa, 0xfb, 0xfb, 0xfb, 0xfc, 0xfc, 0xfc, 0x0b, 0xfc, 0x0b, 0x0b, 0x0b, 0x0b, 0x0b, 0x0b, 0x0b, 0x0b, 0x0b, 0x0b, 0x0b, 0x0b, 0x0b, 0x0b, 0xfc, 0x0b, 0xfc, 0xfc, 0xfb, 0xfa, 0xf8, 0xf6, 0xf4, 0xf3, 0xf0, 0xee, 0xec, 0xea, 0xe7, 0x4c, 0x16, 0x14, 0x55, 0xc9, 0xd0, 0xba, 0x69, 0x66, 0x66, 0x66, 0x66, 0x66, 0x69, 0x66, 0x69, 0x80, 0xc5, 0xd0, 0x9a, 0x18, 0x16, 0x5c, 0xe7, 0xe8, 0xec, 0xee, 0xf0, 0xf3, 0xf4, 0xf6, 0xf9, 0xfa, 0xfb, 0xfb, 0x0b, 0xfc, 0x0b, 0x0b, 0x0b, 0x0b, 0x0b, 0x0b, 0xfc, 0x0b, 0xfc, 0xfc, 0xfb, 0xfa, 0xf9, 0xf6, 0xf4, 0xf2, 0xf1, 0xec, 0xec, 0xea, 0xe2, 0x35, 0x16, 0x29, 0xb5, 0x31, 0x40, 0x84, 0x84, 0x84, 0x84, 0x88, 0x84, 0x88, 0x88, 0x88, 0x8b, 0x88, 0x88, 0x8b, 0x88, 0x8b, 0x8b, 0x8b, 0x8b, 0x8b, 0x8e, 0x88, 0x27, 0x48, 0xbc, 0xd0, 0xb9, 0x22, 0x16, 0x29, 0xd8, 0xe8, 0xea, 0xec, 0xee, 0xf0, 0xf3, 0xf3, 0xf5, 0xf5, 0xf8, 0xf8, 0xf8, 0xf6, 0xf8, 0xf5, 0xf5, 0xf4, 0xf2, 0xf1, 0xee, 0xee, 0xea, 0xea, 0xe7, 0xdb, 0x21, 0x16, 0x13, 0x00, 0x00, 0x00, 0x00, 0x00, 
  0x00, 0x00, 0x00, 0x00, 0x01, 0xf7, 0xfc, 0xfc, 0xfc, 0xfc, 0xfb, 0xfb, 0xfa, 0xfa, 0xfa, 0xf9, 0xf9, 0xf8, 0xf8, 0xf6, 0xf6, 0xf5, 0xf5, 0xf5, 0xf5, 0xf5, 0xf5, 0xf5, 0xf5, 0xf5, 0xf5, 0xf6, 0xf6, 0xf8, 0xf8, 0xf9, 0xfa, 0xfa, 0xfb, 0xfb, 0xfb, 0xfc, 0xfc, 0x0b, 0xfc, 0x0b, 0x0b, 0x0b, 0x0b, 0x0b, 0x0b, 0x0b, 0x0b, 0x0b, 0x0b, 0x0b, 0x0b, 0x0b, 0x0b, 0xfc, 0xfc, 0xfb, 0xfa, 0xf9, 0xf8, 0xf5, 0xf4, 0xf1, 0xf0, 0xec, 0xec, 0xe8, 0xdb, 0x29, 0x16, 0x18, 0x96, 0xd0, 0xd0, 0x72, 0x66, 0x66, 0x66, 0x66, 0x57, 0x54, 0x5e, 0x69, 0x69, 0x69, 0x9e, 0xd0, 0xce, 0x2b, 0x16, 0x1d, 0xdb, 0xea, 0xea, 0xec, 0xf0, 0xf2, 0xf4, 0xf5, 0xf8, 0xfa, 0xfb, 0xfc, 0xfc, 0x0b, 0xfc, 0x0b, 0x0b, 0x0b, 0x0b, 0x0b, 0x0b, 0x0b, 0xfc, 0xfc, 0xfb, 0xfa, 0xf9, 0xf6, 0xf4, 0xf3, 0xf0, 0xec, 0xec, 0xe8, 0xdb, 0x29, 0x16, 0x38, 0xac, 0x27, 0x59, 0x84, 0x84, 0x88, 0x88, 0x88, 0x88, 0x88, 0x88, 0x88, 0x88, 0x8b, 0x8b, 0x8b, 0x8b, 0x8b, 0x8b, 0x8b, 0x8e, 0x8e, 0x8e, 0x8e, 0x43, 0x2c, 0x9b, 0xd0, 0xce, 0x53, 0x16, 0x16, 0x91, 0xe7, 0xea, 0xea, 0xec, 0xee, 0xf1, 0xf3, 0xf4, 0xf4, 0xf5, 0xf6, 0xf6, 0xf5, 0xf5, 0xf4, 0xf4, 0xf2, 0xf1, 0xee, 0xee, 0xea, 0xea, 0xe8, 0xde, 0x3f, 0x16, 0x16, 0x24, 0x12, 0x00, 0x00, 0x00, 0x00, 
  0x00, 0x00, 0x00, 0x01, 0x04, 0xfc, 0xfc, 0xfc, 0xfc, 0xfb, 0xfb, 0xfa, 0xfa, 0xf9, 0xf8, 0xf8, 0xf6, 0xf5, 0xf5, 0xf5, 0xf4, 0xf4, 0xf3, 0xf3, 0xf3, 0xf3, 0xf3, 0xf3, 0xf3, 0xf4, 0xf4, 0xf4, 0xf5, 0xf5, 0xf6, 0xf8, 0xf8, 0xf9, 0xfa, 0xfb, 0xfb, 0xfc, 0xfc, 0xfc, 0x0b, 0xfc, 0x0b, 0x0b, 0x0b, 0x0b, 0x0b, 0x0b, 0x0b, 0x0b, 0x0b, 0x0b, 0x0b, 0xfc, 0x0b, 0xfc, 0xfc, 0xfb, 0xfb, 0xf9, 0xf8, 0xf5, 0xf3, 0xf1, 0xee, 0xec, 0xea, 0xea, 0xa4, 0x16, 0x16, 0x33, 0xc8, 0xd0, 0xab, 0x69, 0x66, 0x66, 0x40, 0x27, 0x27, 0x27, 0x27, 0x3c, 0x5a, 0x69, 0x7b, 0xc5, 0xd0, 0x5b, 0x16, 0x16, 0xca, 0xe8, 0xea, 0xec, 0xf0, 0xf2, 0xf3, 0xf5, 0xf8, 0xf9, 0xfb, 0xfb, 0xfc, 0xfc, 0x0b, 0x0b, 0x0b, 0x0b, 0x0b, 0x0b, 0xfc, 0x0b, 0xfc, 0xfc, 0xfb, 0xfa, 0xf8, 0xf6, 0xf4, 0xf2, 0xf0, 0xee, 0xea, 0xe8, 0xd3, 0x18, 0x16, 0x6b, 0x86, 0x27, 0x6e, 0x84, 0x88, 0x84, 0x88, 0x88, 0x88, 0x88, 0x88, 0x8b, 0x8b, 0x8b, 0x8b, 0x8b, 0x8b, 0x8e, 0x8b, 0x8e, 0x8b, 0x8e, 0x8e, 0x8e, 0x73, 0x27, 0x65, 0xce, 0xd0, 0x8d, 0x16, 0x16, 0x29, 0xde, 0xe8, 0xea, 0xec, 0xee, 0xf0, 0xf1, 0xf3, 0xf3, 0xf4, 0xf4, 0xf5, 0xf4, 0xf4, 0xf3, 0xf3, 0xf0, 0xf0, 0xec, 0xec, 0xea, 0xea, 0xe7, 0x76, 0x16, 0x16, 0x1d, 0x86, 0x34, 0x00, 0x00, 0x00, 0x00, 
  0x00, 0x00, 0x00, 0x00, 0xbf, 0xfc, 0xfc, 0xfb, 0xfb, 0xfa, 0xfa, 0xf9, 0xf8, 0xf8, 0xf6, 0xf5, 0xf4, 0xf4, 0xf3, 0xf3, 0xf3, 0xf2, 0xf2, 0xf1, 0xf1, 0xf1, 0xf1, 0xf1, 0xf1, 0xf2, 0xf2, 0xf3, 0xf3, 0xf4, 0xf4, 0xf5, 0xf6, 0xf8, 0xf9, 0xfa, 0xfa, 0xfb, 0xfc, 0xfc, 0xfc, 0x0b, 0xfc, 0x0b, 0x0b, 0x0b, 0x0b, 0x0b, 0x0b, 0x0b, 0x0b, 0x0b, 0x0b, 0x0b, 0x0b, 0xfc, 0xfc, 0xfb, 0xfa, 0xf9, 0xf6, 0xf4, 0xf3, 0xf0, 0xee, 0xec, 0xea, 0xe5, 0x5c, 0x16, 0x16, 0x7f, 0xd0, 0xd0, 0x80, 0x66, 0x5e, 0x2c, 0x27, 0x30, 0x3c, 0x48, 0x37, 0x27, 0x2c, 0x59, 0x70, 0xb6, 0xd0, 0x9a, 0x16, 0x16, 0x6c, 0xe7, 0xea, 0xec, 0xee, 0xf1, 0xf3, 0xf5, 0xf8, 0xf9, 0xfb, 0xfb, 0xfc, 0xfc, 0x0b, 0xfc, 0x0b, 0x0b, 0x0b, 0x0b, 0x0b, 0xfc, 0xfc, 0xfb, 0xfb, 0xfa, 0xf8, 0xf5, 0xf4, 0xf2, 0xf0, 0xec, 0xea, 0xe8, 0xa4, 0x16, 0x16, 0x8d, 0x5f, 0x2c, 0x80, 0x88, 0x88, 0x88, 0x88, 0x88, 0x88, 0x8b, 0x8b, 0x88, 0x8b, 0x8b, 0x8b, 0x8b, 0x8e, 0x8b, 0x8e, 0x8e, 0x8e, 0x8e, 0x8e, 0x8e, 0x8e, 0x27, 0x51, 0xb8, 0xd0, 0xc0, 0x2b, 0x16, 0x16, 0xa4, 0xe7, 0xea, 0xea, 0xec, 0xee, 0xf0, 0xf1, 0xf2, 0xf3, 0xf3, 0xf4, 0xf2, 0xf3, 0xf1, 0xf0, 0xf0, 0xec, 0xec, 0xea, 0xe8, 0xe8, 0xbe, 0x1d, 0x16, 0x16, 0x5f, 0x9b, 0x68, 0x00, 0x00, 0x00, 0x00, 
  0x00, 0x00, 0x00, 0x00, 0x0a, 0xfb, 0xfb, 0xfa, 0xfa, 0xf9, 0xf8, 0xf8, 0xf6, 0xf5, 0xf4, 0xf4, 0xf3, 0xf3, 0xf2, 0xf1, 0xf1, 0xf0, 0xee, 0xf0, 0xee, 0xee, 0xee, 0xee, 0xf0, 0xf0, 0xf0, 0xf1, 0xf2, 0xf3, 0xf3, 0xf4, 0xf5, 0xf5, 0xf8, 0xf8, 0xfa, 0xfb, 0xfb, 0xfc, 0xfc, 0xfc, 0x0b, 0xfc, 0x0b, 0x0b, 0x0b, 0x0b, 0x0b, 0x0b, 0x0b, 0x0b, 0x0b, 0x0b, 0xfc, 0xfc, 0xfc, 0xfb, 0xfa, 0xf8, 0xf5, 0xf4, 0xf1, 0xf0, 0xec, 0xec, 0xe8, 0xdb, 0x21, 0x16, 0x22, 0xb5, 0xd0, 0xb8, 0x66, 0x66, 0x30, 0x27, 0x40, 0x66, 0x69, 0x69, 0x69, 0x50, 0x27, 0x30, 0x66, 0x94, 0xce, 0xc0, 0x22, 0x16, 0x29, 0xe4, 0xea, 0xec, 0xee, 0xf0, 0xf3, 0xf4, 0xf6, 0xf8, 0xfa, 0xfb, 0xfc, 0xfc, 0xfc, 0x0b, 0x0b, 0x0b, 0x0b, 0x0b, 0xfc, 0x0b, 0xfc, 0xfc, 0xfa, 0xf9, 0xf8, 0xf5, 0xf3, 0xf1, 0xee, 0xec, 0xea, 0xe8, 0x76, 0x16, 0x16, 0x9a, 0x3e, 0x3c, 0x84, 0x88, 0x88, 0x88, 0x8b, 0x88, 0x8b, 0x88, 0x8b, 0x8b, 0x8b, 0x8b, 0x8b, 0x8e, 0x8b, 0x8e, 0x8e, 0x8e, 0x8e, 0x8e, 0x93, 0x8e, 0x93, 0x4a, 0x2c, 0x92, 0xd0, 0xd0, 0x6f, 0x16, 0x16, 0x4c, 0xe4, 0xe8, 0xe8, 0xec, 0xec, 0xee, 0xf0, 0xf0, 0xf1, 0xf2, 0xf1, 0xf2, 0xf0, 0xf0, 0xf0, 0xec, 0xec, 0xea, 0xe8, 0xe8, 0xd3, 0x35, 0x16, 0x16, 0x42, 0x94, 0xa1, 0xa2, 0x00, 0x00, 0x00, 0x00, 
  0x00, 0x00, 0x00, 0x02, 0xfb, 0xfa, 0xfa, 0xf9, 0xf9, 0xf8, 0xf6, 0xf5, 0xf4, 0xf4, 0xf3, 0xf2, 0xf1, 0xf0, 0xf0, 0xee, 0xee, 0xee, 0xec, 0xec, 0xec, 0xec, 0xec, 0xec, 0xec, 0xec, 0xee, 0xee, 0xf0, 0xf0, 0xf2, 0xf3, 0xf3, 0xf5, 0xf5, 0xf8, 0xf8, 0xfa, 0xfa, 0xfb, 0xfc, 0xfc, 0xfc, 0x0b, 0xfc, 0x0b, 0x0b, 0x0b, 0x0b, 0x0b, 0x0b, 0x0b, 0x0b, 0xfc, 0x0b, 0xfc, 0xfb, 0xfa, 0xf8, 0xf8, 0xf5, 0xf3, 0xf1, 0xee, 0xec, 0xea, 0xe8, 0xa4, 0x16, 0x16, 0x5b, 0xce, 0xd0, 0x8b, 0x66, 0x3c, 0x27, 0x40, 0x66, 0x69, 0x69, 0x69, 0x70, 0x69, 0x48, 0x27, 0x48, 0x77, 0xc5, 0xd0, 0x44, 0x16, 0x16, 0xd8, 0xea, 0xea, 0xec, 0xf0, 0xf1, 0xf4, 0xf5, 0xf9, 0xfa, 0xfa, 0xfc, 0xfc, 0x0b, 0xfc, 0x0b, 0x0b, 0x0b, 0x0b, 0x0b, 0xfc, 0xfc, 0xfb, 0xfa, 0xfa, 0xf6, 0xf5, 0xf3, 0xf1, 0xee, 0xec, 0xea, 0xe7, 0x4c, 0x16, 0x22, 0xa0, 0x31, 0x51, 0x84, 0x88, 0x88, 0x8b, 0x88, 0x8b, 0x8b, 0x8b, 0x8b, 0x8b, 0x8b, 0x8e, 0x8e, 0x8e, 0x8e, 0x8e, 0x8e, 0x8e, 0x8e, 0x93, 0x8e, 0x93, 0x8e, 0x73, 0x27, 0x71, 0xc9, 0xd0, 0xae, 0x24, 0x16, 0x1d, 0xbe, 0xe8, 0xe8, 0xea, 0xea, 0xec, 0xec, 0xee, 0xf0, 0xf0, 0xf0, 0xf0, 0xee, 0xee, 0xec, 0xec, 0xea, 0xe8, 0xe8, 0xdb, 0x3f, 0x16, 0x16, 0x24, 0x92, 0x9e, 0xbc, 0xd0, 0x23, 0x00, 0x00, 0x00, 
  0x00, 0x00, 0x00, 0x85, 0xfa, 0xfa, 0xf9, 0xf8, 0xf8, 0xf6, 0xf5, 0xf4, 0xf4, 0xf2, 0xf1, 0xf1, 0xee, 0xf0, 0xec, 0xee, 0xec, 0xec, 0xec, 0xea, 0xec, 0xea, 0xec, 0xea, 0xec, 0xec, 0xec, 0xec, 0xee, 0xee, 0xf0, 0xf1, 0xf2, 0xf3, 0xf4, 0xf5, 0xf8, 0xf8, 0xfa, 0xfa, 0xfb, 0xfc, 0xfc, 0xfc, 0x0b, 0x0b, 0x0b, 0x0b, 0x0b, 0x0b, 0x0b, 0x0b, 0xfc, 0x0b, 0xfc, 0xfc, 0xfb, 0xfa, 0xf8, 0xf6, 0xf4, 0xf2, 0xf0, 0xee, 0xec, 0xea, 0xe7, 0x5c, 0x16, 0x16, 0xa8, 0xd0, 0xbc, 0x70, 0x4d, 0x27, 0x37, 0x66, 0x70, 0x69, 0x70, 0x69, 0x70, 0x70, 0x69, 0x3c, 0x27, 0x64, 0xad, 0xd0, 0x75, 0x16, 0x16, 0xa4, 0xe8, 0xea, 0xec, 0xee, 0xf1, 0xf3, 0xf5, 0xf8, 0xf9, 0xfb, 0xfb, 0xfc, 0xfc, 0x0b, 0x0b, 0x0b, 0x0b, 0xfc, 0x0b, 0xfc, 0xfc, 0xfb, 0xfa, 0xf9, 0xf6, 0xf5, 0xf2, 0xf1, 0xec, 0xec, 0xe8, 0xde, 0x29, 0x14, 0x38, 0x90, 0x27, 0x6a, 0x8b, 0x88, 0x8b, 0x88, 0x8b, 0x8b, 0x8b, 0x8b, 0x8e, 0x8b, 0x8e, 0x8b, 0x8e, 0x8e, 0x8e, 0x8e, 0x8e, 0x8e, 0x93, 0x8e, 0x93, 0x93, 0x93, 0x8b, 0x2c, 0x40, 0xb6, 0xd0, 0xc9, 0x5b, 0x16, 0x16, 0x5c, 0xe4, 0xe7, 0xe8, 0xea, 0xea, 0xec, 0xec, 0xee, 0xee, 0xec, 0xee, 0xec, 0xec, 0xea, 0xea, 0xea, 0xe7, 0xde, 0x4c, 0x16, 0x16, 0x1d, 0x7c, 0x9e, 0xb6, 0xd0, 0xd0, 0x47, 0x00, 0x00, 0x00, 
  0x00, 0x00, 0x00, 0xbf, 0xf6, 0xf9, 0xf6, 0xf6, 0xf5, 0xf4, 0xf3, 0xf3, 0xf1, 0xf0, 0xf0, 0xee, 0xec, 0xec, 0xec, 0xea, 0xea, 0xea, 0xea, 0xe8, 0xe8, 0xe8, 0xe8, 0xe8, 0xe8, 0xea, 0xea, 0xea, 0xec, 0xec, 0xee, 0xee, 0xf1, 0xf2, 0xf3, 0xf4, 0xf5, 0xf8, 0xf8, 0xfa, 0xfa, 0xfb, 0xfc, 0xfc, 0xfc, 0x0b, 0x0b, 0x0b, 0x0b, 0x0b, 0x0b, 0x0b, 0x0b, 0xfc, 0xfc, 0xfc, 0xfa, 0xfa, 0xf8, 0xf5, 0xf4, 0xf2, 0xf0, 0xec, 0xea, 0xe8, 0xdb, 0x35, 0x16, 0x2b, 0xc6, 0xd0, 0x97, 0x5e, 0x2c, 0x2c, 0x5e, 0x70, 0x69, 0x69, 0x70, 0x70, 0x70, 0x70, 0x70, 0x59, 0x2c, 0x3c, 0x8e, 0xd0, 0xa8, 0x1d, 0x16, 0x6c, 0xe7, 0xea, 0xec, 0xee, 0xf1, 0xf3, 0xf5, 0xf6, 0xf9, 0xfa, 0xfb, 0xfc, 0xfc, 0x0b, 0xfc, 0x0b, 0x0b, 0x0b, 0xfc, 0xfc, 0xfc, 0xfb, 0xfa, 0xf8, 0xf6, 0xf3, 0xf2, 0xf0, 0xec, 0xec, 0xe8, 0xd8, 0x21, 0x16, 0x44, 0x7c, 0x27, 0x79, 0x88, 0x8b, 0x88, 0x8b, 0x8b, 0x8b, 0x8b, 0x8e, 0x8b, 0x8e, 0x8e, 0x8e, 0x8e, 0x8e, 0x8e, 0x8e, 0x93, 0x8e, 0x93, 0x93, 0x93, 0x93, 0x93, 0x93, 0x51, 0x2c, 0x8c, 0xce, 0xd0, 0x96, 0x1d, 0x16, 0x18, 0xca, 0xe7, 0xe7, 0xe8, 0xe8, 0xea, 0xec, 0xea, 0xec, 0xec, 0xec, 0xea, 0xea, 0xea, 0xe8, 0xe7, 0xe2, 0x5c, 0x16, 0x16, 0x16, 0x5f, 0x9e, 0xa7, 0xce, 0xd0, 0xc9, 0x68, 0x00, 0x00, 0x00, 
  0x00, 0x00, 0x00, 0xe0, 0xf8, 0xf6, 0xf5, 0xf4, 0xf4, 0xf3, 0xf2, 0xf0, 0xf0, 0xee, 0xec, 0xec, 0xec, 0xea, 0xea, 0xea, 0xe8, 0xe4, 0xca, 0x91, 0x83, 0x6c, 0x3f, 0x4c, 0x76, 0xa4, 0xd3, 0xe8, 0xea, 0xea, 0xec, 0xec, 0xee, 0xf0, 0xf1, 0xf3, 0xf4, 0xf5, 0xf8, 0xf9, 0xfa, 0xfb, 0xfb, 0xfc, 0xfc, 0x0b, 0xfc, 0x0b, 0x0b, 0x0b, 0x0b, 0x0b, 0xfc, 0x0b, 0xfc, 0xfb, 0xfb, 0xf9, 0xf8, 0xf5, 0xf3, 0xf1, 0xee, 0xec, 0xea, 0xe8, 0xbe, 0x16, 0x16, 0x6b, 0xd0, 0xce, 0x7b, 0x40, 0x27, 0x50, 0x69, 0x69, 0x70, 0x69, 0x70, 0x69, 0x70, 0x70, 0x70, 0x70, 0x3c, 0x27, 0x64, 0xc5, 0xcb, 0x22, 0x16, 0x21, 0xe5, 0xe8, 0xec, 0xee, 0xf0, 0xf3, 0xf4, 0xf6, 0xf9, 0xfa, 0xfb, 0xfc, 0xfc, 0xfc, 0x0b, 0x0b, 0x0b, 0xfc, 0x0b, 0xfc, 0xfc, 0xfa, 0xfa, 0xf9, 0xf5, 0xf4, 0xf2, 0xf0, 0xec, 0xea, 0xea, 0xbe, 0x16, 0x16, 0x7f, 0x5d, 0x31, 0x84, 0x8b, 0x88, 0x8b, 0x8b, 0x8b, 0x8b, 0x8b, 0x8b, 0x8e, 0x8b, 0x8e, 0x8e, 0x8e, 0x8e, 0x8e, 0x8e, 0x93, 0x8e, 0x93, 0x8e, 0x93, 0x93, 0x93, 0x93, 0x6e, 0x27, 0x65, 0xbc, 0xd0, 0xbc, 0x4b, 0x16, 0x16, 0x35, 0xde, 0xe8, 0xe7, 0xe8, 0xe8, 0xe8, 0xea, 0xea, 0xea, 0xe8, 0xea, 0xe8, 0xe8, 0xe7, 0xe4, 0x76, 0x16, 0x16, 0x16, 0x4b, 0x9d, 0xa1, 0xc9, 0xd0, 0xd0, 0xab, 0x89, 0x00, 0x00, 0x00, 
  0x00, 0x00, 0x01, 0xf6, 0xf5, 0xf4, 0xf4, 0xf3, 0xf2, 0xf1, 0xf0, 0xee, 0xec, 0xec, 0xec, 0xea, 0xe8, 0xea, 0xe4, 0xbe, 0x5c, 0x29, 0x1d, 0x16, 0x16, 0x16, 0x16, 0x16, 0x16, 0x16, 0x21, 0x5c, 0xd3, 0xe7, 0xea, 0xec, 0xec, 0xee, 0xf0, 0xf1, 0xf3, 0xf4, 0xf5, 0xf8, 0xf8, 0xfa, 0xfb, 0xfc, 0xfc, 0xfc, 0x0b, 0xfc, 0x0b, 0x0b, 0x0b, 0xfc, 0x0b, 0xfc, 0xfc, 0xfb, 0xfa, 0xf9, 0xf6, 0xf4, 0xf3, 0xf0, 0xee, 0xec, 0xea, 0xe7, 0x6c, 0x16, 0x16, 0x8d, 0xd0, 0xb8, 0x69, 0x2c, 0x37, 0x69, 0x69, 0x70, 0x69, 0x70, 0x70, 0x70, 0x70, 0x70, 0x70, 0x72, 0x64, 0x2c, 0x40, 0xad, 0xd0, 0x53, 0x16, 0x16, 0xd3, 0xea, 0xea, 0xec, 0xf0, 0xf2, 0xf4, 0xf5, 0xf8, 0xfa, 0xfa, 0xfc, 0xfc, 0x0b, 0xfc, 0x0b, 0xfc, 0x0b, 0xfc, 0xfc, 0xfc, 0xfa, 0xf9, 0xf8, 0xf5, 0xf3, 0xf1, 0xee, 0xec, 0xea, 0xe8, 0x99, 0x16, 0x16, 0x8d, 0x37, 0x43, 0x84, 0x8b, 0x88, 0x8b, 0x8b, 0x8b, 0x8b, 0x8b, 0x8e, 0x8b, 0x8e, 0x8e, 0x8e, 0x8e, 0x8e, 0x93, 0x8e, 0x93, 0x8e, 0x93, 0x93, 0x93, 0x93, 0x93, 0x94, 0x8e, 0x37, 0x3c, 0xad, 0xd0, 0xce, 0x96, 0x22, 0x16, 0x16, 0x91, 0xe5, 0xe7, 0xe7, 0xe7, 0xe8, 0xe7, 0xe8, 0xe8, 0xe8, 0xe8, 0xe7, 0xe7, 0xe4, 0x83, 0x18, 0x16, 0x16, 0x42, 0x9d, 0x9e, 0xbc, 0xd0, 0xd0, 0xbb, 0xa1, 0xa1, 0x12, 0x00, 0x00, 
  0x00, 0x01, 0x46, 0xf5, 0xf4, 0xf3, 0xf3, 0xf1, 0xf1, 0xee, 0xee, 0xec, 0xec, 0xea, 0xea, 0xe8, 0xde, 0xb3, 0x5c, 0x1d, 0x16, 0x16, 0x16, 0x16, 0x16, 0x16, 0x16, 0x16, 0x16, 0x16, 0x16, 0x16, 0x29, 0x99, 0xe7, 0xe8, 0xec, 0xec, 0xee, 0xf0, 0xf2, 0xf3, 0xf4, 0xf6, 0xf8, 0xfa, 0xfa, 0xfb, 0xfc, 0xfc, 0xfc, 0x0b, 0xfc, 0x0b, 0xfc, 0x0b, 0xfc, 0xfc, 0xfc, 0xfb, 0xfa, 0xf8, 0xf5, 0xf4, 0xf2, 0xf0, 0xec, 0xec, 0xe8, 0xde, 0x29, 0x16, 0x2b, 0xc0, 0xd0, 0x93, 0x40, 0x27, 0x57, 0x69, 0x70, 0x69, 0x70, 0x70, 0x70, 0x70, 0x70, 0x72, 0x70, 0x72, 0x70, 0x3c, 0x2c, 0x8c, 0xce, 0x7f, 0x16, 0x16, 0xa4, 0xe8, 0xea, 0xec, 0xee, 0xf2, 0xf3, 0xf5, 0xf8, 0xf9, 0xfb, 0xfb, 0xfc, 0xfc, 0x0b, 0xfc, 0x0b, 0xfc, 0x0b, 0xfc, 0xfb, 0xfb, 0xf9, 0xf8, 0xf5, 0xf3, 0xf1, 0xee, 0xec, 0xea, 0xe7, 0x5c, 0x16, 0x16, 0x9a, 0x31, 0x51, 0x8b, 0x8b, 0x8b, 0x8b, 0x8b, 0x8e, 0x8b, 0x8e, 0x8e, 0x8e, 0x8e, 0x8e, 0x8e, 0x8e, 0x93, 0x8e, 0x93, 0x93, 0x93, 0x93, 0x93, 0x93, 0x93, 0x94, 0x93, 0x94, 0x51, 0x27, 0x86, 0xc9, 0xd0, 0xba, 0x5f, 0x18, 0x16, 0x1d, 0xbe, 0xe5, 0xe7, 0xe7, 0xe7, 0xe7, 0xe7, 0xe7, 0xe7, 0xe7, 0xe7, 0xdb, 0x76, 0x18, 0x16, 0x18, 0x38, 0x92, 0x9e, 0xb2, 0xce, 0xd0, 0xc5, 0xa7, 0xa1, 0xa1, 0x20, 0x00, 0x00, 
  0x00, 0x00, 0x05, 0xee, 0xf4, 0xf0, 0xf1, 0xee, 0xee, 0xec, 0xec, 0xea, 0xea, 0xe8, 0xe5, 0xd3, 0x4c, 0x16, 0x16, 0x16, 0x16, 0x16, 0x1d, 0x24, 0x28, 0x32, 0x32, 0x32, 0x28, 0x22, 0x18, 0x16, 0x16, 0x21, 0x6c, 0xde, 0xe8, 0xea, 0xec, 0xee, 0xf0, 0xf2, 0xf3, 0xf4, 0xf6, 0xf8, 0xfa, 0xfa, 0xfb, 0xfc, 0xfc, 0xfc, 0x0b, 0xfc, 0x0b, 0xfc, 0xfc, 0xfc, 0xfb, 0xfa, 0xf9, 0xf8, 0xf5, 0xf3, 0xf2, 0xee, 0xec, 0xea, 0xe8, 0xbe, 0x16, 0x16, 0x53, 0xce, 0xc9, 0x70, 0x2c, 0x30, 0x69, 0x70, 0x69, 0x70, 0x70, 0x70, 0x70, 0x70, 0x70, 0x72, 0x70, 0x72, 0x72, 0x59, 0x27, 0x59, 0xc9, 0x9a, 0x1d, 0x16, 0x5c, 0xe8, 0xea, 0xec, 0xee, 0xf1, 0xf3, 0xf5, 0xf8, 0xf9, 0xfa, 0xfc, 0xfc, 0xfc, 0xfc, 0x0b, 0xfc, 0x0b, 0xfc, 0xfc, 0xfb, 0xfa, 0xf9, 0xf6, 0xf4, 0xf3, 0xf0, 0xee, 0xea, 0xea, 0xe4, 0x3f, 0x16, 0x2b, 0x90, 0x27, 0x6a, 0x8b, 0x8b, 0x8b, 0x8b, 0x8e, 0x8b, 0x8e, 0x8e, 0x8e, 0x8e, 0x8e, 0x8e, 0x93, 0x8e, 0x93, 0x93, 0x93, 0x93, 0x93, 0x93, 0x93, 0x93, 0x94, 0x93, 0x94, 0x94, 0x7e, 0x27, 0x65, 0xb6, 0xd0, 0xce, 0x97, 0x33, 0x16, 0x16, 0x21, 0xd3, 0xe5, 0xe7, 0xe7, 0xe7, 0xe7, 0xe7, 0xe7, 0xe4, 0xca, 0x35, 0x16, 0x16, 0x16, 0x33, 0x92, 0xa1, 0xab, 0xc9, 0xd0, 0xce, 0xab, 0xa1, 0xa1, 0x5d, 0x1b, 0x01, 0x00, 
  0x00, 0x00, 0xc2, 0xf2, 0xf1, 0xf0, 0xf0, 0xec, 0xec, 0xec, 0xea, 0xe8, 0xe8, 0xde, 0x91, 0x18, 0x16, 0x16, 0x16, 0x16, 0x24, 0x3a, 0x40, 0x4d, 0x4d, 0x50, 0x50, 0x54, 0x50, 0x4d, 0x3e, 0x24, 0x16, 0x16, 0x16, 0x6c, 0xe2, 0xea, 0xea, 0xec, 0xee, 0xf1, 0xf2, 0xf4, 0xf5, 0xf6, 0xf8, 0xfa, 0xfb, 0xfb, 0xfc, 0xfc, 0xfc, 0x0b, 0xfc, 0x0b, 0xfc, 0xfc, 0xfb, 0xfa, 0xf8, 0xf6, 0xf4, 0xf3, 0xf0, 0xee, 0xec, 0xea, 0xe7, 0x76, 0x16, 0x16, 0x9a, 0xd0, 0xb2, 0x48, 0x27, 0x50, 0x69, 0x70, 0x70, 0x70, 0x70, 0x70, 0x72, 0x70, 0x72, 0x72, 0x72, 0x72, 0x72, 0x6a, 0x2c, 0x3c, 0xba, 0xcb, 0x22, 0x16, 0x21, 0xe7, 0xea, 0xea, 0xee, 0xf0, 0xf3, 0xf4, 0xf6, 0xf9, 0xfa, 0xfb, 0xfc, 0xfc, 0x0b, 0xfc, 0x0b, 0xfc, 0xfc, 0xfc, 0xfb, 0xfa, 0xf8, 0xf6, 0xf4, 0xf2, 0xf0, 0xee, 0xea, 0xea, 0xdb, 0x29, 0x16, 0x38, 0x6f, 0x27, 0x79, 0x8b, 0x8e, 0x8b, 0x8e, 0x8b, 0x8e, 0x8e, 0x8e, 0x8e, 0x8e, 0x8e, 0x93, 0x8e, 0x93, 0x93, 0x8e, 0x93, 0x93, 0x93, 0x93, 0x93, 0x94, 0x93, 0x94, 0x94, 0x94, 0x92, 0x3c, 0x37, 0x9d, 0xce, 0xd0, 0xb6, 0x86, 0x24, 0x16, 0x16, 0x29, 0xca, 0xe4, 0xe5, 0xe5, 0xe4, 0xe2, 0xca, 0x76, 0x1d, 0x16, 0x16, 0x16, 0x42, 0x96, 0x9e, 0xa7, 0xc9, 0xd0, 0xd0, 0xb6, 0xa1, 0xa1, 0x8c, 0x27, 0x2d, 0x00, 0x00, 
  0x00, 0x00, 0xdf, 0xf0, 0xee, 0xec, 0xec, 0xec, 0xea, 0xea, 0xe8, 0xe8, 0xca, 0x35, 0x16, 0x16, 0x16, 0x16, 0x28, 0x43, 0x4d, 0x4d, 0x50, 0x50, 0x50, 0x50, 0x54, 0x50, 0x54, 0x54, 0x54, 0x48, 0x28, 0x16, 0x16, 0x16, 0x83, 0xe5, 0xea, 0xea, 0xec, 0xee, 0xf1, 0xf2, 0xf4, 0xf5, 0xf8, 0xf8, 0xfa, 0xfb, 0xfb, 0xfc, 0xfc, 0xfc, 0xfc, 0xfc, 0xfc, 0xfb, 0xfb, 0xfa, 0xf8, 0xf5, 0xf4, 0xf1, 0xf0, 0xec, 0xea, 0xe8, 0xde, 0x35, 0x16, 0x22, 0xb9, 0xd0, 0x94, 0x30, 0x2c, 0x69, 0x70, 0x70, 0x70, 0x70, 0x70, 0x72, 0x70, 0x72, 0x72, 0x72, 0x72, 0x72, 0x72, 0x77, 0x48, 0x27, 0x96, 0xce, 0x44, 0x16, 0x16, 0xdb, 0xea, 0xea, 0xec, 0xf0, 0xf1, 0xf4, 0xf5, 0xf8, 0xfa, 0xfa, 0xfc, 0xfc, 0xfc, 0x0b, 0xfc, 0x0b, 0xfc, 0xfc, 0xfa, 0xfa, 0xf8, 0xf5, 0xf4, 0xf2, 0xf0, 0xec, 0xea, 0xe8, 0xd3, 0x16, 0x16, 0x5b, 0x5d, 0x31, 0x88, 0x8b, 0x8b, 0x8e, 0x8b, 0x8e, 0x8e, 0x8e, 0x8e, 0x8e, 0x93, 0x8e, 0x93, 0x93, 0x93, 0x93, 0x93, 0x93, 0x93, 0x94, 0x93, 0x94, 0x93, 0x94, 0x94, 0x94, 0x94, 0x94, 0x5d, 0x27, 0x7e, 0xbb, 0xd0, 0xc9, 0x9e, 0x7c, 0x22, 0x16, 0x16, 0x16, 0x5c, 0x8a, 0x83, 0x6c, 0x3f, 0x16, 0x16, 0x16, 0x16, 0x1d, 0x4b, 0x9e, 0x9e, 0xa1, 0xbc, 0xd0, 0xd0, 0xbc, 0xa7, 0xa1, 0x97, 0x37, 0x31, 0x89, 0x00, 0x00, 
  0x00, 0x17, 0xee, 0xec, 0xec, 0xec, 0xea, 0xea, 0xe8, 0xe8, 0xe2, 0x83, 0x21, 0x16, 0x16, 0x16, 0x24, 0x43, 0x4d, 0x4d, 0x50, 0x4d, 0x50, 0x50, 0x50, 0x54, 0x50, 0x54, 0x54, 0x54, 0x54, 0x57, 0x54, 0x32, 0x16, 0x16, 0x16, 0x91, 0xe7, 0xea, 0xec, 0xec, 0xf0, 0xf1, 0xf3, 0xf4, 0xf6, 0xf8, 0xfa, 0xfa, 0xfb, 0xfc, 0xfc, 0xfc, 0xfc, 0xfc, 0xfb, 0xfc, 0xfa, 0xf9, 0xf8, 0xf5, 0xf3, 0xf2, 0xf0, 0xec, 0xea, 0xe8, 0xca, 0x16, 0x16, 0x53, 0xd0, 0xc9, 0x6a, 0x27, 0x48, 0x70, 0x70, 0x70, 0x70, 0x72, 0x70, 0x72, 0x72, 0x72, 0x72, 0x72, 0x77, 0x72, 0x77, 0x77, 0x59, 0x27, 0x65, 0xd0, 0x75, 0x16, 0x16, 0xa4, 0xe8, 0xec, 0xec, 0xf0, 0xf2, 0xf4, 0xf5, 0xf8, 0xfa, 0xfb, 0xfb, 0xfc, 0xfc, 0xfc, 0xfc, 0xfc, 0xfc, 0xfc, 0xfb, 0xfa, 0xf8, 0xf5, 0xf4, 0xf1, 0xee, 0xec, 0xea, 0xea, 0xa4, 0x16, 0x16, 0x7f, 0x3e, 0x3c, 0x88, 0x8e, 0x8e, 0x8e, 0x8e, 0x8e, 0x8e, 0x8e, 0x8e, 0x93, 0x8e, 0x93, 0x93, 0x93, 0x93, 0x93, 0x93, 0x93, 0x94, 0x93, 0x94, 0x94, 0x94, 0x94, 0x94, 0x94, 0x97, 0x94, 0x88, 0x27, 0x59, 0xa7, 0xd0, 0xd0, 0xb8, 0x97, 0x71, 0x22, 0x16, 0x16, 0x16, 0x16, 0x16, 0x16, 0x16, 0x16, 0x16, 0x16, 0x2b, 0x86, 0xa1, 0xa1, 0xa1, 0xb6, 0xd0, 0xd0, 0xc5, 0xa7, 0xa1, 0x9d, 0x3e, 0x27, 0x92, 0xa7, 0x12, 0x00, 
  0x00, 0x46, 0xea, 0xec, 0xea, 0xea, 0xe8, 0xe8, 0xe7, 0xd3, 0x4c, 0x16, 0x16, 0x16, 0x18, 0x32, 0x48, 0x4d, 0x4d, 0x50, 0x4d, 0x50, 0x54, 0x50, 0x54, 0x50, 0x54, 0x54, 0x54, 0x54, 0x57, 0x54, 0x57, 0x54, 0x32, 0x16, 0x16, 0x18, 0xca, 0xe8, 0xea, 0xec, 0xee, 0xf0, 0xf2, 0xf3, 0xf5, 0xf6, 0xf9, 0xfa, 0xfb, 0xfb, 0xfc, 0xfc, 0xfc, 0xfc, 0xfb, 0xfb, 0xfa, 0xf9, 0xf6, 0xf4, 0xf3, 0xf1, 0xee, 0xec, 0xea, 0xe8, 0x91, 0x16, 0x16, 0x8d, 0xce, 0xb8, 0x3c, 0x2c, 0x66, 0x70, 0x70, 0x70, 0x72, 0x70, 0x72, 0x72, 0x72, 0x72, 0x72, 0x77, 0x72, 0x77, 0x77, 0x77, 0x72, 0x31, 0x43, 0xc5, 0x9a, 0x18, 0x16, 0x76, 0xe8, 0xea, 0xec, 0xee, 0xf1, 0xf3, 0xf5, 0xf8, 0xf9, 0xfa, 0xfc, 0xfc, 0xfc, 0xfc, 0x0b, 0xfc, 0xfc, 0xfb, 0xfb, 0xf9, 0xf8, 0xf5, 0xf3, 0xf1, 0xee, 0xec, 0xe8, 0xe8, 0x83, 0x16, 0x16, 0x7f, 0x37, 0x4a, 0x8e, 0x8e, 0x8e, 0x8e, 0x8e, 0x8e, 0x93, 0x8e, 0x93, 0x8e, 0x93, 0x93, 0x93, 0x93, 0x93, 0x93, 0x94, 0x93, 0x94, 0x94, 0x94, 0x94, 0x94, 0x94, 0x97, 0x97, 0x97, 0x97, 0x94, 0x4a, 0x31, 0x92, 0xbc, 0xd0, 0xc9, 0xa7, 0x97, 0x7c, 0x28, 0x16, 0x16, 0x16, 0x16, 0x16, 0x16, 0x18, 0x33, 0x5f, 0x94, 0xa1, 0x9e, 0xa1, 0xb2, 0xce, 0xd0, 0xc9, 0xab, 0xa7, 0xa7, 0x5d, 0x27, 0x5d, 0xa7, 0xab, 0x26, 0x00, 
  0x00, 0x7d, 0xea, 0xea, 0xe8, 0xe8, 0xe7, 0xde, 0x83, 0x21, 0x16, 0x16, 0x16, 0x24, 0x3e, 0x4d, 0x4d, 0x50, 0x50, 0x4d, 0x54, 0x50, 0x64, 0x74, 0x7e, 0x8c, 0x92, 0x94, 0x79, 0x6e, 0x5a, 0x57, 0x57, 0x57, 0x50, 0x28, 0x16, 0x16, 0x35, 0xde, 0xe8, 0xea, 0xec, 0xee, 0xf1, 0xf2, 0xf4, 0xf5, 0xf6, 0xf9, 0xfa, 0xfb, 0xfb, 0xfb, 0xfc, 0xfb, 0xfb, 0xfa, 0xf9, 0xf8, 0xf5, 0xf4, 0xf2, 0xf0, 0xec, 0xec, 0xe8, 0xe2, 0x35, 0x16, 0x22, 0xb9, 0xd0, 0x92, 0x2c, 0x30, 0x70, 0x70, 0x72, 0x70, 0x72, 0x72, 0x72, 0x72, 0x77, 0x72, 0x77, 0x72, 0x77, 0x77, 0x77, 0x77, 0x7b, 0x48, 0x27, 0xac, 0xc6, 0x1d, 0x16, 0x35, 0xe8, 0xe8, 0xec, 0xee, 0xf0, 0xf3, 0xf4, 0xf6, 0xf9, 0xfa, 0xfb, 0xfc, 0xfc, 0xfc, 0xfc, 0xfc, 0xfc, 0xfc, 0xfa, 0xf9, 0xf6, 0xf5, 0xf3, 0xf1, 0xec, 0xec, 0xea, 0xe7, 0x4c, 0x16, 0x22, 0x90, 0x2c, 0x64, 0x8e, 0x8e, 0x8e, 0x8e, 0x8e, 0x93, 0x8e, 0x93, 0x93, 0x93, 0x93, 0x93, 0x93, 0x93, 0x93, 0x94, 0x93, 0x94, 0x94, 0x94, 0x94, 0x94, 0x97, 0x94, 0x97, 0x94, 0x97, 0x97, 0x97, 0x79, 0x27, 0x65, 0xa7, 0xd0, 0xd0, 0xba, 0x9e, 0x9b, 0x92, 0x6f, 0x4b, 0x38, 0x33, 0x4b, 0x5f, 0x86, 0x97, 0xa1, 0xa1, 0x9e, 0xa7, 0xad, 0xce, 0xd0, 0xce, 0xb2, 0xa7, 0xa1, 0x8c, 0x2c, 0x4a, 0x9e, 0xab, 0xa7, 0x41, 0x00, 
  0x00, 0x98, 0xe8, 0xe8, 0xe7, 0xe2, 0xbe, 0x4c, 0x16, 0x16, 0x16, 0x18, 0x32, 0x43, 0x50, 0x4d, 0x50, 0x4d, 0x54, 0x59, 0x8c, 0xa3, 0xbc, 0xc9, 0xd0, 0xd0, 0xd0, 0xd0, 0xd0, 0xc9, 0xb6, 0x8c, 0x5e, 0x57, 0x5a, 0x4d, 0x22, 0x16, 0x16, 0x6c, 0xe5, 0xea, 0xec, 0xec, 0xee, 0xf1, 0xf3, 0xf4, 0xf6, 0xf8, 0xf9, 0xfa, 0xfb, 0xfb, 0xfb, 0xfb, 0xfb, 0xfa, 0xf9, 0xf6, 0xf5, 0xf3, 0xf1, 0xee, 0xec, 0xea, 0xe8, 0xd8, 0x18, 0x16, 0x44, 0xcb, 0xc9, 0x64, 0x27, 0x50, 0x70, 0x70, 0x72, 0x70, 0x72, 0x72, 0x72, 0x77, 0x72, 0x77, 0x77, 0x77, 0x77, 0x77, 0x77, 0x7b, 0x77, 0x64, 0x27, 0x86, 0xd0, 0x2b, 0x16, 0x16, 0xde, 0xe8, 0xea, 0xec, 0xf0, 0xf2, 0xf4, 0xf6, 0xf8, 0xfa, 0xfa, 0xfc, 0xfc, 0xfc, 0xfc, 0xfc, 0xfc, 0xfb, 0xfa, 0xf8, 0xf6, 0xf4, 0xf3, 0xf0, 0xec, 0xec, 0xe8, 0xde, 0x35, 0x16, 0x2b, 0x7c, 0x27, 0x73, 0x8e, 0x8e, 0x8e, 0x93, 0x8e, 0x93, 0x93, 0x93, 0x93, 0x93, 0x93, 0x93, 0x93, 0x94, 0x93, 0x94, 0x94, 0x94, 0x94, 0x94, 0x94, 0x94, 0x97, 0x94, 0x97, 0x97, 0x97, 0x97, 0x9b, 0x8c, 0x2c, 0x43, 0x9b, 0xbc, 0xd0, 0xce, 0xab, 0x9e, 0x9e, 0x9e, 0x9e, 0x9e, 0x9b, 0xa1, 0x9e, 0xa1, 0xa1, 0x9e, 0xa1, 0xa1, 0xb6, 0xce, 0xd0, 0xd0, 0xb8, 0xa7, 0xa7, 0x92, 0x37, 0x31, 0x9d, 0xab, 0xab, 0xab, 0x68, 0x00, 
  0x00, 0xcc, 0xe7, 0xe2, 0xbe, 0x4c, 0x16, 0x16, 0x16, 0x16, 0x1d, 0x3e, 0x4d, 0x50, 0x50, 0x4d, 0x54, 0x59, 0x96, 0xc5, 0xd0, 0xd0, 0xd0, 0xd0, 0xd0, 0xce, 0xce, 0xce, 0xd0, 0xd0, 0xd0, 0xd0, 0xb6, 0x74, 0x5a, 0x57, 0x43, 0x16, 0x16, 0x16, 0xca, 0xe8, 0xea, 0xec, 0xec, 0xf0, 0xf2, 0xf3, 0xf5, 0xf6, 0xf9, 0xf9, 0xfa, 0xfa, 0xfa, 0xfa, 0xfa, 0xf9, 0xf8, 0xf5, 0xf4, 0xf2, 0xf0, 0xee, 0xec, 0xe8, 0xe8, 0x83, 0x16, 0x16, 0x75, 0xd0, 0xb8, 0x3c, 0x2c, 0x69, 0x72, 0x72, 0x72, 0x72, 0x72, 0x72, 0x77, 0x72, 0x77, 0x77, 0x77, 0x77, 0x7b, 0x77, 0x7b, 0x77, 0x7b, 0x72, 0x2c, 0x55, 0xce, 0x6b, 0x16, 0x16, 0xca, 0xe8, 0xea, 0xec, 0xf0, 0xf2, 0xf3, 0xf5, 0xf8, 0xf9, 0xfb, 0xfb, 0xfc, 0xfc, 0xfc, 0xfc, 0xfc, 0xfa, 0xfa, 0xf9, 0xf5, 0xf4, 0xf2, 0xf0, 0xec, 0xea, 0xea, 0xd8, 0x21, 0x16, 0x44, 0x6f, 0x2c, 0x88, 0x8e, 0x8e, 0x93, 0x8e, 0x93, 0x93, 0x93, 0x93, 0x93, 0x93, 0x93, 0x93, 0x94, 0x93, 0x94, 0x94, 0x94, 0x94, 0x94, 0x97, 0x94, 0x97, 0x97, 0x97, 0x97, 0x9b, 0x97, 0x9b, 0x97, 0x9b, 0x51, 0x27, 0x86, 0xa7, 0xce, 0xd0, 0xc5, 0xa1, 0x9e, 0x9e, 0x9e, 0x9e, 0xa1, 0x9e, 0xa1, 0xa1, 0xa1, 0xa1, 0xa1, 0xb6, 0xce, 0xd0, 0xce, 0xba, 0xa7, 0xa7, 0xa7, 0x4a, 0x27, 0x71, 0xa7, 0xa7, 0xab, 0xab, 0x81, 0x00, 
  0x00, 0xb7, 0x91, 0x35, 0x16, 0x16, 0x16, 0x16, 0x18, 0x32, 0x48, 0x50, 0x4d, 0x50, 0x4d, 0x57, 0x8c, 0xc5, 0xd0, 0xd0, 0xd0, 0xd0, 0xba, 0x9d, 0x8c, 0x88, 0x74, 0x79, 0x8c, 0xa7, 0xc9, 0xd0, 0xd0, 0xc9, 0x7b, 0x5a, 0x5a, 0x32, 0x16, 0x16, 0x29, 0xe2, 0xe8, 0xea, 0xec, 0xee, 0xf0, 0xf3, 0xf3, 0xf5, 0xf6, 0xf8, 0xf9, 0xfa, 0xfa, 0xfa, 0xf9, 0xf9, 0xf6, 0xf5, 0xf3, 0xf2, 0xf0, 0xec, 0xea, 0xea, 0xde, 0x3f, 0x16, 0x1d, 0xae, 0xd0, 0x92, 0x2c, 0x37, 0x70, 0x70, 0x72, 0x72, 0x72, 0x77, 0x72, 0x77, 0x77, 0x77, 0x77, 0x77, 0x77, 0x7b, 0x77, 0x7b, 0x7b, 0x7b, 0x7b, 0x40, 0x2c, 0xc1, 0x8d, 0x16, 0x16, 0x91, 0xe8, 0xea, 0xec, 0xee, 0xf1, 0xf3, 0xf5, 0xf8, 0xf9, 0xfa, 0xfb, 0xfc, 0xfc, 0xfc, 0xfc, 0xfb, 0xfb, 0xfa, 0xf8, 0xf5, 0xf4, 0xf2, 0xee, 0xec, 0xea, 0xe8, 0xca, 0x18, 0x16, 0x75, 0x43, 0x3c, 0x8c, 0x8e, 0x93, 0x8e, 0x93, 0x93, 0x93, 0x93, 0x93, 0x93, 0x94, 0x93, 0x94, 0x93, 0x94, 0x94, 0x94, 0x94, 0x94, 0x94, 0x97, 0x94, 0x97, 0x97, 0x97, 0x97, 0x97, 0x9b, 0x97, 0x9b, 0x9b, 0x8c, 0x27, 0x65, 0x9b, 0xb6, 0xce, 0xd0, 0xbc, 0x9e, 0x9e, 0xa1, 0x9e, 0xa1, 0xa1, 0xa1, 0xa1, 0xa1, 0xab, 0xbc, 0xd0, 0xd0, 0xce, 0xb8, 0xa7, 0xa7, 0xa7, 0x71, 0x27, 0x5d, 0xa7, 0xab, 0xab, 0xab, 0xab, 0x89, 0x00, 
  0x00, 0x19, 0x16, 0x16, 0x16, 0x16, 0x18, 0x28, 0x43, 0x4d, 0x4d, 0x4d, 0x50, 0x50, 0x7e, 0xba, 0xd0, 0xd0, 0xd0, 0xba, 0x94, 0x64, 0x57, 0x54, 0x57, 0x57, 0x57, 0x57, 0x57, 0x57, 0x66, 0x9d, 0xce, 0xd0, 0xce, 0x94, 0x5a, 0x57, 0x1d, 0x16, 0x16, 0x8a, 0xe8, 0xe8, 0xec, 0xec, 0xf0, 0xf1, 0xf3, 0xf4, 0xf5, 0xf8, 0xf8, 0xf9, 0xf9, 0xf9, 0xf8, 0xf8, 0xf5, 0xf4, 0xf3, 0xf1, 0xee, 0xec, 0xea, 0xe8, 0xd3, 0x16, 0x16, 0x44, 0xd0, 0xc9, 0x65, 0x27, 0x59, 0x72, 0x72, 0x72, 0x72, 0x72, 0x72, 0x77, 0x72, 0x77, 0x77, 0x77, 0x77, 0x7b, 0x77, 0x7b, 0x7b, 0x7b, 0x77, 0x80, 0x50, 0x27, 0xa0, 0xb9, 0x18, 0x16, 0x4c, 0xe8, 0xea, 0xec, 0xee, 0xf1, 0xf3, 0xf4, 0xf6, 0xf9, 0xfa, 0xfb, 0xfb, 0xfc, 0xfc, 0xfc, 0xfb, 0xfb, 0xf9, 0xf8, 0xf5, 0xf3, 0xf2, 0xee, 0xec, 0xea, 0xe8, 0xa4, 0x16, 0x16, 0x75, 0x37, 0x4a, 0x8e, 0x93, 0x8e, 0x93, 0x8e, 0x93, 0x93, 0x93, 0x93, 0x93, 0x93, 0x93, 0x94, 0x94, 0x94, 0x94, 0x94, 0x94, 0x97, 0x94, 0x97, 0x97, 0x97, 0x97, 0x97, 0x9b, 0x97, 0x9b, 0x9b, 0x9b, 0x9b, 0x97, 0x4a, 0x31, 0x92, 0x9e, 0xc5, 0xd0, 0xd0, 0xbc, 0xa7, 0xa1, 0x9e, 0xa1, 0x9e, 0xa1, 0xa7, 0xb8, 0xce, 0xd0, 0xd0, 0xce, 0xb6, 0xa7, 0xa7, 0xab, 0x7e, 0x2c, 0x3e, 0xa1, 0xab, 0xab, 0xab, 0xab, 0xad, 0xa5, 0x00, 
  0x0d, 0x16, 0x16, 0x16, 0x1d, 0x28, 0x3e, 0x4d, 0x4d, 0x4d, 0x4d, 0x50, 0x59, 0x9d, 0xce, 0xd0, 0xd0, 0xbc, 0x92, 0x59, 0x57, 0x54, 0x57, 0x57, 0x57, 0x57, 0x57, 0x57, 0x5a, 0x57, 0x5a, 0x5a, 0x93, 0xc5, 0xd0, 0xce, 0x8b, 0x5e, 0x43, 0x18, 0x16, 0x18, 0xd8, 0xe8, 0xea, 0xec, 0xec, 0xf0, 0xf2, 0xf3, 0xf4, 0xf5, 0xf6, 0xf8, 0xf8, 0xf8, 0xf8, 0xf5, 0xf5, 0xf3, 0xf2, 0xf0, 0xec, 0xec, 0xea, 0xe7, 0x83, 0x16, 0x16, 0x7f, 0xd0, 0xbc, 0x40, 0x2c, 0x69, 0x72, 0x72, 0x72, 0x72, 0x72, 0x77, 0x72, 0x77, 0x77, 0x77, 0x77, 0x7b, 0x77, 0x7b, 0x77, 0x7b, 0x7b, 0x7b, 0x7b, 0x6a, 0x27, 0x7c, 0xce, 0x21, 0x16, 0x21, 0xe5, 0xe8, 0xec, 0xec, 0xf0, 0xf2, 0xf5, 0xf5, 0xf9, 0xfa, 0xfb, 0xfb, 0xfc, 0xfb, 0xfc, 0xfb, 0xfa, 0xf9, 0xf6, 0xf5, 0xf3, 0xf1, 0xee, 0xec, 0xea, 0xe7, 0x6c, 0x16, 0x18, 0x8d, 0x2c, 0x65, 0x8e, 0x93, 0x8e, 0x93, 0x93, 0x93, 0x93, 0x93, 0x93, 0x94, 0x93, 0x94, 0x93, 0x94, 0x94, 0x94, 0x94, 0x94, 0x94, 0x97, 0x94, 0x97, 0x97, 0x97, 0x97, 0x97, 0x9b, 0x97, 0x9b, 0x9b, 0x9b, 0x9b, 0x7e, 0x27, 0x5d, 0x9e, 0xa1, 0xc5, 0xd0, 0xce, 0xc9, 0xb8, 0xad, 0xad, 0xb6, 0xbc, 0xce, 0xce, 0xd0, 0xd0, 0xc9, 0xad, 0xa7, 0xa7, 0xa7, 0x92, 0x37, 0x2c, 0x8c, 0xab, 0xab, 0xab, 0xab, 0xad, 0xab, 0xad, 0x12, 
  0x0d, 0x1d, 0x22, 0x32, 0x43, 0x48, 0x4d, 0x4d, 0x50, 0x50, 0x50, 0x73, 0xb6, 0xd0, 0xd0, 0xc5, 0x9d, 0x6a, 0x54, 0x57, 0x54, 0x57, 0x57, 0x57, 0x57, 0x57, 0x57, 0x5a, 0x57, 0x5a, 0x5a, 0x5a, 0x5a, 0x84, 0xc5, 0xd0, 0xc9, 0x80, 0x5e, 0x28, 0x16, 0x16, 0x4c, 0xe4, 0xe8, 0xea, 0xec, 0xee, 0xf0, 0xf1, 0xf4, 0xf4, 0xf5, 0xf6, 0xf5, 0xf6, 0xf5, 0xf5, 0xf3, 0xf3, 0xf1, 0xee, 0xec, 0xea, 0xe8, 0xe2, 0x35, 0x16, 0x21, 0xb5, 0xd0, 0x96, 0x2c, 0x40, 0x72, 0x72, 0x72, 0x72, 0x72, 0x77, 0x77, 0x77, 0x77, 0x77, 0x77, 0x7b, 0x77, 0x7b, 0x7b, 0x7b, 0x7b, 0x7b, 0x7b, 0x80, 0x7b, 0x30, 0x55, 0xce, 0x53, 0x16, 0x18, 0xd8, 0xe8, 0xea, 0xec, 0xf0, 0xf1, 0xf4, 0xf5, 0xf8, 0xf9, 0xfa, 0xfb, 0xfb, 0xfc, 0xfb, 0xfb, 0xfa, 0xf9, 0xf6, 0xf4, 0xf3, 0xf0, 0xee, 0xea, 0xea, 0xe2, 0x3f, 0x14, 0x2b, 0x7c, 0x27, 0x73, 0x93, 0x93, 0x93, 0x93, 0x93, 0x93, 0x93, 0x93, 0x94, 0x93, 0x94, 0x94, 0x94, 0x94, 0x94, 0x94, 0x94, 0x97, 0x97, 0x97, 0x97, 0x97, 0x97, 0x97, 0x9b, 0x9b, 0x9b, 0x9b, 0x9b, 0x9b, 0x9b, 0x9e, 0x94, 0x43, 0x31, 0x92, 0x9e, 0xa7, 0xc5, 0xd0, 0xd0, 0xd0, 0xd0, 0xd0, 0xd0, 0xd0, 0xd0, 0xd0, 0xce, 0xbc, 0xab, 0xa7, 0xa7, 0xa7, 0x9e, 0x3e, 0x2c, 0x71, 0xab, 0xab, 0xab, 0xad, 0xab, 0xad, 0xad, 0xad, 0x26, 
  0x1b, 0x43, 0x48, 0x48, 0x4d, 0x4d, 0x4d, 0x4d, 0x50, 0x59, 0x92, 0xc9, 0xd0, 0xd0, 0xba, 0x73, 0x57, 0x54, 0x54, 0x54, 0x57, 0x57, 0x57, 0x57, 0x57, 0x5a, 0x57, 0x5a, 0x5a, 0x5a, 0x5a, 0x5a, 0x5a, 0x5e, 0x8b, 0xc9, 0xd0, 0xba, 0x69, 0x54, 0x1d, 0x16, 0x16, 0x99, 0xe8, 0xea, 0xea, 0xec, 0xf0, 0xf0, 0xf2, 0xf3, 0xf4, 0xf4, 0xf5, 0xf5, 0xf4, 0xf4, 0xf3, 0xf1, 0xf0, 0xec, 0xec, 0xe8, 0xe8, 0xbe, 0x18, 0x16, 0x44, 0xce, 0xce, 0x73, 0x27, 0x50, 0x72, 0x72, 0x72, 0x77, 0x77, 0x72, 0x77, 0x77, 0x77, 0x7b, 0x77, 0x7b, 0x7b, 0x7b, 0x7b, 0x7b, 0x7b, 0x80, 0x7b, 0x80, 0x7b, 0x48, 0x27, 0xc8, 0x75, 0x16, 0x16, 0xa4, 0xea, 0xea, 0xec, 0xf0, 0xf1, 0xf3, 0xf5, 0xf8, 0xf9, 0xfb, 0xfb, 0xfb, 0xfb, 0xfc, 0xfa, 0xfa, 0xf8, 0xf6, 0xf4, 0xf2, 0xf0, 0xee, 0xea, 0xea, 0xdb, 0x29, 0x16, 0x38, 0x6f, 0x2c, 0x84, 0x93, 0x93, 0x93, 0x93, 0x93, 0x93, 0x94, 0x93, 0x94, 0x94, 0x94, 0x94, 0x94, 0x94, 0x94, 0x97, 0x97, 0x94, 0x97, 0x97, 0x97, 0x97, 0x9b, 0x9b, 0x97, 0x9b, 0x9b, 0x9b, 0x9b, 0x9e, 0x9e, 0x9e, 0x9e, 0x71, 0x27, 0x5d, 0x9e, 0xa1, 0xa1, 0xba, 0xce, 0xce, 0xd0, 0xd0, 0xd0, 0xce, 0xce, 0xba, 0xad, 0xa7, 0xa7, 0xa7, 0xa7, 0xa7, 0x5d, 0x27, 0x65, 0xab, 0xab, 0xab, 0xad, 0xab, 0xad, 0xab, 0xad, 0xad, 0x34, 
  0x20, 0x4d, 0x4d, 0x4d, 0x4d, 0x4d, 0x50, 0x50, 0x6a, 0xac, 0xd0, 0xd0, 0xce, 0x9d, 0x64, 0x54, 0x54, 0x54, 0x57, 0x57, 0x57, 0x57, 0x57, 0x5a, 0x57, 0x57, 0x5a, 0x57, 0x5a, 0x5a, 0x5a, 0x5e, 0x5a, 0x5e, 0x5a, 0x94, 0xce, 0xd0, 0xa1, 0x66, 0x3a, 0x16, 0x16, 0x29, 0xdb, 0xe8, 0xea, 0xec, 0xec, 0xf0, 0xf1, 0xf2, 0xf3, 0xf4, 0xf3, 0xf4, 0xf3, 0xf3, 0xf2, 0xf0, 0xee, 0xec, 0xea, 0xea, 0xe4, 0x5c, 0x16, 0x16, 0x8d, 0xd0, 0xbc, 0x43, 0x2c, 0x6a, 0x77, 0x72, 0x77, 0x72, 0x77, 0x77, 0x7b, 0x77, 0x7b, 0x77, 0x7b, 0x7b, 0x7b, 0x7b, 0x7b, 0x7b, 0x80, 0x7b, 0x80, 0x80, 0x80, 0x59, 0x27, 0x96, 0xa8, 0x16, 0x16, 0x76, 0xe8, 0xea, 0xec, 0xee, 0xf1, 0xf3, 0xf5, 0xf6, 0xf9, 0xfa, 0xfb, 0xfb, 0xfb, 0xfb, 0xfa, 0xfa, 0xf8, 0xf5, 0xf4, 0xf2, 0xee, 0xee, 0xea, 0xe8, 0xd8, 0x16, 0x16, 0x53, 0x51, 0x37, 0x8c, 0x93, 0x93, 0x93, 0x93, 0x93, 0x94, 0x93, 0x94, 0x94, 0x94, 0x94, 0x94, 0x97, 0x94, 0x97, 0x94, 0x97, 0x97, 0x97, 0x97, 0x97, 0x9b, 0x97, 0x9b, 0x9b, 0x9b, 0x9e, 0x9b, 0x9e, 0x9b, 0x9e, 0x9e, 0x9e, 0x9b, 0x43, 0x37, 0x92, 0x9e, 0xa1, 0xa1, 0xab, 0xb2, 0xba, 0xba, 0xb2, 0xb2, 0xa7, 0xa7, 0xa7, 0xa7, 0xa7, 0xab, 0xa7, 0x71, 0x27, 0x5d, 0xa7, 0xab, 0xab, 0xad, 0xab, 0xad, 0xad, 0xad, 0xad, 0xb2, 0x41, 
  0x2a, 0x4d, 0x4d, 0x4d, 0x50, 0x4d, 0x59, 0x9d, 0xc9, 0xd0, 0xd0, 0xbc, 0x79, 0x54, 0x54, 0x54, 0x57, 0x57, 0x57, 0x57, 0x57, 0x54, 0x40, 0x3c, 0x30, 0x2c, 0x27, 0x2c, 0x30, 0x3c, 0x4d, 0x5e, 0x5e, 0x5e, 0x5e, 0x66, 0xb2, 0xd0, 0xd0, 0x8b, 0x5e, 0x24, 0x16, 0x16, 0x6c, 0xe8, 0xe8, 0xea, 0xec, 0xec, 0xee, 0xf1, 0xf1, 0xf2, 0xf3, 0xf2, 0xf3, 0xf1, 0xf0, 0xee, 0xec, 0xec, 0xe8, 0xe8, 0xdb, 0x29, 0x16, 0x24, 0xb9, 0xd0, 0x9d, 0x2c, 0x3c, 0x72, 0x72, 0x77, 0x77, 0x77, 0x77, 0x77, 0x7b, 0x77, 0x7b, 0x7b, 0x7b, 0x7b, 0x7b, 0x7b, 0x80, 0x7b, 0x80, 0x80, 0x80, 0x80, 0x80, 0x6e, 0x27, 0x7c, 0xc6, 0x16, 0x16, 0x29, 0xe8, 0xe8, 0xec, 0xec, 0xf1, 0xf2, 0xf5, 0xf5, 0xf9, 0xf9, 0xfb, 0xfb, 0xfb, 0xfb, 0xfa, 0xf9, 0xf8, 0xf5, 0xf4, 0xf1, 0xf0, 0xec, 0xea, 0xe8, 0xa4, 0x16, 0x16, 0x6b, 0x43, 0x43, 0x8e, 0x93, 0x93, 0x94, 0x93, 0x94, 0x93, 0x94, 0x94, 0x94, 0x94, 0x94, 0x94, 0x97, 0x94, 0x97, 0x97, 0x97, 0x97, 0x97, 0x9b, 0x9b, 0x9b, 0x9b, 0x9b, 0x9b, 0x9e, 0x9b, 0x9e, 0x9e, 0x9e, 0x9e, 0x9e, 0x9e, 0xa1, 0x7e, 0x27, 0x4a, 0x9e, 0xa1, 0xa1, 0xa1, 0xa1, 0xa7, 0xa1, 0xa7, 0xa7, 0xa7, 0xa7, 0xa7, 0xab, 0xa7, 0xa1, 0x5d, 0x27, 0x51, 0xa1, 0xab, 0xad, 0xad, 0xad, 0xad, 0xad, 0xad, 0xad, 0xb2, 0xb2, 0x68, 
  0x2a, 0x4d, 0x50, 0x4d, 0x59, 0x92, 0xc5, 0xd0, 0xd0, 0xce, 0xa1, 0x64, 0x54, 0x54, 0x57, 0x57, 0x57, 0x57, 0x57, 0x40, 0x2c, 0x27, 0x27, 0x27, 0x27, 0x2c, 0x30, 0x30, 0x27, 0x27, 0x27, 0x30, 0x4d, 0x5e, 0x5e, 0x5e, 0x70, 0xbc, 0xd0, 0xc9, 0x72, 0x51, 0x16, 0x16, 0x1d, 0xca, 0xe8, 0xea, 0xea, 0xec, 0xec, 0xee, 0xee, 0xf1, 0xf0, 0xf1, 0xf0, 0xf0, 0xee, 0xec, 0xec, 0xea, 0xe8, 0xe7, 0xa4, 0x16, 0x16, 0x53, 0xd0, 0xce, 0x71, 0x27, 0x59, 0x77, 0x77, 0x77, 0x77, 0x77, 0x77, 0x7b, 0x7b, 0x7b, 0x7b, 0x7b, 0x7b, 0x80, 0x7b, 0x80, 0x80, 0x80, 0x80, 0x80, 0x80, 0x80, 0x80, 0x84, 0x2c, 0x55, 0xce, 0x38, 0x16, 0x21, 0xdb, 0xe8, 0xec, 0xee, 0xf0, 0xf2, 0xf4, 0xf5, 0xf8, 0xfa, 0xfa, 0xfa, 0xfb, 0xfb, 0xfa, 0xf9, 0xf6, 0xf5, 0xf3, 0xf1, 0xee, 0xec, 0xec, 0xe7, 0x83, 0x16, 0x16, 0x8d, 0x31, 0x59, 0x94, 0x93, 0x94, 0x93, 0x94, 0x94, 0x94, 0x94, 0x94, 0x94, 0x94, 0x97, 0x97, 0x97, 0x97, 0x97, 0x97, 0x9b, 0x97, 0x9b, 0x97, 0x9b, 0x9b, 0x9b, 0x9e, 0x9b, 0x9e, 0x9e, 0x9e, 0x9e, 0x9e, 0x9e, 0xa1, 0x9e, 0xa1, 0x9e, 0x5d, 0x27, 0x73, 0xa1, 0xa1, 0xa7, 0xa1, 0xa7, 0xa7, 0xa7, 0xa7, 0xa7, 0xa7, 0xab, 0xa7, 0xa7, 0x5d, 0x27, 0x4a, 0x9d, 0xad, 0xad, 0xab, 0xad, 0xad, 0xad, 0xad, 0xad, 0xb2, 0xad, 0xb6, 0x68, 
  0x2d, 0x59, 0x73, 0x9d, 0xbc, 0xce, 0xd0, 0xd0, 0xb8, 0x7e, 0x57, 0x54, 0x57, 0x57, 0x54, 0x57, 0x54, 0x3c, 0x2c, 0x27, 0x2c, 0x30, 0x40, 0x54, 0x54, 0x57, 0x57, 0x5a, 0x57, 0x54, 0x30, 0x27, 0x27, 0x40, 0x5e, 0x66, 0x5e, 0x88, 0xce, 0xd0, 0xab, 0x66, 0x32, 0x16, 0x16, 0x35, 0xe2, 0xe7, 0xea, 0xea, 0xec, 0xec, 0xee, 0xee, 0xee, 0xf0, 0xee, 0xee, 0xec, 0xec, 0xea, 0xe8, 0xe7, 0xe4, 0x3f, 0x16, 0x18, 0x9a, 0xd0, 0xc5, 0x48, 0x2c, 0x6a, 0x77, 0x77, 0x77, 0x77, 0x7b, 0x7b, 0x77, 0x7b, 0x7b, 0x7b, 0x80, 0x7b, 0x7b, 0x80, 0x7b, 0x80, 0x80, 0x80, 0x80, 0x80, 0x84, 0x80, 0x84, 0x48, 0x27, 0xc8, 0x5b, 0x16, 0x16, 0xca, 0xe8, 0xea, 0xec, 0xf0, 0xf2, 0xf4, 0xf5, 0xf8, 0xf8, 0xfa, 0xfb, 0xfa, 0xfa, 0xfa, 0xf9, 0xf6, 0xf4, 0xf3, 0xf1, 0xee, 0xec, 0xe8, 0xe4, 0x4c, 0x16, 0x22, 0x90, 0x27, 0x65, 0x94, 0x93, 0x94, 0x94, 0x94, 0x94, 0x94, 0x94, 0x94, 0x97, 0x97, 0x94, 0x97, 0x97, 0x97, 0x97, 0x9b, 0x97, 0x9b, 0x9b, 0x9b, 0x9b, 0x9b, 0x9e, 0x9b, 0x9e, 0x9e, 0x9e, 0x9e, 0x9e, 0x9e, 0xa1, 0x9e, 0xa1, 0x9e, 0xa1, 0x92, 0x37, 0x31, 0x8c, 0xa7, 0xa1, 0xa7, 0xa7, 0xa7, 0xa7, 0xa7, 0xab, 0xab, 0xab, 0x92, 0x55, 0x27, 0x4a, 0x9d, 0xad, 0xad, 0xab, 0xad, 0xad, 0xad, 0xb2, 0xb2, 0xb2, 0xb2, 0xb6, 0xb2, 0x81, 
  0x81, 0xb8, 0xce, 0xd0, 0xd0, 0xd0, 0xc5, 0x8c, 0x64, 0x57, 0x54, 0x57, 0x54, 0x57, 0x54, 0x4d, 0x2c, 0x27, 0x27, 0x3c, 0x54, 0x5a, 0x5a, 0x5a, 0x5e, 0x5a, 0x5e, 0x5e, 0x5e, 0x5e, 0x5a, 0x54, 0x2c, 0x27, 0x3c, 0x5a, 0x66, 0x66, 0xad, 0xd0, 0xce, 0x84, 0x59, 0x1d, 0x16, 0x16, 0x83, 0xe7, 0xe8, 0xe8, 0xea, 0xea, 0xec, 0xec, 0xec, 0xec, 0xec, 0xec, 0xec, 0xea, 0xe8, 0xe8, 0xe7, 0xbe, 0x16, 0x16, 0x2b, 0xbc, 0xd0, 0xa3, 0x30, 0x3c, 0x77, 0x77, 0x77, 0x77, 0x7b, 0x77, 0x7b, 0x7b, 0x7b, 0x80, 0x7b, 0x7b, 0x80, 0x80, 0x80, 0x80, 0x80, 0x80, 0x80, 0x80, 0x84, 0x80, 0x84, 0x84, 0x59, 0x27, 0xa3, 0x8d, 0x16, 0x16, 0x91, 0xe8, 0xea, 0xec, 0xee, 0xf1, 0xf3, 0xf5, 0xf6, 0xf8, 0xfa, 0xfa, 0xfa, 0xfa, 0xf9, 0xf8, 0xf6, 0xf4, 0xf2, 0xf1, 0xec, 0xec, 0xea, 0xde, 0x35, 0x16, 0x2b, 0x7c, 0x27, 0x7e, 0x93, 0x94, 0x94, 0x94, 0x94, 0x94, 0x97, 0x94, 0x97, 0x94, 0x97, 0x97, 0x97, 0x97, 0x97, 0x9b, 0x97, 0x9b, 0x9b, 0x9b, 0x9b, 0x9b, 0x9e, 0x9b, 0x9e, 0x9e, 0x9e, 0x9e, 0x9e, 0x9e, 0xa1, 0x9e, 0xa1, 0xa1, 0xa1, 0xa1, 0xa1, 0x86, 0x2c, 0x3c, 0x92, 0xa7, 0xa7, 0xa7, 0xab, 0xa7, 0xab, 0xab, 0xa1, 0x86, 0x37, 0x27, 0x55, 0xa1, 0xad, 0xad, 0xad, 0xad, 0xb2, 0xad, 0xb2, 0xad, 0xb2, 0xb2, 0xb2, 0xb2, 0xb8, 0x81, 
  0x9c, 0xd0, 0xd0, 0xce, 0xba, 0x9d, 0x64, 0x57, 0x54, 0x54, 0x57, 0x54, 0x57, 0x54, 0x3c, 0x27, 0x27, 0x3c, 0x54, 0x5a, 0x5a, 0x5a, 0x5a, 0x5e, 0x5a, 0x5e, 0x5e, 0x5e, 0x5e, 0x5e, 0x5e, 0x5e, 0x57, 0x3c, 0x27, 0x3c, 0x5e, 0x66, 0x70, 0xc9, 0xd0, 0xc5, 0x69, 0x4a, 0x16, 0x16, 0x1d, 0xbe, 0xe7, 0xe8, 0xe8, 0xea, 0xea, 0xea, 0xec, 0xea, 0xec, 0xea, 0xea, 0xe8, 0xe8, 0xe7, 0xe2, 0x3f, 0x16, 0x16, 0x6f, 0xd0, 0xd0, 0x86, 0x27, 0x50, 0x77, 0x77, 0x7b, 0x7b, 0x7b, 0x7b, 0x7b, 0x7b, 0x7b, 0x7b, 0x80, 0x80, 0x7b, 0x80, 0x80, 0x80, 0x80, 0x80, 0x84, 0x84, 0x84, 0x84, 0x84, 0x84, 0x74, 0x27, 0x7c, 0xc0, 0x14, 0x16, 0x5c, 0xe8, 0xea, 0xec, 0xee, 0xf0, 0xf3, 0xf4, 0xf6, 0xf8, 0xf9, 0xfa, 0xfa, 0xfa, 0xf9, 0xf8, 0xf5, 0xf4, 0xf2, 0xf0, 0xec, 0xec, 0xe8, 0xdb, 0x18, 0x16, 0x53, 0x71, 0x2c, 0x8e, 0x94, 0x94, 0x94, 0x94, 0x94, 0x94, 0x94, 0x97, 0x97, 0x97, 0x97, 0x97, 0x97, 0x9b, 0x9b, 0x9b, 0x9b, 0x9b, 0x9b, 0x9b, 0x9e, 0x9b, 0x9e, 0x9e, 0x9e, 0x9e, 0x9e, 0x9e, 0xa1, 0x9e, 0xa1, 0xa1, 0xa1, 0xa1, 0xa1, 0xa1, 0xa7, 0xa1, 0x7e, 0x2c, 0x3e, 0x7e, 0xa1, 0xa1, 0xa1, 0x9e, 0x9d, 0x73, 0x4a, 0x27, 0x31, 0x7e, 0xa7, 0xad, 0xad, 0xad, 0xad, 0xad, 0xad, 0xb2, 0xad, 0xb2, 0xb2, 0xb2, 0xb6, 0xb6, 0xb6, 0x87, 
  0xaa, 0xc9, 0xa1, 0x7e, 0x57, 0x54, 0x57, 0x54, 0x57, 0x57, 0x57, 0x57, 0x48, 0x27, 0x27, 0x30, 0x4d, 0x57, 0x5a, 0x5a, 0x5a, 0x5e, 0x5a, 0x5e, 0x5e, 0x5e, 0x5e, 0x5e, 0x5e, 0x5e, 0x5e, 0x66, 0x5e, 0x5e, 0x30, 0x27, 0x40, 0x66, 0x66, 0x93, 0xd0, 0xd0, 0x9b, 0x69, 0x28, 0x16, 0x16, 0x35, 0xdb, 0xe7, 0xe7, 0xe8, 0xe8, 0xea, 0xe8, 0xea, 0xe8, 0xe8, 0xe8, 0xe8, 0xe7, 0xe7, 0xa4, 0x16, 0x16, 0x24, 0xac, 0xd0, 0xc1, 0x50, 0x27, 0x6a, 0x77, 0x7b, 0x77, 0x7b, 0x7b, 0x7b, 0x7b, 0x7b, 0x80, 0x80, 0x80, 0x80, 0x80, 0x80, 0x80, 0x80, 0x80, 0x84, 0x80, 0x84, 0x84, 0x84, 0x84, 0x88, 0x80, 0x31, 0x4a, 0xce, 0x1d, 0x16, 0x29, 0xe2, 0xea, 0xea, 0xee, 0xf0, 0xf2, 0xf4, 0xf5, 0xf8, 0xf9, 0xf9, 0xfa, 0xf9, 0xf8, 0xf6, 0xf5, 0xf3, 0xf1, 0xf0, 0xec, 0xea, 0xea, 0xb3, 0x16, 0x16, 0x75, 0x4a, 0x3e, 0x8e, 0x94, 0x94, 0x94, 0x97, 0x94, 0x97, 0x97, 0x97, 0x97, 0x97, 0x97, 0x9b, 0x97, 0x9b, 0x97, 0x9b, 0x9b, 0x9b, 0x9b, 0x9e, 0x9b, 0x9e, 0x9e, 0x9e, 0x9e, 0x9e, 0x9e, 0xa1, 0x9e, 0xa1, 0xa1, 0xa1, 0xa1, 0xa1, 0xa1, 0xa7, 0xa1, 0xa7, 0xa7, 0x7e, 0x27, 0x27, 0x3e, 0x55, 0x51, 0x3e, 0x31, 0x27, 0x27, 0x55, 0x96, 0xad, 0xad, 0xad, 0xad, 0xad, 0xad, 0xb2, 0xb2, 0xb2, 0xb2, 0xb6, 0xb2, 0xb6, 0xb2, 0xb6, 0xb8, 0x9f, 
  0x58, 0x50, 0x54, 0x54, 0x54, 0x54, 0x54, 0x57, 0x54, 0x57, 0x54, 0x3c, 0x27, 0x27, 0x40, 0x57, 0x5a, 0x5a, 0x5a, 0x5a, 0x5a, 0x5a, 0x5e, 0x5a, 0x5e, 0x5e, 0x5e, 0x5e, 0x5e, 0x5e, 0x66, 0x5e, 0x66, 0x5e, 0x5e, 0x30, 0x27, 0x4d, 0x66, 0x66, 0xb6, 0xd0, 0xce, 0x7b, 0x64, 0x22, 0x16, 0x16, 0x5c, 0xe2, 0xe7, 0xe7, 0xe8, 0xe7, 0xe8, 0xe8, 0xe8, 0xe7, 0xe8, 0xe7, 0xe7, 0xdb, 0x35, 0x16, 0x16, 0x55, 0xce, 0xd0, 0xa1, 0x31, 0x30, 0x77, 0x77, 0x7b, 0x7b, 0x7b, 0x7b, 0x7b, 0x7b, 0x80, 0x7b, 0x80, 0x7b, 0x80, 0x80, 0x80, 0x80, 0x84, 0x80, 0x84, 0x84, 0x84, 0x84, 0x84, 0x84, 0x84, 0x88, 0x3c, 0x31, 0xce, 0x53, 0x16, 0x18, 0xd3, 0xea, 0xea, 0xee, 0xf0, 0xf2, 0xf4, 0xf5, 0xf6, 0xf8, 0xfa, 0xf9, 0xfa, 0xf8, 0xf8, 0xf4, 0xf3, 0xf1, 0xee, 0xec, 0xea, 0xe8, 0x91, 0x16, 0x16, 0x7f, 0x37, 0x51, 0x93, 0x97, 0x94, 0x94, 0x94, 0x94, 0x97, 0x94, 0x97, 0x97, 0x97, 0x97, 0x97, 0x9b, 0x97, 0x9b, 0x9b, 0x9b, 0x9b, 0x9e, 0x9b, 0x9e, 0x9e, 0x9e, 0x9e, 0x9e, 0x9e, 0xa1, 0x9e, 0xa1, 0xa1, 0xa1, 0xa1, 0xa1, 0xa1, 0xa7, 0xa1, 0xa7, 0xa7, 0xa7, 0xa7, 0x9d, 0x5d, 0x3c, 0x27, 0x27, 0x31, 0x43, 0x71, 0xa1, 0xab, 0xad, 0xad, 0xab, 0xad, 0xad, 0xad, 0xb2, 0xad, 0xb2, 0xb2, 0xb2, 0xb2, 0xb2, 0xb6, 0xb6, 0xb6, 0xb6, 0x9f, 
  0x4f, 0x54, 0x54, 0x54, 0x54, 0x57, 0x54, 0x57, 0x57, 0x4d, 0x2c, 0x27, 0x30, 0x4d, 0x5a, 0x5a, 0x5a, 0x5a, 0x5a, 0x5a, 0x5e, 0x5a, 0x5e, 0x5e, 0x5e, 0x5e, 0x5e, 0x5e, 0x5e, 0x66, 0x5e, 0x66, 0x5e, 0x66, 0x66, 0x5a, 0x2c, 0x2c, 0x5a, 0x66, 0x80, 0xce, 0xd0, 0xb8, 0x70, 0x51, 0x18, 0x16, 0x16, 0x76, 0xe4, 0xe7, 0xe7, 0xe7, 0xe7, 0xe7, 0xe7, 0xe7, 0xe7, 0xe7, 0xe5, 0x83, 0x16, 0x16, 0x22, 0x9d, 0xce, 0xd0, 0x73, 0x27, 0x50, 0x77, 0x7b, 0x7b, 0x7b, 0x7b, 0x7b, 0x7b, 0x7b, 0x7b, 0x80, 0x80, 0x80, 0x80, 0x80, 0x80, 0x80, 0x80, 0x84, 0x84, 0x84, 0x84, 0x84, 0x88, 0x84, 0x88, 0x88, 0x59, 0x27, 0xac, 0x75, 0x16, 0x16, 0xa4, 0xe8, 0xea, 0xec, 0xee, 0xf1, 0xf3, 0xf4, 0xf6, 0xf8, 0xf8, 0xf9, 0xf8, 0xf8, 0xf5, 0xf4, 0xf3, 0xf0, 0xee, 0xec, 0xea, 0xe5, 0x5c, 0x16, 0x21, 0x90, 0x2c, 0x65, 0x94, 0x94, 0x94, 0x97, 0x94, 0x97, 0x97, 0x97, 0x97, 0x97, 0x9b, 0x97, 0x9b, 0x9b, 0x9b, 0x9b, 0x9b, 0x9b, 0x9e, 0x9b, 0x9e, 0x9e, 0x9e, 0x9e, 0x9e, 0x9e, 0x9e, 0x9e, 0xa1, 0x9e, 0xa1, 0xa1, 0xa1, 0xa1, 0xa7, 0xa1, 0xa7, 0xa7, 0xa7, 0xa7, 0xa7, 0xa7, 0xa7, 0xa3, 0x97, 0x9d, 0xa1, 0xa7, 0xab, 0xab, 0xad, 0xab, 0xad, 0xad, 0xad, 0xad, 0xb2, 0xad, 0xb2, 0xb2, 0xb2, 0xb2, 0xb6, 0xb6, 0xb6, 0xb6, 0xb8, 0xb6, 0xb0, 
  0x4f, 0x50, 0x57, 0x54, 0x57, 0x54, 0x57, 0x50, 0x3c, 0x27, 0x27, 0x3c, 0x57, 0x5a, 0x5a, 0x5a, 0x5a, 0x5a, 0x5a, 0x5e, 0x5a, 0x5e, 0x5e, 0x5e, 0x5e, 0x5e, 0x5e, 0x66, 0x5e, 0x5e, 0x66, 0x5e, 0x66, 0x66, 0x66, 0x66, 0x54, 0x27, 0x30, 0x66, 0x66, 0xa1, 0xd0, 0xce, 0x93, 0x69, 0x3e, 0x18, 0x16, 0x18, 0x6c, 0xd8, 0xe8, 0xe5, 0xe7, 0xe7, 0xe7, 0xe7, 0xe5, 0xe7, 0xbe, 0x1d, 0x16, 0x18, 0x5d, 0xbc, 0xd0, 0xba, 0x50, 0x27, 0x64, 0x7b, 0x77, 0x7b, 0x7b, 0x7b, 0x7b, 0x80, 0x7b, 0x80, 0x7b, 0x80, 0x80, 0x80, 0x80, 0x80, 0x84, 0x84, 0x80, 0x84, 0x84, 0x84, 0x84, 0x84, 0x88, 0x84, 0x88, 0x6e, 0x27, 0x90, 0xa8, 0x16, 0x16, 0x6c, 0xe8, 0xea, 0xec, 0xee, 0xf0, 0xf3, 0xf4, 0xf5, 0xf8, 0xf8, 0xf8, 0xf8, 0xf6, 0xf5, 0xf4, 0xf2, 0xf0, 0xee, 0xec, 0xe8, 0xe2, 0x35, 0x16, 0x2b, 0x90, 0x27, 0x73, 0x94, 0x94, 0x97, 0x94, 0x97, 0x94, 0x97, 0x97, 0x97, 0x97, 0x9b, 0x97, 0x9b, 0x9b, 0x9b, 0x9b, 0x9b, 0x9e, 0x9b, 0x9e, 0x9e, 0x9e, 0x9e, 0x9e, 0x9e, 0xa1, 0x9e, 0xa1, 0xa1, 0xa1, 0xa1, 0xa1, 0xa1, 0xa7, 0xa1, 0xa7, 0xa7, 0xa7, 0xa7, 0xa7, 0xab, 0xab, 0xab, 0xab, 0xab, 0xab, 0xad, 0xab, 0xad, 0xad, 0xad, 0xad, 0xad, 0xad, 0xad, 0xb2, 0xad, 0xb2, 0xb2, 0xb2, 0xb2, 0xb6, 0xb2, 0xb6, 0xb6, 0xb6, 0xb8, 0xb8, 0xb0, 
  0x4f, 0x54, 0x54, 0x57, 0x54, 0x54, 0x40, 0x2c, 0x27, 0x30, 0x4d, 0x5a, 0x5a, 0x5a, 0x5a, 0x5a, 0x5e, 0x5a, 0x5e, 0x5a, 0x5e, 0x5e, 0x5e, 0x5e, 0x5e, 0x5e, 0x66, 0x5e, 0x66, 0x5e, 0x66, 0x66, 0x66, 0x66, 0x66, 0x66, 0x66, 0x40, 0x27, 0x4d, 0x69, 0x72, 0xc5, 0xd0, 0xc5, 0x77, 0x70, 0x3a, 0x16, 0x16, 0x16, 0x4c, 0xd3, 0xe4, 0xe5, 0xe7, 0xe5, 0xe7, 0xe4, 0xca, 0x21, 0x16, 0x16, 0x33, 0x93, 0xd0, 0xd0, 0x94, 0x30, 0x37, 0x77, 0x7b, 0x7b, 0x7b, 0x7b, 0x7b, 0x80, 0x7b, 0x80, 0x80, 0x80, 0x80, 0x80, 0x84, 0x80, 0x84, 0x84, 0x84, 0x84, 0x84, 0x88, 0x84, 0x88, 0x88, 0x88, 0x88, 0x88, 0x88, 0x27, 0x65, 0xc8, 0x16, 0x16, 0x35, 0xe7, 0xe8, 0xec, 0xee, 0xf0, 0xf2, 0xf4, 0xf5, 0xf5, 0xf8, 0xf8, 0xf8, 0xf6, 0xf5, 0xf3, 0xf1, 0xf0, 0xec, 0xea, 0xe8, 0xdb, 0x18, 0x16, 0x53, 0x7c, 0x27, 0x8c, 0x94, 0x97, 0x94, 0x97, 0x97, 0x97, 0x97, 0x9b, 0x97, 0x9b, 0x9b, 0x9b, 0x9b, 0x9b, 0x9e, 0x9b, 0x9e, 0x9b, 0x9e, 0x9e, 0x9e, 0x9e, 0x9e, 0x9e, 0xa1, 0x9e, 0xa1, 0xa1, 0xa1, 0xa1, 0xa7, 0xa1, 0xa7, 0xa1, 0xa7, 0xa7, 0xa7, 0xa7, 0xab, 0xa7, 0xab, 0xa7, 0xab, 0xab, 0xab, 0xab, 0xab, 0xad, 0xad, 0xad, 0xad, 0xad, 0xb2, 0xad, 0xb2, 0xb2, 0xb2, 0xb6, 0xb2, 0xb6, 0xb6, 0xb6, 0xb6, 0xb8, 0xb6, 0xb8, 0xb8, 0xb6, 0xb1, 
  0x54, 0x54, 0x57, 0x54, 0x40, 0x2c, 0x27, 0x27, 0x3c, 0x57, 0x5a, 0x5a, 0x5a, 0x5a, 0x5a, 0x5a, 0x5e, 0x5e, 0x5e, 0x5e, 0x5e, 0x5e, 0x5e, 0x5e, 0x66, 0x5e, 0x66, 0x5e, 0x66, 0x66, 0x66, 0x66, 0x66, 0x66, 0x66, 0x69, 0x66, 0x66, 0x2c, 0x2c, 0x5a, 0x70, 0x93, 0xd0, 0xd0, 0xa1, 0x70, 0x70, 0x32, 0x18, 0x16, 0x16, 0x21, 0x6c, 0xbe, 0xd8, 0xde, 0xdb, 0x83, 0x21, 0x16, 0x16, 0x24, 0x6e, 0xad, 0xd0, 0xc5, 0x73, 0x27, 0x48, 0x7b, 0x7b, 0x7b, 0x7b, 0x80, 0x7b, 0x80, 0x80, 0x80, 0x80, 0x80, 0x80, 0x84, 0x80, 0x84, 0x84, 0x84, 0x84, 0x84, 0x84, 0x88, 0x84, 0x88, 0x88, 0x88, 0x88, 0x88, 0x88, 0x37, 0x3e, 0xce, 0x44, 0x16, 0x21, 0xd8, 0xe8, 0xea, 0xec, 0xf0, 0xf1, 0xf3, 0xf4, 0xf6, 0xf5, 0xf6, 0xf5, 0xf5, 0xf4, 0xf3, 0xf1, 0xee, 0xec, 0xea, 0xe8, 0xbe, 0x16, 0x16, 0x6b, 0x5d, 0x37, 0x8e, 0x97, 0x94, 0x97, 0x97, 0x97, 0x97, 0x9b, 0x97, 0x9b, 0x9b, 0x9b, 0x9b, 0x9b, 0x9b, 0x9e, 0x9b, 0x9e, 0x9e, 0x9e, 0x9e, 0x9e, 0x9e, 0xa1, 0x9e, 0xa1, 0xa1, 0xa1, 0xa1, 0xa1, 0xa1, 0xa7, 0xa1, 0xa7, 0xa7, 0xa7, 0xa7, 0xa7, 0xab, 0xa7, 0xab, 0xab, 0xab, 0xab, 0xab, 0xab, 0xad, 0xad, 0xad, 0xad, 0xad, 0xad, 0xad, 0xb2, 0xad, 0xb2, 0xb2, 0xb2, 0xb6, 0xb2, 0xb6, 0xb6, 0xb6, 0xb6, 0xb8, 0xb6, 0xb8, 0xb8, 0xba, 0xb1, 
  0x54, 0x40, 0x3c, 0x27, 0x27, 0x27, 0x3c, 0x4d, 0x5a, 0x5a, 0x5a, 0x5a, 0x5a, 0x5a, 0x5e, 0x5a, 0x5e, 0x5e, 0x5e, 0x5e, 0x5e, 0x5e, 0x66, 0x5e, 0x66, 0x5e, 0x66, 0x66, 0x66, 0x66, 0x66, 0x66, 0x66, 0x66, 0x69, 0x66, 0x69, 0x69, 0x57, 0x27, 0x37, 0x69, 0x70, 0xb2, 0xd0, 0xd0, 0x93, 0x70, 0x72, 0x4a, 0x18, 0x16, 0x16, 0x16, 0x16, 0x16, 0x21, 0x16, 0x16, 0x16, 0x16, 0x1d, 0x64, 0x8b, 0xc9, 0xd0, 0xad, 0x48, 0x27, 0x6a, 0x7b, 0x80, 0x7b, 0x80, 0x7b, 0x80, 0x80, 0x80, 0x80, 0x80, 0x80, 0x84, 0x80, 0x84, 0x84, 0x84, 0x84, 0x88, 0x84, 0x88, 0x88, 0x88, 0x88, 0x88, 0x8b, 0x88, 0x8b, 0x8b, 0x51, 0x27, 0xc5, 0x6b, 0x16, 0x18, 0xbe, 0xe8, 0xea, 0xec, 0xee, 0xf0, 0xf3, 0xf3, 0xf5, 0xf5, 0xf6, 0xf5, 0xf5, 0xf4, 0xf2, 0xf0, 0xee, 0xec, 0xea, 0xe8, 0x83, 0x16, 0x16, 0x8d, 0x43, 0x3e, 0x94, 0x97, 0x97, 0x97, 0x9b, 0x97, 0x9b, 0x97, 0x9b, 0x9b, 0x9b, 0x9b, 0x9e, 0x9b, 0x9e, 0x9e, 0x9e, 0x9e, 0x9e, 0x9e, 0x9e, 0x9e, 0xa1, 0x9e, 0xa1, 0xa1, 0xa1, 0xa1, 0xa7, 0xa1, 0xa7, 0xa7, 0xa7, 0xa7, 0xa7, 0xab, 0xa7, 0xab, 0xab, 0xab, 0xab, 0xab, 0xab, 0xad, 0xab, 0xad, 0xad, 0xad, 0xad, 0xad, 0xad, 0xb2, 0xb2, 0xb2, 0xb2, 0xb6, 0xb2, 0xb6, 0xb6, 0xb6, 0xb6, 0xb6, 0xb8, 0xb8, 0xb8, 0xb8, 0xb8, 0xba, 0xba, 0xba, 
  0x27, 0x27, 0x27, 0x30, 0x3c, 0x57, 0x5a, 0x5a, 0x5a, 0x5a, 0x5a, 0x5a, 0x5e, 0x5e, 0x5e, 0x5e, 0x5e, 0x5e, 0x5e, 0x5e, 0x66, 0x5e, 0x5e, 0x66, 0x5e, 0x66, 0x66, 0x66, 0x66, 0x66, 0x66, 0x69, 0x66, 0x69, 0x69, 0x69, 0x69, 0x69, 0x69, 0x40, 0x27, 0x4d, 0x70, 0x7b, 0xc9, 0xd0, 0xbc, 0x80, 0x70, 0x72, 0x5d, 0x28, 0x18, 0x16, 0x16, 0x16, 0x16, 0x16, 0x16, 0x16, 0x24, 0x64, 0x7b, 0xb2, 0xd0, 0xce, 0x84, 0x31, 0x30, 0x74, 0x80, 0x7b, 0x80, 0x7b, 0x80, 0x80, 0x80, 0x80, 0x80, 0x80, 0x84, 0x80, 0x84, 0x84, 0x84, 0x84, 0x88, 0x84, 0x88, 0x88, 0x88, 0x88, 0x88, 0x8b, 0x88, 0x8b, 0x8b, 0x8b, 0x64, 0x27, 0x96, 0x9a, 0x16, 0x16, 0x83, 0xe7, 0xea, 0xec, 0xee, 0xf0, 0xf2, 0xf4, 0xf4, 0xf5, 0xf5, 0xf5, 0xf4, 0xf3, 0xf2, 0xf0, 0xee, 0xea, 0xea, 0xe4, 0x4c, 0x16, 0x22, 0xa0, 0x31, 0x5d, 0x94, 0x97, 0x97, 0x97, 0x9b, 0x97, 0x9b, 0x9b, 0x9b, 0x9b, 0x9b, 0x9e, 0x9b, 0x9e, 0x9e, 0x9e, 0x9e, 0x9e, 0x9e, 0xa1, 0x9e, 0xa1, 0xa1, 0xa1, 0xa1, 0xa1, 0xa1, 0xa1, 0xa7, 0xa1, 0xa7, 0xa7, 0xa7, 0xa7, 0xa7, 0xab, 0xa7, 0xab, 0xab, 0xab, 0xab, 0xab, 0xad, 0xab, 0xad, 0xad, 0xad, 0xad, 0xad, 0xb2, 0xb2, 0xb2, 0xb2, 0xb2, 0xb2, 0xb6, 0xb2, 0xb6, 0xb6, 0xb6, 0xb6, 0xb8, 0xb8, 0xb8, 0xb8, 0xb8, 0xba, 0xba, 0xba, 0xbb, 
  0x30, 0x3c, 0x4d, 0x57, 0x57, 0x5a, 0x5a, 0x5a, 0x5a, 0x5a, 0x5e, 0x5a, 0x5e, 0x5e, 0x5e, 0x5e, 0x5e, 0x5e, 0x5e, 0x66, 0x5e, 0x66, 0x5e, 0x66, 0x66, 0x66, 0x66, 0x66, 0x66, 0x66, 0x69, 0x66, 0x69, 0x69, 0x69, 0x69, 0x69, 0x69, 0x70, 0x66, 0x2c, 0x2c, 0x69, 0x70, 0x93, 0xd0, 0xd0, 0xb2, 0x77, 0x70, 0x72, 0x6e, 0x59, 0x33, 0x24, 0x1d, 0x18, 0x1d, 0x28, 0x4b, 0x6e, 0x7b, 0x88, 0xce, 0xd0, 0xab, 0x64, 0x27, 0x51, 0x80, 0x7b, 0x80, 0x80, 0x80, 0x80, 0x80, 0x80, 0x84, 0x80, 0x84, 0x84, 0x84, 0x84, 0x88, 0x84, 0x88, 0x88, 0x88, 0x88, 0x88, 0x88, 0x88, 0x8b, 0x88, 0x8b, 0x8b, 0x8b, 0x8b, 0x84, 0x27, 0x7c, 0xc6, 0x18, 0x16, 0x3f, 0xe7, 0xe8, 0xec, 0xec, 0xf0, 0xf2, 0xf2, 0xf4, 0xf4, 0xf4, 0xf4, 0xf4, 0xf3, 0xf1, 0xee, 0xec, 0xea, 0xe8, 0xe2, 0x29, 0x16, 0x2b, 0xa0, 0x27, 0x65, 0x97, 0x9b, 0x97, 0x9b, 0x9b, 0x9b, 0x9b, 0x9b, 0x9e, 0x9b, 0x9e, 0x9e, 0x9e, 0x9e, 0x9e, 0x9e, 0x9e, 0x9e, 0xa1, 0x9e, 0xa1, 0xa1, 0xa1, 0xa1, 0xa1, 0xa7, 0xa1, 0xa7, 0xa7, 0xa7, 0xa7, 0xa7, 0xab, 0xa7, 0xab, 0xab, 0xab, 0xab, 0xab, 0xad, 0xab, 0xad, 0xad, 0xad, 0xad, 0xad, 0xb2, 0xad, 0xb2, 0xad, 0xb2, 0xb2, 0xb6, 0xb2, 0xb6, 0xb6, 0xb6, 0xb8, 0xb6, 0xb8, 0xb8, 0xb8, 0xb8, 0xba, 0xb8, 0xba, 0xbb, 0xba, 0xbc, 0xb1, 
  0x4f, 0x5a, 0x57, 0x5a, 0x5a, 0x5a, 0x5a, 0x5a, 0x5e, 0x5a, 0x5e, 0x5e, 0x5e, 0x5e, 0x5e, 0x5e, 0x5e, 0x66, 0x5e, 0x5e, 0x66, 0x5e, 0x66, 0x66, 0x66, 0x66, 0x66, 0x66, 0x69, 0x66, 0x69, 0x69, 0x69, 0x69, 0x69, 0x69, 0x70, 0x69, 0x70, 0x69, 0x50, 0x27, 0x40, 0x70, 0x72, 0xb2, 0xd0, 0xd0, 0xa7, 0x77, 0x72, 0x77, 0x72, 0x72, 0x6a, 0x6a, 0x5d, 0x6a, 0x6e, 0x77, 0x77, 0x7b, 0xba, 0xd0, 0xce, 0x8b, 0x40, 0x2c, 0x6a, 0x80, 0x80, 0x80, 0x80, 0x80, 0x80, 0x80, 0x84, 0x80, 0x84, 0x84, 0x84, 0x84, 0x84, 0x88, 0x84, 0x88, 0x88, 0x88, 0x88, 0x88, 0x8b, 0x8b, 0x88, 0x8b, 0x8b, 0x8b, 0x8b, 0x8b, 0x8e, 0x2c, 0x4a, 0xc9, 0x2b, 0x16, 0x29, 0xdb, 0xea, 0xea, 0xec, 0xee, 0xf0, 0xf3, 0xf3, 0xf4, 0xf4, 0xf4, 0xf3, 0xf1, 0xf0, 0xee, 0xec, 0xea, 0xe8, 0xd3, 0x16, 0x16, 0x53, 0x90, 0x27, 0x7e, 0x9b, 0x97, 0x9b, 0x9b, 0x9b, 0x9b, 0x9b, 0x9b, 0x9e, 0x9b, 0x9e, 0x9e, 0x9e, 0x9e, 0x9e, 0xa1, 0x9e, 0xa1, 0x9e, 0xa1, 0xa1, 0xa1, 0xa1, 0xa1, 0xa1, 0xa7, 0xa1, 0xa7, 0xa7, 0xa7, 0xa7, 0xab, 0xa7, 0xab, 0xab, 0xab, 0xab, 0xab, 0xab, 0xad, 0xab, 0xad, 0xad, 0xad, 0xad, 0xad, 0xb2, 0xad, 0xb2, 0xb2, 0xb2, 0xb2, 0xb6, 0xb2, 0xb6, 0xb6, 0xb6, 0xb8, 0xb6, 0xb8, 0xb8, 0xb8, 0xb8, 0xba, 0xba, 0xba, 0xba, 0xbb, 0xbc, 0xb1, 
  0x4f, 0x57, 0x5a, 0x5a, 0x5a, 0x5a, 0x5a, 0x5e, 0x5a, 0x5e, 0x5e, 0x5e, 0x5e, 0x5e, 0x5e, 0x5e, 0x66, 0x5e, 0x66, 0x66, 0x66, 0x66, 0x66, 0x66, 0x66, 0x66, 0x66, 0x69, 0x66, 0x69, 0x69, 0x69, 0x69, 0x70, 0x69, 0x70, 0x69, 0x70, 0x70, 0x70, 0x69, 0x37, 0x27, 0x64, 0x72, 0x80, 0xbc, 0xd0, 0xd0, 0x9e, 0x77, 0x72, 0x77, 0x77, 0x77, 0x77, 0x77, 0x7b, 0x77, 0x7b, 0x7b, 0x93, 0xd0, 0xd0, 0xb2, 0x74, 0x30, 0x37, 0x7b, 0x80, 0x80, 0x80, 0x80, 0x84, 0x80, 0x84, 0x80, 0x84, 0x84, 0x84, 0x88, 0x84, 0x88, 0x88, 0x88, 0x88, 0x88, 0x8b, 0x88, 0x8b, 0x88, 0x8b, 0x8b, 0x8b, 0x8b, 0x8b, 0x8e, 0x8e, 0x8b, 0x4a, 0x2c, 0xd0, 0x5b, 0x16, 0x16, 0xbe, 0xe7, 0xea, 0xec, 0xee, 0xf0, 0xf1, 0xf2, 0xf3, 0xf3, 0xf3, 0xf2, 0xf1, 0xf0, 0xec, 0xec, 0xea, 0xe7, 0xb3, 0x16, 0x16, 0x7f, 0x71, 0x31, 0x8e, 0x97, 0x9b, 0x9b, 0x9b, 0x9b, 0x9e, 0x9b, 0x9e, 0x9e, 0x9e, 0x9e, 0x9e, 0x9e, 0x9e, 0x9e, 0xa1, 0x9e, 0xa1, 0xa1, 0xa1, 0xa1, 0xa1, 0xa7, 0xa1, 0xa7, 0xa7, 0xa7, 0xa7, 0xab, 0xa7, 0xab, 0xa7, 0xab, 0xab, 0xab, 0xab, 0xad, 0xab, 0xad, 0xad, 0xad, 0xad, 0xad, 0xb2, 0xad, 0xb2, 0xb2, 0xb2, 0xb6, 0xb2, 0xb6, 0xb6, 0xb6, 0xb6, 0xb8, 0xb6, 0xb8, 0xb8, 0xb8, 0xb8, 0xb8, 0xba, 0xba, 0xba, 0xba, 0xbb, 0xbb, 0xbc, 0xbc, 0xb0, 
  0x52, 0x5a, 0x5a, 0x5a, 0x5a, 0x5a, 0x5e, 0x5a, 0x5e, 0x5e, 0x5e, 0x5e, 0x5e, 0x5e, 0x66, 0x5e, 0x66, 0x5e, 0x66, 0x5e, 0x66, 0x66, 0x66, 0x66, 0x69, 0x66, 0x69, 0x66, 0x69, 0x69, 0x69, 0x69, 0x69, 0x69, 0x69, 0x70, 0x70, 0x70, 0x70, 0x70, 0x70, 0x64, 0x27, 0x37, 0x72, 0x72, 0x88, 0xc5, 0xd0, 0xce, 0x97, 0x77, 0x77, 0x77, 0x77, 0x77, 0x7b, 0x77, 0x7b, 0x7b, 0x8b, 0xc9, 0xd0, 0xc9, 0x84, 0x64, 0x27, 0x59, 0x7b, 0x80, 0x80, 0x80, 0x80, 0x84, 0x80, 0x84, 0x84, 0x84, 0x84, 0x84, 0x88, 0x84, 0x88, 0x88, 0x88, 0x88, 0x88, 0x8b, 0x88, 0x8b, 0x8b, 0x8b, 0x8b, 0x8b, 0x8e, 0x8e, 0x8b, 0x8e, 0x8e, 0x65, 0x27, 0xa3, 0x9a, 0x16, 0x16, 0x76, 0xe8, 0xe8, 0xec, 0xec, 0xee, 0xf0, 0xf2, 0xf2, 0xf3, 0xf2, 0xf2, 0xf0, 0xee, 0xec, 0xea, 0xe8, 0xe7, 0x6c, 0x16, 0x18, 0x9a, 0x4a, 0x37, 0x92, 0x9b, 0x9b, 0x9b, 0x9b, 0x9b, 0x9e, 0x9b, 0x9e, 0x9e, 0x9e, 0x9e, 0x9e, 0xa1, 0x9e, 0xa1, 0xa1, 0xa1, 0xa1, 0xa1, 0xa1, 0xa1, 0xa7, 0xa1, 0xa7, 0xa7, 0xa7, 0xa7, 0xa7, 0xab, 0xa7, 0xab, 0xab, 0xab, 0xab, 0xab, 0xad, 0xab, 0xad, 0xad, 0xad, 0xad, 0xad, 0xb2, 0xad, 0xb2, 0xb2, 0xb2, 0xb2, 0xb2, 0xb6, 0xb6, 0xb6, 0xb6, 0xb6, 0xb8, 0xb6, 0xb8, 0xb8, 0xb8, 0xb8, 0xba, 0xba, 0xba, 0xbc, 0xbb, 0xbc, 0xbb, 0xbc, 0xbc, 0xb0, 
  0x52, 0x5a, 0x5a, 0x5a, 0x5e, 0x5a, 0x5e, 0x5e, 0x5e, 0x5e, 0x5e, 0x5e, 0x66, 0x5e, 0x66, 0x5e, 0x66, 0x66, 0x66, 0x66, 0x66, 0x66, 0x66, 0x69, 0x66, 0x69, 0x69, 0x69, 0x69, 0x69, 0x69, 0x70, 0x69, 0x70, 0x70, 0x70, 0x70, 0x70, 0x70, 0x72, 0x70, 0x70, 0x40, 0x27, 0x50, 0x72, 0x72, 0x8b, 0xc9, 0xd0, 0xce, 0xab, 0x7b, 0x7b, 0x77, 0x7b, 0x77, 0x7b, 0x7b, 0x84, 0xc5, 0xd0, 0xd0, 0x9e, 0x7b, 0x3c, 0x2c, 0x79, 0x80, 0x80, 0x84, 0x80, 0x84, 0x84, 0x84, 0x84, 0x84, 0x84, 0x84, 0x88, 0x88, 0x88, 0x88, 0x88, 0x8b, 0x88, 0x8b, 0x8b, 0x8b, 0x8b, 0x8b, 0x8e, 0x8b, 0x8e, 0x8b, 0x8e, 0x8e, 0x8e, 0x8e, 0x73, 0x27, 0x90, 0xb9, 0x1d, 0x16, 0x3f, 0xe4, 0xe8, 0xea, 0xec, 0xee, 0xf0, 0xf0, 0xf1, 0xf1, 0xf2, 0xf0, 0xf0, 0xee, 0xec, 0xea, 0xe8, 0xe4, 0x3f, 0x16, 0x22, 0xae, 0x3e, 0x4a, 0x9b, 0x9b, 0x9b, 0x9e, 0x9b, 0x9e, 0x9e, 0x9e, 0x9e, 0x9e, 0x9e, 0x9e, 0xa1, 0x9e, 0xa1, 0x9e, 0xa1, 0xa1, 0xa1, 0xa7, 0xa1, 0xa7, 0xa1, 0xa7, 0xa7, 0xa7, 0xa7, 0xab, 0xa7, 0xab, 0xab, 0xab, 0xab, 0xab, 0xab, 0xad, 0xab, 0xad, 0xad, 0xad, 0xad, 0xb2, 0xad, 0xb2, 0xb2, 0xb2, 0xb2, 0xb2, 0xb6, 0xb6, 0xb6, 0xb6, 0xb8, 0xb6, 0xb8, 0xb8, 0xb8, 0xba, 0xb8, 0xba, 0xba, 0xba, 0xba, 0xbb, 0xbb, 0xbb, 0xbc, 0xbc, 0xc0, 0xbc, 0xa2, 
  0x49, 0x5a, 0x5a, 0x5a, 0x5a, 0x5e, 0x5e, 0x5e, 0x5e, 0x5e, 0x5e, 0x5e, 0x5e, 0x5e, 0x5e, 0x66, 0x5e, 0x66, 0x66, 0x66, 0x66, 0x66, 0x66, 0x66, 0x69, 0x66, 0x69, 0x69, 0x69, 0x69, 0x69, 0x69, 0x69, 0x70, 0x69, 0x70, 0x70, 0x70, 0x70, 0x70, 0x70, 0x72, 0x70, 0x2c, 0x2c, 0x64, 0x77, 0x77, 0x93, 0xce, 0xd0, 0xd0, 0xc9, 0x9b, 0x80, 0x77, 0x7b, 0x80, 0x8b, 0xbc, 0xd0, 0xd0, 0xa7, 0x80, 0x6a, 0x27, 0x48, 0x80, 0x80, 0x80, 0x80, 0x80, 0x80, 0x84, 0x80, 0x84, 0x84, 0x84, 0x88, 0x84, 0x88, 0x84, 0x88, 0x88, 0x88, 0x88, 0x8b, 0x88, 0x8b, 0x8b, 0x8b, 0x8b, 0x8b, 0x8b, 0x8e, 0x8e, 0x8e, 0x8e, 0x8e, 0x8e, 0x27, 0x5d, 0xcb, 0x2b, 0x16, 0x29, 0xdb, 0xe8, 0xea, 0xea, 0xec, 0xee, 0xf0, 0xf0, 0xf1, 0xf0, 0xf0, 0xee, 0xec, 0xec, 0xe8, 0xe8, 0xd8, 0x16, 0x16, 0x44, 0xb5, 0x27, 0x65, 0x9b, 0x9b, 0x9b, 0x9b, 0x9b, 0x9e, 0x9b, 0x9e, 0x9e, 0x9e, 0x9e, 0x9e, 0x9e, 0xa1, 0x9e, 0xa1, 0xa1, 0xa1, 0xa1, 0xa1, 0xa1, 0xa1, 0xa7, 0xa7, 0xa7, 0xa7, 0xa7, 0xa7, 0xa7, 0xab, 0xa7, 0xab, 0xab, 0xab, 0xad, 0xab, 0xad, 0xad, 0xad, 0xad, 0xad, 0xad, 0xad, 0xb2, 0xb2, 0xb2, 0xb2, 0xb6, 0xb2, 0xb6, 0xb6, 0xb6, 0xb6, 0xb6, 0xb8, 0xb8, 0xb8, 0xb8, 0xba, 0xba, 0xba, 0xba, 0xbb, 0xbb, 0xbb, 0xbc, 0xbb, 0xbc, 0xbc, 0xc1, 0xa2, 
  0x49, 0x5a, 0x5a, 0x5e, 0x5e, 0x5e, 0x5e, 0x5e, 0x5e, 0x5e, 0x5e, 0x66, 0x5e, 0x66, 0x5e, 0x66, 0x66, 0x66, 0x66, 0x66, 0x66, 0x69, 0x66, 0x69, 0x69, 0x69, 0x69, 0x69, 0x69, 0x69, 0x70, 0x69, 0x70, 0x70, 0x70, 0x70, 0x70, 0x70, 0x70, 0x70, 0x72, 0x72, 0x72, 0x59, 0x27, 0x3c, 0x72, 0x77, 0x77, 0x88, 0xba, 0xd0, 0xd0, 0xd0, 0xc9, 0xc5, 0xba, 0xc5, 0xce, 0xd0, 0xd0, 0xad, 0x80, 0x7b, 0x48, 0x27, 0x6e, 0x80, 0x80, 0x84, 0x80, 0x84, 0x84, 0x84, 0x84, 0x88, 0x84, 0x88, 0x84, 0x88, 0x88, 0x88, 0x8b, 0x88, 0x8b, 0x8b, 0x8b, 0x8b, 0x8b, 0x8b, 0x8e, 0x8b, 0x8e, 0x8e, 0x8e, 0x8e, 0x8e, 0x8e, 0x8e, 0x8e, 0x3c, 0x3e, 0xd0, 0x6b, 0x16, 0x16, 0xbe, 0xe8, 0xe8, 0xea, 0xec, 0xec, 0xee, 0xf0, 0xee, 0xf0, 0xee, 0xee, 0xec, 0xea, 0xea, 0xe7, 0xb3, 0x16, 0x16, 0x75, 0x96, 0x27, 0x7e, 0x9b, 0x9b, 0x9b, 0x9e, 0x9e, 0x9e, 0x9e, 0x9e, 0x9e, 0x9e, 0xa1, 0x9e, 0xa1, 0x9e, 0xa1, 0xa1, 0xa1, 0xa1, 0xa1, 0xa1, 0xa7, 0xa7, 0xa7, 0xa7, 0xa7, 0xa7, 0xa7, 0xab, 0xab, 0xab, 0xab, 0xad, 0xab, 0xad, 0xab, 0xad, 0xad, 0xad, 0xad, 0xad, 0xad, 0xb2, 0xb2, 0xb2, 0xb2, 0xb6, 0xb2, 0xb6, 0xb6, 0xb6, 0xb6, 0xb6, 0xb8, 0xb8, 0xb8, 0xb8, 0xb8, 0xba, 0xba, 0xba, 0xba, 0xbb, 0xbb, 0xbb, 0xbc, 0xbc, 0xbc, 0xbc, 0xc0, 0xbc, 0x8f, 
  0x3d, 0x5a, 0x5e, 0x5a, 0x5e, 0x5e, 0x5e, 0x5e, 0x5e, 0x5e, 0x66, 0x5e, 0x66, 0x5e, 0x66, 0x66, 0x66, 0x66, 0x66, 0x66, 0x69, 0x66, 0x69, 0x66, 0x69, 0x69, 0x69, 0x69, 0x69, 0x70, 0x69, 0x70, 0x70, 0x70, 0x70, 0x70, 0x70, 0x72, 0x72, 0x72, 0x70, 0x72, 0x72, 0x72, 0x40, 0x27, 0x50, 0x77, 0x77, 0x77, 0x84, 0xa1, 0xc9, 0xd0, 0xd0, 0xd0, 0xd0, 0xd0, 0xd0, 0xce, 0xb2, 0x84, 0x80, 0x74, 0x27, 0x48, 0x79, 0x80, 0x84, 0x80, 0x84, 0x80, 0x84, 0x84, 0x84, 0x84, 0x84, 0x88, 0x88, 0x88, 0x88, 0x88, 0x88, 0x8b, 0x88, 0x8b, 0x8b, 0x8b, 0x8b, 0x8e, 0x8b, 0x8e, 0x8b, 0x8e, 0x8e, 0x8e, 0x8e, 0x8e, 0x93, 0x8e, 0x5d, 0x27, 0xbb, 0x9a, 0x16, 0x16, 0x6c, 0xe7, 0xe8, 0xea, 0xea, 0xec, 0xec, 0xee, 0xee, 0xee, 0xec, 0xec, 0xea, 0xea, 0xe7, 0xe7, 0x83, 0x16, 0x16, 0x9a, 0x7c, 0x2c, 0x8c, 0x9e, 0x9b, 0x9e, 0x9b, 0x9e, 0x9e, 0x9e, 0x9e, 0x9e, 0xa1, 0x9e, 0xa1, 0x9e, 0xa1, 0xa1, 0xa1, 0xa1, 0xa1, 0xa7, 0xa7, 0xa1, 0xa7, 0xa7, 0xa7, 0xa7, 0xab, 0xab, 0xa7, 0xab, 0xab, 0xab, 0xab, 0xab, 0xad, 0xad, 0xad, 0xad, 0xad, 0xad, 0xb2, 0xb2, 0xb2, 0xb2, 0xb2, 0xb6, 0xb2, 0xb6, 0xb6, 0xb6, 0xb6, 0xb8, 0xb8, 0xb8, 0xb8, 0xb8, 0xba, 0xba, 0xba, 0xba, 0xbb, 0xbb, 0xbc, 0xbc, 0xbc, 0xbc, 0xbc, 0xbc, 0xc0, 0xc1, 0xc1, 0x8f, 
  0x3d, 0x5a, 0x5e, 0x5e, 0x5e, 0x5e, 0x5e, 0x5e, 0x5e, 0x66, 0x5e, 0x66, 0x66, 0x66, 0x66, 0x66, 0x66, 0x66, 0x66, 0x69, 0x66, 0x69, 0x69, 0x69, 0x69, 0x69, 0x69, 0x70, 0x69, 0x70, 0x70, 0x70, 0x70, 0x70, 0x70, 0x72, 0x70, 0x72, 0x70, 0x72, 0x72, 0x77, 0x72, 0x77, 0x6a, 0x30, 0x2c, 0x64, 0x77, 0x77, 0x7b, 0x77, 0x8b, 0xa7, 0xb6, 0xc5, 0xc9, 0xbc, 0xad, 0x97, 0x7b, 0x80, 0x80, 0x51, 0x27, 0x6e, 0x80, 0x84, 0x80, 0x84, 0x84, 0x84, 0x84, 0x88, 0x84, 0x88, 0x88, 0x88, 0x88, 0x88, 0x88, 0x8b, 0x8b, 0x8b, 0x8b, 0x8b, 0x8b, 0x8b, 0x8e, 0x8b, 0x8e, 0x8e, 0x8e, 0x8e, 0x8e, 0x8e, 0x8e, 0x93, 0x8e, 0x93, 0x6a, 0x27, 0x96, 0xc6, 0x22, 0x16, 0x35, 0xe2, 0xe7, 0xe8, 0xea, 0xea, 0xec, 0xec, 0xec, 0xec, 0xec, 0xec, 0xea, 0xe8, 0xe7, 0xe4, 0x3f, 0x16, 0x21, 0xb5, 0x55, 0x37, 0x94, 0x9b, 0x9e, 0x9e, 0x9e, 0x9e, 0x9e, 0x9e, 0x9e, 0xa1, 0x9e, 0xa1, 0xa1, 0xa1, 0xa1, 0xa1, 0xa7, 0xa1, 0xa7, 0xa1, 0xa7, 0xa7, 0xa7, 0xa7, 0xa7, 0xab, 0xa7, 0xab, 0xab, 0xab, 0xad, 0xab, 0xad, 0xad, 0xad, 0xad, 0xad, 0xad, 0xb2, 0xb2, 0xb2, 0xb2, 0xb2, 0xb6, 0xb2, 0xb6, 0xb6, 0xb6, 0xb6, 0xb6, 0xb8, 0xb8, 0xb8, 0xb8, 0xb8, 0xba, 0xba, 0xba, 0xba, 0xbc, 0xba, 0xbc, 0xbb, 0xbc, 0xbc, 0xbc, 0xc0, 0xc1, 0xc1, 0xc1, 0xc0, 0x7a, 
  0x3b, 0x5a, 0x5e, 0x5e, 0x5e, 0x5e, 0x66, 0x5e, 0x66, 0x5e, 0x66, 0x66, 0x66, 0x66, 0x66, 0x66, 0x66, 0x69, 0x66, 0x69, 0x69, 0x69, 0x69, 0x69, 0x69, 0x69, 0x70, 0x69, 0x70, 0x70, 0x70, 0x70, 0x70, 0x70, 0x72, 0x70, 0x72, 0x72, 0x72, 0x72, 0x72, 0x72, 0x77, 0x72, 0x77, 0x64, 0x27, 0x37, 0x70, 0x7b, 0x77, 0x7b, 0x7b, 0x7b, 0x7b, 0x7b, 0x84, 0x80, 0x7b, 0x80, 0x80, 0x80, 0x6a, 0x2c, 0x3c, 0x80, 0x84, 0x84, 0x84, 0x84, 0x84, 0x84, 0x88, 0x84, 0x88, 0x84, 0x88, 0x88, 0x88, 0x88, 0x8b, 0x88, 0x8b, 0x8b, 0x8b, 0x8b, 0x8e, 0x8e, 0x8e, 0x8e, 0x8e, 0x8e, 0x8e, 0x8e, 0x93, 0x8e, 0x93, 0x8e, 0x93, 0x93, 0x8c, 0x27, 0x7c, 0xce, 0x53, 0x16, 0x18, 0xd3, 0xe7, 0xe8, 0xe8, 0xea, 0xea, 0xec, 0xec, 0xec, 0xea, 0xea, 0xe8, 0xe8, 0xe7, 0xd8, 0x16, 0x16, 0x38, 0xc1, 0x3e, 0x4a, 0x9e, 0x9e, 0x9e, 0x9e, 0x9e, 0x9e, 0x9e, 0xa1, 0x9e, 0xa1, 0xa1, 0xa1, 0xa1, 0xa1, 0xa1, 0xa7, 0xa1, 0xa7, 0xa7, 0xa7, 0xa7, 0xa7, 0xa7, 0xab, 0xab, 0xab, 0xab, 0xab, 0xab, 0xab, 0xad, 0xab, 0xad, 0xad, 0xad, 0xad, 0xb2, 0xb2, 0xad, 0xb2, 0xb2, 0xb2, 0xb6, 0xb2, 0xb6, 0xb6, 0xb6, 0xb6, 0xb8, 0xb8, 0xb8, 0xb8, 0xb8, 0xba, 0xba, 0xba, 0xba, 0xbb, 0xbb, 0xbc, 0xbc, 0xbc, 0xbc, 0xbc, 0xc0, 0xc1, 0xbc, 0xc1, 0xc0, 0xc1, 0xc6, 0x7a, 
  0x2e, 0x5e, 0x5e, 0x5e, 0x5e, 0x66, 0x5e, 0x66, 0x5e, 0x66, 0x66, 0x66, 0x66, 0x66, 0x66, 0x69, 0x66, 0x69, 0x69, 0x69, 0x69, 0x69, 0x69, 0x70, 0x69, 0x70, 0x70, 0x70, 0x70, 0x70, 0x70, 0x70, 0x72, 0x70, 0x72, 0x72, 0x72, 0x72, 0x72, 0x72, 0x77, 0x77, 0x77, 0x77, 0x77, 0x77, 0x4d, 0x27, 0x3c, 0x74, 0x7b, 0x7b, 0x7b, 0x7b, 0x7b, 0x80, 0x80, 0x80, 0x80, 0x80, 0x80, 0x80, 0x40, 0x27, 0x6e, 0x84, 0x84, 0x84, 0x84, 0x84, 0x88, 0x84, 0x88, 0x88, 0x88, 0x88, 0x8b, 0x88, 0x8b, 0x8b, 0x8b, 0x8b, 0x8e, 0x8b, 0x8b, 0x8e, 0x8b, 0x8e, 0x8e, 0x8e, 0x8e, 0x8e, 0x8e, 0x93, 0x8e, 0x93, 0x93, 0x93, 0x93, 0x93, 0x8e, 0x31, 0x4a, 0xd0, 0x8d, 0x16, 0x16, 0x8a, 0xe7, 0xe7, 0xe8, 0xe8, 0xea, 0xea, 0xea, 0xea, 0xea, 0xea, 0xe8, 0xe7, 0xe7, 0xa4, 0x16, 0x14, 0x7f, 0xb5, 0x2c, 0x5d, 0x9e, 0x9e, 0x9e, 0x9e, 0x9e, 0x9e, 0xa1, 0x9e, 0xa1, 0xa1, 0xa1, 0xa1, 0xa1, 0xa1, 0xa7, 0xa1, 0xa7, 0xa7, 0xa7, 0xa7, 0xa7, 0xab, 0xab, 0xa7, 0xab, 0xab, 0xab, 0xab, 0xab, 0xad, 0xad, 0xad, 0xad, 0xad, 0xad, 0xb2, 0xad, 0xb2, 0xb2, 0xb6, 0xb2, 0xb6, 0xb6, 0xb6, 0xb8, 0xb6, 0xb8, 0xb8, 0xb8, 0xb8, 0xb8, 0xb8, 0xba, 0xba, 0xba, 0xba, 0xbc, 0xbb, 0xbc, 0xbc, 0xbc, 0xbc, 0xbc, 0xc1, 0xbc, 0xc1, 0xc1, 0xc1, 0xc1, 0xc6, 0xbc, 0x61, 
  0x25, 0x5a, 0x66, 0x5e, 0x66, 0x5e, 0x66, 0x5e, 0x66, 0x66, 0x66, 0x66, 0x66, 0x66, 0x69, 0x66, 0x69, 0x69, 0x69, 0x69, 0x69, 0x69, 0x70, 0x69, 0x70, 0x70, 0x70, 0x70, 0x70, 0x70, 0x72, 0x70, 0x72, 0x72, 0x72, 0x72, 0x72, 0x72, 0x77, 0x77, 0x72, 0x77, 0x77, 0x77, 0x7b, 0x77, 0x74, 0x40, 0x27, 0x3c, 0x7b, 0x7b, 0x80, 0x7b, 0x80, 0x7b, 0x80, 0x80, 0x80, 0x80, 0x80, 0x59, 0x27, 0x51, 0x80, 0x84, 0x84, 0x84, 0x84, 0x88, 0x84, 0x88, 0x88, 0x88, 0x88, 0x88, 0x88, 0x8b, 0x88, 0x8b, 0x8b, 0x8b, 0x8b, 0x8e, 0x8e, 0x8e, 0x8e, 0x8e, 0x8e, 0x8e, 0x8e, 0x93, 0x8e, 0x93, 0x93, 0x93, 0x93, 0x93, 0x93, 0x93, 0x93, 0x51, 0x31, 0xce, 0xa8, 0x1d, 0x16, 0x3f, 0xe5, 0xe7, 0xe7, 0xe8, 0xe8, 0xe8, 0xea, 0xe8, 0xea, 0xe8, 0xe7, 0xe7, 0xe5, 0x5c, 0x16, 0x1d, 0xa8, 0x96, 0x27, 0x73, 0x9e, 0x9e, 0x9e, 0xa1, 0x9e, 0xa1, 0x9e, 0xa1, 0xa1, 0xa1, 0xa1, 0xa1, 0xa7, 0xa7, 0xa7, 0xa7, 0xa7, 0xa7, 0xa7, 0xab, 0xab, 0xa7, 0xab, 0xab, 0xab, 0xab, 0xad, 0xad, 0xad, 0xab, 0xad, 0xad, 0xad, 0xb2, 0xb2, 0xb2, 0xb2, 0xb2, 0xb2, 0xb6, 0xb2, 0xb6, 0xb6, 0xb6, 0xb6, 0xb8, 0xb6, 0xb8, 0xb8, 0xb8, 0xba, 0xba, 0xba, 0xba, 0xbc, 0xba, 0xbc, 0xbb, 0xbc, 0xbc, 0xbc, 0xc1, 0xc1, 0xc1, 0xc1, 0xc1, 0xc1, 0xc6, 0xc1, 0xc8, 0xc6, 0x47, 
  0x1f, 0x66, 0x5e, 0x66, 0x5e, 0x66, 0x66, 0x66, 0x66, 0x66, 0x66, 0x69, 0x66, 0x69, 0x69, 0x69, 0x69, 0x69, 0x69, 0x69, 0x70, 0x69, 0x70, 0x70, 0x70, 0x70, 0x70, 0x70, 0x70, 0x72, 0x70, 0x72, 0x72, 0x72, 0x72, 0x72, 0x72, 0x77, 0x72, 0x77, 0x77, 0x7b, 0x77, 0x7b, 0x77, 0x7b, 0x7b, 0x74, 0x40, 0x27, 0x40, 0x6e, 0x7b, 0x80, 0x80, 0x80, 0x80, 0x80, 0x80, 0x84, 0x59, 0x27, 0x30, 0x79, 0x84, 0x88, 0x84, 0x88, 0x88, 0x88, 0x88, 0x88, 0x88, 0x88, 0x88, 0x8b, 0x8b, 0x8b, 0x8b, 0x8b, 0x8e, 0x8b, 0x8e, 0x8e, 0x8e, 0x8e, 0x8e, 0x8e, 0x8e, 0x8e, 0x93, 0x8e, 0x93, 0x93, 0x93, 0x93, 0x93, 0x93, 0x94, 0x93, 0x94, 0x65, 0x27, 0xa3, 0xcb, 0x44, 0x16, 0x21, 0xd3, 0xe7, 0xe7, 0xe7, 0xe8, 0xe7, 0xe8, 0xe7, 0xe8, 0xe7, 0xe7, 0xe7, 0xde, 0x18, 0x16, 0x2b, 0xce, 0x7c, 0x2c, 0x92, 0x9e, 0x9e, 0xa1, 0x9e, 0xa1, 0xa1, 0xa1, 0xa1, 0xa1, 0xa7, 0xa1, 0xa7, 0xa1, 0xa7, 0xa7, 0xa7, 0xa7, 0xa7, 0xab, 0xa7, 0xab, 0xab, 0xab, 0xab, 0xad, 0xab, 0xad, 0xab, 0xad, 0xad, 0xb2, 0xad, 0xb2, 0xad, 0xb2, 0xb2, 0xb6, 0xb2, 0xb6, 0xb6, 0xb6, 0xb8, 0xb6, 0xb8, 0xb8, 0xb8, 0xb8, 0xb8, 0xba, 0xba, 0xba, 0xba, 0xbb, 0xbb, 0xbb, 0xbc, 0xbc, 0xbc, 0xbc, 0xbc, 0xc1, 0xbc, 0xc1, 0xc1, 0xc1, 0xc1, 0xc6, 0xc1, 0xc8, 0xc6, 0xc8, 0x39, 
  0x15, 0x5a, 0x66, 0x5e, 0x66, 0x66, 0x66, 0x66, 0x66, 0x66, 0x69, 0x66, 0x69, 0x66, 0x69, 0x69, 0x69, 0x69, 0x70, 0x69, 0x70, 0x70, 0x70, 0x70, 0x70, 0x70, 0x70, 0x72, 0x70, 0x72, 0x72, 0x72, 0x72, 0x72, 0x72, 0x77, 0x77, 0x77, 0x77, 0x77, 0x77, 0x77, 0x7b, 0x7b, 0x7b, 0x7b, 0x7b, 0x7b, 0x74, 0x48, 0x27, 0x37, 0x59, 0x74, 0x80, 0x80, 0x80, 0x80, 0x80, 0x64, 0x2c, 0x2c, 0x6a, 0x84, 0x84, 0x84, 0x88, 0x84, 0x88, 0x88, 0x88, 0x88, 0x88, 0x8b, 0x8b, 0x88, 0x8b, 0x8b, 0x8b, 0x8b, 0x8e, 0x8b, 0x8e, 0x8e, 0x8e, 0x8e, 0x8e, 0x8e, 0x93, 0x8e, 0x93, 0x93, 0x93, 0x93, 0x93, 0x93, 0x93, 0x94, 0x93, 0x94, 0x93, 0x7e, 0x27, 0x86, 0xd0, 0x75, 0x16, 0x16, 0x83, 0xe5, 0xe7, 0xe7, 0xe7, 0xe7, 0xe7, 0xe7, 0xe7, 0xe7, 0xe7, 0xe5, 0xca, 0x16, 0x16, 0x53, 0xd0, 0x55, 0x37, 0x97, 0x9e, 0xa1, 0x9e, 0xa1, 0xa1, 0xa1, 0xa1, 0xa1, 0xa1, 0xa1, 0xa7, 0xa7, 0xa7, 0xa7, 0xa7, 0xa7, 0xab, 0xab, 0xab, 0xab, 0xab, 0xab, 0xab, 0xad, 0xab, 0xad, 0xad, 0xad, 0xad, 0xad, 0xb2, 0xad, 0xb2, 0xb2, 0xb2, 0xb2, 0xb6, 0xb2, 0xb6, 0xb6, 0xb6, 0xb6, 0xb8, 0xb8, 0xb8, 0xb8, 0xb8, 0xba, 0xba, 0xba, 0xbb, 0xbb, 0xbb, 0xbc, 0xbc, 0xbc, 0xbc, 0xbc, 0xc1, 0xc1, 0xc1, 0xc1, 0xc1, 0xc1, 0xc6, 0xc1, 0xc8, 0xc1, 0xc6, 0xc8, 0xc6, 0x23, 
  0x15, 0x66, 0x66, 0x66, 0x66, 0x66, 0x66, 0x66, 0x66, 0x69, 0x66, 0x69, 0x69, 0x69, 0x69, 0x69, 0x69, 0x70, 0x69, 0x70, 0x70, 0x70, 0x70, 0x70, 0x70, 0x70, 0x72, 0x70, 0x72, 0x72, 0x72, 0x72, 0x77, 0x72, 0x77, 0x72, 0x77, 0x77, 0x77, 0x77, 0x77, 0x7b, 0x7b, 0x7b, 0x7b, 0x7b, 0x80, 0x7b, 0x80, 0x79, 0x50, 0x27, 0x27, 0x37, 0x50, 0x64, 0x6e, 0x64, 0x48, 0x27, 0x2c, 0x59, 0x88, 0x84, 0x88, 0x88, 0x88, 0x88, 0x88, 0x88, 0x8b, 0x88, 0x8b, 0x88, 0x8b, 0x8b, 0x8b, 0x8b, 0x8b, 0x8e, 0x8e, 0x8e, 0x8e, 0x8e, 0x8e, 0x93, 0x8e, 0x93, 0x8e, 0x93, 0x93, 0x93, 0x93, 0x93, 0x93, 0x93, 0x94, 0x93, 0x94, 0x94, 0x94, 0x93, 0x2c, 0x55, 0xd0, 0xae, 0x21, 0x16, 0x4c, 0xe2, 0xe5, 0xe5, 0xe5, 0xe7, 0xe7, 0xe7, 0xe7, 0xe5, 0xe5, 0xe5, 0x5c, 0x16, 0x18, 0x8d, 0xc1, 0x43, 0x4a, 0x9e, 0xa1, 0xa1, 0xa1, 0xa1, 0xa1, 0xa1, 0xa7, 0xa1, 0xa7, 0xa7, 0xa7, 0xa7, 0xa7, 0xab, 0xa7, 0xab, 0xa7, 0xab, 0xab, 0xab, 0xab, 0xab, 0xad, 0xab, 0xad, 0xad, 0xad, 0xad, 0xad, 0xb2, 0xb2, 0xb2, 0xb6, 0xb2, 0xb6, 0xb6, 0xb6, 0xb6, 0xb8, 0xb6, 0xb8, 0xb8, 0xb8, 0xb8, 0xb8, 0xba, 0xba, 0xba, 0xba, 0xbb, 0xbb, 0xbb, 0xbc, 0xbc, 0xbc, 0xbc, 0xc1, 0xc1, 0xc1, 0xc1, 0xc1, 0xc1, 0xc1, 0xc6, 0xc1, 0xc6, 0xc8, 0xc6, 0xc8, 0xc8, 0xc8, 0x11, 
  0x00, 0x52, 0x66, 0x66, 0x66, 0x66, 0x66, 0x69, 0x66, 0x69, 0x69, 0x69, 0x69, 0x69, 0x69, 0x70, 0x69, 0x70, 0x70, 0x70, 0x70, 0x70, 0x70, 0x70, 0x72, 0x72, 0x72, 0x72, 0x72, 0x72, 0x72, 0x77, 0x72, 0x77, 0x77, 0x77, 0x77, 0x77, 0x77, 0x7b, 0x7b, 0x7b, 0x7b, 0x7b, 0x7b, 0x80, 0x7b, 0x80, 0x7b, 0x80, 0x80, 0x6a, 0x40, 0x2c, 0x27, 0x27, 0x27, 0x27, 0x27, 0x37, 0x6e, 0x88, 0x84, 0x88, 0x84, 0x88, 0x88, 0x88, 0x88, 0x8b, 0x88, 0x8b, 0x8b, 0x8b, 0x8b, 0x8b, 0x8b, 0x8e, 0x8e, 0x8b, 0x8e, 0x8e, 0x8e, 0x8e, 0x93, 0x8e, 0x93, 0x8e, 0x93, 0x93, 0x93, 0x93, 0x93, 0x93, 0x94, 0x93, 0x94, 0x94, 0x94, 0x94, 0x94, 0x94, 0x43, 0x37, 0xc9, 0xce, 0x44, 0x16, 0x18, 0xca, 0xe5, 0xe5, 0xe5, 0xe5, 0xe5, 0xe5, 0xe5, 0xe5, 0xe5, 0xe4, 0x29, 0x16, 0x22, 0xc6, 0xba, 0x27, 0x5d, 0xa1, 0xa1, 0xa1, 0xa1, 0xa1, 0xa1, 0xa7, 0xa1, 0xa7, 0xa1, 0xa7, 0xa7, 0xa7, 0xab, 0xa7, 0xab, 0xab, 0xab, 0xab, 0xab, 0xab, 0xad, 0xad, 0xad, 0xad, 0xad, 0xad, 0xad, 0xb2, 0xb2, 0xad, 0xb2, 0xb2, 0xb2, 0xb6, 0xb6, 0xb6, 0xb6, 0xb6, 0xb8, 0xb6, 0xb8, 0xb8, 0xb8, 0xb8, 0xba, 0xba, 0xba, 0xbb, 0xbb, 0xbc, 0xbc, 0xbc, 0xbc, 0xbc, 0xbc, 0xc1, 0xbc, 0xc1, 0xc1, 0xc1, 0xc6, 0xc1, 0xc6, 0xc1, 0xc6, 0xc8, 0xc6, 0xc8, 0xc8, 0xcb, 0xaf, 0x00, 
  0x00, 0x49, 0x66, 0x66, 0x66, 0x66, 0x66, 0x66, 0x69, 0x66, 0x69, 0x69, 0x69, 0x69, 0x69, 0x69, 0x70, 0x69, 0x70, 0x70, 0x70, 0x70, 0x70, 0x70, 0x70, 0x72, 0x70, 0x72, 0x72, 0x72, 0x72, 0x72, 0x77, 0x72, 0x77, 0x77, 0x77, 0x77, 0x77, 0x77, 0x77, 0x7b, 0x7b, 0x7b, 0x7b, 0x7b, 0x7b, 0x7b, 0x80, 0x7b, 0x80, 0x80, 0x80, 0x79, 0x64, 0x51, 0x48, 0x51, 0x6a, 0x84, 0x84, 0x84, 0x84, 0x88, 0x88, 0x88, 0x88, 0x88, 0x88, 0x88, 0x8b, 0x88, 0x8b, 0x8b, 0x8b, 0x8b, 0x8b, 0x8b, 0x8b, 0x8e, 0x8e, 0x8e, 0x8e, 0x8e, 0x8e, 0x93, 0x8e, 0x93, 0x8e, 0x93, 0x93, 0x93, 0x93, 0x93, 0x94, 0x93, 0x94, 0x93, 0x94, 0x94, 0x94, 0x94, 0x5d, 0x2c, 0xb5, 0xd0, 0x7f, 0x16, 0x16, 0x5c, 0xe4, 0xe5, 0xe5, 0xe5, 0xe5, 0xe5, 0xe5, 0xe5, 0xe5, 0xb3, 0x16, 0x16, 0x53, 0xce, 0x90, 0x27, 0x86, 0xa1, 0x9e, 0xa1, 0xa1, 0xa1, 0xa1, 0xa1, 0xa1, 0xa7, 0xa7, 0xa7, 0xa7, 0xa7, 0xa7, 0xa7, 0xab, 0xa7, 0xab, 0xab, 0xab, 0xab, 0xab, 0xad, 0xab, 0xad, 0xad, 0xad, 0xad, 0xad, 0xad, 0xb2, 0xb2, 0xb2, 0xb6, 0xb2, 0xb6, 0xb6, 0xb8, 0xb6, 0xb8, 0xb8, 0xb8, 0xb8, 0xba, 0xb8, 0xba, 0xba, 0xbb, 0xba, 0xbb, 0xbb, 0xbc, 0xbc, 0xbc, 0xc0, 0xbc, 0xc1, 0xc1, 0xc1, 0xc1, 0xc1, 0xc1, 0xc6, 0xc1, 0xc8, 0xc6, 0xc8, 0xc6, 0xc8, 0xc6, 0xc8, 0x9c, 0x00, 
  0x00, 0x3d, 0x66, 0x66, 0x66, 0x66, 0x69, 0x69, 0x69, 0x69, 0x69, 0x69, 0x69, 0x69, 0x70, 0x69, 0x70, 0x70, 0x70, 0x70, 0x70, 0x70, 0x70, 0x72, 0x72, 0x72, 0x72, 0x72, 0x72, 0x72, 0x77, 0x72, 0x77, 0x77, 0x77, 0x77, 0x77, 0x77, 0x7b, 0x7b, 0x7b, 0x7b, 0x7b, 0x7b, 0x7b, 0x80, 0x80, 0x80, 0x80, 0x80, 0x80, 0x80, 0x80, 0x80, 0x84, 0x84, 0x84, 0x84, 0x84, 0x84, 0x84, 0x88, 0x88, 0x84, 0x88, 0x88, 0x88, 0x88, 0x88, 0x8b, 0x88, 0x8b, 0x8b, 0x8b, 0x8b, 0x8b, 0x8e, 0x8e, 0x8e, 0x8e, 0x8e, 0x8e, 0x8e, 0x93, 0x8e, 0x93, 0x93, 0x93, 0x93, 0x93, 0x93, 0x93, 0x94, 0x93, 0x94, 0x93, 0x94, 0x94, 0x94, 0x94, 0x94, 0x94, 0x7e, 0x27, 0x86, 0xd0, 0xb9, 0x2b, 0x16, 0x21, 0xd3, 0xe5, 0xe5, 0xe5, 0xe5, 0xe5, 0xe5, 0xe5, 0xe5, 0x35, 0x16, 0x16, 0x8d, 0xd0, 0x7c, 0x2c, 0x92, 0xa1, 0xa1, 0xa1, 0xa1, 0xa1, 0xa7, 0xa7, 0xa7, 0xa7, 0xa7, 0xa7, 0xa7, 0xab, 0xab, 0xab, 0xab, 0xab, 0xab, 0xab, 0xab, 0xad, 0xad, 0xad, 0xad, 0xad, 0xad, 0xad, 0xb2, 0xb2, 0xb2, 0xb2, 0xb2, 0xb6, 0xb2, 0xb6, 0xb6, 0xb6, 0xb8, 0xb6, 0xb8, 0xb8, 0xb8, 0xb8, 0xba, 0xba, 0xba, 0xba, 0xbb, 0xbb, 0xbc, 0xbc, 0xbc, 0xbc, 0xbc, 0xc1, 0xbc, 0xc0, 0xc1, 0xc0, 0xc1, 0xc6, 0xc1, 0xc8, 0xc6, 0xc8, 0xc6, 0xc8, 0xc6, 0xc8, 0xcb, 0xcb, 0x7a, 0x00, 
  0x00, 0x2e, 0x66, 0x69, 0x66, 0x69, 0x69, 0x66, 0x69, 0x69, 0x69, 0x69, 0x69, 0x70, 0x69, 0x70, 0x70, 0x70, 0x70, 0x70, 0x72, 0x70, 0x72, 0x72, 0x70, 0x72, 0x72, 0x77, 0x72, 0x77, 0x72, 0x77, 0x77, 0x77, 0x77, 0x7b, 0x77, 0x7b, 0x7b, 0x7b, 0x7b, 0x7b, 0x7b, 0x80, 0x7b, 0x80, 0x7b, 0x80, 0x80, 0x80, 0x80, 0x84, 0x80, 0x84, 0x84, 0x84, 0x84, 0x84, 0x88, 0x84, 0x88, 0x84, 0x88, 0x88, 0x88, 0x88, 0x8b, 0x88, 0x8b, 0x8b, 0x8b, 0x8b, 0x8b, 0x8e, 0x8b, 0x8e, 0x8e, 0x8e, 0x8e, 0x8e, 0x8e, 0x8e, 0x93, 0x8e, 0x93, 0x93, 0x93, 0x93, 0x93, 0x93, 0x93, 0x94, 0x93, 0x94, 0x94, 0x94, 0x94, 0x94, 0x94, 0x94, 0x97, 0x94, 0x92, 0x2c, 0x55, 0xd0, 0xce, 0x5b, 0x16, 0x16, 0x76, 0xe4, 0xe5, 0xe4, 0xe5, 0xe3, 0xe4, 0xe5, 0xca, 0x16, 0x16, 0x2b, 0xce, 0xc9, 0x55, 0x37, 0x9e, 0xa1, 0xa1, 0xa7, 0xa1, 0xa7, 0xa7, 0xa1, 0xa7, 0xa7, 0xa7, 0xab, 0xa7, 0xab, 0xa7, 0xab, 0xab, 0xab, 0xad, 0xab, 0xad, 0xad, 0xab, 0xad, 0xad, 0xb2, 0xad, 0xb2, 0xb2, 0xb2, 0xb2, 0xb2, 0xb6, 0xb6, 0xb6, 0xb8, 0xb6, 0xb8, 0xb8, 0xb8, 0xb8, 0xb8, 0xba, 0xba, 0xba, 0xba, 0xbb, 0xbb, 0xbb, 0xbb, 0xbc, 0xbc, 0xc0, 0xbc, 0xc1, 0xc0, 0xc1, 0xc1, 0xc1, 0xc1, 0xc8, 0xc1, 0xc8, 0xc6, 0xc8, 0xc6, 0xc8, 0xc6, 0xcb, 0xcb, 0xc6, 0xcb, 0x61, 0x00, 
  0x00, 0x25, 0x66, 0x69, 0x66, 0x69, 0x69, 0x69, 0x69, 0x69, 0x69, 0x70, 0x69, 0x70, 0x70, 0x70, 0x70, 0x70, 0x70, 0x70, 0x72, 0x70, 0x72, 0x72, 0x72, 0x72, 0x72, 0x72, 0x77, 0x72, 0x77, 0x77, 0x77, 0x77, 0x7b, 0x77, 0x7b, 0x7b, 0x7b, 0x7b, 0x7b, 0x80, 0x7b, 0x80, 0x80, 0x80, 0x80, 0x80, 0x80, 0x80, 0x80, 0x84, 0x80, 0x84, 0x84, 0x84, 0x84, 0x84, 0x88, 0x84, 0x88, 0x88, 0x88, 0x88, 0x88, 0x8b, 0x88, 0x8b, 0x8b, 0x8b, 0x8b, 0x8b, 0x8b, 0x8e, 0x8b, 0x8e, 0x8e, 0x8e, 0x8e, 0x8e, 0x93, 0x8e, 0x93, 0x93, 0x93, 0x93, 0x93, 0x93, 0x93, 0x94, 0x93, 0x94, 0x93, 0x94, 0x94, 0x94, 0x94, 0x94, 0x97, 0x94, 0x97, 0x97, 0x94, 0x43, 0x3e, 0xc1, 0xd0, 0xa0, 0x18, 0x16, 0x29, 0xd8, 0xe5, 0xe5, 0xe3, 0xe5, 0xe5, 0xe5, 0x5c, 0x16, 0x16, 0x75, 0xd0, 0xc1, 0x37, 0x51, 0xa7, 0xa1, 0xa1, 0xa7, 0xa1, 0xa7, 0xa7, 0xa7, 0xa7, 0xa7, 0xab, 0xa7, 0xab, 0xab, 0xab, 0xab, 0xab, 0xab, 0xad, 0xab, 0xad, 0xad, 0xad, 0xad, 0xad, 0xb2, 0xad, 0xb2, 0xb2, 0xb2, 0xb2, 0xb6, 0xb6, 0xb6, 0xb6, 0xb8, 0xb6, 0xb8, 0xb8, 0xb8, 0xb8, 0xba, 0xba, 0xba, 0xbb, 0xbb, 0xbc, 0xbc, 0xbc, 0xbc, 0xbc, 0xbc, 0xc1, 0xbc, 0xc0, 0xc1, 0xc1, 0xc1, 0xc6, 0xc1, 0xc6, 0xc8, 0xc6, 0xc8, 0xc6, 0xc8, 0xc6, 0xcb, 0xc8, 0xcb, 0xcb, 0xcb, 0x39, 0x00, 
  0x00, 0x15, 0x69, 0x69, 0x69, 0x69, 0x69, 0x69, 0x69, 0x69, 0x70, 0x69, 0x70, 0x70, 0x70, 0x70, 0x70, 0x72, 0x70, 0x72, 0x72, 0x72, 0x72, 0x72, 0x77, 0x72, 0x77, 0x77, 0x77, 0x77, 0x77, 0x7b, 0x77, 0x7b, 0x77, 0x7b, 0x7b, 0x7b, 0x7b, 0x7b, 0x80, 0x7b, 0x80, 0x80, 0x80, 0x80, 0x80, 0x80, 0x84, 0x80, 0x84, 0x84, 0x84, 0x84, 0x84, 0x88, 0x84, 0x88, 0x88, 0x88, 0x88, 0x88, 0x8b, 0x88, 0x8b, 0x88, 0x8b, 0x8b, 0x8b, 0x8b, 0x8e, 0x8b, 0x8e, 0x8e, 0x8e, 0x8e, 0x8e, 0x8e, 0x8e, 0x93, 0x8e, 0x93, 0x93, 0x93, 0x93, 0x93, 0x93, 0x93, 0x94, 0x93, 0x94, 0x94, 0x94, 0x94, 0x94, 0x97, 0x94, 0x97, 0x94, 0x97, 0x97, 0x97, 0x9b, 0x5d, 0x2c, 0xa3, 0xd0, 0xc5, 0x42, 0x16, 0x16, 0x6c, 0xde, 0xe4, 0xe5, 0xe4, 0xe3, 0xd8, 0x16, 0x16, 0x1d, 0xb5, 0xd0, 0xa0, 0x27, 0x71, 0xa1, 0xa1, 0xa7, 0xa7, 0xa7, 0xa7, 0xa7, 0xab, 0xa7, 0xab, 0xa7, 0xab, 0xab, 0xab, 0xab, 0xad, 0xab, 0xad, 0xad, 0xad, 0xad, 0xad, 0xb2, 0xad, 0xb2, 0xb2, 0xb2, 0xb6, 0xb2, 0xb6, 0xb6, 0xb6, 0xb8, 0xb6, 0xb8, 0xb8, 0xb8, 0xba, 0xb8, 0xba, 0xba, 0xba, 0xba, 0xbb, 0xbb, 0xbb, 0xbb, 0xbc, 0xbc, 0xbc, 0xc0, 0xc1, 0xc0, 0xc1, 0xc1, 0xc1, 0xc1, 0xc6, 0xc1, 0xc8, 0xc6, 0xc8, 0xc6, 0xc8, 0xc6, 0xcb, 0xcb, 0xcb, 0xcb, 0xcb, 0xcb, 0xcb, 0x23, 0x00, 
  0x00, 0x00, 0x67, 0x66, 0x69, 0x69, 0x69, 0x69, 0x70, 0x69, 0x70, 0x70, 0x70, 0x70, 0x70, 0x70, 0x72, 0x70, 0x72, 0x70, 0x72, 0x72, 0x72, 0x72, 0x77, 0x72, 0x77, 0x77, 0x77, 0x77, 0x77, 0x77, 0x7b, 0x77, 0x7b, 0x7b, 0x7b, 0x7b, 0x7b, 0x80, 0x7b, 0x80, 0x80, 0x80, 0x80, 0x80, 0x80, 0x84, 0x80, 0x84, 0x84, 0x84, 0x84, 0x84, 0x84, 0x88, 0x84, 0x88, 0x88, 0x88, 0x88, 0x88, 0x88, 0x8b, 0x8b, 0x8b, 0x8b, 0x8b, 0x8b, 0x8e, 0x8b, 0x8e, 0x8e, 0x8e, 0x8e, 0x8e, 0x8e, 0x93, 0x8e, 0x93, 0x93, 0x93, 0x93, 0x93, 0x93, 0x93, 0x94, 0x93, 0x94, 0x94, 0x94, 0x94, 0x94, 0x94, 0x94, 0x94, 0x97, 0x94, 0x97, 0x97, 0x97, 0x97, 0x97, 0x84, 0x27, 0x7c, 0xce, 0xd0, 0x90, 0x1d, 0x16, 0x16, 0xa4, 0xe5, 0xe3, 0xe5, 0xe5, 0x35, 0x16, 0x16, 0x42, 0xd0, 0xd0, 0x86, 0x27, 0x8c, 0xa7, 0xa7, 0xa1, 0xa7, 0xa7, 0xa7, 0xa7, 0xab, 0xa7, 0xab, 0xab, 0xab, 0xab, 0xab, 0xad, 0xab, 0xad, 0xad, 0xad, 0xad, 0xad, 0xad, 0xb2, 0xad, 0xb2, 0xb2, 0xb2, 0xb6, 0xb2, 0xb6, 0xb6, 0xb6, 0xb8, 0xb6, 0xb8, 0xb8, 0xb8, 0xb8, 0xba, 0xba, 0xba, 0xbb, 0xbb, 0xbc, 0xbc, 0xbc, 0xbc, 0xbc, 0xbc, 0xc0, 0xc1, 0xc1, 0xc1, 0xc1, 0xc6, 0xc1, 0xc6, 0xc1, 0xc6, 0xc8, 0xc6, 0xc8, 0xc6, 0xcb, 0xc6, 0xcb, 0xc6, 0xcb, 0xcb, 0xcb, 0xcb, 0xc3, 0x00, 0x00, 
  0x00, 0x00, 0x49, 0x69, 0x70, 0x69, 0x70, 0x69, 0x70, 0x70, 0x70, 0x70, 0x70, 0x70, 0x70, 0x72, 0x70, 0x72, 0x72, 0x72, 0x72, 0x77, 0x72, 0x77, 0x77, 0x77, 0x77, 0x77, 0x7b, 0x77, 0x7b, 0x7b, 0x7b, 0x7b, 0x7b, 0x7b, 0x80, 0x7b, 0x80, 0x7b, 0x80, 0x80, 0x80, 0x80, 0x84, 0x80, 0x84, 0x80, 0x84, 0x84, 0x84, 0x84, 0x84, 0x88, 0x88, 0x88, 0x88, 0x88, 0x88, 0x8b, 0x88, 0x8b, 0x8b, 0x8b, 0x8b, 0x8b, 0x8e, 0x8b, 0x8e, 0x8b, 0x8e, 0x8e, 0x8e, 0x8e, 0x8e, 0x8e, 0x93, 0x8e, 0x93, 0x93, 0x93, 0x93, 0x93, 0x93, 0x93, 0x94, 0x93, 0x94, 0x94, 0x94, 0x94, 0x94, 0x97, 0x94, 0x97, 0x97, 0x97, 0x97, 0x97, 0x9b, 0x97, 0x9b, 0x9b, 0x92, 0x2c, 0x4a, 0xc9, 0xd0, 0xbc, 0x5f, 0x16, 0x16, 0x1d, 0xa4, 0xe2, 0xe2, 0x76, 0x16, 0x16, 0x22, 0xa3, 0xd0, 0xce, 0x55, 0x31, 0x9d, 0xa1, 0xa7, 0xa7, 0xa7, 0xab, 0xa7, 0xab, 0xab, 0xab, 0xab, 0xab, 0xab, 0xab, 0xad, 0xab, 0xad, 0xad, 0xad, 0xad, 0xad, 0xb2, 0xb2, 0xb2, 0xb2, 0xb6, 0xb2, 0xb6, 0xb6, 0xb6, 0xb6, 0xb6, 0xb8, 0xb8, 0xb8, 0xba, 0xb8, 0xba, 0xba, 0xbb, 0xba, 0xbb, 0xbb, 0xbc, 0xbb, 0xbc, 0xbc, 0xbc, 0xc0, 0xc1, 0xc1, 0xc1, 0xc1, 0xc1, 0xc6, 0xc1, 0xc6, 0xc8, 0xc6, 0xc8, 0xc6, 0xc8, 0xc8, 0xcb, 0xc8, 0xcb, 0xcb, 0xcb, 0xcb, 0xcb, 0xcb, 0xcf, 0x9c, 0x00, 0x00, 
  0x00, 0x00, 0x3b, 0x69, 0x69, 0x69, 0x70, 0x70, 0x70, 0x70, 0x70, 0x70, 0x70, 0x72, 0x72, 0x72, 0x72, 0x72, 0x72, 0x72, 0x77, 0x72, 0x77, 0x77, 0x77, 0x77, 0x77, 0x77, 0x7b, 0x77, 0x7b, 0x7b, 0x7b, 0x7b, 0x7b, 0x80, 0x7b, 0x80, 0x80, 0x80, 0x80, 0x80, 0x80, 0x80, 0x84, 0x80, 0x84, 0x84, 0x84, 0x84, 0x84, 0x88, 0x88, 0x84, 0x88, 0x88, 0x88, 0x88, 0x8b, 0x88, 0x8b, 0x8b, 0x8b, 0x8b, 0x8b, 0x8b, 0x8e, 0x8b, 0x8e, 0x8e, 0x8e, 0x8e, 0x8e, 0x93, 0x8e, 0x93, 0x8e, 0x93, 0x93, 0x93, 0x93, 0x93, 0x94, 0x93, 0x94, 0x93, 0x94, 0x94, 0x94, 0x94, 0x94, 0x97, 0x94, 0x97, 0x97, 0x97, 0x97, 0x97, 0x97, 0x9b, 0x97, 0x9b, 0x9b, 0x97, 0x51, 0x31, 0xac, 0xd0, 0xc9, 0x9d, 0x33, 0x16, 0x16, 0x18, 0x29, 0x22, 0x1a, 0x16, 0x16, 0x6f, 0xc5, 0xd0, 0xbc, 0x37, 0x4a, 0xa7, 0xa7, 0xa7, 0xa7, 0xab, 0xa7, 0xab, 0xa7, 0xab, 0xab, 0xab, 0xab, 0xad, 0xad, 0xad, 0xad, 0xad, 0xad, 0xad, 0xb2, 0xb2, 0xb2, 0xb2, 0xb2, 0xb2, 0xb6, 0xb2, 0xb6, 0xb6, 0xb6, 0xb6, 0xb8, 0xb8, 0xb8, 0xb8, 0xba, 0xba, 0xba, 0xba, 0xbb, 0xbb, 0xbc, 0xbb, 0xbc, 0xbc, 0xbc, 0xc0, 0xc1, 0xc1, 0xc1, 0xc1, 0xc1, 0xc6, 0xc1, 0xc8, 0xc1, 0xc8, 0xc8, 0xc8, 0xc8, 0xc8, 0xcb, 0xc8, 0xcb, 0xcb, 0xcb, 0xcb, 0xcb, 0xcb, 0xcf, 0xcb, 0xcf, 0x7a, 0x00, 0x00, 
  0x00, 0x00, 0x25, 0x69, 0x70, 0x70, 0x70, 0x70, 0x70, 0x70, 0x72, 0x70, 0x72, 0x72, 0x72, 0x72, 0x72, 0x77, 0x72, 0x77, 0x72, 0x77, 0x77, 0x77, 0x77, 0x7b, 0x77, 0x7b, 0x7b, 0x7b, 0x7b, 0x7b, 0x80, 0x7b, 0x80, 0x7b, 0x80, 0x80, 0x80, 0x80, 0x80, 0x84, 0x80, 0x84, 0x84, 0x84, 0x84, 0x84, 0x88, 0x84, 0x88, 0x84, 0x88, 0x88, 0x88, 0x8b, 0x88, 0x8b, 0x88, 0x8b, 0x8b, 0x8b, 0x8b, 0x8e, 0x8b, 0x8e, 0x8e, 0x8e, 0x8e, 0x8e, 0x8e, 0x8e, 0x93, 0x8e, 0x93, 0x93, 0x93, 0x93, 0x93, 0x93, 0x93, 0x94, 0x93, 0x94, 0x94, 0x94, 0x94, 0x94, 0x97, 0x94, 0x97, 0x94, 0x97, 0x97, 0x97, 0x97, 0x9b, 0x97, 0x9b, 0x9b, 0x9b, 0x9b, 0x9b, 0x9b, 0x71, 0x27, 0x8c, 0xd0, 0xce, 0xb6, 0x86, 0x28, 0x16, 0x16, 0x16, 0x16, 0x16, 0x16, 0x4b, 0xa1, 0xce, 0xd0, 0x96, 0x27, 0x71, 0xa7, 0xab, 0xa7, 0xab, 0xa7, 0xab, 0xab, 0xab, 0xab, 0xad, 0xab, 0xad, 0xad, 0xad, 0xad, 0xad, 0xb2, 0xad, 0xb2, 0xad, 0xb2, 0xb2, 0xb6, 0xb2, 0xb6, 0xb6, 0xb6, 0xb8, 0xb6, 0xb8, 0xb8, 0xb8, 0xb8, 0xb8, 0xba, 0xba, 0xba, 0xbb, 0xbb, 0xbc, 0xbc, 0xbc, 0xbc, 0xbc, 0xbc, 0xc1, 0xc1, 0xc1, 0xc1, 0xc1, 0xc1, 0xc6, 0xc1, 0xc8, 0xc6, 0xc8, 0xc6, 0xc8, 0xcb, 0xc8, 0xcb, 0xcb, 0xcb, 0xcb, 0xcb, 0xcb, 0xcb, 0xcb, 0xcf, 0xcb, 0xcf, 0xcf, 0x47, 0x00, 0x00, 
  0x00, 0x00, 0x15, 0x70, 0x70, 0x70, 0x70, 0x70, 0x70, 0x70, 0x72, 0x70, 0x72, 0x72, 0x72, 0x72, 0x77, 0x72, 0x77, 0x72, 0x77, 0x77, 0x77, 0x77, 0x7b, 0x77, 0x7b, 0x7b, 0x7b, 0x7b, 0x7b, 0x7b, 0x7b, 0x80, 0x7b, 0x80, 0x80, 0x80, 0x80, 0x80, 0x80, 0x84, 0x80, 0x84, 0x84, 0x84, 0x84, 0x84, 0x88, 0x84, 0x88, 0x88, 0x88, 0x88, 0x88, 0x88, 0x8b, 0x8b, 0x8b, 0x8b, 0x8b, 0x8b, 0x8e, 0x8b, 0x8e, 0x8e, 0x8e, 0x8e, 0x8e, 0x8e, 0x93, 0x8e, 0x93, 0x8e, 0x93, 0x93, 0x93, 0x93, 0x93, 0x93, 0x94, 0x93, 0x94, 0x94, 0x94, 0x94, 0x94, 0x94, 0x94, 0x97, 0x97, 0x97, 0x97, 0x97, 0x97, 0x97, 0x9b, 0x97, 0x9b, 0x9b, 0x9b, 0x9b, 0x9b, 0x9e, 0x8c, 0x27, 0x55, 0xc9, 0xd0, 0xc9, 0xa1, 0x92, 0x42, 0x22, 0x18, 0x1d, 0x24, 0x5f, 0x9d, 0xba, 0xd0, 0xd0, 0x71, 0x2c, 0x8c, 0xab, 0xa7, 0xab, 0xa7, 0xab, 0xab, 0xab, 0xab, 0xad, 0xab, 0xad, 0xab, 0xad, 0xad, 0xad, 0xad, 0xb2, 0xad, 0xb2, 0xb2, 0xb2, 0xb2, 0xb6, 0xb2, 0xb6, 0xb6, 0xb6, 0xb8, 0xb6, 0xb8, 0xb8, 0xb8, 0xb8, 0xba, 0xba, 0xbb, 0xbb, 0xbb, 0xbc, 0xbc, 0xbc, 0xbc, 0xbc, 0xc0, 0xc1, 0xc1, 0xc1, 0xc1, 0xc1, 0xc6, 0xc1, 0xc8, 0xc6, 0xc8, 0xc6, 0xc8, 0xc8, 0xc8, 0xcb, 0xc8, 0xcb, 0xcb, 0xcb, 0xcb, 0xcb, 0xcf, 0xcb, 0xcf, 0xcb, 0xcf, 0xcf, 0xcf, 0x23, 0x00, 0x00, 
  0x00, 0x00, 0x00, 0x67, 0x70, 0x70, 0x70, 0x72, 0x70, 0x72, 0x72, 0x72, 0x72, 0x72, 0x72, 0x77, 0x72, 0x77, 0x77, 0x77, 0x77, 0x7b, 0x77, 0x7b, 0x77, 0x7b, 0x7b, 0x7b, 0x7b, 0x7b, 0x80, 0x7b, 0x80, 0x80, 0x80, 0x80, 0x80, 0x80, 0x84, 0x80, 0x84, 0x84, 0x84, 0x84, 0x84, 0x88, 0x84, 0x88, 0x88, 0x88, 0x88, 0x88, 0x8b, 0x88, 0x8b, 0x8b, 0x8b, 0x8b, 0x8b, 0x8b, 0x8b, 0x8e, 0x8b, 0x8e, 0x8e, 0x8e, 0x8e, 0x8e, 0x8e, 0x93, 0x8e, 0x93, 0x93, 0x93, 0x93, 0x93, 0x93, 0x93, 0x94, 0x93, 0x94, 0x94, 0x94, 0x94, 0x94, 0x97, 0x94, 0x97, 0x97, 0x97, 0x97, 0x97, 0x97, 0x9b, 0x97, 0x9b, 0x9b, 0x9b, 0x9b, 0x9b, 0x9e, 0x9b, 0x9e, 0x9e, 0x97, 0x3e, 0x3c, 0xad, 0xd0, 0xce, 0xb2, 0x9e, 0x9e, 0x92, 0x7c, 0x7c, 0x94, 0xa1, 0xa7, 0xce, 0xd0, 0xc5, 0x4a, 0x37, 0x9e, 0xa7, 0xab, 0xab, 0xab, 0xab, 0xab, 0xab, 0xad, 0xab, 0xad, 0xad, 0xad, 0xad, 0xb2, 0xad, 0xb2, 0xb2, 0xb2, 0xb6, 0xb2, 0xb6, 0xb6, 0xb6, 0xb6, 0xb8, 0xb6, 0xb8, 0xb8, 0xb8, 0xb8, 0xb8, 0xba, 0xba, 0xba, 0xbb, 0xbb, 0xbb, 0xbc, 0xbc, 0xbc, 0xc0, 0xbc, 0xc1, 0xc1, 0xc1, 0xc1, 0xc1, 0xc1, 0xc6, 0xc1, 0xc8, 0xc6, 0xc8, 0xc6, 0xc8, 0xc8, 0xcb, 0xcb, 0xcb, 0xcb, 0xcb, 0xcb, 0xcb, 0xcb, 0xcb, 0xcf, 0xcb, 0xcf, 0xcf, 0xcf, 0xcf, 0xc3, 0x00, 0x00, 0x00, 
  0x00, 0x00, 0x00, 0x4e, 0x70, 0x70, 0x72, 0x70, 0x72, 0x72, 0x72, 0x72, 0x72, 0x77, 0x72, 0x77, 0x77, 0x77, 0x77, 0x77, 0x77, 0x77, 0x7b, 0x77, 0x7b, 0x7b, 0x7b, 0x7b, 0x80, 0x7b, 0x80, 0x80, 0x80, 0x80, 0x80, 0x80, 0x80, 0x80, 0x84, 0x80, 0x84, 0x84, 0x84, 0x84, 0x88, 0x84, 0x88, 0x88, 0x88, 0x88, 0x88, 0x8b, 0x88, 0x8b, 0x88, 0x8b, 0x8b, 0x8b, 0x8b, 0x8e, 0x8e, 0x8e, 0x8e, 0x8e, 0x8e, 0x8e, 0x8e, 0x93, 0x8e, 0x93, 0x93, 0x93, 0x93, 0x93, 0x93, 0x93, 0x93, 0x94, 0x93, 0x94, 0x94, 0x94, 0x94, 0x94, 0x94, 0x97, 0x94, 0x97, 0x97, 0x97, 0x97, 0x97, 0x9b, 0x97, 0x9b, 0x9b, 0x9b, 0x9b, 0x9b, 0x9b, 0x9e, 0x9b, 0x9e, 0x9e, 0x9e, 0x55, 0x2c, 0x8c, 0xc9, 0xd0, 0xc9, 0xa1, 0xa1, 0xa1, 0xa1, 0xa7, 0xa1, 0xa7, 0xb6, 0xd0, 0xd0, 0xab, 0x2c, 0x55, 0xab, 0xab, 0xab, 0xab, 0xab, 0xab, 0xad, 0xab, 0xad, 0xad, 0xad, 0xad, 0xad, 0xad, 0xb2, 0xad, 0xb2, 0xb2, 0xb2, 0xb2, 0xb6, 0xb6, 0xb6, 0xb6, 0xb6, 0xb8, 0xb6, 0xb8, 0xb8, 0xb8, 0xb8, 0xba, 0xba, 0xba, 0xbc, 0xbb, 0xbc, 0xbc, 0xbc, 0xbc, 0xbc, 0xc1, 0xbc, 0xc1, 0xc1, 0xc1, 0xc6, 0xc1, 0xc6, 0xc1, 0xc6, 0xc8, 0xc6, 0xc8, 0xc8, 0xc8, 0xcb, 0xc8, 0xcb, 0xcb, 0xcb, 0xcb, 0xcb, 0xcf, 0xcb, 0xcf, 0xcb, 0xcf, 0xcf, 0xcf, 0xcf, 0xcf, 0x95, 0x00, 0x00, 0x00, 
  0x00, 0x00, 0x00, 0x2e, 0x70, 0x70, 0x70, 0x72, 0x70, 0x72, 0x72, 0x72, 0x72, 0x72, 0x77, 0x72, 0x77, 0x77, 0x77, 0x77, 0x7b, 0x77, 0x7b, 0x7b, 0x7b, 0x7b, 0x7b, 0x7b, 0x7b, 0x7b, 0x80, 0x7b, 0x80, 0x80, 0x80, 0x80, 0x80, 0x84, 0x80, 0x84, 0x84, 0x84, 0x84, 0x84, 0x84, 0x88, 0x84, 0x88, 0x88, 0x88, 0x88, 0x88, 0x88, 0x8b, 0x8b, 0x8b, 0x8b, 0x8b, 0x8e, 0x8b, 0x8b, 0x8e, 0x8e, 0x8e, 0x8e, 0x8e, 0x8e, 0x93, 0x8e, 0x93, 0x8e, 0x93, 0x93, 0x93, 0x93, 0x93, 0x93, 0x93, 0x94, 0x93, 0x94, 0x94, 0x94, 0x94, 0x97, 0x94, 0x97, 0x97, 0x97, 0x97, 0x97, 0x97, 0x97, 0x9b, 0x97, 0x9b, 0x9b, 0x9b, 0x9e, 0x9b, 0x9e, 0x9e, 0x9e, 0x9e, 0x9e, 0x8c, 0x27, 0x65, 0xb6, 0xd0, 0xd0, 0xb6, 0xa1, 0xa1, 0xa1, 0xa1, 0xa1, 0xab, 0xc9, 0xd0, 0xc9, 0x86, 0x27, 0x86, 0xa7, 0xab, 0xab, 0xab, 0xab, 0xab, 0xab, 0xad, 0xad, 0xad, 0xad, 0xad, 0xb2, 0xad, 0xb2, 0xb2, 0xb2, 0xb2, 0xb2, 0xb6, 0xb6, 0xb6, 0xb6, 0xb8, 0xb6, 0xb8, 0xb8, 0xb8, 0xb8, 0xba, 0xb8, 0xba, 0xba, 0xbb, 0xba, 0xbc, 0xbc, 0xbc, 0xbc, 0xc0, 0xbc, 0xc1, 0xc0, 0xc1, 0xc1, 0xc1, 0xc1, 0xc6, 0xc1, 0xc8, 0xc6, 0xc8, 0xc6, 0xc8, 0xc6, 0xcb, 0xc6, 0xcb, 0xcb, 0xcb, 0xcb, 0xcb, 0xcb, 0xcb, 0xcf, 0xcb, 0xcf, 0xcf, 0xcf, 0xcf, 0xcf, 0xd1, 0x61, 0x00, 0x00, 0x00, 
  0x00, 0x00, 0x00, 0x1f, 0x72, 0x70, 0x72, 0x72, 0x72, 0x72, 0x72, 0x72, 0x77, 0x72, 0x77, 0x77, 0x77, 0x77, 0x77, 0x77, 0x77, 0x7b, 0x77, 0x7b, 0x7b, 0x7b, 0x7b, 0x80, 0x7b, 0x80, 0x80, 0x80, 0x80, 0x80, 0x80, 0x80, 0x84, 0x80, 0x84, 0x80, 0x84, 0x84, 0x84, 0x88, 0x88, 0x88, 0x88, 0x88, 0x88, 0x88, 0x8b, 0x8b, 0x8b, 0x88, 0x8b, 0x8b, 0x8b, 0x8e, 0x8b, 0x8e, 0x8e, 0x8e, 0x8e, 0x8e, 0x8e, 0x8e, 0x93, 0x8e, 0x93, 0x8e, 0x93, 0x93, 0x93, 0x93, 0x93, 0x94, 0x93, 0x94, 0x93, 0x94, 0x94, 0x94, 0x94, 0x97, 0x94, 0x97, 0x94, 0x97, 0x97, 0x97, 0x97, 0x9b, 0x9b, 0x9b, 0x9b, 0x9b, 0x9b, 0x9b, 0x9b, 0x9e, 0x9b, 0x9e, 0x9e, 0x9e, 0x9e, 0x97, 0x37, 0x3e, 0xa1, 0xc9, 0xd0, 0xce, 0xad, 0xa1, 0xa1, 0xa7, 0xa7, 0xba, 0xd0, 0xd0, 0xb8, 0x55, 0x2c, 0x9d, 0xa7, 0xab, 0xab, 0xab, 0xab, 0xad, 0xad, 0xab, 0xad, 0xad, 0xad, 0xad, 0xad, 0xb2, 0xb2, 0xb2, 0xb2, 0xb2, 0xb6, 0xb2, 0xb6, 0xb6, 0xb6, 0xb6, 0xb8, 0xb8, 0xb8, 0xb8, 0xb8, 0xba, 0xba, 0xba, 0xba, 0xbb, 0xbc, 0xbc, 0xbc, 0xbc, 0xbc, 0xc1, 0xbc, 0xc0, 0xc1, 0xc1, 0xc0, 0xc6, 0xc1, 0xc6, 0xc1, 0xc6, 0xc8, 0xc6, 0xc8, 0xc6, 0xcb, 0xc6, 0xcb, 0xcb, 0xcb, 0xcb, 0xcb, 0xcb, 0xcf, 0xcb, 0xcf, 0xcf, 0xcf, 0xcf, 0xcf, 0xcf, 0xcf, 0xcf, 0x36, 0x00, 0x00, 0x00, 
  0x00, 0x00, 0x00, 0x0c, 0x67, 0x72, 0x72, 0x72, 0x72, 0x72, 0x72, 0x77, 0x72, 0x77, 0x77, 0x77, 0x77, 0x7b, 0x77, 0x7b, 0x7b, 0x7b, 0x7b, 0x7b, 0x7b, 0x7b, 0x80, 0x7b, 0x80, 0x80, 0x80, 0x80, 0x80, 0x80, 0x80, 0x84, 0x80, 0x84, 0x84, 0x84, 0x88, 0x84, 0x88, 0x88, 0x84, 0x88, 0x88, 0x88, 0x8b, 0x88, 0x8b, 0x88, 0x8b, 0x8b, 0x8e, 0x8b, 0x8e, 0x8b, 0x8e, 0x8e, 0x8e, 0x8e, 0x8e, 0x8e, 0x8e, 0x93, 0x8e, 0x93, 0x93, 0x93, 0x93, 0x93, 0x93, 0x93, 0x94, 0x93, 0x94, 0x94, 0x94, 0x94, 0x94, 0x94, 0x97, 0x94, 0x97, 0x97, 0x97, 0x97, 0x9b, 0x97, 0x9b, 0x97, 0x9b, 0x9b, 0x9b, 0x9b, 0x9b, 0x9e, 0x9e, 0x9e, 0x9e, 0x9e, 0x9e, 0x9e, 0xa1, 0x9e, 0x65, 0x2c, 0x8c, 0xad, 0xce, 0xd0, 0xc9, 0xad, 0xa7, 0xa7, 0xb6, 0xce, 0xd0, 0xc5, 0xa1, 0x31, 0x4a, 0xab, 0xab, 0xab, 0xad, 0xab, 0xad, 0xab, 0xad, 0xad, 0xad, 0xad, 0xad, 0xb2, 0xb2, 0xb2, 0xb2, 0xb2, 0xb6, 0xb6, 0xb6, 0xb6, 0xb8, 0xb6, 0xb8, 0xb8, 0xb8, 0xb8, 0xb8, 0xba, 0xba, 0xba, 0xba, 0xbb, 0xbb, 0xbc, 0xbc, 0xbc, 0xbc, 0xbc, 0xc1, 0xc0, 0xc1, 0xc1, 0xc0, 0xc1, 0xc8, 0xc1, 0xc8, 0xc6, 0xc8, 0xc6, 0xc8, 0xc6, 0xcb, 0xcb, 0xcb, 0xcb, 0xcb, 0xcb, 0xcb, 0xcb, 0xcb, 0xcf, 0xcb, 0xcf, 0xcf, 0xcf, 0xcf, 0xcf, 0xcf, 0xcf, 0xd1, 0xc3, 0x0e, 0x00, 0x00, 0x00, 
  0x00, 0x00, 0x00, 0x00, 0x4e, 0x72, 0x72, 0x72, 0x72, 0x77, 0x72, 0x77, 0x77, 0x77, 0x77, 0x77, 0x7b, 0x77, 0x7b, 0x77, 0x7b, 0x7b, 0x7b, 0x7b, 0x80, 0x7b, 0x80, 0x80, 0x80, 0x80, 0x80, 0x80, 0x80, 0x84, 0x80, 0x84, 0x84, 0x84, 0x84, 0x84, 0x84, 0x88, 0x84, 0x88, 0x88, 0x88, 0x88, 0x8b, 0x88, 0x8b, 0x8b, 0x8b, 0x8b, 0x8b, 0x8b, 0x8e, 0x8b, 0x8e, 0x8e, 0x8e, 0x8e, 0x8e, 0x8e, 0x93, 0x8e, 0x93, 0x93, 0x93, 0x93, 0x93, 0x93, 0x93, 0x94, 0x93, 0x94, 0x94, 0x94, 0x94, 0x94, 0x94, 0x94, 0x97, 0x97, 0x97, 0x97, 0x97, 0x97, 0x97, 0x97, 0x9b, 0x9b, 0x9b, 0x9b, 0x9b, 0x9b, 0x9e, 0x9e, 0x9b, 0x9e, 0x9e, 0x9e, 0x9e, 0x9e, 0xa1, 0x9e, 0xa1, 0x8c, 0x27, 0x5d, 0xa1, 0xbc, 0xce, 0xd0, 0xce, 0xc5, 0xc5, 0xce, 0xd0, 0xd0, 0xb2, 0x86, 0x27, 0x71, 0xab, 0xab, 0xad, 0xab, 0xad, 0xad, 0xad, 0xad, 0xad, 0xad, 0xb2, 0xb2, 0xb2, 0xb2, 0xb2, 0xb6, 0xb6, 0xb2, 0xb6, 0xb6, 0xb6, 0xb8, 0xb6, 0xb8, 0xb8, 0xb8, 0xba, 0xba, 0xba, 0xba, 0xbb, 0xbb, 0xbc, 0xbb, 0xbc, 0xbc, 0xbc, 0xc0, 0xc1, 0xc0, 0xc1, 0xc1, 0xc0, 0xc8, 0xc0, 0xc8, 0xc6, 0xc8, 0xc6, 0xc8, 0xc6, 0xc8, 0xcb, 0xc6, 0xcb, 0xcb, 0xcb, 0xcb, 0xcb, 0xcf, 0xcb, 0xcf, 0xcb, 0xcf, 0xcf, 0xcf, 0xcf, 0xcf, 0xcf, 0xd1, 0xd1, 0xcf, 0x95, 0x00, 0x00, 0x00, 0x00, 
  0x00, 0x00, 0x00, 0x00, 0x2e, 0x72, 0x72, 0x77, 0x72, 0x77, 0x77, 0x77, 0x77, 0x77, 0x77, 0x7b, 0x77, 0x7b, 0x7b, 0x7b, 0x7b, 0x7b, 0x7b, 0x80, 0x7b, 0x80, 0x80, 0x80, 0x80, 0x80, 0x80, 0x80, 0x84, 0x80, 0x84, 0x84, 0x84, 0x84, 0x84, 0x88, 0x88, 0x88, 0x88, 0x88, 0x88, 0x88, 0x8b, 0x88, 0x8b, 0x8b, 0x8b, 0x8b, 0x8b, 0x8e, 0x8e, 0x8e, 0x8e, 0x8e, 0x8e, 0x8e, 0x8e, 0x8e, 0x93, 0x8e, 0x93, 0x93, 0x93, 0x93, 0x93, 0x93, 0x93, 0x94, 0x93, 0x94, 0x94, 0x94, 0x94, 0x94, 0x94, 0x94, 0x97, 0x97, 0x97, 0x97, 0x97, 0x97, 0x9b, 0x9b, 0x9b, 0x9b, 0x9b, 0x9b, 0x9b, 0x9b, 0x9e, 0x9b, 0x9e, 0x9e, 0x9e, 0x9e, 0x9e, 0x9e, 0xa1, 0x9e, 0xa1, 0xa1, 0x9e, 0x43, 0x31, 0x97, 0xa7, 0xc5, 0xd0, 0xd0, 0xd0, 0xd0, 0xd0, 0xd0, 0xba, 0xab, 0x51, 0x2c, 0xa1, 0xab, 0xad, 0xab, 0xad, 0xad, 0xad, 0xad, 0xad, 0xb2, 0xb2, 0xb2, 0xb2, 0xb2, 0xb2, 0xb6, 0xb2, 0xb6, 0xb6, 0xb8, 0xb6, 0xb8, 0xb8, 0xb8, 0xba, 0xb8, 0xba, 0xba, 0xba, 0xba, 0xbb, 0xbb, 0xbb, 0xbc, 0xbc, 0xbc, 0xc0, 0xc1, 0xc1, 0xc1, 0xc1, 0xc1, 0xc1, 0xc6, 0xc1, 0xc8, 0xc6, 0xc8, 0xc6, 0xc8, 0xc6, 0xcb, 0xc6, 0xcb, 0xcb, 0xcb, 0xcb, 0xcb, 0xcb, 0xcf, 0xcb, 0xcf, 0xcf, 0xcf, 0xcf, 0xcf, 0xcf, 0xcf, 0xd1, 0xcf, 0xd1, 0xcf, 0xd4, 0x61, 0x00, 0x00, 0x00, 0x00, 
  0x00, 0x00, 0x00, 0x00, 0x15, 0x7b, 0x72, 0x77, 0x77, 0x77, 0x77, 0x77, 0x77, 0x7b, 0x7b, 0x7b, 0x7b, 0x7b, 0x7b, 0x7b, 0x7b, 0x80, 0x7b, 0x80, 0x80, 0x80, 0x80, 0x80, 0x80, 0x80, 0x84, 0x84, 0x84, 0x84, 0x84, 0x84, 0x84, 0x88, 0x84, 0x88, 0x84, 0x88, 0x88, 0x88, 0x8b, 0x8b, 0x8b, 0x8b, 0x8b, 0x8b, 0x8b, 0x8e, 0x8e, 0x8b, 0x8e, 0x8e, 0x8e, 0x8e, 0x8e, 0x93, 0x8e, 0x93, 0x8e, 0x93, 0x93, 0x93, 0x93, 0x93, 0x93, 0x94, 0x93, 0x94, 0x94, 0x94, 0x94, 0x94, 0x94, 0x94, 0x97, 0x97, 0x97, 0x97, 0x97, 0x97, 0x9b, 0x9b, 0x97, 0x9b, 0x9b, 0x9b, 0x9b, 0x9e, 0x9e, 0x9e, 0x9e, 0x9e, 0x9e, 0x9e, 0x9e, 0x9e, 0xa1, 0x9e, 0xa1, 0xa1, 0xa1, 0xa1, 0xa1, 0x71, 0x27, 0x7e, 0xa1, 0xa7, 0xb6, 0xc9, 0xd0, 0xce, 0xc9, 0xb2, 0xab, 0x97, 0x31, 0x4a, 0xab, 0xad, 0xab, 0xad, 0xad, 0xad, 0xad, 0xb2, 0xb2, 0xad, 0xb2, 0xb2, 0xb2, 0xb6, 0xb6, 0xb6, 0xb6, 0xb6, 0xb6, 0xb8, 0xb6, 0xb8, 0xb8, 0xb8, 0xb8, 0xba, 0xba, 0xba, 0xbc, 0xbb, 0xbc, 0xbc, 0xbc, 0xbc, 0xbc, 0xc0, 0xbc, 0xc1, 0xc0, 0xc1, 0xc6, 0xc1, 0xc6, 0xc1, 0xc6, 0xc8, 0xc6, 0xc8, 0xc6, 0xcb, 0xc6, 0xcb, 0xcb, 0xcb, 0xcb, 0xcb, 0xcb, 0xcf, 0xcb, 0xcf, 0xcb, 0xcf, 0xcf, 0xcf, 0xcf, 0xcf, 0xd1, 0xcf, 0xd1, 0xd1, 0xd1, 0xd1, 0xd1, 0x23, 0x00, 0x00, 0x00, 0x00, 
  0x00, 0x00, 0x00, 0x00, 0x00, 0x63, 0x77, 0x77, 0x77, 0x77, 0x77, 0x77, 0x7b, 0x77, 0x7b, 0x7b, 0x7b, 0x7b, 0x7b, 0x7b, 0x80, 0x7b, 0x80, 0x80, 0x80, 0x80, 0x80, 0x84, 0x80, 0x84, 0x80, 0x84, 0x84, 0x84, 0x84, 0x88, 0x84, 0x88, 0x88, 0x88, 0x88, 0x8b, 0x88, 0x8b, 0x88, 0x8b, 0x8b, 0x8b, 0x8b, 0x8b, 0x8e, 0x8b, 0x8e, 0x8e, 0x8e, 0x8e, 0x8e, 0x8e, 0x93, 0x8e, 0x93, 0x93, 0x93, 0x93, 0x93, 0x93, 0x94, 0x93, 0x94, 0x93, 0x94, 0x94, 0x94, 0x94, 0x94, 0x94, 0x97, 0x97, 0x94, 0x97, 0x97, 0x97, 0x97, 0x9b, 0x97, 0x9b, 0x9b, 0x9b, 0x9b, 0x9e, 0x9b, 0x9e, 0x9b, 0x9e, 0x9e, 0x9e, 0x9e, 0x9e, 0x9e, 0xa1, 0x9e, 0xa1, 0xa1, 0xa1, 0xa1, 0xa1, 0xa7, 0x94, 0x31, 0x3e, 0x9e, 0xa7, 0xab, 0xa7, 0xad, 0xad, 0xab, 0xab, 0xab, 0x71, 0x27, 0x7e, 0xad, 0xad, 0xad, 0xad, 0xad, 0xad, 0xb2, 0xad, 0xb2, 0xb2, 0xb6, 0xb2, 0xb6, 0xb6, 0xb6, 0xb6, 0xb6, 0xb8, 0xb8, 0xb8, 0xb8, 0xba, 0xb8, 0xba, 0xba, 0xba, 0xba, 0xbb, 0xbb, 0xbc, 0xbc, 0xbc, 0xbc, 0xc1, 0xbc, 0xc1, 0xc1, 0xc1, 0xc1, 0xc6, 0xc1, 0xc8, 0xc6, 0xc8, 0xc6, 0xc8, 0xc6, 0xc8, 0xcb, 0xc8, 0xcb, 0xcb, 0xcb, 0xcb, 0xcb, 0xcb, 0xcf, 0xcb, 0xcf, 0xcf, 0xcf, 0xcf, 0xcf, 0xcf, 0xcf, 0xd1, 0xcf, 0xd1, 0xd1, 0xcf, 0xd4, 0xcf, 0xbd, 0x00, 0x00, 0x00, 0x00, 0x00, 
  0x00, 0x00, 0x00, 0x00, 0x00, 0x3b, 0x77, 0x77, 0x77, 0x7b, 0x7b, 0x7b, 0x7b, 0x7b, 0x7b, 0x7b, 0x7b, 0x80, 0x7b, 0x80, 0x80, 0x80, 0x80, 0x80, 0x80, 0x80, 0x84, 0x80, 0x84, 0x84, 0x84, 0x84, 0x84, 0x84, 0x88, 0x84, 0x88, 0x88, 0x88, 0x88, 0x88, 0x8b, 0x88, 0x8b, 0x8b, 0x8b, 0x8b, 0x8e, 0x8b, 0x8e, 0x8e, 0x8e, 0x8e, 0x8e, 0x8e, 0x8e, 0x93, 0x8e, 0x93, 0x93, 0x93, 0x93, 0x93, 0x93, 0x93, 0x94, 0x93, 0x94, 0x93, 0x94, 0x94, 0x94, 0x94, 0x94, 0x97, 0x97, 0x94, 0x97, 0x97, 0x97, 0x97, 0x9b, 0x9b, 0x9b, 0x9b, 0x9b, 0x9b, 0x9b, 0x9e, 0x9b, 0x9e, 0x9e, 0x9e, 0x9e, 0x9e, 0x9e, 0xa1, 0x9e, 0xa1, 0x9e, 0xa1, 0xa1, 0xa1, 0xa1, 0xa1, 0xa7, 0xa1, 0xa7, 0x5d, 0x27, 0x7e, 0xa7, 0xa7, 0xab, 0xab, 0xa7, 0xab, 0xab, 0xa1, 0x37, 0x37, 0xab, 0xad, 0xad, 0xad, 0xad, 0xb2, 0xb2, 0xb2, 0xb2, 0xb2, 0xb2, 0xb6, 0xb2, 0xb6, 0xb6, 0xb6, 0xb8, 0xb8, 0xb6, 0xb8, 0xb8, 0xb8, 0xba, 0xba, 0xba, 0xba, 0xbc, 0xbb, 0xbc, 0xbc, 0xbc, 0xbc, 0xbc, 0xc0, 0xbc, 0xc1, 0xc1, 0xc1, 0xc6, 0xc1, 0xc8, 0xc1, 0xc6, 0xc8, 0xc6, 0xc8, 0xc6, 0xcb, 0xc8, 0xcb, 0xcb, 0xcb, 0xcb, 0xcb, 0xcb, 0xcf, 0xcb, 0xcf, 0xcb, 0xcf, 0xcf, 0xcf, 0xcf, 0xcf, 0xd1, 0xcf, 0xd1, 0xd1, 0xd1, 0xd1, 0xd1, 0xd1, 0xd4, 0x82, 0x00, 0x00, 0x00, 0x00, 0x00, 
  0x00, 0x00, 0x00, 0x00, 0x00, 0x1f, 0x77, 0x7b, 0x77, 0x7b, 0x77, 0x7b, 0x7b, 0x7b, 0x7b, 0x7b, 0x80, 0x7b, 0x80, 0x80, 0x80, 0x80, 0x80, 0x80, 0x80, 0x84, 0x80, 0x84, 0x84, 0x84, 0x84, 0x84, 0x88, 0x88, 0x88, 0x88, 0x88, 0x88, 0x88, 0x88, 0x8b, 0x8b, 0x8b, 0x8b, 0x8b, 0x8b, 0x8e, 0x8b, 0x8e, 0x8e, 0x8e, 0x8e, 0x8e, 0x8e, 0x8e, 0x93, 0x8e, 0x93, 0x93, 0x93, 0x93, 0x93, 0x93, 0x93, 0x94, 0x93, 0x94, 0x94, 0x94, 0x94, 0x94, 0x94, 0x94, 0x97, 0x94, 0x97, 0x97, 0x97, 0x97, 0x97, 0x9b, 0x97, 0x9b, 0x9b, 0x9b, 0x9e, 0x9b, 0x9e, 0x9b, 0x9e, 0x9e, 0x9e, 0x9e, 0x9e, 0x9e, 0xa1, 0x9e, 0xa1, 0xa1, 0xa1, 0xa1, 0xa1, 0xa7, 0xa1, 0xa7, 0xa7, 0xa7, 0xa7, 0x96, 0x37, 0x3e, 0x9d, 0xab, 0xab, 0xab, 0xab, 0xab, 0xad, 0x7e, 0x27, 0x71, 0xad, 0xad, 0xad, 0xad, 0xb2, 0xad, 0xb2, 0xb2, 0xb6, 0xb2, 0xb6, 0xb6, 0xb6, 0xb8, 0xb6, 0xb8, 0xb6, 0xb8, 0xb8, 0xba, 0xb8, 0xba, 0xba, 0xba, 0xbb, 0xbb, 0xbb, 0xbc, 0xbc, 0xbc, 0xbc, 0xc0, 0xbc, 0xc1, 0xc1, 0xc1, 0xc1, 0xc6, 0xc1, 0xc6, 0xc8, 0xc6, 0xc8, 0xc6, 0xcb, 0xc6, 0xcb, 0xcb, 0xcb, 0xcb, 0xcb, 0xcb, 0xcb, 0xcb, 0xcf, 0xcb, 0xcf, 0xcf, 0xcf, 0xcf, 0xcf, 0xcf, 0xcf, 0xd1, 0xcf, 0xd1, 0xd1, 0xd1, 0xd1, 0xd1, 0xd1, 0xd4, 0xd1, 0x36, 0x00, 0x00, 0x00, 0x00, 0x00, 
  0x00, 0x00, 0x00, 0x00, 0x00, 0x0c, 0x6d, 0x77, 0x7b, 0x7b, 0x7b, 0x7b, 0x7b, 0x7b, 0x80, 0x7b, 0x80, 0x80, 0x80, 0x80, 0x80, 0x80, 0x80, 0x84, 0x80, 0x84, 0x84, 0x84, 0x84, 0x84, 0x88, 0x84, 0x88, 0x84, 0x88, 0x88, 0x88, 0x88, 0x8b, 0x8b, 0x88, 0x8b, 0x8b, 0x8b, 0x8e, 0x8b, 0x8e, 0x8e, 0x8e, 0x8e, 0x8e, 0x8e, 0x93, 0x8e, 0x93, 0x8e, 0x93, 0x93, 0x93, 0x93, 0x93, 0x93, 0x94, 0x93, 0x94, 0x94, 0x94, 0x94, 0x94, 0x94, 0x94, 0x97, 0x97, 0x97, 0x97, 0x97, 0x97, 0x97, 0x9b, 0x9b, 0x9b, 0x9b, 0x9b, 0x9b, 0x9b, 0x9e, 0x9b, 0x9e, 0x9e, 0x9e, 0x9e, 0x9e, 0x9e, 0xa1, 0x9e, 0xa1, 0xa1, 0xa1, 0xa1, 0xa1, 0xa1, 0xa7, 0xa1, 0xa7, 0xa7, 0xa7, 0xa7, 0xa7, 0xa7, 0x71, 0x27, 0x65, 0xab, 0xab, 0xab, 0xab, 0xad, 0x9d, 0x31, 0x37, 0xa1, 0xad, 0xad, 0xb2, 0xb2, 0xb2, 0xb2, 0xb2, 0xb2, 0xb6, 0xb2, 0xb6, 0xb6, 0xb6, 0xb8, 0xb6, 0xb8, 0xb8, 0xb8, 0xb8, 0xba, 0xba, 0xba, 0xbb, 0xbb, 0xbc, 0xbc, 0xbc, 0xbc, 0xbc, 0xbc, 0xc1, 0xbc, 0xc1, 0xc1, 0xc1, 0xc1, 0xc6, 0xc1, 0xc6, 0xc8, 0xc6, 0xc8, 0xc6, 0xc8, 0xcb, 0xc8, 0xcb, 0xcb, 0xcb, 0xcb, 0xcb, 0xcf, 0xcb, 0xcf, 0xcb, 0xcf, 0xcf, 0xcf, 0xcf, 0xcf, 0xcf, 0xd1, 0xcf, 0xd1, 0xd1, 0xd1, 0xd1, 0xd1, 0xd4, 0xd1, 0xd4, 0xd1, 0xc3, 0x0e, 0x00, 0x00, 0x00, 0x00, 0x00, 
  0x00, 0x00, 0x00, 0x00, 0x00, 0x00, 0x45, 0x7b, 0x7b, 0x7b, 0x7b, 0x7b, 0x7b, 0x80, 0x7b, 0x80, 0x80, 0x80, 0x80, 0x80, 0x80, 0x80, 0x84, 0x80, 0x84, 0x84, 0x84, 0x84, 0x84, 0x88, 0x84, 0x88, 0x88, 0x88, 0x88, 0x8b, 0x88, 0x8b, 0x88, 0x8b, 0x8b, 0x8e, 0x8b, 0x8e, 0x8b, 0x8e, 0x8e, 0x8e, 0x8e, 0x8e, 0x8e, 0x93, 0x8e, 0x93, 0x93, 0x93, 0x93, 0x93, 0x93, 0x93, 0x93, 0x94, 0x93, 0x94, 0x94, 0x94, 0x94, 0x94, 0x97, 0x94, 0x97, 0x97, 0x94, 0x97, 0x97, 0x97, 0x97, 0x9b, 0x97, 0x9b, 0x9b, 0x9b, 0x9e, 0x9b, 0x9e, 0x9e, 0x9e, 0x9e, 0x9e, 0x9e, 0x9e, 0x9e, 0xa1, 0x9e, 0xa1, 0xa1, 0xa1, 0xa1, 0xa1, 0xa1, 0xa7, 0xa1, 0xa7, 0xa7, 0xa7, 0xa7, 0xab, 0xa7, 0xab, 0xa1, 0x4a, 0x2c, 0x86, 0xab, 0xad, 0xab, 0xad, 0x5d, 0x27, 0x7e, 0xb2, 0xad, 0xb2, 0xb2, 0xb2, 0xb2, 0xb2, 0xb6, 0xb6, 0xb6, 0xb6, 0xb8, 0xb6, 0xb8, 0xb8, 0xb8, 0xb8, 0xb8, 0xba, 0xba, 0xba, 0xba, 0xbc, 0xba, 0xbc, 0xbb, 0xbc, 0xbc, 0xc1, 0xbc, 0xc1, 0xc1, 0xc1, 0xc1, 0xc1, 0xc1, 0xc6, 0xc1, 0xc6, 0xc8, 0xc6, 0xc8, 0xc6, 0xcb, 0xcb, 0xcb, 0xcb, 0xcb, 0xcb, 0xcb, 0xcb, 0xcb, 0xcf, 0xcb, 0xcf, 0xcf, 0xcf, 0xcf, 0xcf, 0xcf, 0xcf, 0xd1, 0xcf, 0xd1, 0xd1, 0xd1, 0xd1, 0xd1, 0xd4, 0xd1, 0xd4, 0xd4, 0xd4, 0x82, 0x00, 0x00, 0x00, 0x00, 0x00, 0x00, 
  0x00, 0x00, 0x00, 0x00, 0x00, 0x00, 0x1f, 0x7b, 0x7b, 0x7b, 0x7b, 0x7b, 0x80, 0x7b, 0x80, 0x7b, 0x80, 0x80, 0x80, 0x80, 0x80, 0x84, 0x80, 0x84, 0x84, 0x84, 0x84, 0x84, 0x84, 0x84, 0x88, 0x88, 0x88, 0x88, 0x88, 0x88, 0x88, 0x8b, 0x88, 0x8b, 0x8b, 0x8b, 0x8b, 0x8b, 0x8e, 0x8e, 0x8e, 0x8e, 0x8e, 0x8e, 0x8e, 0x8e, 0x93, 0x8e, 0x93, 0x8e, 0x93, 0x93, 0x93, 0x93, 0x93, 0x93, 0x94, 0x93, 0x94, 0x94, 0x94, 0x94, 0x94, 0x94, 0x94, 0x97, 0x97, 0x97, 0x97, 0x97, 0x9b, 0x97, 0x9b, 0x9b, 0x9b, 0x9b, 0x9b, 0x9b, 0x9e, 0x9b, 0x9e, 0x9e, 0x9e, 0x9e, 0x9e, 0x9e, 0x9e, 0xa1, 0x9e, 0xa1, 0xa1, 0xa1, 0xa1, 0xa1, 0xa1, 0xa7, 0xa7, 0xa1, 0xa7, 0xa7, 0xa7, 0xa7, 0xa7, 0xab, 0x97, 0x31, 0x31, 0x71, 0x9d, 0x96, 0x65, 0x27, 0x5d, 0xad, 0xad, 0xad, 0xb2, 0xad, 0xb2, 0xb2, 0xb6, 0xb2, 0xb6, 0xb6, 0xb6, 0xb6, 0xb6, 0xb8, 0xb6, 0xb8, 0xb8, 0xb8, 0xba, 0xba, 0xba, 0xbb, 0xba, 0xbc, 0xbb, 0xbc, 0xbc, 0xbc, 0xbc, 0xc0, 0xbc, 0xc1, 0xc1, 0xc1, 0xc1, 0xc6, 0xc1, 0xc6, 0xc8, 0xc6, 0xc8, 0xc6, 0xc8, 0xcb, 0xc6, 0xcb, 0xcb, 0xcb, 0xcb, 0xcb, 0xcb, 0xcf, 0xcb, 0xcf, 0xcf, 0xcf, 0xcf, 0xcf, 0xcf, 0xcf, 0xd1, 0xcf, 0xd1, 0xd1, 0xd1, 0xd1, 0xd1, 0xd1, 0xd1, 0xd4, 0xd1, 0xd4, 0xd4, 0x36, 0x00, 0x00, 0x00, 0x00, 0x00, 0x00, 
  0x00, 0x00, 0x00, 0x00, 0x00, 0x00, 0x00, 0x6d, 0x7b, 0x7b, 0x80, 0x7b, 0x80, 0x7b, 0x80, 0x80, 0x80, 0x80, 0x80, 0x80, 0x84, 0x80, 0x84, 0x84, 0x84, 0x84, 0x84, 0x84, 0x88, 0x88, 0x88, 0x88, 0x88, 0x88, 0x8b, 0x88, 0x8b, 0x8b, 0x8b, 0x8b, 0x8e, 0x8b, 0x8e, 0x8e, 0x8e, 0x8e, 0x8e, 0x8e, 0x8e, 0x93, 0x8e, 0x93, 0x8e, 0x93, 0x93, 0x93, 0x93, 0x93, 0x93, 0x94, 0x93, 0x94, 0x94, 0x94, 0x94, 0x94, 0x94, 0x97, 0x94, 0x97, 0x97, 0x97, 0x97, 0x97, 0x97, 0x9b, 0x97, 0x9b, 0x9b, 0x9b, 0x9b, 0x9b, 0x9e, 0x9e, 0x9e, 0x9e, 0x9e, 0x9e, 0x9e, 0x9e, 0xa1, 0x9e, 0xa1, 0xa1, 0xa1, 0xa1, 0xa1, 0xa1, 0xa1, 0xa7, 0xa7, 0xa7, 0xa7, 0xa7, 0xab, 0xa7, 0xab, 0xab, 0xab, 0xab, 0xad, 0x8c, 0x3e, 0x27, 0x27, 0x2c, 0x27, 0x4a, 0xad, 0xad, 0xb2, 0xb2, 0xb2, 0xb2, 0xb6, 0xb2, 0xb6, 0xb6, 0xb6, 0xb6, 0xb6, 0xb8, 0xb8, 0xb8, 0xb8, 0xba, 0xb8, 0xba, 0xba, 0xba, 0xbb, 0xbb, 0xbc, 0xbc, 0xbc, 0xbc, 0xbc, 0xbc, 0xc1, 0xc1, 0xc1, 0xc1, 0xc1, 0xc1, 0xc6, 0xc1, 0xc8, 0xc6, 0xc8, 0xc6, 0xc8, 0xc6, 0xcb, 0xc6, 0xcb, 0xcb, 0xcb, 0xcb, 0xcb, 0xcb, 0xcf, 0xcb, 0xcf, 0xcf, 0xcf, 0xcf, 0xcf, 0xcf, 0xcf, 0xd1, 0xcf, 0xd1, 0xd1, 0xd1, 0xd1, 0xd1, 0xd4, 0xd1, 0xd4, 0xd4, 0xd4, 0xd1, 0xbd, 0x00, 0x00, 0x00, 0x00, 0x00, 0x00, 0x00, 
  0x00, 0x00, 0x00, 0x00, 0x00, 0x00, 0x00, 0x3b, 0x84, 0x77, 0x80, 0x7b, 0x80, 0x80, 0x80, 0x80, 0x80, 0x80, 0x84, 0x80, 0x84, 0x84, 0x84, 0x84, 0x84, 0x84, 0x88, 0x88, 0x84, 0x88, 0x88, 0x88, 0x88, 0x8b, 0x88, 0x8b, 0x88, 0x8b, 0x8b, 0x8b, 0x8b, 0x8e, 0x8b, 0x8e, 0x8e, 0x8e, 0x8e, 0x8e, 0x93, 0x8e, 0x93, 0x8e, 0x93, 0x93, 0x93, 0x93, 0x93, 0x93, 0x94, 0x93, 0x94, 0x94, 0x94, 0x94, 0x94, 0x94, 0x97, 0x94, 0x97, 0x94, 0x97, 0x97, 0x97, 0x9b, 0x97, 0x9b, 0x9b, 0x9b, 0x9b, 0x9b, 0x9e, 0x9e, 0x9b, 0x9e, 0x9e, 0x9e, 0x9e, 0x9e, 0xa1, 0x9e, 0xa1, 0x9e, 0xa1, 0xa1, 0xa1, 0xa1, 0xa1, 0xa7, 0xa7, 0xa1, 0xa7, 0xa7, 0xa7, 0xa7, 0xa7, 0xab, 0xa7, 0xab, 0xab, 0xab, 0xab, 0xad, 0x9e, 0x7e, 0x51, 0x55, 0x7e, 0xa7, 0xad, 0xb2, 0xb2, 0xb2, 0xb2, 0xb2, 0xb6, 0xb6, 0xb6, 0xb6, 0xb6, 0xb8, 0xb8, 0xb8, 0xb8, 0xb8, 0xb8, 0xba, 0xba, 0xba, 0xbb, 0xbb, 0xbb, 0xbc, 0xbb, 0xbc, 0xbc, 0xbc, 0xc0, 0xc1, 0xc0, 0xc1, 0xc0, 0xc1, 0xc6, 0xc1, 0xc8, 0xc6, 0xc8, 0xc6, 0xc8, 0xc6, 0xcb, 0xc6, 0xcb, 0xcb, 0xcb, 0xcb, 0xcb, 0xcb, 0xcf, 0xcb, 0xcf, 0xcf, 0xcf, 0xcf, 0xcf, 0xcf, 0xcf, 0xd1, 0xcf, 0xd1, 0xd1, 0xd1, 0xd1, 0xd1, 0xd4, 0xd1, 0xd4, 0xd1, 0xd4, 0xd4, 0xd4, 0xd4, 0x82, 0x00, 0x00, 0x00, 0x00, 0x00, 0x00, 0x00, 
  0x00, 0x00, 0x00, 0x00, 0x00, 0x00, 0x00, 0x1c, 0x7b, 0x80, 0x80, 0x80, 0x80, 0x80, 0x80, 0x80, 0x80, 0x84, 0x80, 0x84, 0x84, 0x84, 0x84, 0x88, 0x84, 0x88, 0x84, 0x88, 0x88, 0x88, 0x88, 0x88, 0x8b, 0x88, 0x8b, 0x8b, 0x8b, 0x8b, 0x8e, 0x8b, 0x8e, 0x8e, 0x8e, 0x8e, 0x8e, 0x8e, 0x8e, 0x93, 0x8e, 0x93, 0x93, 0x93, 0x93, 0x93, 0x93, 0x93, 0x93, 0x94, 0x93, 0x94, 0x94, 0x94, 0x94, 0x94, 0x94, 0x97, 0x94, 0x97, 0x97, 0x97, 0x9b, 0x97, 0x9b, 0x97, 0x9b, 0x9b, 0x9b, 0x9b, 0x9b, 0x9e, 0x9b, 0x9e, 0x9e, 0x9e, 0x9e, 0x9e, 0x9e, 0xa1, 0x9e, 0xa1, 0xa1, 0xa1, 0xa1, 0xa1, 0xa1, 0xa1, 0xa7, 0xa1, 0xa7, 0xa7, 0xa7, 0xa7, 0xa7, 0xab, 0xab, 0xab, 0xab, 0xab, 0xab, 0xad, 0xab, 0xad, 0xad, 0xad, 0xab, 0xad, 0xb2, 0xad, 0xb2, 0xb2, 0xb2, 0xb2, 0xb6, 0xb6, 0xb6, 0xb6, 0xb6, 0xb6, 0xb8, 0xb6, 0xb8, 0xb8, 0xb8, 0xba, 0xba, 0xba, 0xba, 0xbb, 0xbb, 0xbb, 0xbc, 0xbc, 0xbc, 0xbc, 0xbc, 0xc1, 0xc1, 0xc1, 0xc1, 0xc1, 0xc1, 0xc8, 0xc1, 0xc6, 0xc8, 0xc6, 0xc8, 0xc6, 0xcb, 0xcb, 0xcb, 0xcb, 0xcb, 0xcb, 0xcb, 0xcb, 0xcb, 0xcf, 0xcb, 0xcf, 0xcf, 0xcf, 0xcf, 0xcf, 0xcf, 0xcf, 0xd1, 0xcf, 0xd1, 0xd1, 0xd1, 0xd1, 0xd1, 0xd4, 0xd1, 0xd4, 0xd4, 0xd4, 0xd4, 0xd4, 0xd4, 0xd5, 0x23, 0x00, 0x00, 0x00, 0x00, 0x00, 0x00, 0x00, 
  0x00, 0x00, 0x00, 0x00, 0x00, 0x00, 0x00, 0x00, 0x60, 0x80, 0x7b, 0x80, 0x80, 0x80, 0x80, 0x84, 0x80, 0x84, 0x84, 0x84, 0x84, 0x84, 0x88, 0x84, 0x88, 0x88, 0x88, 0x88, 0x88, 0x88, 0x8b, 0x8b, 0x8b, 0x8b, 0x8b, 0x8b, 0x8b, 0x8e, 0x8b, 0x8e, 0x8b, 0x8e, 0x8e, 0x8e, 0x8e, 0x93, 0x8e, 0x93, 0x93, 0x93, 0x93, 0x93, 0x93, 0x93, 0x93, 0x94, 0x94, 0x93, 0x94, 0x94, 0x94, 0x94, 0x94, 0x97, 0x97, 0x97, 0x97, 0x97, 0x97, 0x97, 0x97, 0x9b, 0x97, 0x9b, 0x9b, 0x9b, 0x9b, 0x9b, 0x9e, 0x9b, 0x9e, 0x9e, 0x9e, 0x9e, 0x9e, 0xa1, 0x9e, 0xa1, 0x9e, 0xa1, 0xa1, 0xa1, 0xa1, 0xa1, 0xa7, 0xa7, 0xa7, 0xa7, 0xa7, 0xa7, 0xa7, 0xab, 0xab, 0xa7, 0xab, 0xab, 0xab, 0xab, 0xad, 0xab, 0xad, 0xab, 0xad, 0xad, 0xad, 0xad, 0xb2, 0xad, 0xb2, 0xb2, 0xb2, 0xb6, 0xb2, 0xb6, 0xb6, 0xb6, 0xb8, 0xb8, 0xb8, 0xb8, 0xb8, 0xba, 0xba, 0xba, 0xba, 0xbb, 0xbb, 0xbb, 0xbc, 0xbc, 0xbc, 0xbc, 0xbc, 0xc0, 0xc1, 0xc0, 0xc1, 0xc0, 0xc1, 0xc6, 0xc1, 0xc6, 0xc8, 0xc6, 0xc8, 0xc6, 0xc8, 0xcb, 0xc6, 0xcb, 0xcb, 0xcb, 0xcb, 0xcb, 0xcf, 0xcb, 0xcf, 0xcb, 0xcf, 0xcf, 0xcf, 0xcf, 0xcf, 0xcf, 0xd1, 0xcf, 0xd1, 0xd1, 0xd1, 0xd1, 0xd1, 0xd4, 0xd1, 0xd4, 0xd1, 0xd4, 0xd4, 0xd4, 0xd4, 0xd4, 0xd4, 0xa6, 0x01, 0x00, 0x00, 0x00, 0x00, 0x00, 0x00, 0x00, 
  0x00, 0x00, 0x00, 0x00, 0x00, 0x00, 0x00, 0x00, 0x2f, 0x80, 0x80, 0x80, 0x80, 0x80, 0x84, 0x80, 0x84, 0x84, 0x84, 0x84, 0x84, 0x88, 0x84, 0x88, 0x88, 0x88, 0x88, 0x8b, 0x88, 0x8b, 0x8b, 0x88, 0x8b, 0x8b, 0x8b, 0x8b, 0x8e, 0x8b, 0x8e, 0x8e, 0x8e, 0x8e, 0x8e, 0x8e, 0x93, 0x8e, 0x93, 0x93, 0x93, 0x93, 0x93, 0x93, 0x94, 0x93, 0x94, 0x93, 0x94, 0x94, 0x94, 0x94, 0x94, 0x97, 0x94, 0x97, 0x94, 0x97, 0x97, 0x97, 0x97, 0x9b, 0x9b, 0x9b, 0x9b, 0x9b, 0x9b, 0x9e, 0x9b, 0x9e, 0x9e, 0x9e, 0x9e, 0x9e, 0x9e, 0x9e, 0xa1, 0x9e, 0xa1, 0xa1, 0xa1, 0xa1, 0xa1, 0xa7, 0xa1, 0xa7, 0xa1, 0xa7, 0xa7, 0xa7, 0xa7, 0xa7, 0xab, 0xa7, 0xab, 0xab, 0xab, 0xab, 0xab, 0xad, 0xab, 0xad, 0xad, 0xad, 0xb2, 0xad, 0xb2, 0xb2, 0xb2, 0xb2, 0xb2, 0xb6, 0xb6, 0xb6, 0xb6, 0xb8, 0xb6, 0xb8, 0xb8, 0xb8, 0xb8, 0xb8, 0xba, 0xba, 0xba, 0xba, 0xbb, 0xba, 0xbc, 0xbc, 0xbc, 0xbc, 0xbc, 0xc0, 0xc1, 0xc1, 0xc1, 0xc1, 0xc1, 0xc1, 0xc6, 0xc1, 0xc8, 0xc6, 0xc8, 0xc6, 0xc8, 0xc6, 0xcb, 0xc8, 0xcb, 0xcb, 0xcb, 0xcb, 0xcb, 0xcf, 0xcb, 0xcf, 0xcf, 0xcf, 0xcf, 0xcf, 0xcf, 0xcf, 0xcf, 0xd1, 0xcf, 0xd1, 0xd1, 0xd1, 0xd1, 0xd1, 0xd4, 0xd1, 0xd4, 0xd4, 0xd4, 0xd4, 0xd4, 0xd4, 0xd4, 0xd5, 0xd4, 0x56, 0x00, 0x00, 0x00, 0x00, 0x00, 0x00, 0x00, 0x00, 
  0x00, 0x00, 0x00, 0x00, 0x00, 0x00, 0x00, 0x00, 0x10, 0x78, 0x80, 0x80, 0x84, 0x84, 0x84, 0x84, 0x84, 0x84, 0x84, 0x88, 0x84, 0x88, 0x88, 0x88, 0x88, 0x88, 0x8b, 0x88, 0x8b, 0x88, 0x8b, 0x8b, 0x8b, 0x8b, 0x8e, 0x8e, 0x8e, 0x8e, 0x8e, 0x8e, 0x8e, 0x93, 0x8e, 0x93, 0x8e, 0x93, 0x93, 0x93, 0x93, 0x93, 0x93, 0x94, 0x93, 0x94, 0x94, 0x94, 0x94, 0x94, 0x94, 0x94, 0x97, 0x94, 0x97, 0x97, 0x97, 0x97, 0x97, 0x9b, 0x9b, 0x97, 0x9b, 0x9b, 0x9b, 0x9b, 0x9e, 0x9b, 0x9e, 0x9e, 0x9e, 0x9e, 0x9e, 0xa1, 0x9e, 0xa1, 0x9e, 0xa1, 0xa1, 0xa1, 0xa1, 0xa1, 0xa7, 0xa1, 0xa7, 0xa7, 0xa7, 0xa7, 0xa7, 0xa7, 0xab, 0xab, 0xab, 0xab, 0xab, 0xab, 0xab, 0xad, 0xad, 0xad, 0xad, 0xad, 0xad, 0xad, 0xad, 0xb2, 0xad, 0xb2, 0xb2, 0xb2, 0xb6, 0xb6, 0xb6, 0xb6, 0xb6, 0xb8, 0xb6, 0xb8, 0xb8, 0xb8, 0xba, 0xba, 0xba, 0xba, 0xbc, 0xbb, 0xbc, 0xbc, 0xbc, 0xbc, 0xbc, 0xc1, 0xc1, 0xc1, 0xc1, 0xc1, 0xc1, 0xc6, 0xc1, 0xc6, 0xc1, 0xc6, 0xc8, 0xc6, 0xc8, 0xc8, 0xcb, 0xc8, 0xcb, 0xcb, 0xcb, 0xcb, 0xcb, 0xcf, 0xcb, 0xcf, 0xcb, 0xcf, 0xcf, 0xcf, 0xcf, 0xcf, 0xd1, 0xcf, 0xd1, 0xcf, 0xd1, 0xd1, 0xd1, 0xd1, 0xd4, 0xd1, 0xd4, 0xd4, 0xd4, 0xd4, 0xd4, 0xd4, 0xd4, 0xd4, 0xd4, 0xd4, 0xd5, 0x11, 0x00, 0x00, 0x00, 0x00, 0x00, 0x00, 0x00, 0x00, 
  0x00, 0x00, 0x00, 0x00, 0x00, 0x00, 0x00, 0x00, 0x00, 0x45, 0x80, 0x84, 0x80, 0x84, 0x84, 0x84, 0x84, 0x88, 0x84, 0x88, 0x88, 0x88, 0x88, 0x88, 0x88, 0x8b, 0x88, 0x8b, 0x8b, 0x8b, 0x8b, 0x8e, 0x8b, 0x8e, 0x8e, 0x8e, 0x8e, 0x8e, 0x8e, 0x8e, 0x93, 0x8e, 0x93, 0x93, 0x93, 0x93, 0x93, 0x93, 0x93, 0x93, 0x94, 0x93, 0x94, 0x94, 0x94, 0x94, 0x94, 0x97, 0x94, 0x97, 0x97, 0x97, 0x97, 0x97, 0x9b, 0x97, 0x9b, 0x97, 0x9b, 0x9b, 0x9b, 0x9b, 0x9e, 0x9b, 0x9e, 0x9e, 0x9e, 0x9e, 0x9e, 0x9e, 0xa1, 0x9e, 0xa1, 0xa1, 0xa1, 0xa1, 0xa1, 0xa1, 0xa1, 0xa7, 0xa1, 0xa7, 0xa7, 0xa7, 0xa7, 0xa7, 0xab, 0xab, 0xab, 0xab, 0xab, 0xab, 0xad, 0xab, 0xad, 0xab, 0xad, 0xad, 0xad, 0xb2, 0xad, 0xb2, 0xb2, 0xb2, 0xb2, 0xb6, 0xb2, 0xb6, 0xb6, 0xb6, 0xb6, 0xb8, 0xb8, 0xb8, 0xb8, 0xba, 0xb8, 0xba, 0xb8, 0xbb, 0xba, 0xbc, 0xba, 0xbc, 0xbc, 0xbc, 0xbc, 0xbc, 0xc1, 0xbc, 0xc1, 0xc1, 0xc1, 0xc1, 0xc6, 0xc1, 0xc6, 0xc8, 0xc6, 0xc8, 0xc8, 0xc8, 0xc8, 0xcb, 0xc8, 0xcb, 0xcb, 0xcb, 0xcb, 0xcb, 0xcf, 0xcb, 0xcf, 0xcf, 0xcf, 0xcf, 0xcf, 0xcf, 0xcf, 0xd1, 0xcf, 0xd1, 0xd1, 0xd1, 0xd1, 0xd1, 0xd1, 0xd4, 0xd1, 0xd4, 0xd4, 0xd4, 0xd4, 0xd4, 0xd4, 0xd4, 0xd4, 0xd5, 0xd4, 0xd5, 0x82, 0x00, 0x00, 0x00, 0x00, 0x00, 0x00, 0x00, 0x00, 0x00, 
  0x00, 0x00, 0x00, 0x00, 0x00, 0x00, 0x00, 0x00, 0x00, 0x1c, 0x84, 0x84, 0x84, 0x84, 0x84, 0x84, 0x88, 0x84, 0x88, 0x88, 0x88, 0x88, 0x88, 0x8b, 0x8b, 0x8b, 0x8b, 0x8b, 0x8b, 0x8b, 0x8e, 0x8b, 0x8e, 0x8b, 0x8e, 0x8e, 0x8e, 0x8e, 0x93, 0x8e, 0x93, 0x93, 0x93, 0x93, 0x93, 0x93, 0x93, 0x94, 0x93, 0x94, 0x93, 0x94, 0x94, 0x94, 0x94, 0x94, 0x97, 0x94, 0x97, 0x94, 0x97, 0x97, 0x97, 0x9b, 0x97, 0x9b, 0x9b, 0x9b, 0x9b, 0x9b, 0x9b, 0x9e, 0x9b, 0x9e, 0x9e, 0x9e, 0x9e, 0x9e, 0x9e, 0xa1, 0x9e, 0xa1, 0xa1, 0xa1, 0xa1, 0xa1, 0xa1, 0xa7, 0xa7, 0xa7, 0xa7, 0xa7, 0xa7, 0xa7, 0xab, 0xab, 0xa7, 0xab, 0xab, 0xab, 0xab, 0xab, 0xad, 0xab, 0xad, 0xad, 0xad, 0xad, 0xad, 0xad, 0xb2, 0xad, 0xb2, 0xb2, 0xb2, 0xb6, 0xb2, 0xb6, 0xb6, 0xb6, 0xb8, 0xb6, 0xb8, 0xb8, 0xb8, 0xba, 0xba, 0xba, 0xbb, 0xbb, 0xbb, 0xbc, 0xbc, 0xbc, 0xbc, 0xbc, 0xc0, 0xc1, 0xc1, 0xc1, 0xc1, 0xc1, 0xc6, 0xc1, 0xc8, 0xc1, 0xc8, 0xc6, 0xc8, 0xc8, 0xc8, 0xcb, 0xc8, 0xcb, 0xcb, 0xcb, 0xcb, 0xcb, 0xcf, 0xcb, 0xcf, 0xcb, 0xcf, 0xcf, 0xcf, 0xcf, 0xcf, 0xd1, 0xcf, 0xd1, 0xd1, 0xd1, 0xd1, 0xd1, 0xd4, 0xd1, 0xd4, 0xd1, 0xd4, 0xd4, 0xd4, 0xd4, 0xd4, 0xd4, 0xd4, 0xd5, 0xd4, 0xd5, 0xd5, 0xd5, 0x23, 0x00, 0x00, 0x00, 0x00, 0x00, 0x00, 0x00, 0x00, 0x00, 
  0x00, 0x00, 0x00, 0x00, 0x00, 0x00, 0x00, 0x00, 0x00, 0x00, 0x62, 0x84, 0x84, 0x84, 0x88, 0x88, 0x88, 0x88, 0x88, 0x88, 0x88, 0x88, 0x8b, 0x88, 0x8b, 0x8b, 0x8b, 0x8b, 0x8b, 0x8e, 0x8b, 0x8e, 0x8e, 0x8e, 0x8e, 0x8e, 0x8e, 0x93, 0x8e, 0x93, 0x8e, 0x93, 0x93, 0x93, 0x93, 0x93, 0x94, 0x93, 0x94, 0x94, 0x94, 0x94, 0x94, 0x94, 0x94, 0x97, 0x94, 0x97, 0x97, 0x97, 0x9b, 0x97, 0x9b, 0x97, 0x9b, 0x9b, 0x9b, 0x9b, 0x9e, 0x9b, 0x9e, 0x9e, 0x9e, 0x9e, 0x9e, 0x9e, 0x9e, 0x9e, 0xa1, 0x9e, 0xa1, 0xa1, 0xa1, 0xa1, 0xa1, 0xa1, 0xa7, 0xa1, 0xa7, 0xa7, 0xa7, 0xa7, 0xa7, 0xab, 0xa7, 0xab, 0xab, 0xab, 0xab, 0xab, 0xad, 0xad, 0xad, 0xad, 0xad, 0xad, 0xb2, 0xad, 0xb2, 0xb2, 0xb2, 0xb2, 0xb6, 0xb2, 0xb6, 0xb6, 0xb6, 0xb8, 0xb6, 0xb8, 0xb8, 0xb8, 0xb8, 0xba, 0xba, 0xba, 0xba, 0xbb, 0xbb, 0xbb, 0xbc, 0xbc, 0xbc, 0xbc, 0xbc, 0xc1, 0xbc, 0xc1, 0xc1, 0xc1, 0xc1, 0xc6, 0xc1, 0xc8, 0xc6, 0xc8, 0xc8, 0xc8, 0xc8, 0xcb, 0xcb, 0xcb, 0xcb, 0xcb, 0xcb, 0xcb, 0xcb, 0xcf, 0xcb, 0xcf, 0xcf, 0xcf, 0xcf, 0xcf, 0xcf, 0xcf, 0xd1, 0xcf, 0xd1, 0xd1, 0xd1, 0xd1, 0xd1, 0xd4, 0xd1, 0xd4, 0xd4, 0xd4, 0xd4, 0xd4, 0xd4, 0xd4, 0xd4, 0xd4, 0xd5, 0xd4, 0xd5, 0xd4, 0xd5, 0xa6, 0x00, 0x00, 0x00, 0x00, 0x00, 0x00, 0x00, 0x00, 0x00, 0x00, 
  0x00, 0x00, 0x00, 0x00, 0x00, 0x00, 0x00, 0x00, 0x00, 0x00, 0x34, 0x9d, 0x88, 0x88, 0x84, 0x88, 0x88, 0x88, 0x88, 0x88, 0x8b, 0x8b, 0x8b, 0x8b, 0x8b, 0x8b, 0x8b, 0x8e, 0x8e, 0x8e, 0x8e, 0x8e, 0x8e, 0x8e, 0x8e, 0x93, 0x8e, 0x93, 0x8e, 0x93, 0x93, 0x93, 0x93, 0x93, 0x94, 0x93, 0x94, 0x94, 0x94, 0x94, 0x94, 0x94, 0x94, 0x97, 0x97, 0x97, 0x97, 0x97, 0x97, 0x97, 0x97, 0x9b, 0x97, 0x9b, 0x9b, 0x9b, 0x9b, 0x9e, 0x9b, 0x9e, 0x9b, 0x9e, 0x9e, 0x9e, 0x9e, 0xa1, 0x9e, 0xa1, 0x9e, 0xa1, 0xa1, 0xa1, 0xa1, 0xa1, 0xa7, 0xa7, 0xa7, 0xa7, 0xa7, 0xa7, 0xa7, 0xab, 0xab, 0xab, 0xab, 0xab, 0xab, 0xab, 0xad, 0xad, 0xab, 0xad, 0xad, 0xad, 0xad, 0xb2, 0xad, 0xb2, 0xb2, 0xb2, 0xb2, 0xb2, 0xb6, 0xb2, 0xb6, 0xb6, 0xb6, 0xb8, 0xb6, 0xb8, 0xb8, 0xb8, 0xba, 0xba, 0xba, 0xbb, 0xbb, 0xbb, 0xbc, 0xbc, 0xbc, 0xbc, 0xbc, 0xc0, 0xc1, 0xc1, 0xc1, 0xc1, 0xc1, 0xc6, 0xc1, 0xc8, 0xc6, 0xc8, 0xc6, 0xc8, 0xc8, 0xc8, 0xcb, 0xc8, 0xcb, 0xcb, 0xcb, 0xcb, 0xcb, 0xcf, 0xcb, 0xcf, 0xcf, 0xcf, 0xcf, 0xcf, 0xcf, 0xcf, 0xd1, 0xcf, 0xd1, 0xd1, 0xd1, 0xd1, 0xd1, 0xd4, 0xd1, 0xd4, 0xd1, 0xd4, 0xd4, 0xd4, 0xd4, 0xd4, 0xd4, 0xd4, 0xd5, 0xd4, 0xd5, 0xd5, 0xd5, 0xd5, 0xd5, 0x36, 0x00, 0x00, 0x00, 0x00, 0x00, 0x00, 0x00, 0x00, 0x00, 0x00, 
  0x00, 0x00, 0x00, 0x00, 0x00, 0x00, 0x00, 0x00, 0x00, 0x00, 0x00, 0xa2, 0xb5, 0x92, 0x88, 0x88, 0x88, 0x8b, 0x88, 0x8b, 0x88, 0x8b, 0x8b, 0x8b, 0x8b, 0x8b, 0x8e, 0x8b, 0x8e, 0x8e, 0x8e, 0x8e, 0x8e, 0x8e, 0x93, 0x8e, 0x93, 0x93, 0x93, 0x93, 0x93, 0x93, 0x93, 0x94, 0x93, 0x94, 0x94, 0x94, 0x94, 0x94, 0x97, 0x94, 0x97, 0x97, 0x94, 0x97, 0x97, 0x97, 0x97, 0x9b, 0x9b, 0x9b, 0x9b, 0x9b, 0x9b, 0x9b, 0x9e, 0x9b, 0x9e, 0x9e, 0x9e, 0x9e, 0x9e, 0x9e, 0xa1, 0x9e, 0xa1, 0xa1, 0xa1, 0xa1, 0xa1, 0xa7, 0xa1, 0xa7, 0xa7, 0xa7, 0xa7, 0xa7, 0xa7, 0xa7, 0xab, 0xa7, 0xab, 0xab, 0xab, 0xab, 0xab, 0xad, 0xab, 0xad, 0xad, 0xad, 0xad, 0xb2, 0xad, 0xb2, 0xb2, 0xb2, 0xb2, 0xb2, 0xb6, 0xb6, 0xb6, 0xb6, 0xb8, 0xb6, 0xb8, 0xb8, 0xb8, 0xb8, 0xba, 0xba, 0xba, 0xba, 0xbb, 0xbb, 0xbb, 0xbc, 0xbc, 0xbc, 0xbc, 0xc0, 0xc1, 0xc1, 0xc1, 0xc1, 0xc1, 0xc1, 0xc6, 0xc1, 0xc6, 0xc8, 0xc6, 0xc8, 0xc8, 0xc8, 0xcb, 0xcb, 0xcb, 0xcb, 0xcb, 0xcb, 0xcb, 0xcb, 0xcf, 0xcb, 0xcf, 0xcf, 0xcf, 0xcf, 0xcf, 0xcf, 0xcf, 0xd1, 0xcf, 0xd1, 0xd1, 0xd1, 0xd1, 0xd1, 0xd4, 0xd1, 0xd4, 0xd4, 0xd4, 0xd4, 0xd4, 0xd4, 0xd4, 0xd5, 0xd4, 0xd5, 0xd4, 0xd5, 0xd5, 0xd5, 0xd5, 0xd5, 0xbd, 0x01, 0x00, 0x00, 0x00, 0x00, 0x00, 0x00, 0x00, 0x00, 0x00, 0x00, 
  0x00, 0x00, 0x00, 0x00, 0x00, 0x00, 0x00, 0x00, 0x00, 0x00, 0x00, 0x41, 0xb9, 0xc4, 0xac, 0x92, 0x88, 0x88, 0x88, 0x8b, 0x8b, 0x8b, 0x8b, 0x8b, 0x8b, 0x8e, 0x8b, 0x8e, 0x8e, 0x8e, 0x8e, 0x8e, 0x8e, 0x8e, 0x8e, 0x93, 0x8e, 0x93, 0x8e, 0x93, 0x93, 0x93, 0x93, 0x93, 0x94, 0x93, 0x94, 0x94, 0x94, 0x94, 0x94, 0x94, 0x97, 0x94, 0x97, 0x97, 0x97, 0x97, 0x9b, 0x97, 0x9b, 0x97, 0x9b, 0x9b, 0x9b, 0x9b, 0x9b, 0x9e, 0x9e, 0x9e, 0x9e, 0x9e, 0x9e, 0x9e, 0x9e, 0xa1, 0x9e, 0xa1, 0xa1, 0xa1, 0xa1, 0xa1, 0xa1, 0xa7, 0xa1, 0xa7, 0xa7, 0xa7, 0xa7, 0xab, 0xa7, 0xab, 0xab, 0xab, 0xab, 0xab, 0xad, 0xab, 0xad, 0xad, 0xad, 0xad, 0xad, 0xad, 0xb2, 0xad, 0xb2, 0xb2, 0xb2, 0xb6, 0xb2, 0xb6, 0xb6, 0xb6, 0xb6, 0xb6, 0xb8, 0xb6, 0xb8, 0xb8, 0xba, 0xba, 0xba, 0xbb, 0xbb, 0xbb, 0xbc, 0xbb, 0xbc, 0xbc, 0xbc, 0xc1, 0xbc, 0xc0, 0xc1, 0xc1, 0xc1, 0xc6, 0xc1, 0xc6, 0xc1, 0xc6, 0xc8, 0xc6, 0xc8, 0xcb, 0xc6, 0xcb, 0xc6, 0xcb, 0xcb, 0xcb, 0xcb, 0xcb, 0xcb, 0xcf, 0xcb, 0xcf, 0xcf, 0xcf, 0xcf, 0xcf, 0xd1, 0xcf, 0xd1, 0xd1, 0xd1, 0xd1, 0xd1, 0xd4, 0xd1, 0xd4, 0xd1, 0xd4, 0xd4, 0xd4, 0xd4, 0xd4, 0xd4, 0xd4, 0xd4, 0xd5, 0xd4, 0xd5, 0xd4, 0xd5, 0xd5, 0xd5, 0x56, 0x00, 0x00, 0x00, 0x00, 0x00, 0x00, 0x00, 0x00, 0x00, 0x00, 0x00, 
  0x00, 0x00, 0x00, 0x00, 0x00, 0x00, 0x00, 0x00, 0x00, 0x00, 0x00, 0x00, 0xd7, 0xda, 0xcd, 0xb9, 0xa3, 0x8e, 0x8b, 0x8b, 0x8b, 0x8b, 0x8b, 0x8b, 0x8e, 0x8b, 0x8e, 0x8e, 0x8e, 0x8e, 0x8e, 0x8e, 0x8e, 0x93, 0x8e, 0x93, 0x93, 0x93, 0x93, 0x93, 0x93, 0x94, 0x93, 0x94, 0x94, 0x94, 0x94, 0x94, 0x94, 0x97, 0x94, 0x97, 0x97, 0x97, 0x97, 0x97, 0x9b, 0x97, 0x97, 0x9b, 0x9b, 0x9b, 0x9b, 0x9b, 0x9e, 0x9b, 0x9e, 0x9e, 0x9e, 0x9e, 0x9e, 0x9e, 0x9e, 0x9e, 0xa1, 0x9e, 0xa1, 0xa1, 0xa1, 0xa1, 0xa7, 0xa1, 0xa7, 0xa7, 0xa7, 0xa7, 0xa7, 0xa7, 0xab, 0xa7, 0xab, 0xab, 0xab, 0xab, 0xab, 0xad, 0xab, 0xad, 0xad, 0xad, 0xad, 0xb2, 0xad, 0xb2, 0xb2, 0xb2, 0xb2, 0xb6, 0xb2, 0xb6, 0xb6, 0xb6, 0xb6, 0xb6, 0xb8, 0xb8, 0xb8, 0xb8, 0xb8, 0xba, 0xba, 0xbb, 0xba, 0xbb, 0xbb, 0xbc, 0xbc, 0xbc, 0xbc, 0xbc, 0xc1, 0xc0, 0xc1, 0xc1, 0xc0, 0xc1, 0xc6, 0xc1, 0xc8, 0xc6, 0xc8, 0xc6, 0xc8, 0xc6, 0xcb, 0xc6, 0xcb, 0xcb, 0xcb, 0xcb, 0xcb, 0xcb, 0xcf, 0xcb, 0xcf, 0xcb, 0xcf, 0xcf, 0xcf, 0xcf, 0xcf, 0xd1, 0xcf, 0xd1, 0xd1, 0xd1, 0xd1, 0xd1, 0xd1, 0xd4, 0xd1, 0xd4, 0xd4, 0xd4, 0xd4, 0xd4, 0xd4, 0xd4, 0xd5, 0xd4, 0xd5, 0xd4, 0xd5, 0xd5, 0xd6, 0xd5, 0xd5, 0xbd, 0x0e, 0x00, 0x00, 0x00, 0x00, 0x00, 0x00, 0x00, 0x00, 0x00, 0x00, 0x00, 
  0x00, 0x00, 0x00, 0x00, 0x00, 0x00, 0x00, 0x00, 0x00, 0x00, 0x00, 0x00, 0x85, 0xfc, 0xed, 0xda, 0xc4, 0xb5, 0x94, 0x8b, 0x8b, 0x8b, 0x8b, 0x8e, 0x8b, 0x8e, 0x8e, 0x8e, 0x8e, 0x8e, 0x93, 0x8e, 0x93, 0x8e, 0x93, 0x93, 0x93, 0x93, 0x93, 0x93, 0x94, 0x93, 0x94, 0x93, 0x94, 0x94, 0x94, 0x94, 0x94, 0x97, 0x94, 0x97, 0x97, 0x97, 0x97, 0x97, 0x9b, 0x9b, 0x9b, 0x9b, 0x9b, 0x9b, 0x9b, 0x9e, 0x9b, 0x9e, 0x9e, 0x9e, 0x9e, 0x9e, 0x9e, 0xa1, 0x9e, 0xa1, 0x9e, 0xa1, 0xa1, 0xa1, 0xa1, 0xa1, 0xa7, 0xa1, 0xa7, 0xa7, 0xa7, 0xa7, 0xa7, 0xab, 0xa7, 0xab, 0xab, 0xab, 0xab, 0xab, 0xad, 0xab, 0xad, 0xad, 0xad, 0xad, 0xad, 0xb2, 0xad, 0xb2, 0xb2, 0xb2, 0xb2, 0xb6, 0xb2, 0xb6, 0xb6, 0xb6, 0xb8, 0xb8, 0xb8, 0xb8, 0xb8, 0xb8, 0xba, 0xba, 0xba, 0xbb, 0xbb, 0xbc, 0xbc, 0xbc, 0xbc, 0xbc, 0xc0, 0xc1, 0xc0, 0xc1, 0xc1, 0xc0, 0xc8, 0xc1, 0xc6, 0xc8, 0xc6, 0xc8, 0xc6, 0xc8, 0xc6, 0xcb, 0xc6, 0xcb, 0xcb, 0xcb, 0xcb, 0xcb, 0xcf, 0xcb, 0xcf, 0xcb, 0xcf, 0xcf, 0xcf, 0xcf, 0xcf, 0xd1, 0xd1, 0xcf, 0xd1, 0xd1, 0xd1, 0xd1, 0xd4, 0xd1, 0xd4, 0xd1, 0xd4, 0xd4, 0xd4, 0xd4, 0xd4, 0xd4, 0xd4, 0xd5, 0xd4, 0xd5, 0xd4, 0xd5, 0xd5, 0xd5, 0xd5, 0xd5, 0xd5, 0x56, 0x00, 0x00, 0x00, 0x00, 0x00, 0x00, 0x00, 0x00, 0x00, 0x00, 0x00, 0x00, 
  0x00, 0x00, 0x00, 0x00, 0x00, 0x00, 0x00, 0x00, 0x00, 0x00, 0x00, 0x00, 0x01, 0x0a, 0x0b, 0xf9, 0xe5, 0xda, 0xcd, 0xac, 0x8e, 0x8b, 0x8e, 0x8e, 0x8e, 0x8e, 0x8e, 0x8e, 0x8e, 0x8e, 0x93, 0x8e, 0x93, 0x93, 0x93, 0x93, 0x93, 0x93, 0x93, 0x94, 0x93, 0x94, 0x94, 0x94, 0x94, 0x94, 0x97, 0x94, 0x97, 0x97, 0x97, 0x97, 0x97, 0x9b, 0x97, 0x9b, 0x9b, 0x9b, 0x9b, 0x9b, 0x9e, 0x9b, 0x9e, 0x9b, 0x9e, 0x9e, 0x9e, 0x9e, 0x9e, 0x9e, 0xa1, 0x9e, 0xa1, 0xa1, 0xa1, 0xa1, 0xa1, 0xa7, 0xa1, 0xa7, 0xa7, 0xa7, 0xa7, 0xa7, 0xab, 0xa7, 0xab, 0xab, 0xab, 0xab, 0xab, 0xad, 0xab, 0xad, 0xad, 0xad, 0xad, 0xad, 0xb2, 0xad, 0xb2, 0xb2, 0xb2, 0xb2, 0xb2, 0xb6, 0xb6, 0xb6, 0xb6, 0xb8, 0xb6, 0xb8, 0xb8, 0xb8, 0xb8, 0xb8, 0xba, 0xba, 0xba, 0xbb, 0xbb, 0xbc, 0xbc, 0xbc, 0xbc, 0xc0, 0xbc, 0xc1, 0xc1, 0xc1, 0xc1, 0xc1, 0xc0, 0xc8, 0xc0, 0xc8, 0xc6, 0xc8, 0xc6, 0xc8, 0xc6, 0xcb, 0xcb, 0xcb, 0xcb, 0xcb, 0xcb, 0xcb, 0xcb, 0xcb, 0xcf, 0xcb, 0xcf, 0xcf, 0xcf, 0xcf, 0xcf, 0xcf, 0xd1, 0xcf, 0xd1, 0xd1, 0xd1, 0xd1, 0xd1, 0xd4, 0xd1, 0xd4, 0xd4, 0xd4, 0xd4, 0xd4, 0xd4, 0xd4, 0xd4, 0xd5, 0xd4, 0xd5, 0xd4, 0xd5, 0xd5, 0xd5, 0xd5, 0xd5, 0xd5, 0xd6, 0xbd, 0x0e, 0x00, 0x00, 0x00, 0x00, 0x00, 0x00, 0x00, 0x00, 0x00, 0x00, 0x00, 0x00, 
  0x00, 0x00, 0x00, 0x00, 0x00, 0x00, 0x00, 0x00, 0x00, 0x00, 0x00, 0x00, 0x00, 0x85, 0x0b, 0x0b, 0x0b, 0xf4, 0xe1, 0xd9, 0xb5, 0x97, 0x8e, 0x8e, 0x8e, 0x8e, 0x8e, 0x93, 0x8e, 0x93, 0x8e, 0x93, 0x93, 0x93, 0x93, 0x93, 0x93, 0x94, 0x93, 0x94, 0x94, 0x94, 0x94, 0x94, 0x94, 0x97, 0x94, 0x97, 0x97, 0x97, 0x97, 0x97, 0x97, 0x9b, 0x97, 0x9b, 0x9b, 0x9b, 0x9b, 0x9b, 0x9b, 0x9e, 0x9e, 0x9e, 0x9e, 0x9e, 0x9e, 0x9e, 0xa1, 0x9e, 0xa1, 0xa1, 0xa1, 0xa1, 0xa1, 0xa1, 0xa1, 0xa7, 0xa1, 0xa7, 0xa7, 0xa7, 0xa7, 0xab, 0xa7, 0xab, 0xab, 0xab, 0xab, 0xab, 0xab, 0xad, 0xab, 0xad, 0xad, 0xad, 0xad, 0xad, 0xb2, 0xad, 0xb2, 0xb2, 0xb2, 0xb2, 0xb6, 0xb2, 0xb6, 0xb6, 0xb6, 0xb8, 0xb6, 0xb8, 0xb8, 0xb8, 0xb8, 0xba, 0xba, 0xba, 0xbc, 0xbb, 0xbc, 0xbc, 0xbc, 0xbc, 0xbc, 0xc1, 0xbc, 0xc0, 0xc1, 0xc0, 0xc1, 0xc6, 0xc1, 0xc6, 0xc8, 0xc6, 0xc8, 0xc6, 0xc8, 0xc6, 0xcb, 0xc8, 0xcb, 0xcb, 0xcb, 0xcb, 0xcb, 0xcf, 0xcb, 0xcf, 0xcb, 0xcf, 0xcf, 0xcf, 0xcf, 0xcf, 0xcf, 0xd1, 0xcf, 0xd1, 0xd1, 0xd1, 0xd1, 0xd4, 0xd1, 0xd4, 0xd1, 0xd4, 0xd4, 0xd4, 0xd4, 0xd4, 0xd4, 0xd4, 0xd5, 0xd4, 0xd5, 0xd4, 0xd5, 0xd5, 0xd5, 0xd5, 0xd5, 0xd5, 0xd5, 0xd5, 0x56, 0x00, 0x00, 0x00, 0x00, 0x00, 0x00, 0x00, 0x00, 0x00, 0x00, 0x00, 0x00, 0x00, 
  0x00, 0x00, 0x00, 0x00, 0x00, 0x00, 0x00, 0x00, 0x00, 0x00, 0x00, 0x00, 0x00, 0x00, 0x0a, 0x0b, 0x0b, 0x0b, 0xfb, 0xeb, 0xdc, 0xd2, 0xac, 0x9d, 0x8e, 0x8e, 0x93, 0x8e, 0x93, 0x93, 0x93, 0x93, 0x93, 0x93, 0x93, 0x93, 0x94, 0x93, 0x94, 0x94, 0x94, 0x94, 0x97, 0x94, 0x97, 0x94, 0x97, 0x97, 0x97, 0x97, 0x9b, 0x97, 0x9b, 0x9b, 0x9b, 0x9b, 0x9b, 0x9e, 0x9b, 0x9e, 0x9e, 0x9e, 0x9e, 0x9e, 0x9e, 0x9e, 0x9e, 0xa1, 0x9e, 0xa1, 0xa1, 0xa1, 0xa1, 0xa1, 0xa7, 0xa1, 0xa7, 0xa7, 0xa7, 0xa7, 0xab, 0xa7, 0xab, 0xa7, 0xab, 0xab, 0xab, 0xab, 0xad, 0xab, 0xad, 0xad, 0xad, 0xad, 0xad, 0xb2, 0xad, 0xb2, 0xb2, 0xb2, 0xb6, 0xb2, 0xb6, 0xb6, 0xb6, 0xb6, 0xb8, 0xb6, 0xb8, 0xb8, 0xb8, 0xba, 0xb8, 0xba, 0xba, 0xba, 0xba, 0xbb, 0xba, 0xbc, 0xbc, 0xbc, 0xbc, 0xc0, 0xc1, 0xc0, 0xc1, 0xc1, 0xc1, 0xc1, 0xc6, 0xc1, 0xc8, 0xc6, 0xc8, 0xc6, 0xc8, 0xc6, 0xcb, 0xcb, 0xcb, 0xcb, 0xcb, 0xcb, 0xcb, 0xcb, 0xcf, 0xcb, 0xcf, 0xcf, 0xcf, 0xcf, 0xcf, 0xcf, 0xcf, 0xd1, 0xcf, 0xd1, 0xd1, 0xd1, 0xd1, 0xd1, 0xd4, 0xd1, 0xd4, 0xd4, 0xd4, 0xd4, 0xd4, 0xd4, 0xd4, 0xd5, 0xd4, 0xd5, 0xd4, 0xd5, 0xd5, 0xd5, 0xd5, 0xd5, 0xd5, 0xd5, 0xd6, 0xd5, 0xd9, 0xbd, 0x0e, 0x00, 0x00, 0x00, 0x00, 0x00, 0x00, 0x00, 0x00, 0x00, 0x00, 0x00, 0x00, 0x00, 
  0x00, 0x00, 0x00, 0x00, 0x00, 0x00, 0x00, 0x00, 0x00, 0x00, 0x00, 0x00, 0x00, 0x00, 0x85, 0x0b, 0x0b, 0x0b, 0x0b, 0x0b, 0xf9, 0xe6, 0xda, 0xcd, 0xb5, 0x9d, 0x93, 0x93, 0x93, 0x93, 0x93, 0x93, 0x93, 0x94, 0x93, 0x94, 0x93, 0x94, 0x94, 0x94, 0x94, 0x94, 0x97, 0x94, 0x97, 0x97, 0x97, 0x97, 0x97, 0x9b, 0x97, 0x9b, 0x9b, 0x9b, 0x9b, 0x9b, 0x9b, 0x9e, 0x9b, 0x9e, 0x9e, 0x9e, 0x9e, 0x9e, 0xa1, 0x9e, 0xa1, 0xa1, 0xa1, 0xa1, 0xa1, 0xa1, 0xa1, 0xa1, 0xa7, 0xa1, 0xa7, 0xa7, 0xa7, 0xa7, 0xab, 0xa7, 0xab, 0xab, 0xab, 0xab, 0xab, 0xab, 0xad, 0xab, 0xad, 0xad, 0xad, 0xad, 0xad, 0xb6, 0xb8, 0xba, 0xbb, 0xc0, 0xbc, 0xbb, 0xbb, 0xb8, 0xb8, 0xb6, 0xb8, 0xb6, 0xb8, 0xb8, 0xb8, 0xba, 0xba, 0xba, 0xba, 0xbc, 0xbb, 0xbc, 0xbc, 0xbc, 0xbc, 0xc0, 0xc1, 0xc1, 0xc1, 0xc1, 0xc1, 0xc6, 0xc1, 0xc6, 0xc1, 0xc6, 0xc8, 0xc6, 0xc8, 0xc8, 0xcb, 0xc8, 0xcb, 0xc6, 0xcb, 0xcb, 0xcb, 0xcb, 0xcf, 0xcb, 0xcf, 0xcf, 0xcf, 0xcf, 0xcf, 0xcf, 0xcf, 0xd1, 0xcf, 0xd1, 0xd1, 0xd1, 0xd1, 0xd1, 0xd4, 0xd2, 0xd4, 0xd2, 0xd6, 0xd6, 0xd6, 0xd6, 0xd6, 0xd4, 0xd6, 0xd4, 0xd6, 0xd4, 0xd6, 0xd5, 0xd5, 0xd5, 0xd5, 0xd5, 0xd5, 0xd5, 0xd5, 0xd5, 0xd5, 0x56, 0x00, 0x00, 0x00, 0x00, 0x00, 0x00, 0x00, 0x00, 0x00, 0x00, 0x00, 0x00, 0x00, 0x00, 
  0x00, 0x00, 0x00, 0x00, 0x00, 0x00, 0x00, 0x00, 0x00, 0x00, 0x00, 0x00, 0x00, 0x00, 0x00, 0x09, 0x0b, 0x0b, 0x0b, 0x0b, 0x0b, 0x0b, 0xf5, 0xe3, 0xda, 0xcd, 0xc4, 0xac, 0x9d, 0x94, 0x93, 0x93, 0x94, 0x93, 0x94, 0x94, 0x94, 0x94, 0x94, 0x97, 0x94, 0x97, 0x97, 0x97, 0x97, 0x97, 0x9b, 0x97, 0x9b, 0x9b, 0x9b, 0x9b, 0x9b, 0x9e, 0x9b, 0x9e, 0x9e, 0x9e, 0x9e, 0x9e, 0x9e, 0x9e, 0x9e, 0xa1, 0x9e, 0xa1, 0xa1, 0xa1, 0xa1, 0xa1, 0xa7, 0xa1, 0xa7, 0xa7, 0xa7, 0xa7, 0xa7, 0xa7, 0xab, 0xa7, 0xab, 0xab, 0xab, 0xab, 0xad, 0xab, 0xad, 0xad, 0xad, 0xad, 0xad, 0xb8, 0xba, 0xc6, 0xcd, 0xd2, 0xd6, 0xd6, 0xd9, 0xd9, 0xd9, 0xd9, 0xd6, 0xd2, 0xd1, 0xc6, 0xc0, 0xba, 0xba, 0xb8, 0xba, 0xba, 0xbb, 0xba, 0xbc, 0xba, 0xbc, 0xbc, 0xbc, 0xbc, 0xc1, 0xc1, 0xc1, 0xc1, 0xc1, 0xc1, 0xc6, 0xc1, 0xc6, 0xc8, 0xc6, 0xc8, 0xc6, 0xcb, 0xc6, 0xcb, 0xc8, 0xcb, 0xcb, 0xcb, 0xcb, 0xcb, 0xcb, 0xcf, 0xcb, 0xcf, 0xcf, 0xcf, 0xcf, 0xcf, 0xcf, 0xcf, 0xd1, 0xcf, 0xd1, 0xd1, 0xd1, 0xd2, 0xd4, 0xd9, 0xd9, 0xda, 0xdc, 0xdd, 0xe1, 0xe1, 0xe1, 0xe1, 0xe1, 0xdd, 0xdd, 0xdc, 0xda, 0xda, 0xd9, 0xd6, 0xd9, 0xd6, 0xd6, 0xd6, 0xd6, 0xd6, 0xd5, 0xd9, 0xb4, 0x00, 0x00, 0x00, 0x00, 0x00, 0x00, 0x00, 0x00, 0x00, 0x00, 0x00, 0x00, 0x00, 0x00, 0x00, 
  0x00, 0x00, 0x00, 0x00, 0x00, 0x00, 0x00, 0x00, 0x00, 0x00, 0x00, 0x00, 0x00, 0x00, 0x00, 0x04, 0x0b, 0x0b, 0x0b, 0x0b, 0x0b, 0x0b, 0x0b, 0xfc, 0xf2, 0xe6, 0xdd, 0xd9, 0xd2, 0xc4, 0xb9, 0xac, 0xa3, 0x9e, 0x9d, 0x9d, 0x9b, 0x9b, 0x9b, 0x9d, 0x9e, 0x9e, 0x9d, 0xa1, 0xa3, 0xa7, 0xac, 0xac, 0xac, 0xb5, 0xb5, 0xb9, 0xb9, 0xb9, 0xb5, 0xb5, 0xb5, 0xac, 0xac, 0xa7, 0xa7, 0xa1, 0xa1, 0x9e, 0xa1, 0xa1, 0xa1, 0xa1, 0xa1, 0xa1, 0xa1, 0xa7, 0xa1, 0xa7, 0xa7, 0xa7, 0xa7, 0xab, 0xa7, 0xab, 0xab, 0xab, 0xab, 0xab, 0xad, 0xab, 0xad, 0xb2, 0xb8, 0xc0, 0xcd, 0xd2, 0xd9, 0xdc, 0xdd, 0xe1, 0xe7, 0xeb, 0xef, 0xf3, 0xef, 0xed, 0xed, 0xe6, 0xdd, 0xdc, 0xd9, 0xd1, 0xc6, 0xbc, 0xba, 0xba, 0xbb, 0xbb, 0xbc, 0xbc, 0xbc, 0xbc, 0xbc, 0xc1, 0xc1, 0xc1, 0xc1, 0xc1, 0xc6, 0xc1, 0xc8, 0xc1, 0xc8, 0xc6, 0xc8, 0xc6, 0xc8, 0xcb, 0xc8, 0xcb, 0xcb, 0xcb, 0xcb, 0xcb, 0xcb, 0xcf, 0xcb, 0xcf, 0xcf, 0xcf, 0xcf, 0xcf, 0xcf, 0xcf, 0xd1, 0xcf, 0xd1, 0xd1, 0xd1, 0xd2, 0xd6, 0xda, 0xdd, 0xe3, 0xef, 0xf4, 0xf8, 0xf9, 0xfa, 0xfb, 0xfb, 0xfb, 0xfb, 0xfb, 0xf8, 0xf8, 0xf3, 0xef, 0xed, 0xe3, 0xe1, 0xdd, 0xdc, 0xda, 0xda, 0xd9, 0xd9, 0xd9, 0x36, 0x00, 0x00, 0x00, 0x00, 0x00, 0x00, 0x00, 0x00, 0x00, 0x00, 0x00, 0x00, 0x00, 0x00, 0x00, 
  0x00, 0x00, 0x00, 0x00, 0x00, 0x00, 0x00, 0x00, 0x00, 0x00, 0x00, 0x00, 0x00, 0x00, 0x00, 0x00, 0x07, 0x0b, 0x0b, 0x0b, 0x0b, 0x0b, 0x0b, 0x0b, 0x0b, 0x0b, 0xfa, 0xf3, 0xe8, 0xdd, 0xdc, 0xd9, 0xd6, 0xd2, 0xd2, 0xcd, 0xcd, 0xc4, 0xc4, 0xcd, 0xcd, 0xcd, 0xd2, 0xd2, 0xd2, 0xd6, 0xd9, 0xd9, 0xd9, 0xda, 0xda, 0xda, 0xdc, 0xda, 0xdc, 0xda, 0xda, 0xd9, 0xd6, 0xd2, 0xcd, 0xc4, 0xb9, 0xac, 0xa7, 0xa1, 0xa1, 0xa7, 0xa1, 0xa7, 0xa7, 0xa7, 0xa7, 0xa7, 0xab, 0xa7, 0xab, 0xa7, 0xab, 0xab, 0xab, 0xad, 0xab, 0xad, 0xb2, 0xba, 0xc6, 0xcd, 0xd6, 0xda, 0xdd, 0xe3, 0xed, 0xf5, 0xfa, 0x0b, 0x0b, 0x0b, 0x0b, 0x0b, 0x0b, 0x0b, 0x0b, 0x0b, 0xfb, 0xf5, 0xeb, 0xdd, 0xd9, 0xd2, 0xc6, 0xbc, 0xbc, 0xbc, 0xbc, 0xbc, 0xbc, 0xbc, 0xc1, 0xc1, 0xc1, 0xc1, 0xc1, 0xc6, 0xc1, 0xc6, 0xc8, 0xc6, 0xc8, 0xc6, 0xcb, 0xc6, 0xcb, 0xcb, 0xcb, 0xcb, 0xcb, 0xcb, 0xcb, 0xcb, 0xcf, 0xcb, 0xcf, 0xcf, 0xcf, 0xcf, 0xcf, 0xcf, 0xd1, 0xcf, 0xd1, 0xcf, 0xd4, 0xd2, 0xd9, 0xda, 0xe3, 0xef, 0xf6, 0xfc, 0x0b, 0x0b, 0x0b, 0x0b, 0x0b, 0x0b, 0x0b, 0x0b, 0x0b, 0x0b, 0x0b, 0x0b, 0x0b, 0x0b, 0x0b, 0x0b, 0xfc, 0xfa, 0xf8, 0xf4, 0xef, 0xeb, 0xe6, 0xa9, 0x00, 0x00, 0x00, 0x00, 0x00, 0x00, 0x00, 0x00, 0x00, 0x00, 0x00, 0x00, 0x00, 0x00, 0x00, 0x00, 
  0x00, 0x00, 0x00, 0x00, 0x00, 0x00, 0x00, 0x00, 0x00, 0x00, 0x00, 0x00, 0x00, 0x00, 0x00, 0x00, 0x02, 0xf7, 0x0b, 0x0b, 0x0b, 0x0b, 0x0b, 0x0b, 0x0b, 0x0b, 0x0b, 0x0b, 0x0b, 0x0b, 0xf9, 0xf5, 0xef, 0xed, 0xe6, 0xe6, 0xe5, 0xe3, 0xe3, 0xe3, 0xe3, 0xe6, 0xe6, 0xeb, 0xed, 0xed, 0xf1, 0xf1, 0xf3, 0xf5, 0xf4, 0xf5, 0xf8, 0xf8, 0xf6, 0xf4, 0xf5, 0xf1, 0xf0, 0xe6, 0xe3, 0xdc, 0xda, 0xd6, 0xcd, 0xc0, 0xac, 0xab, 0xa1, 0xa7, 0xa7, 0xa7, 0xa7, 0xa7, 0xab, 0xa7, 0xab, 0xab, 0xab, 0xab, 0xad, 0xb6, 0xc0, 0xc6, 0xd2, 0xd6, 0xdc, 0xe1, 0xeb, 0xf4, 0xfb, 0x0b, 0x0b, 0x0b, 0x0b, 0x0b, 0x0b, 0x0b, 0x0b, 0x0b, 0x0b, 0x0b, 0x0b, 0x0b, 0x0b, 0x0b, 0x0b, 0xfa, 0xf1, 0xdd, 0xd6, 0xcd, 0xbc, 0xbc, 0xbc, 0xbc, 0xc1, 0xc1, 0xc1, 0xc1, 0xc1, 0xc6, 0xc1, 0xc8, 0xc6, 0xc8, 0xc6, 0xc8, 0xc6, 0xc8, 0xcb, 0xc8, 0xcb, 0xcb, 0xcb, 0xcb, 0xcb, 0xcf, 0xcb, 0xcf, 0xcb, 0xcf, 0xcf, 0xcf, 0xcf, 0xcf, 0xcf, 0xd1, 0xcf, 0xd1, 0xd2, 0xd4, 0xd9, 0xdc, 0xe6, 0xf2, 0xfc, 0x0b, 0x0b, 0x0b, 0x0b, 0x0b, 0x0b, 0x0b, 0x0b, 0x0b, 0x0b, 0x0b, 0x0b, 0x0b, 0x0b, 0x0b, 0x0b, 0x0b, 0x0b, 0x0b, 0x0b, 0x0b, 0x0b, 0x0b, 0x0b, 0x0b, 0xf7, 0x02, 0x00, 0x00, 0x00, 0x00, 0x00, 0x00, 0x00, 0x00, 0x00, 0x00, 0x00, 0x00, 0x00, 0x00, 0x00, 0x00, 
  0x00, 0x00, 0x00, 0x00, 0x00, 0x00, 0x00, 0x00, 0x00, 0x00, 0x00, 0x00, 0x00, 0x00, 0x00, 0x00, 0x00, 0x05, 0x0b, 0x0b, 0x0b, 0x0b, 0x0b, 0x0b, 0x0b, 0x0b, 0x0b, 0x0b, 0x0b, 0x0b, 0x0b, 0x0b, 0x0b, 0x0b, 0x0b, 0x0b, 0x0b, 0x0b, 0x0b, 0x0b, 0x0b, 0x0b, 0x0b, 0x0b, 0x0b, 0x0b, 0x0b, 0x0b, 0x0b, 0x0b, 0x0b, 0x0b, 0x0b, 0x0b, 0x0b, 0x0b, 0x0b, 0x0b, 0x0b, 0x0b, 0x0b, 0xfc, 0xf5, 0xeb, 0xe1, 0xda, 0xd6, 0xd1, 0xc0, 0xb8, 0xac, 0xb2, 0xab, 0xad, 0xad, 0xad, 0xb5, 0xba, 0xc0, 0xc6, 0xcd, 0xd6, 0xd9, 0xdc, 0xe6, 0xed, 0xf8, 0xfc, 0x0b, 0x0b, 0x0b, 0x0b, 0x0b, 0x0b, 0x0b, 0x0b, 0x0b, 0x0b, 0x0b, 0x0b, 0x0b, 0x0b, 0x0b, 0x0b, 0x0b, 0x0b, 0x0b, 0x0b, 0x0b, 0xf8, 0xe6, 0xda, 0xd2, 0xc6, 0xc0, 0xc1, 0xbc, 0xc1, 0xc1, 0xc1, 0xc1, 0xc1, 0xc6, 0xc1, 0xc6, 0xc8, 0xc6, 0xc8, 0xc6, 0xcb, 0xc6, 0xcb, 0xcb, 0xcb, 0xcb, 0xcb, 0xcb, 0xcb, 0xcf, 0xcb, 0xcf, 0xcf, 0xcf, 0xcf, 0xcf, 0xcf, 0xcf, 0xd1, 0xd2, 0xd6, 0xd9, 0xdd, 0xeb, 0xf8, 0x0b, 0x0b, 0x0b, 0x0b, 0x0b, 0x0b, 0x0b, 0x0b, 0x0b, 0x0b, 0x0b, 0x0b, 0x0b, 0x0b, 0x0b, 0x0b, 0x0b, 0x0b, 0x0b, 0x0b, 0x0b, 0x0b, 0x0b, 0x0b, 0x0b, 0x0b, 0x0b, 0x0b, 0x05, 0x00, 0x00, 0x00, 0x00, 0x00, 0x00, 0x00, 0x00, 0x00, 0x00, 0x00, 0x00, 0x00, 0x00, 0x00, 0x00, 0x00, 
  0x00, 0x00, 0x00, 0x00, 0x00, 0x00, 0x00, 0x00, 0x00, 0x00, 0x00, 0x00, 0x00, 0x00, 0x00, 0x00, 0x00, 0x00, 0x09, 0x0b, 0x0b, 0x0b, 0x0b, 0x0b, 0x0b, 0x0b, 0x0b, 0x0b, 0x0b, 0x0b, 0x0b, 0x0b, 0x0b, 0x0b, 0x0b, 0x0b, 0x0b, 0x0b, 0x0b, 0x0b, 0x0b, 0x0b, 0x0b, 0x0b, 0x0b, 0x0b, 0x0b, 0x0b, 0x0b, 0x0b, 0x0b, 0x0b, 0x0b, 0x0b, 0x0b, 0x0b, 0x0b, 0x0b, 0x0b, 0x0b, 0x0b, 0x0b, 0x0b, 0x0b, 0xfc, 0xf8, 0xed, 0xe3, 0xdc, 0xd9, 0xd6, 0xd2, 0xd2, 0xd2, 0xd2, 0xd2, 0xd6, 0xd9, 0xd9, 0xdd, 0xe3, 0xe6, 0xf5, 0xfb, 0x0b, 0x0b, 0x0b, 0x0b, 0x0b, 0x0b, 0x0b, 0x0b, 0x0b, 0x0b, 0x0b, 0x0b, 0x0b, 0x0b, 0x0b, 0x0b, 0x0b, 0x0b, 0x0b, 0x0b, 0x0b, 0x0b, 0x0b, 0x0b, 0x0b, 0x0b, 0x0b, 0xf3, 0xe1, 0xd9, 0xcf, 0xc6, 0xc1, 0xc0, 0xc1, 0xc6, 0xc1, 0xc6, 0xc1, 0xc6, 0xc8, 0xc6, 0xc8, 0xc6, 0xcb, 0xc6, 0xcb, 0xcb, 0xcb, 0xcb, 0xcb, 0xcb, 0xcf, 0xcb, 0xcf, 0xcf, 0xcf, 0xcf, 0xcf, 0xcf, 0xcf, 0xd2, 0xd2, 0xd9, 0xda, 0xe1, 0xf0, 0xfc, 0x0b, 0x0b, 0x0b, 0x0b, 0x0b, 0x0b, 0x0b, 0x0b, 0x0b, 0x0b, 0x0b, 0x0b, 0x0b, 0x0b, 0x0b, 0x0b, 0x0b, 0x0b, 0x0b, 0x0b, 0x0b, 0x0b, 0x0b, 0x0b, 0x0b, 0x0b, 0x0b, 0x0b, 0x0b, 0x09, 0x01, 0x00, 0x00, 0x00, 0x00, 0x00, 0x00, 0x00, 0x00, 0x00, 0x00, 0x00, 0x00, 0x00, 0x00, 0x00, 0x00, 0x00, 
  0x00, 0x00, 0x00, 0x00, 0x00, 0x00, 0x00, 0x00, 0x00, 0x00, 0x00, 0x00, 0x00, 0x00, 0x00, 0x00, 0x00, 0x00, 0x04, 0x0b, 0x0b, 0x0b, 0x0b, 0x0b, 0x0b, 0x0b, 0x0b, 0x0b, 0x0b, 0x0b, 0x0b, 0x0b, 0x0b, 0x0b, 0x0b, 0x0b, 0x0b, 0x0b, 0x0b, 0x0b, 0x0b, 0x0b, 0x0b, 0x0b, 0x0b, 0x0b, 0x0b, 0x0b, 0x0b, 0x0b, 0x0b, 0x0b, 0x0b, 0x0b, 0x0b, 0x0b, 0x0b, 0x0b, 0x0b, 0x0b, 0x0b, 0x0b, 0x0b, 0x0b, 0x0b, 0x0b, 0x0b, 0xfc, 0xf8, 0xf1, 0xed, 0xe6, 0xe3, 0xe3, 0xe5, 0xe6, 0xeb, 0xf0, 0xf8, 0xfa, 0xfb, 0x0b, 0x0b, 0x0b, 0x0b, 0x0b, 0x0b, 0x0b, 0x0b, 0x0b, 0x0b, 0x0b, 0x0b, 0x0b, 0x0b, 0x0b, 0x0b, 0x0b, 0x0b, 0x0b, 0x0b, 0x0b, 0x0b, 0x0b, 0x0b, 0x0b, 0x0b, 0x0b, 0x0b, 0x0b, 0x0b, 0x0b, 0xf9, 0xe6, 0xda, 0xd2, 0xcb, 0xc8, 0xc6, 0xc1, 0xc6, 0xc8, 0xc6, 0xc8, 0xc6, 0xc8, 0xc6, 0xcb, 0xc6, 0xcb, 0xcb, 0xcb, 0xcb, 0xcb, 0xcb, 0xcf, 0xcb, 0xcf, 0xcf, 0xcf, 0xcf, 0xcf, 0xd1, 0xd2, 0xd6, 0xd9, 0xdd, 0xe3, 0xf4, 0xfb, 0x0b, 0x0b, 0x0b, 0x0b, 0x0b, 0x0b, 0x0b, 0x0b, 0x0b, 0x0b, 0x0b, 0x0b, 0x0b, 0x0b, 0x0b, 0x0b, 0x0b, 0x0b, 0x0b, 0x0b, 0x0b, 0x0b, 0x0b, 0x0b, 0x0b, 0x0b, 0x0b, 0x0b, 0x0b, 0x0b, 0x0b, 0x04, 0x00, 0x00, 0x00, 0x00, 0x00, 0x00, 0x00, 0x00, 0x00, 0x00, 0x00, 0x00, 0x00, 0x00, 0x00, 0x00, 0x00, 0x00, 
  0x00, 0x00, 0x00, 0x00, 0x00, 0x00, 0x00, 0x00, 0x00, 0x00, 0x00, 0x00, 0x00, 0x00, 0x00, 0x00, 0x00, 0x00, 0x00, 0x06, 0x0b, 0x0b, 0x0b, 0x0b, 0x0b, 0x0b, 0x0b, 0x0b, 0x0b, 0x0b, 0x0b, 0x0b, 0x0b, 0x0b, 0x0b, 0x0b, 0x0b, 0x0b, 0x0b, 0x0b, 0x0b, 0x0b, 0x0b, 0x0b, 0x0b, 0x0b, 0x0b, 0x0b, 0x0b, 0x0b, 0x0b, 0x0b, 0x0b, 0x0b, 0x0b, 0x0b, 0x0b, 0x0b, 0x0b, 0x0b, 0x0b, 0x0b, 0x0b, 0x0b, 0x0b, 0x0b, 0x0b, 0x0b, 0x0b, 0x0b, 0x0b, 0x0b, 0x0b, 0xfc, 0x0b, 0x0b, 0x0b, 0x0b, 0x0b, 0x0b, 0x0b, 0x0b, 0x0b, 0x0b, 0x0b, 0x0b, 0x0b, 0x0b, 0x0b, 0x0b, 0x0b, 0x0b, 0x0b, 0x0b, 0x0b, 0x0b, 0x0b, 0x0b, 0x0b, 0x0b, 0x0b, 0x0b, 0x0b, 0x0b, 0x0b, 0x0b, 0x0b, 0x0b, 0x0b, 0x0b, 0x0b, 0x0b, 0x0b, 0x0b, 0xf3, 0xe1, 0xda, 0xd2, 0xcf, 0xc6, 0xc8, 0xc6, 0xc8, 0xc6, 0xc8, 0xcb, 0xc6, 0xcb, 0xcb, 0xcb, 0xcb, 0xcb, 0xcb, 0xcf, 0xcb, 0xcf, 0xcf, 0xcf, 0xcf, 0xd1, 0xd1, 0xd6, 0xd9, 0xda, 0xe1, 0xeb, 0xf6, 0x0b, 0x0b, 0x0b, 0x0b, 0x0b, 0x0b, 0x0b, 0x0b, 0x0b, 0x0b, 0x0b, 0x0b, 0x0b, 0x0b, 0x0b, 0x0b, 0x0b, 0x0b, 0x0b, 0x0b, 0x0b, 0x0b, 0x0b, 0x0b, 0x0b, 0x0b, 0x0b, 0x0b, 0x0b, 0x0b, 0x0b, 0x0b, 0x0b, 0x06, 0x00, 0x00, 0x00, 0x00, 0x00, 0x00, 0x00, 0x00, 0x00, 0x00, 0x00, 0x00, 0x00, 0x00, 0x00, 0x00, 0x00, 0x00, 0x00, 
  0x00, 0x00, 0x00, 0x00, 0x00, 0x00, 0x00, 0x00, 0x00, 0x00, 0x00, 0x00, 0x00, 0x00, 0x00, 0x00, 0x00, 0x00, 0x00, 0x01, 0x0a, 0x0b, 0x0b, 0x0b, 0x0b, 0x0b, 0x0b, 0x0b, 0x0b, 0x0b, 0x0b, 0x0b, 0x0b, 0x0b, 0x0b, 0x0b, 0x0b, 0x0b, 0x0b, 0x0b, 0x0b, 0x0b, 0x0b, 0x0b, 0x0b, 0x0b, 0x0b, 0x0b, 0x0b, 0x0b, 0x0b, 0x0b, 0x0b, 0x0b, 0x0b, 0x0b, 0x0b, 0x0b, 0x0b, 0x0b, 0x0b, 0x0b, 0x0b, 0x0b, 0x0b, 0x0b, 0x0b, 0x0b, 0x0b, 0x0b, 0x0b, 0x0b, 0x0b, 0x0b, 0x0b, 0x0b, 0x0b, 0x0b, 0x0b, 0x0b, 0x0b, 0x0b, 0x0b, 0x0b, 0x0b, 0x0b, 0x0b, 0x0b, 0x0b, 0x0b, 0x0b, 0x0b, 0x0b, 0x0b, 0x0b, 0x0b, 0x0b, 0x0b, 0x0b, 0x0b, 0x0b, 0x0b, 0x0b, 0x0b, 0x0b, 0x0b, 0x0b, 0x0b, 0x0b, 0x0b, 0x0b, 0x0b, 0x0b, 0x0b, 0x0b, 0xfc, 0xef, 0xdd, 0xda, 0xd6, 0xd1, 0xcf, 0xcb, 0xcb, 0xcb, 0xcb, 0xcb, 0xcb, 0xcb, 0xcb, 0xcb, 0xcf, 0xcb, 0xcf, 0xcf, 0xcf, 0xd1, 0xd2, 0xd2, 0xd9, 0xda, 0xdd, 0xe6, 0xf4, 0xfa, 0x0b, 0x0b, 0x0b, 0x0b, 0x0b, 0x0b, 0x0b, 0x0b, 0x0b, 0x0b, 0x0b, 0x0b, 0x0b, 0x0b, 0x0b, 0x0b, 0x0b, 0x0b, 0x0b, 0x0b, 0x0b, 0x0b, 0x0b, 0x0b, 0x0b, 0x0b, 0x0b, 0x0b, 0x0b, 0x0b, 0x0b, 0x0b, 0x0b, 0x0b, 0x0a, 0x01, 0x00, 0x00, 0x00, 0x00, 0x00, 0x00, 0x00, 0x00, 0x00, 0x00, 0x00, 0x00, 0x00, 0x00, 0x00, 0x00, 0x00, 0x00, 0x00, 
  0x00, 0x00, 0x00, 0x00, 0x00, 0x00, 0x00, 0x00, 0x00, 0x00, 0x00, 0x00, 0x00, 0x00, 0x00, 0x00, 0x00, 0x00, 0x00, 0x00, 0x04, 0x0b, 0x0b, 0x0b, 0x0b, 0x0b, 0x0b, 0x0b, 0x0b, 0x0b, 0x0b, 0x0b, 0x0b, 0x0b, 0x0b, 0x0b, 0x0b, 0x0b, 0x0b, 0x0b, 0x0b, 0x0b, 0x0b, 0x0b, 0x0b, 0x0b, 0x0b, 0x0b, 0x0b, 0x0b, 0x0b, 0x0b, 0x0b, 0x0b, 0x0b, 0x0b, 0x0b, 0x0b, 0x0b, 0x0b, 0x0b, 0x0b, 0x0b, 0x0b, 0x0b, 0x0b, 0x0b, 0x0b, 0x0b, 0x0b, 0x0b, 0x0b, 0x0b, 0x0b, 0x0b, 0x0b, 0x0b, 0x0b, 0x0b, 0x0b, 0x0b, 0x0b, 0x0b, 0x0b, 0x0b, 0x0b, 0x0b, 0x0b, 0x0b, 0x0b, 0x0b, 0x0b, 0x0b, 0x0b, 0x0b, 0x0b, 0x0b, 0x0b, 0x0b, 0x0b, 0x0b, 0x0b, 0x0b, 0x0b, 0x0b, 0x0b, 0x0b, 0x0b, 0x0b, 0x0b, 0x0b, 0x0b, 0x0b, 0x0b, 0x0b, 0x0b, 0x0b, 0xfc, 0xf4, 0xe6, 0xdc, 0xda, 0xd6, 0xd2, 0xd1, 0xd1, 0xcf, 0xd1, 0xcf, 0xd1, 0xd1, 0xd1, 0xd2, 0xd2, 0xd2, 0xd9, 0xda, 0xda, 0xe1, 0xeb, 0xf3, 0xfc, 0x0b, 0x0b, 0x0b, 0x0b, 0x0b, 0x0b, 0x0b, 0x0b, 0x0b, 0x0b, 0x0b, 0x0b, 0x0b, 0x0b, 0x0b, 0x0b, 0x0b, 0x0b, 0x0b, 0x0b, 0x0b, 0x0b, 0x0b, 0x0b, 0x0b, 0x0b, 0x0b, 0x0b, 0x0b, 0x0b, 0x0b, 0x0b, 0x0b, 0x0b, 0x0b, 0x0b, 0x0b, 0x04, 0x00, 0x00, 0x00, 0x00, 0x00, 0x00, 0x00, 0x00, 0x00, 0x00, 0x00, 0x00, 0x00, 0x00, 0x00, 0x00, 0x00, 0x00, 0x00, 0x00, 
  0x00, 0x00, 0x00, 0x00, 0x00, 0x00, 0x00, 0x00, 0x00, 0x00, 0x00, 0x00, 0x00, 0x00, 0x00, 0x00, 0x00, 0x00, 0x00, 0x00, 0x00, 0x06, 0x0b, 0x0b, 0x0b, 0x0b, 0x0b, 0x0b, 0x0b, 0x0b, 0x0b, 0x0b, 0x0b, 0x0b, 0x0b, 0x0b, 0x0b, 0x0b, 0x0b, 0x0b, 0x0b, 0x0b, 0x0b, 0x0b, 0x0b, 0x0b, 0x0b, 0x0b, 0x0b, 0x0b, 0x0b, 0x0b, 0x0b, 0x0b, 0x0b, 0x0b, 0x0b, 0x0b, 0x0b, 0x0b, 0x0b, 0x0b, 0x0b, 0x0b, 0x0b, 0x0b, 0x0b, 0x0b, 0x0b, 0x0b, 0x0b, 0x0b, 0x0b, 0x0b, 0x0b, 0x0b, 0x0b, 0x0b, 0x0b, 0x0b, 0x0b, 0x0b, 0x0b, 0x0b, 0x0b, 0x0b, 0x0b, 0x0b, 0x0b, 0x0b, 0x0b, 0x0b, 0x0b, 0x0b, 0x0b, 0x0b, 0x0b, 0x0b, 0x0b, 0x0b, 0x0b, 0x0b, 0x0b, 0x0b, 0x0b, 0x0b, 0x0b, 0x0b, 0x0b, 0x0b, 0x0b, 0x0b, 0x0b, 0x0b, 0x0b, 0x0b, 0x0b, 0x0b, 0x0b, 0x0b, 0xfa, 0xf3, 0xeb, 0xe3, 0xdd, 0xdc, 0xda, 0xda, 0xda, 0xda, 0xda, 0xda, 0xdc, 0xdd, 0xe6, 0xeb, 0xf1, 0xf8, 0x0b, 0x0b, 0x0b, 0x0b, 0x0b, 0x0b, 0x0b, 0x0b, 0x0b, 0x0b, 0x0b, 0x0b, 0x0b, 0x0b, 0x0b, 0x0b, 0x0b, 0x0b, 0x0b, 0x0b, 0x0b, 0x0b, 0x0b, 0x0b, 0x0b, 0x0b, 0x0b, 0x0b, 0x0b, 0x0b, 0x0b, 0x0b, 0x0b, 0x0b, 0x0b, 0x0b, 0x0b, 0x0b, 0x0b, 0x0b, 0x06, 0x00, 0x00, 0x00, 0x00, 0x00, 0x00, 0x00, 0x00, 0x00, 0x00, 0x00, 0x00, 0x00, 0x00, 0x00, 0x00, 0x00, 0x00, 0x00, 0x00, 0x00, 
  0x00, 0x00, 0x00, 0x00, 0x00, 0x00, 0x00, 0x00, 0x00, 0x00, 0x00, 0x00, 0x00, 0x00, 0x00, 0x00, 0x00, 0x00, 0x00, 0x00, 0x00, 0x00, 0x09, 0x0b, 0x0b, 0x0b, 0x0b, 0x0b, 0x0b, 0x0b, 0x0b, 0x0b, 0x0b, 0x0b, 0x0b, 0x0b, 0x0b, 0x0b, 0x0b, 0x0b, 0x0b, 0x0b, 0x0b, 0x0b, 0x0b, 0x0b, 0x0b, 0x0b, 0x0b, 0x0b, 0x0b, 0x0b, 0x0b, 0x0b, 0x0b, 0x0b, 0x0b, 0x0b, 0x0b, 0x0b, 0x0b, 0x0b, 0x0b, 0x0b, 0x0b, 0x0b, 0x0b, 0x0b, 0x0b, 0x0b, 0x0b, 0x0b, 0x0b, 0x0b, 0x0b, 0x0b, 0x0b, 0x0b, 0x0b, 0x0b, 0x0b, 0x0b, 0x0b, 0x0b, 0x0b, 0x0b, 0x0b, 0x0b, 0x0b, 0x0b, 0x0b, 0x0b, 0x0b, 0x0b, 0x0b, 0x0b, 0x0b, 0x0b, 0x0b, 0x0b, 0x0b, 0x0b, 0x0b, 0x0b, 0x0b, 0x0b, 0x0b, 0x0b, 0x0b, 0x0b, 0x0b, 0x0b, 0x0b, 0x0b, 0x0b, 0x0b, 0x0b, 0x0b, 0x0b, 0x0b, 0x0b, 0x0b, 0x0b, 0xfc, 0xfc, 0xfb, 0xf8, 0xf4, 0xf3, 0xf4, 0xf8, 0xf8, 0xfc, 0xfc, 0x0b, 0xfc, 0x0b, 0x0b, 0x0b, 0x0b, 0x0b, 0x0b, 0x0b, 0x0b, 0x0b, 0x0b, 0x0b, 0x0b, 0x0b, 0x0b, 0x0b, 0x0b, 0x0b, 0x0b, 0x0b, 0x0b, 0x0b, 0x0b, 0x0b, 0x0b, 0x0b, 0x0b, 0x0b, 0x0b, 0x0b, 0x0b, 0x0b, 0x0b, 0x0b, 0x0b, 0x0b, 0x0b, 0x0b, 0x0b, 0x0b, 0x0b, 0x0b, 0x09, 0x01, 0x00, 0x00, 0x00, 0x00, 0x00, 0x00, 0x00, 0x00, 0x00, 0x00, 0x00, 0x00, 0x00, 0x00, 0x00, 0x00, 0x00, 0x00, 0x00, 0x00, 0x00, 
};

const lv_img_dsc_t GSR = {
  .header.cf = LV_IMG_CF_INDEXED_8BIT,
  .header.always_zero = 0,
  .header.reserved = 0,
  .header.w = 200,
  .header.h = 150,
  .data_size = 31024,
  .data = GSR_map,
};
