#ifdef __has_include
    #if __has_include("lvgl.h")
        #ifndef LV_LVGL_H_INCLUDE_SIMPLE
            #define LV_LVGL_H_INCLUDE_SIMPLE
        #endif
    #endif
#endif

#if defined(LV_LVGL_H_INCLUDE_SIMPLE)
    #include "lvgl.h"
#else
    #include "../lvgl/lvgl.h"
#endif


#ifndef LV_ATTRIBUTE_MEM_ALIGN
#define LV_ATTRIBUTE_MEM_ALIGN
#endif

#ifndef LV_ATTRIBUTE_IMG_SPO2
#define LV_ATTRIBUTE_IMG_SPO2
#endif

const LV_ATTRIBUTE_MEM_ALIGN LV_ATTRIBUTE_LARGE_CONST LV_ATTRIBUTE_IMG_SPO2 uint8_t SpO2_map[] = {
  0x00, 0x00, 0x00, 0xff, 	/*Color of index 0*/
  0xdc, 0xdb, 0xfd, 0xff, 	/*Color of index 1*/
  0xd7, 0xd2, 0xfb, 0xff, 	/*Color of index 2*/
  0xc8, 0xcc, 0xfd, 0xff, 	/*Color of index 3*/
  0xd4, 0xc9, 0xf7, 0xff, 	/*Color of index 4*/
  0xb7, 0xc3, 0xfd, 0xff, 	/*Color of index 5*/
  0xca, 0xc2, 0xf9, 0xff, 	/*Color of index 6*/
  0xc8, 0xba, 0xf2, 0xff, 	/*Color of index 7*/
  0xab, 0xb9, 0xfd, 0xff, 	/*Color of index 8*/
  0xb8, 0xb7, 0xfc, 0xff, 	/*Color of index 9*/
  0xa4, 0xb2, 0xfd, 0xff, 	/*Color of index 10*/
  0xc2, 0xb2, 0xef, 0xff, 	/*Color of index 11*/
  0xb2, 0xac, 0xf8, 0xff, 	/*Color of index 12*/
  0x9a, 0xaa, 0xfd, 0xff, 	/*Color of index 13*/
  0xbc, 0xaa, 0xec, 0xff, 	/*Color of index 14*/
  0xa7, 0xa7, 0xfc, 0xff, 	/*Color of index 15*/
  0x93, 0xa1, 0xfd, 0xff, 	/*Color of index 16*/
  0xb3, 0xa2, 0xeb, 0xff, 	/*Color of index 17*/
  0xa1, 0x9c, 0xf8, 0xff, 	/*Color of index 18*/
  0x8c, 0x99, 0xfd, 0xff, 	/*Color of index 19*/
  0xac, 0x9a, 0xe7, 0xff, 	/*Color of index 20*/
  0x98, 0x92, 0xf6, 0xff, 	/*Color of index 21*/
  0x82, 0x92, 0xfd, 0xff, 	/*Color of index 22*/
  0xa6, 0x92, 0xe5, 0xff, 	/*Color of index 23*/
  0x7d, 0x8b, 0xfc, 0xff, 	/*Color of index 24*/
  0x92, 0x8a, 0xf3, 0xff, 	/*Color of index 25*/
  0x9e, 0x8a, 0xe3, 0xff, 	/*Color of index 26*/
  0x74, 0x83, 0xfc, 0xff, 	/*Color of index 27*/
  0x9b, 0x95, 0xb1, 0xff, 	/*Color of index 28*/
  0x90, 0x80, 0xf7, 0xff, 	/*Color of index 29*/
  0x7b, 0x7f, 0xfa, 0xff, 	/*Color of index 30*/
  0x99, 0x84, 0xde, 0xff, 	/*Color of index 31*/
  0x8e, 0x7d, 0xe7, 0xff, 	/*Color of index 32*/
  0x6c, 0x7a, 0xfc, 0xff, 	/*Color of index 33*/
  0x82, 0x84, 0xcc, 0xff, 	/*Color of index 34*/
  0x74, 0x75, 0xfb, 0xff, 	/*Color of index 35*/
  0x75, 0x79, 0xed, 0xff, 	/*Color of index 36*/
  0x92, 0x7b, 0xda, 0xff, 	/*Color of index 37*/
  0x65, 0x72, 0xfc, 0xff, 	/*Color of index 38*/
  0x7c, 0x6f, 0xf8, 0xff, 	/*Color of index 39*/
  0x7d, 0x73, 0xe4, 0xff, 	/*Color of index 40*/
  0x8b, 0x6a, 0xfb, 0xff, 	/*Color of index 41*/
  0x6c, 0x6b, 0xfc, 0xff, 	/*Color of index 42*/
  0x88, 0x72, 0xd6, 0xff, 	/*Color of index 43*/
  0x5c, 0x6b, 0xfc, 0xff, 	/*Color of index 44*/
  0x62, 0x67, 0xfc, 0xff, 	/*Color of index 45*/
  0x6b, 0x62, 0xfb, 0xff, 	/*Color of index 46*/
  0x7f, 0x6b, 0xd4, 0xff, 	/*Color of index 47*/
  0x5c, 0x62, 0xfb, 0xff, 	/*Color of index 48*/
  0x81, 0x7c, 0x96, 0xff, 	/*Color of index 49*/
  0x52, 0x62, 0xfd, 0xff, 	/*Color of index 50*/
  0x74, 0x67, 0xdb, 0xff, 	/*Color of index 51*/
  0x5c, 0x68, 0xde, 0xff, 	/*Color of index 52*/
  0x5e, 0x5b, 0xfc, 0xff, 	/*Color of index 53*/
  0x4d, 0x5b, 0xfd, 0xff, 	/*Color of index 54*/
  0x7a, 0x63, 0xcf, 0xff, 	/*Color of index 55*/
  0x81, 0x54, 0xfc, 0xff, 	/*Color of index 56*/
  0x6b, 0x57, 0xf9, 0xff, 	/*Color of index 57*/
  0x67, 0x66, 0xc7, 0xff, 	/*Color of index 58*/
  0x52, 0x57, 0xfc, 0xff, 	/*Color of index 59*/
  0x5a, 0x5b, 0xe3, 0xff, 	/*Color of index 60*/
  0x59, 0x52, 0xfa, 0xff, 	/*Color of index 61*/
  0x49, 0x52, 0xfd, 0xff, 	/*Color of index 62*/
  0x6e, 0x4f, 0xfa, 0xff, 	/*Color of index 63*/
  0x71, 0x5b, 0xca, 0xff, 	/*Color of index 64*/
  0x6c, 0x67, 0x98, 0xff, 	/*Color of index 65*/
  0x65, 0x4b, 0xf8, 0xff, 	/*Color of index 66*/
  0x4a, 0x4b, 0xfc, 0xff, 	/*Color of index 67*/
  0x42, 0x4b, 0xfd, 0xff, 	/*Color of index 68*/
  0x54, 0x4a, 0xf8, 0xff, 	/*Color of index 69*/
  0x5f, 0x56, 0xc9, 0xff, 	/*Color of index 70*/
  0x6f, 0x68, 0x84, 0xff, 	/*Color of index 71*/
  0x5a, 0x5a, 0xb3, 0xff, 	/*Color of index 72*/
  0x56, 0x4d, 0xdb, 0xff, 	/*Color of index 73*/
  0x44, 0x45, 0xfc, 0xff, 	/*Color of index 74*/
  0x6a, 0x52, 0xc3, 0xff, 	/*Color of index 75*/
  0x62, 0x41, 0xfb, 0xff, 	/*Color of index 76*/
  0x74, 0x3f, 0xfb, 0xff, 	/*Color of index 77*/
  0x4a, 0x41, 0xfc, 0xff, 	/*Color of index 78*/
  0x5c, 0x47, 0xe1, 0xff, 	/*Color of index 79*/
  0x3d, 0x41, 0xfc, 0xff, 	/*Color of index 80*/
  0x53, 0x3d, 0xfb, 0xff, 	/*Color of index 81*/
  0x62, 0x4c, 0xc1, 0xff, 	/*Color of index 82*/
  0x54, 0x55, 0x9f, 0xff, 	/*Color of index 83*/
  0x43, 0x3b, 0xfc, 0xff, 	/*Color of index 84*/
  0x4e, 0x3f, 0xe8, 0xff, 	/*Color of index 85*/
  0x46, 0x4b, 0xc0, 0xff, 	/*Color of index 86*/
  0x39, 0x3a, 0xfc, 0xff, 	/*Color of index 87*/
  0x67, 0x34, 0xfb, 0xff, 	/*Color of index 88*/
  0x39, 0x3f, 0xe3, 0xff, 	/*Color of index 89*/
  0x4e, 0x33, 0xfb, 0xff, 	/*Color of index 90*/
  0x5d, 0x45, 0xb8, 0xff, 	/*Color of index 91*/
  0x52, 0x42, 0xc3, 0xff, 	/*Color of index 92*/
  0x3c, 0x33, 0xfc, 0xff, 	/*Color of index 93*/
  0x54, 0x3d, 0xd1, 0xff, 	/*Color of index 94*/
  0x4a, 0x4c, 0xa1, 0xff, 	/*Color of index 95*/
  0x5f, 0x2d, 0xfb, 0xff, 	/*Color of index 96*/
  0x34, 0x30, 0xfc, 0xff, 	/*Color of index 97*/
  0x54, 0x32, 0xea, 0xff, 	/*Color of index 98*/
  0x58, 0x52, 0x70, 0xff, 	/*Color of index 99*/
  0x51, 0x29, 0xfa, 0xff, 	/*Color of index 100*/
  0x3e, 0x2a, 0xfc, 0xff, 	/*Color of index 101*/
  0x40, 0x32, 0xdd, 0xff, 	/*Color of index 102*/
  0x31, 0x2a, 0xfc, 0xff, 	/*Color of index 103*/
  0x53, 0x3b, 0xb0, 0xff, 	/*Color of index 104*/
  0x44, 0x46, 0x8f, 0xff, 	/*Color of index 105*/
  0x5e, 0x2a, 0xe3, 0xff, 	/*Color of index 106*/
  0x38, 0x35, 0xc9, 0xff, 	/*Color of index 107*/
  0x5c, 0x23, 0xf9, 0xff, 	/*Color of index 108*/
  0x4f, 0x23, 0xf8, 0xff, 	/*Color of index 109*/
  0x32, 0x25, 0xfb, 0xff, 	/*Color of index 110*/
  0x42, 0x23, 0xfa, 0xff, 	/*Color of index 111*/
  0x44, 0x35, 0xb6, 0xff, 	/*Color of index 112*/
  0x2d, 0x20, 0xfb, 0xff, 	/*Color of index 113*/
  0x3a, 0x1f, 0xf9, 0xff, 	/*Color of index 114*/
  0x49, 0x1d, 0xf4, 0xff, 	/*Color of index 115*/
  0x45, 0x33, 0xa8, 0xff, 	/*Color of index 116*/
  0x53, 0x1b, 0xf3, 0xff, 	/*Color of index 117*/
  0x57, 0x25, 0xcc, 0xff, 	/*Color of index 118*/
  0x2a, 0x1b, 0xfb, 0xff, 	/*Color of index 119*/
  0x34, 0x19, 0xf8, 0xff, 	/*Color of index 120*/
  0x31, 0x27, 0xc9, 0xff, 	/*Color of index 121*/
  0x39, 0x1a, 0xf1, 0xff, 	/*Color of index 122*/
  0x46, 0x19, 0xee, 0xff, 	/*Color of index 123*/
  0x39, 0x35, 0x91, 0xff, 	/*Color of index 124*/
  0x3b, 0x3a, 0x7a, 0xff, 	/*Color of index 125*/
  0x3e, 0x15, 0xf5, 0xff, 	/*Color of index 126*/
  0x29, 0x18, 0xf0, 0xff, 	/*Color of index 127*/
  0x46, 0x41, 0x5c, 0xff, 	/*Color of index 128*/
  0x28, 0x14, 0xfa, 0xff, 	/*Color of index 129*/
  0x44, 0x1f, 0xcb, 0xff, 	/*Color of index 130*/
  0x3f, 0x2b, 0xa3, 0xff, 	/*Color of index 131*/
  0x31, 0x12, 0xfb, 0xff, 	/*Color of index 132*/
  0x35, 0x1a, 0xdc, 0xff, 	/*Color of index 133*/
  0x44, 0x15, 0xe5, 0xff, 	/*Color of index 134*/
  0x27, 0x11, 0xf4, 0xff, 	/*Color of index 135*/
  0x33, 0x13, 0xe8, 0xff, 	/*Color of index 136*/
  0x2c, 0x26, 0xaa, 0xff, 	/*Color of index 137*/
  0x1f, 0x14, 0xe7, 0xff, 	/*Color of index 138*/
  0x2a, 0x0d, 0xf8, 0xff, 	/*Color of index 139*/
  0x28, 0x1f, 0xb9, 0xff, 	/*Color of index 140*/
  0x30, 0x33, 0x71, 0xff, 	/*Color of index 141*/
  0x3b, 0x25, 0x99, 0xff, 	/*Color of index 142*/
  0x42, 0x1b, 0xb8, 0xff, 	/*Color of index 143*/
  0x2b, 0x0f, 0xe7, 0xff, 	/*Color of index 144*/
  0x3b, 0x10, 0xdb, 0xff, 	/*Color of index 145*/
  0x26, 0x0b, 0xf1, 0xff, 	/*Color of index 146*/
  0x36, 0x33, 0x5f, 0xff, 	/*Color of index 147*/
  0x22, 0x0f, 0xdc, 0xff, 	/*Color of index 148*/
  0x2d, 0x2a, 0x78, 0xff, 	/*Color of index 149*/
  0x23, 0x09, 0xea, 0xff, 	/*Color of index 150*/
  0x22, 0x10, 0xcf, 0xff, 	/*Color of index 151*/
  0x2c, 0x0b, 0xdc, 0xff, 	/*Color of index 152*/
  0x38, 0x0c, 0xd3, 0xff, 	/*Color of index 153*/
  0x34, 0x20, 0x91, 0xff, 	/*Color of index 154*/
  0x24, 0x05, 0xea, 0xff, 	/*Color of index 155*/
  0x2b, 0x2c, 0x5e, 0xff, 	/*Color of index 156*/
  0x2b, 0x09, 0xd3, 0xff, 	/*Color of index 157*/
  0x29, 0x11, 0xb4, 0xff, 	/*Color of index 158*/
  0x32, 0x09, 0xca, 0xff, 	/*Color of index 159*/
  0x21, 0x03, 0xe2, 0xff, 	/*Color of index 160*/
  0x3a, 0x13, 0xa3, 0xff, 	/*Color of index 161*/
  0x2a, 0x1a, 0x8f, 0xff, 	/*Color of index 162*/
  0x26, 0x1e, 0x81, 0xff, 	/*Color of index 163*/
  0x19, 0x0d, 0xbe, 0xff, 	/*Color of index 164*/
  0x29, 0x06, 0xcc, 0xff, 	/*Color of index 165*/
  0x31, 0x2c, 0x48, 0xff, 	/*Color of index 166*/
  0x20, 0x01, 0xdb, 0xff, 	/*Color of index 167*/
  0x2c, 0x06, 0xc2, 0xff, 	/*Color of index 168*/
  0x19, 0x0f, 0xa9, 0xff, 	/*Color of index 169*/
  0x23, 0x1f, 0x6f, 0xff, 	/*Color of index 170*/
  0x1e, 0x01, 0xd3, 0xff, 	/*Color of index 171*/
  0x18, 0x0a, 0xb1, 0xff, 	/*Color of index 172*/
  0x23, 0x01, 0xcb, 0xff, 	/*Color of index 173*/
  0x1c, 0x01, 0xcb, 0xff, 	/*Color of index 174*/
  0x2c, 0x0c, 0xa0, 0xff, 	/*Color of index 175*/
  0x29, 0x04, 0xba, 0xff, 	/*Color of index 176*/
  0x24, 0x02, 0xc2, 0xff, 	/*Color of index 177*/
  0x24, 0x20, 0x57, 0xff, 	/*Color of index 178*/
  0x23, 0x02, 0xba, 0xff, 	/*Color of index 179*/
  0x1b, 0x00, 0xc2, 0xff, 	/*Color of index 180*/
  0x17, 0x09, 0xa4, 0xff, 	/*Color of index 181*/
  0x2a, 0x0d, 0x8e, 0xff, 	/*Color of index 182*/
  0x1a, 0x01, 0xba, 0xff, 	/*Color of index 183*/
  0x16, 0x0a, 0x9a, 0xff, 	/*Color of index 184*/
  0x23, 0x01, 0xb3, 0xff, 	/*Color of index 185*/
  0x19, 0x01, 0xb3, 0xff, 	/*Color of index 186*/
  0x20, 0x01, 0xab, 0xff, 	/*Color of index 187*/
  0x16, 0x01, 0xaa, 0xff, 	/*Color of index 188*/
  0x1a, 0x00, 0xaa, 0xff, 	/*Color of index 189*/
  0x17, 0x07, 0x93, 0xff, 	/*Color of index 190*/
  0x16, 0x01, 0xa3, 0xff, 	/*Color of index 191*/
  0x1b, 0x00, 0xa3, 0xff, 	/*Color of index 192*/
  0x24, 0x0a, 0x7e, 0xff, 	/*Color of index 193*/
  0x1e, 0x1c, 0x42, 0xff, 	/*Color of index 194*/
  0x14, 0x07, 0x8a, 0xff, 	/*Color of index 195*/
  0x17, 0x00, 0x9d, 0xff, 	/*Color of index 196*/
  0x1c, 0x14, 0x57, 0xff, 	/*Color of index 197*/
  0x18, 0x09, 0x73, 0xff, 	/*Color of index 198*/
  0x13, 0x05, 0x82, 0xff, 	/*Color of index 199*/
  0x0f, 0x00, 0x8e, 0xff, 	/*Color of index 200*/
  0x12, 0x04, 0x7a, 0xff, 	/*Color of index 201*/
  0x10, 0x0c, 0x5e, 0xff, 	/*Color of index 202*/
  0x0d, 0x00, 0x83, 0xff, 	/*Color of index 203*/
  0x0e, 0x02, 0x72, 0xff, 	/*Color of index 204*/
  0x0b, 0x00, 0x79, 0xff, 	/*Color of index 205*/
  0x13, 0x03, 0x6c, 0xff, 	/*Color of index 206*/
  0x16, 0x10, 0x3e, 0xff, 	/*Color of index 207*/
  0x0c, 0x01, 0x6a, 0xff, 	/*Color of index 208*/
  0x11, 0x02, 0x62, 0xff, 	/*Color of index 209*/
  0x13, 0x0f, 0x31, 0xff, 	/*Color of index 210*/
  0x0b, 0x01, 0x62, 0xff, 	/*Color of index 211*/
  0x16, 0x01, 0x56, 0xff, 	/*Color of index 212*/
  0x0a, 0x00, 0x5a, 0xff, 	/*Color of index 213*/
  0x17, 0x02, 0x4a, 0xff, 	/*Color of index 214*/
  0x09, 0x00, 0x53, 0xff, 	/*Color of index 215*/
  0x0e, 0x0b, 0x24, 0xff, 	/*Color of index 216*/
  0x08, 0x00, 0x4a, 0xff, 	/*Color of index 217*/
  0x07, 0x00, 0x43, 0xff, 	/*Color of index 218*/
  0x09, 0x01, 0x3b, 0xff, 	/*Color of index 219*/
  0x05, 0x00, 0x3a, 0xff, 	/*Color of index 220*/
  0x09, 0x01, 0x33, 0xff, 	/*Color of index 221*/
  0x05, 0x00, 0x32, 0xff, 	/*Color of index 222*/
  0x0b, 0x00, 0x2a, 0xff, 	/*Color of index 223*/
  0x05, 0x00, 0x2b, 0xff, 	/*Color of index 224*/
  0x07, 0x05, 0x17, 0xff, 	/*Color of index 225*/
  0x08, 0x01, 0x24, 0xff, 	/*Color of index 226*/
  0x05, 0x00, 0x24, 0xff, 	/*Color of index 227*/
  0x03, 0x02, 0x08, 0xff, 	/*Color of index 228*/
  0xf7, 0xf2, 0xfb, 0xff, 	/*Color of index 229*/
  0xf3, 0xea, 0xfb, 0xff, 	/*Color of index 230*/
  0xee, 0xe2, 0xfb, 0xff, 	/*Color of index 231*/
  0xeb, 0xd9, 0xfb, 0xff, 	/*Color of index 232*/
  0xe1, 0xd9, 0xeb, 0xff, 	/*Color of index 233*/
  0xd3, 0xcb, 0xe0, 0xff, 	/*Color of index 234*/
  0xc5, 0xbe, 0xd4, 0xff, 	/*Color of index 235*/
  0xba, 0xb0, 0xc9, 0xff, 	/*Color of index 236*/
  0xae, 0xa5, 0xc0, 0xff, 	/*Color of index 237*/
  0x70, 0x32, 0xdd, 0xff, 	/*Color of index 238*/
  0x65, 0x2b, 0xcd, 0xff, 	/*Color of index 239*/
  0x5c, 0x24, 0xbb, 0xff, 	/*Color of index 240*/
  0x54, 0x20, 0xac, 0xff, 	/*Color of index 241*/
  0x4b, 0x1a, 0xa9, 0xff, 	/*Color of index 242*/
  0x49, 0x1a, 0x97, 0xff, 	/*Color of index 243*/
  0x40, 0x14, 0x8d, 0xff, 	/*Color of index 244*/
  0x37, 0x13, 0x7f, 0xff, 	/*Color of index 245*/
  0x35, 0x10, 0x71, 0xff, 	/*Color of index 246*/
  0x29, 0x08, 0x70, 0xff, 	/*Color of index 247*/
  0x30, 0x0b, 0x63, 0xff, 	/*Color of index 248*/
  0x2c, 0x09, 0x5b, 0xff, 	/*Color of index 249*/
  0x23, 0x05, 0x5d, 0xff, 	/*Color of index 250*/
  0x27, 0x06, 0x53, 0xff, 	/*Color of index 251*/
  0x23, 0x04, 0x4a, 0xff, 	/*Color of index 252*/
  0x1b, 0x01, 0x40, 0xff, 	/*Color of index 253*/
  0x14, 0x00, 0x3c, 0xff, 	/*Color of index 254*/
  0x12, 0x00, 0x31, 0xff, 	/*Color of index 255*/

  0x00, 0x00, 0x00, 0x00, 0x00, 0x00, 0x00, 0x00, 0x00, 0x00, 0x00, 0x00, 0x00, 0x00, 0x00, 0x00, 0x00, 0x00, 0x00, 0x00, 0x00, 0x00, 0x00, 0x00, 0x00, 0x00, 0x00, 0x00, 0x00, 0x00, 0x00, 0x00, 0x00, 0x00, 0x00, 0x00, 0x00, 0x00, 0x00, 0x00, 0x00, 0x00, 0x00, 0x00, 0x00, 0x00, 0x00, 0x00, 0x00, 0x00, 0x00, 0x00, 0x00, 0x00, 0x00, 0x00, 0x00, 0x00, 0x00, 0x00, 0x00, 0x00, 0x00, 0x00, 0x00, 0x00, 0x00, 0x00, 0x00, 0x00, 0x00, 0x00, 0x00, 0x00, 0x00, 0x00, 0x00, 0x00, 0x00, 0x00, 0x00, 0x00, 0x00, 0x00, 0x00, 0x00, 0x00, 0x00, 0x00, 0x00, 0x00, 0x00, 0x00, 0x00, 0x00, 0x00, 0x00, 0x00, 0x00, 0x00, 0x00, 0x00, 0x00, 0x00, 0x00, 0x00, 0x00, 0x00, 0x00, 0x00, 0x00, 0x00, 0x00, 0x00, 0x00, 0x00, 0x00, 0x00, 0x00, 0x00, 0x00, 0x00, 0x00, 0x00, 0x00, 0x00, 0x00, 0x00, 0x00, 0x00, 0x00, 0x00, 0x00, 0x00, 0x00, 
  0x00, 0x00, 0x00, 0x00, 0x00, 0x00, 0x00, 0x00, 0x00, 0x00, 0x00, 0x00, 0x00, 0x00, 0x00, 0x00, 0x00, 0x00, 0x00, 0x00, 0x00, 0x00, 0x00, 0x00, 0x00, 0x00, 0x00, 0x00, 0x00, 0x00, 0x00, 0x00, 0x00, 0x00, 0x00, 0x00, 0x00, 0x00, 0x00, 0x00, 0x00, 0x00, 0x00, 0x00, 0x00, 0x00, 0x00, 0x00, 0x00, 0x00, 0x00, 0x00, 0x00, 0x00, 0x00, 0x00, 0x00, 0x00, 0x00, 0x00, 0x00, 0x00, 0x00, 0x00, 0x00, 0x00, 0x00, 0x00, 0xe4, 0x8d, 0x9a, 0x00, 0x00, 0x00, 0x00, 0x00, 0x00, 0x00, 0x00, 0x00, 0x00, 0x00, 0x00, 0x00, 0x00, 0x00, 0x00, 0x00, 0x00, 0x00, 0x00, 0x00, 0x00, 0x00, 0x00, 0x00, 0x00, 0x00, 0x00, 0x00, 0x00, 0x00, 0x00, 0x00, 0x00, 0x00, 0x00, 0x00, 0x00, 0x00, 0x00, 0x00, 0x00, 0x00, 0x00, 0x00, 0x00, 0x00, 0x00, 0x00, 0x00, 0x00, 0x00, 0x00, 0x00, 0x00, 0x00, 0x00, 0x00, 0x00, 0x00, 0x00, 0x00, 0x00, 0x00, 
  0x00, 0x00, 0x00, 0x00, 0x00, 0x00, 0x00, 0x00, 0x00, 0x00, 0x00, 0x00, 0x00, 0x00, 0x00, 0x00, 0x00, 0x00, 0x00, 0x00, 0x00, 0x00, 0x00, 0x00, 0x00, 0x00, 0x00, 0x00, 0x00, 0x00, 0x00, 0x00, 0x00, 0x00, 0x00, 0x00, 0x00, 0x00, 0x00, 0x00, 0x00, 0x00, 0x00, 0x00, 0x00, 0x00, 0x00, 0x00, 0x00, 0x00, 0x00, 0x00, 0x00, 0x00, 0x00, 0x00, 0x00, 0x00, 0x00, 0x00, 0x00, 0x00, 0x00, 0x00, 0x00, 0x00, 0x00, 0xe1, 0x69, 0x2c, 0x85, 0xcf, 0xe4, 0x00, 0x00, 0x00, 0x00, 0x00, 0x00, 0x00, 0x00, 0x00, 0x00, 0x00, 0x00, 0x00, 0x00, 0x00, 0x00, 0x00, 0x00, 0x00, 0x00, 0x00, 0x00, 0x00, 0x00, 0x00, 0x00, 0x00, 0x00, 0x00, 0x00, 0x00, 0x00, 0x00, 0x00, 0x00, 0x00, 0x00, 0x00, 0x00, 0x00, 0x00, 0x00, 0x00, 0x00, 0x00, 0x00, 0x00, 0x00, 0x00, 0x00, 0x00, 0x00, 0x00, 0x00, 0x00, 0x00, 0x00, 0x00, 0x00, 0x00, 0x00, 0x00, 
  0x00, 0x00, 0x00, 0x00, 0x00, 0x00, 0x00, 0x00, 0x00, 0x00, 0x00, 0x00, 0x00, 0x00, 0x00, 0x00, 0x00, 0x00, 0x00, 0x00, 0x00, 0x00, 0x00, 0x00, 0x00, 0x00, 0x00, 0x00, 0x00, 0x00, 0x00, 0x00, 0x00, 0x00, 0x00, 0x00, 0x00, 0x00, 0x00, 0x00, 0x00, 0x00, 0x00, 0x00, 0x00, 0x00, 0x00, 0x00, 0x00, 0x00, 0x00, 0x00, 0x00, 0x00, 0x00, 0x00, 0x00, 0x00, 0x00, 0x00, 0x00, 0x00, 0x00, 0x00, 0x00, 0x00, 0x00, 0xb2, 0x18, 0x3d, 0x85, 0x76, 0xe1, 0x00, 0x00, 0x00, 0x00, 0x00, 0x00, 0x00, 0x00, 0x00, 0x00, 0x00, 0x00, 0x00, 0x00, 0x00, 0x00, 0x00, 0x00, 0x00, 0x00, 0x00, 0x00, 0x00, 0x00, 0x00, 0x00, 0x00, 0x00, 0x00, 0x00, 0x00, 0x00, 0x00, 0x00, 0x00, 0x00, 0x00, 0x00, 0x00, 0x00, 0x00, 0x00, 0x00, 0x00, 0x00, 0x00, 0x00, 0x00, 0x00, 0x00, 0x00, 0x00, 0x00, 0x00, 0x00, 0x00, 0x00, 0x00, 0x00, 0x00, 0x00, 0x00, 
  0x00, 0x00, 0x00, 0x00, 0x00, 0x00, 0x00, 0x00, 0x00, 0x00, 0x00, 0x00, 0x00, 0x00, 0x00, 0x00, 0x00, 0x00, 0x00, 0x00, 0x00, 0x00, 0x00, 0x00, 0x00, 0x00, 0x00, 0x00, 0x00, 0x00, 0x00, 0x00, 0x00, 0x00, 0x00, 0x00, 0x00, 0x00, 0x00, 0x00, 0x00, 0x00, 0x00, 0x00, 0x00, 0x00, 0x00, 0x00, 0x00, 0x00, 0x00, 0x00, 0x00, 0x00, 0x00, 0x00, 0x00, 0x00, 0x00, 0x00, 0x00, 0x00, 0x00, 0x00, 0x00, 0x00, 0xb2, 0x34, 0x2c, 0x61, 0x91, 0x82, 0xf3, 0xe4, 0x00, 0x00, 0x00, 0x00, 0x00, 0x00, 0x00, 0x00, 0x00, 0x00, 0x00, 0x00, 0x00, 0x00, 0x00, 0x00, 0x00, 0x00, 0x00, 0x00, 0x00, 0x00, 0x00, 0x00, 0x00, 0x00, 0x00, 0x00, 0x00, 0x00, 0x00, 0x00, 0x00, 0x00, 0x00, 0x00, 0x00, 0x00, 0x00, 0x00, 0x00, 0x00, 0x00, 0x00, 0x00, 0x00, 0x00, 0x00, 0x00, 0x00, 0x00, 0x00, 0x00, 0x00, 0x00, 0x00, 0x00, 0x00, 0x00, 0x00, 0x00, 
  0x00, 0x00, 0x00, 0x00, 0x00, 0x00, 0x00, 0x00, 0x00, 0x00, 0x00, 0x00, 0x00, 0x00, 0x00, 0x00, 0x00, 0x00, 0x00, 0x00, 0x00, 0x00, 0x00, 0x00, 0x00, 0x00, 0x00, 0x00, 0x00, 0x00, 0x00, 0x00, 0x00, 0x00, 0x00, 0x00, 0x00, 0x00, 0x00, 0x00, 0x00, 0x00, 0x00, 0x00, 0x00, 0x00, 0x00, 0x00, 0x00, 0x00, 0x00, 0x00, 0x00, 0x00, 0x00, 0x00, 0x00, 0x00, 0x00, 0x00, 0x00, 0x00, 0x00, 0x00, 0xe4, 0xd2, 0x46, 0x26, 0x57, 0x77, 0x97, 0xa1, 0xf0, 0xf8, 0xe4, 0x00, 0x00, 0x00, 0x00, 0x00, 0x00, 0x00, 0x00, 0x00, 0x00, 0x00, 0x00, 0x00, 0x00, 0x00, 0x00, 0x00, 0x00, 0x00, 0x00, 0x00, 0x00, 0x00, 0x00, 0x00, 0x00, 0x00, 0x00, 0x00, 0x00, 0x00, 0x00, 0x00, 0x00, 0x00, 0x00, 0x00, 0x00, 0x00, 0x00, 0x00, 0x00, 0x00, 0x00, 0x00, 0x00, 0x00, 0x00, 0x00, 0x00, 0x00, 0x00, 0x00, 0x00, 0x00, 0x00, 0x00, 0x00, 0x00, 0x00, 
  0x00, 0x00, 0x00, 0x00, 0x00, 0x00, 0x00, 0x00, 0x00, 0x00, 0x00, 0x00, 0x00, 0x00, 0x00, 0x00, 0x00, 0x00, 0x00, 0x00, 0x00, 0x00, 0x00, 0x00, 0x00, 0x00, 0x00, 0x00, 0x00, 0x00, 0x00, 0x00, 0x00, 0x00, 0x00, 0x00, 0x00, 0x00, 0x00, 0x00, 0x00, 0x00, 0x00, 0x00, 0x00, 0x00, 0x00, 0x00, 0x00, 0x00, 0x00, 0x00, 0x00, 0x00, 0x00, 0x00, 0x00, 0x00, 0x00, 0x00, 0x00, 0x00, 0x00, 0x00, 0xd8, 0x46, 0x21, 0x3b, 0x71, 0x87, 0xa4, 0xaf, 0xf2, 0xee, 0xe4, 0xe4, 0x00, 0x00, 0x00, 0x00, 0x00, 0x00, 0x00, 0x00, 0x00, 0x00, 0x00, 0x00, 0x00, 0x00, 0x00, 0x00, 0x00, 0x00, 0x00, 0x00, 0x00, 0x00, 0x00, 0x00, 0x00, 0x00, 0x00, 0x00, 0x00, 0x00, 0x00, 0x00, 0x00, 0x00, 0x00, 0x00, 0x00, 0x00, 0x00, 0x00, 0x00, 0x00, 0x00, 0x00, 0x00, 0x00, 0x00, 0x00, 0x00, 0x00, 0x00, 0x00, 0x00, 0x00, 0x00, 0x00, 0x00, 0x00, 0x00, 
  0x00, 0x00, 0x00, 0x00, 0x00, 0x00, 0x00, 0x00, 0x00, 0x00, 0x00, 0x00, 0x00, 0x00, 0x00, 0x00, 0x00, 0x00, 0x00, 0x00, 0x00, 0x00, 0x00, 0x00, 0x00, 0x00, 0x00, 0x00, 0x00, 0x00, 0x00, 0x00, 0x00, 0x00, 0x00, 0x00, 0x00, 0x00, 0x00, 0x00, 0x00, 0x00, 0x00, 0x00, 0x00, 0x00, 0x00, 0x00, 0x00, 0x00, 0x00, 0x00, 0x00, 0x00, 0x00, 0x00, 0x00, 0x00, 0x00, 0x00, 0x00, 0x00, 0x00, 0xe1, 0x5f, 0x1b, 0x26, 0x57, 0x77, 0x94, 0xa4, 0xb6, 0xa1, 0xf0, 0x8e, 0xe4, 0xe4, 0x00, 0x00, 0x00, 0x00, 0x00, 0x00, 0x00, 0x00, 0x00, 0x00, 0x00, 0x00, 0x00, 0x00, 0x00, 0x00, 0x00, 0x00, 0x00, 0x00, 0x00, 0x00, 0x00, 0x00, 0x00, 0x00, 0x00, 0x00, 0x00, 0x00, 0x00, 0x00, 0x00, 0x00, 0x00, 0x00, 0x00, 0x00, 0x00, 0x00, 0x00, 0x00, 0x00, 0x00, 0x00, 0x00, 0x00, 0x00, 0x00, 0x00, 0x00, 0x00, 0x00, 0x00, 0x00, 0x00, 0x00, 0x00, 
  0x00, 0x00, 0x00, 0x00, 0x00, 0x00, 0x00, 0x00, 0x00, 0x00, 0x00, 0x00, 0x00, 0x00, 0x00, 0x00, 0x00, 0x00, 0x00, 0x00, 0x00, 0x00, 0x00, 0x00, 0x00, 0x00, 0x00, 0x00, 0x00, 0x00, 0x00, 0x00, 0x00, 0x00, 0x00, 0x00, 0x00, 0x00, 0x00, 0x00, 0x00, 0x00, 0x00, 0x00, 0x00, 0x00, 0x00, 0x00, 0x00, 0x00, 0x00, 0x00, 0x00, 0x00, 0x00, 0x00, 0x00, 0x00, 0x00, 0x00, 0x00, 0x00, 0xe4, 0x8d, 0x21, 0x1b, 0x36, 0x67, 0x7f, 0x94, 0xb0, 0xb8, 0xb6, 0xf2, 0xee, 0xf5, 0x00, 0x00, 0x00, 0x00, 0x00, 0x00, 0x00, 0x00, 0x00, 0x00, 0x00, 0x00, 0x00, 0x00, 0x00, 0x00, 0x00, 0x00, 0x00, 0x00, 0x00, 0x00, 0x00, 0x00, 0x00, 0x00, 0x00, 0x00, 0x00, 0x00, 0x00, 0x00, 0x00, 0x00, 0x00, 0x00, 0x00, 0x00, 0x00, 0x00, 0x00, 0x00, 0x00, 0x00, 0x00, 0x00, 0x00, 0x00, 0x00, 0x00, 0x00, 0x00, 0x00, 0x00, 0x00, 0x00, 0x00, 0x00, 0x00, 
  0x00, 0x00, 0x00, 0x00, 0x00, 0x00, 0x00, 0x00, 0x00, 0x00, 0x00, 0x00, 0x00, 0x00, 0x00, 0x00, 0x00, 0x00, 0x00, 0x00, 0x00, 0x00, 0x00, 0x00, 0x00, 0x00, 0x00, 0x00, 0x00, 0x00, 0x00, 0x00, 0x00, 0x00, 0x00, 0x00, 0x00, 0x00, 0x00, 0x00, 0x00, 0x00, 0x00, 0x00, 0x00, 0x00, 0x00, 0x00, 0x00, 0x00, 0x00, 0x00, 0x00, 0x00, 0x00, 0x00, 0x00, 0x00, 0x00, 0x00, 0x00, 0x00, 0xcf, 0x34, 0x26, 0x21, 0x57, 0x6e, 0x8a, 0x97, 0xac, 0xb8, 0xb6, 0xf4, 0xf0, 0xef, 0xd8, 0x00, 0x00, 0x00, 0x00, 0x00, 0x00, 0x00, 0x00, 0x00, 0x00, 0x00, 0x00, 0x00, 0x00, 0x00, 0x00, 0x00, 0x00, 0x00, 0x00, 0x00, 0x00, 0x00, 0x00, 0x00, 0x00, 0x00, 0x00, 0x00, 0x00, 0x00, 0x00, 0x00, 0x00, 0x00, 0x00, 0x00, 0x00, 0x00, 0x00, 0x00, 0x00, 0x00, 0x00, 0x00, 0x00, 0x00, 0x00, 0x00, 0x00, 0x00, 0x00, 0x00, 0x00, 0x00, 0x00, 0x00, 0x00, 
  0x00, 0x00, 0x00, 0x00, 0x00, 0x00, 0x00, 0x00, 0x00, 0x00, 0x00, 0x00, 0x00, 0x00, 0x00, 0x00, 0x00, 0x00, 0x00, 0x00, 0x00, 0x00, 0x00, 0x00, 0x00, 0x00, 0x00, 0x00, 0x00, 0x00, 0x00, 0x00, 0x00, 0x00, 0x00, 0x00, 0x00, 0x00, 0x00, 0x00, 0x00, 0x00, 0x00, 0x00, 0x00, 0x00, 0x00, 0x00, 0x00, 0x00, 0x00, 0x00, 0x00, 0x00, 0x00, 0x00, 0x00, 0x00, 0x00, 0x00, 0x00, 0xc2, 0x34, 0x2c, 0x26, 0x44, 0x67, 0x71, 0x90, 0xa4, 0xb0, 0xbe, 0xbe, 0xf5, 0xf3, 0xf0, 0xf0, 0xe1, 0x00, 0x00, 0x00, 0x00, 0x00, 0x00, 0x00, 0x00, 0x00, 0x00, 0x00, 0x00, 0x00, 0x00, 0x00, 0x00, 0x00, 0x00, 0x00, 0x00, 0x00, 0x00, 0x00, 0x00, 0x00, 0x00, 0x00, 0x00, 0x00, 0x00, 0x00, 0x00, 0x00, 0x00, 0x00, 0x00, 0x00, 0x00, 0x00, 0x00, 0x00, 0x00, 0x00, 0x00, 0x00, 0x00, 0x00, 0x00, 0x00, 0x00, 0x00, 0x00, 0x00, 0x00, 0x00, 0x00, 0x00, 
  0x00, 0x00, 0x00, 0x00, 0x00, 0x00, 0x00, 0x00, 0x00, 0x00, 0x00, 0x00, 0x00, 0x00, 0x00, 0x00, 0x00, 0x00, 0x00, 0x00, 0x00, 0x00, 0x00, 0x00, 0x00, 0x00, 0x00, 0x00, 0x00, 0x00, 0x00, 0x00, 0x00, 0x00, 0x00, 0x00, 0x00, 0x00, 0x00, 0x00, 0x00, 0x00, 0x00, 0x00, 0x00, 0x00, 0x00, 0x00, 0x00, 0x00, 0x00, 0x00, 0x00, 0x00, 0x00, 0x00, 0x00, 0x00, 0x00, 0x00, 0xd2, 0x48, 0x21, 0x2c, 0x32, 0x6e, 0x71, 0x8a, 0x94, 0xa4, 0xac, 0xbe, 0xc7, 0xc1, 0xf5, 0xf3, 0xee, 0xb2, 0xe4, 0x00, 0x00, 0x00, 0x00, 0x00, 0x00, 0x00, 0x00, 0x00, 0x00, 0x00, 0x00, 0x00, 0x00, 0x00, 0x00, 0x00, 0x00, 0x00, 0x00, 0x00, 0x00, 0x00, 0x00, 0x00, 0x00, 0x00, 0x00, 0x00, 0x00, 0x00, 0x00, 0x00, 0x00, 0x00, 0x00, 0x00, 0x00, 0x00, 0x00, 0x00, 0x00, 0x00, 0x00, 0x00, 0x00, 0x00, 0x00, 0x00, 0x00, 0x00, 0x00, 0x00, 0x00, 0x00, 0x00, 
  0x00, 0x00, 0x00, 0x00, 0x00, 0x00, 0x00, 0x00, 0x00, 0x00, 0x00, 0x00, 0x00, 0x00, 0x00, 0x00, 0x00, 0x00, 0x00, 0x00, 0x00, 0x00, 0x00, 0x00, 0x00, 0x00, 0x00, 0x00, 0x00, 0x00, 0x00, 0x00, 0x00, 0x00, 0x00, 0x00, 0x00, 0x00, 0x00, 0x00, 0x00, 0x00, 0x00, 0x00, 0x00, 0x00, 0x00, 0x00, 0x00, 0x00, 0x00, 0x00, 0x00, 0x00, 0x00, 0x00, 0x00, 0x00, 0x00, 0xe4, 0x48, 0x1b, 0x21, 0x26, 0x26, 0x77, 0x7f, 0x8a, 0x97, 0xa4, 0xb5, 0xbe, 0xc1, 0xf7, 0xf5, 0xf4, 0xf1, 0x4d, 0xc5, 0xe4, 0x00, 0x00, 0x00, 0x00, 0x00, 0x00, 0x00, 0x00, 0x00, 0x00, 0x00, 0x00, 0x00, 0x00, 0x00, 0x00, 0x00, 0x00, 0x00, 0x00, 0x00, 0x00, 0x00, 0x00, 0x00, 0x00, 0x00, 0x00, 0x00, 0x00, 0x00, 0x00, 0x00, 0x00, 0x00, 0x00, 0x00, 0x00, 0x00, 0x00, 0x00, 0x00, 0x00, 0x00, 0x00, 0x00, 0x00, 0x00, 0x00, 0x00, 0x00, 0x00, 0x00, 0x00, 0x00, 
  0x00, 0x00, 0x00, 0x00, 0x00, 0x00, 0x00, 0x00, 0x00, 0x00, 0x00, 0x00, 0x00, 0x00, 0x00, 0x00, 0x00, 0x00, 0x00, 0x00, 0x00, 0x00, 0x00, 0x00, 0x00, 0x00, 0x00, 0x00, 0x00, 0x00, 0x00, 0x00, 0x00, 0x00, 0x00, 0x00, 0x00, 0x00, 0x00, 0x00, 0x00, 0x00, 0x00, 0x00, 0x00, 0x00, 0x00, 0x00, 0x00, 0x00, 0x00, 0x00, 0x00, 0x00, 0x00, 0x00, 0x00, 0x00, 0xe4, 0x7d, 0x21, 0x21, 0x21, 0x10, 0x2d, 0x77, 0x8a, 0x94, 0xa4, 0xac, 0xb5, 0xc3, 0xc7, 0xf7, 0xf7, 0xf5, 0xf3, 0xef, 0xee, 0xe4, 0xe4, 0x00, 0x00, 0x00, 0x00, 0x00, 0x00, 0x00, 0x00, 0x00, 0x00, 0x00, 0x00, 0x00, 0x00, 0x00, 0x00, 0x00, 0x00, 0x00, 0x00, 0x00, 0x00, 0x00, 0x00, 0x00, 0x00, 0x00, 0x00, 0x00, 0x00, 0x00, 0x00, 0x00, 0x00, 0x00, 0x00, 0x00, 0x00, 0x00, 0x00, 0x00, 0x00, 0x00, 0x00, 0x00, 0x00, 0x00, 0x00, 0x00, 0x00, 0x00, 0x00, 0x00, 0x00, 
  0x00, 0x00, 0x00, 0x00, 0x00, 0x00, 0x00, 0x00, 0x00, 0x00, 0x00, 0x00, 0x00, 0x00, 0x00, 0x00, 0x00, 0x00, 0x00, 0x00, 0x00, 0x00, 0x00, 0x00, 0x00, 0x00, 0x00, 0x00, 0x00, 0x00, 0x00, 0x00, 0x00, 0x00, 0x00, 0x00, 0x00, 0x00, 0x00, 0x00, 0x00, 0x00, 0x00, 0x00, 0x00, 0x00, 0x00, 0x00, 0x00, 0x00, 0x00, 0x00, 0x00, 0x00, 0x00, 0x00, 0x00, 0xe4, 0x8d, 0x21, 0x21, 0x26, 0x16, 0x08, 0x61, 0x81, 0x8a, 0x97, 0xa4, 0xac, 0xb8, 0xc3, 0xc9, 0xc6, 0xf7, 0xf6, 0xf4, 0xf1, 0xef, 0xf3, 0xe4, 0x00, 0x00, 0x00, 0x00, 0x00, 0x00, 0x00, 0x00, 0x00, 0x00, 0x00, 0x00, 0x00, 0x00, 0x00, 0x00, 0x00, 0x00, 0x00, 0x00, 0x00, 0x00, 0x00, 0x00, 0x00, 0x00, 0x00, 0x00, 0x00, 0x00, 0x00, 0x00, 0x00, 0x00, 0x00, 0x00, 0x00, 0x00, 0x00, 0x00, 0x00, 0x00, 0x00, 0x00, 0x00, 0x00, 0x00, 0x00, 0x00, 0x00, 0x00, 0x00, 0x00, 0x00, 
  0x00, 0x00, 0x00, 0x00, 0x00, 0x00, 0x00, 0x00, 0x00, 0x00, 0x00, 0x00, 0x00, 0x00, 0x00, 0x00, 0x00, 0x00, 0x00, 0x00, 0x00, 0x00, 0x00, 0x00, 0x00, 0x00, 0x00, 0x00, 0x00, 0x00, 0x00, 0x00, 0x00, 0x00, 0x00, 0x00, 0x00, 0x00, 0x00, 0x00, 0x00, 0x00, 0x00, 0x00, 0x00, 0x00, 0x00, 0x00, 0x00, 0x00, 0x00, 0x00, 0x00, 0x00, 0x00, 0x00, 0x00, 0xc2, 0x24, 0x21, 0x2c, 0x21, 0x05, 0x18, 0x77, 0x7f, 0x94, 0x97, 0xac, 0xb5, 0xbe, 0xc7, 0xc9, 0xf7, 0xf7, 0xf7, 0xf5, 0xf3, 0x83, 0xee, 0xcf, 0xe4, 0x00, 0x00, 0x00, 0x00, 0x00, 0x00, 0x00, 0x00, 0x00, 0x00, 0x00, 0x00, 0x00, 0x00, 0x00, 0x00, 0x00, 0x00, 0x00, 0x00, 0x00, 0x00, 0x00, 0x00, 0x00, 0x00, 0x00, 0x00, 0x00, 0x00, 0x00, 0x00, 0x00, 0x00, 0x00, 0x00, 0x00, 0x00, 0x00, 0x00, 0x00, 0x00, 0x00, 0x00, 0x00, 0x00, 0x00, 0x00, 0x00, 0x00, 0x00, 0x00, 0x00, 
  0x00, 0x00, 0x00, 0x00, 0x00, 0x00, 0x00, 0x00, 0x00, 0x00, 0x00, 0x00, 0x00, 0x00, 0x00, 0x00, 0x00, 0x00, 0x00, 0x00, 0x00, 0x00, 0x00, 0x00, 0x00, 0x00, 0x00, 0x00, 0x00, 0x00, 0x00, 0x00, 0x00, 0x00, 0x00, 0x00, 0x00, 0x00, 0x00, 0x00, 0x00, 0x00, 0x00, 0x00, 0x00, 0x00, 0x00, 0x00, 0x00, 0x00, 0x00, 0x00, 0x00, 0x00, 0x00, 0xe4, 0xe1, 0x34, 0x21, 0x26, 0x2c, 0x0d, 0x08, 0x35, 0x77, 0x8a, 0x94, 0xa4, 0xac, 0xb5, 0xbe, 0xc7, 0xc9, 0xce, 0xf7, 0xf7, 0xf6, 0xf6, 0xf3, 0xf0, 0xf0, 0xd8, 0x00, 0x00, 0x00, 0x00, 0x00, 0x00, 0x00, 0x00, 0x00, 0x00, 0x00, 0x00, 0x00, 0x00, 0x00, 0x00, 0x00, 0x00, 0x00, 0x00, 0x00, 0x00, 0x00, 0x00, 0x00, 0x00, 0x00, 0x00, 0x00, 0x00, 0x00, 0x00, 0x00, 0x00, 0x00, 0x00, 0x00, 0x00, 0x00, 0x00, 0x00, 0x00, 0x00, 0x00, 0x00, 0x00, 0x00, 0x00, 0x00, 0x00, 0x00, 0x00, 0x00, 
  0x00, 0x00, 0x00, 0x00, 0x00, 0x00, 0x00, 0x00, 0x00, 0x00, 0x00, 0x00, 0x00, 0x00, 0x00, 0x00, 0x00, 0x00, 0x00, 0x00, 0x00, 0x00, 0x00, 0x00, 0x00, 0x00, 0x00, 0x00, 0x00, 0x00, 0x00, 0x00, 0x00, 0x00, 0x00, 0x00, 0x00, 0x00, 0x00, 0x00, 0x00, 0x00, 0x00, 0x00, 0x00, 0x00, 0x00, 0x00, 0x00, 0x00, 0x00, 0x00, 0x00, 0x00, 0x00, 0xd8, 0x53, 0x21, 0x26, 0x26, 0x13, 0x08, 0x08, 0x4a, 0x8a, 0x8a, 0x97, 0xa4, 0xac, 0xb8, 0xbe, 0xc7, 0xc9, 0xf7, 0xce, 0xfa, 0xf7, 0xf6, 0xf6, 0x8e, 0xef, 0xf0, 0xe4, 0x00, 0x00, 0x00, 0x00, 0x00, 0x00, 0x00, 0x00, 0x00, 0x00, 0x00, 0x00, 0x00, 0x00, 0x00, 0x00, 0x00, 0x00, 0x00, 0x00, 0x00, 0x00, 0x00, 0x00, 0x00, 0x00, 0x00, 0x00, 0x00, 0x00, 0x00, 0x00, 0x00, 0x00, 0x00, 0x00, 0x00, 0x00, 0x00, 0x00, 0x00, 0x00, 0x00, 0x00, 0x00, 0x00, 0x00, 0x00, 0x00, 0x00, 0x00, 0x00, 
  0x00, 0x00, 0x00, 0x00, 0x00, 0x00, 0x00, 0x00, 0x00, 0x00, 0x00, 0x00, 0x00, 0x00, 0x00, 0x00, 0x00, 0x00, 0x00, 0x00, 0x00, 0x00, 0x00, 0x00, 0x00, 0x00, 0x00, 0x00, 0x00, 0x00, 0x00, 0x00, 0x00, 0x00, 0x00, 0x00, 0x00, 0x00, 0x00, 0x00, 0x00, 0x00, 0x00, 0x00, 0x00, 0x00, 0x00, 0x00, 0x00, 0x00, 0x00, 0x00, 0x00, 0x00, 0xe4, 0x48, 0x1b, 0x26, 0x2c, 0x23, 0x05, 0x08, 0x0a, 0x67, 0x8a, 0x97, 0x97, 0xac, 0xb5, 0xbe, 0xc3, 0xc9, 0xcc, 0xce, 0xce, 0xfa, 0xf8, 0xf8, 0xf6, 0xf4, 0xf1, 0xef, 0xf6, 0xe4, 0x00, 0x00, 0x00, 0x00, 0x00, 0x00, 0x00, 0x00, 0x00, 0x00, 0x00, 0x00, 0x00, 0x00, 0x00, 0x00, 0x00, 0x00, 0x00, 0x00, 0x00, 0x00, 0x00, 0x00, 0x00, 0x00, 0x00, 0x00, 0x00, 0x00, 0x00, 0x00, 0x00, 0x00, 0x00, 0x00, 0x00, 0x00, 0x00, 0x00, 0x00, 0x00, 0x00, 0x00, 0x00, 0x00, 0x00, 0x00, 0x00, 0x00, 0x00, 
  0x00, 0x00, 0x00, 0x00, 0x00, 0x00, 0x00, 0x00, 0x00, 0x00, 0x00, 0x00, 0x00, 0x00, 0x00, 0x00, 0x00, 0x00, 0x00, 0x00, 0x00, 0x00, 0x00, 0x00, 0x00, 0x00, 0x00, 0x00, 0x00, 0x00, 0x00, 0x00, 0x00, 0x00, 0x00, 0x00, 0x00, 0x00, 0x00, 0x00, 0x00, 0x00, 0x00, 0x00, 0x00, 0x00, 0x00, 0x00, 0x00, 0x00, 0x00, 0x00, 0x00, 0xe4, 0x7d, 0x24, 0x21, 0x26, 0x23, 0x08, 0x05, 0x08, 0x1e, 0x8a, 0x8a, 0x97, 0xa4, 0xac, 0xb5, 0xbe, 0xc7, 0xc9, 0xce, 0xce, 0xfa, 0xd1, 0xfa, 0xf9, 0xf8, 0xf6, 0xf3, 0xf0, 0xee, 0xcf, 0x00, 0x00, 0x00, 0x00, 0x00, 0x00, 0x00, 0x00, 0x00, 0x00, 0x00, 0x00, 0x00, 0x00, 0x00, 0x00, 0x00, 0x00, 0x00, 0x00, 0x00, 0x00, 0x00, 0x00, 0x00, 0x00, 0x00, 0x00, 0x00, 0x00, 0x00, 0x00, 0x00, 0x00, 0x00, 0x00, 0x00, 0x00, 0x00, 0x00, 0x00, 0x00, 0x00, 0x00, 0x00, 0x00, 0x00, 0x00, 0x00, 0x00, 0x00, 
  0x00, 0x00, 0x00, 0x00, 0x00, 0x00, 0x00, 0x00, 0x00, 0x00, 0x00, 0x00, 0x00, 0x00, 0x00, 0x00, 0x00, 0x00, 0x00, 0x00, 0x00, 0x00, 0x00, 0x00, 0x00, 0x00, 0x00, 0x00, 0x00, 0x00, 0x00, 0x00, 0x00, 0x00, 0x00, 0x00, 0x00, 0x00, 0x00, 0x00, 0x00, 0x00, 0x00, 0x00, 0x00, 0x00, 0x00, 0x00, 0x00, 0x00, 0x00, 0x00, 0x00, 0xc2, 0x18, 0x21, 0x26, 0x2c, 0x10, 0x05, 0x09, 0x0a, 0x4a, 0x8a, 0x94, 0xa4, 0xa4, 0xb5, 0xb8, 0xbe, 0xc7, 0xc9, 0xce, 0xd1, 0xd1, 0xd4, 0xfa, 0xfa, 0xf9, 0xf8, 0xf5, 0xf3, 0xef, 0xf0, 0xd8, 0xe4, 0x00, 0x00, 0x00, 0x00, 0x00, 0x00, 0x00, 0x00, 0x00, 0x00, 0x00, 0x00, 0x00, 0x00, 0x00, 0x00, 0x00, 0x00, 0x00, 0x00, 0x00, 0x00, 0x00, 0x00, 0x00, 0x00, 0x00, 0x00, 0x00, 0x00, 0x00, 0x00, 0x00, 0x00, 0x00, 0x00, 0x00, 0x00, 0x00, 0x00, 0x00, 0x00, 0x00, 0x00, 0x00, 0x00, 0x00, 0x00, 0x00, 
  0x00, 0x00, 0x00, 0x00, 0x00, 0x00, 0x00, 0x00, 0x00, 0x00, 0x00, 0x00, 0x00, 0x00, 0x00, 0x00, 0x00, 0x00, 0x00, 0x00, 0x00, 0x00, 0x00, 0x00, 0x00, 0x00, 0x00, 0x00, 0x00, 0x00, 0x00, 0x00, 0x00, 0x00, 0x00, 0x00, 0x00, 0x00, 0x00, 0x00, 0x00, 0x00, 0x00, 0x00, 0x00, 0x00, 0x00, 0x00, 0x00, 0x00, 0x00, 0x00, 0xb2, 0x24, 0x21, 0x26, 0x26, 0x13, 0x05, 0x09, 0x0a, 0x13, 0x8a, 0x94, 0x97, 0xa4, 0xac, 0xb5, 0xbe, 0xc3, 0xc7, 0xcc, 0xce, 0xd1, 0xd4, 0xfa, 0xd4, 0xf9, 0xfa, 0xf8, 0xf6, 0xf4, 0xf1, 0xee, 0x70, 0xe1, 0x00, 0x00, 0x00, 0x00, 0x00, 0x00, 0x00, 0x00, 0x00, 0x00, 0x00, 0x00, 0x00, 0x00, 0x00, 0x00, 0x00, 0x00, 0x00, 0x00, 0x00, 0x00, 0x00, 0x00, 0x00, 0x00, 0x00, 0x00, 0x00, 0x00, 0x00, 0x00, 0x00, 0x00, 0x00, 0x00, 0x00, 0x00, 0x00, 0x00, 0x00, 0x00, 0x00, 0x00, 0x00, 0x00, 0x00, 0x00, 0x00, 
  0x00, 0x00, 0x00, 0x00, 0x00, 0x00, 0x00, 0x00, 0x00, 0x00, 0x00, 0x00, 0x00, 0x00, 0x00, 0x00, 0x00, 0x00, 0x00, 0x00, 0x00, 0x00, 0x00, 0x00, 0x00, 0x00, 0x00, 0x00, 0x00, 0x00, 0x00, 0x00, 0x00, 0x00, 0x00, 0x00, 0x00, 0x00, 0x00, 0x00, 0x00, 0x00, 0x00, 0x00, 0x00, 0x00, 0x00, 0x00, 0x00, 0x00, 0x00, 0xd8, 0x2b, 0x1b, 0x21, 0x2c, 0x26, 0x05, 0x05, 0x08, 0x0d, 0x28, 0x8a, 0x97, 0x97, 0xa4, 0xa9, 0xb5, 0xbe, 0xc3, 0xc7, 0xcc, 0xce, 0xd1, 0xd1, 0xd4, 0xd4, 0xfa, 0xf9, 0xf9, 0xf8, 0xf5, 0xf3, 0xf0, 0xee, 0xc5, 0x00, 0x00, 0x00, 0x00, 0x00, 0x00, 0x00, 0x00, 0x00, 0x00, 0x00, 0x00, 0x00, 0x00, 0x00, 0x00, 0x00, 0x00, 0x00, 0x00, 0x00, 0x00, 0x00, 0x00, 0x00, 0x00, 0x00, 0x00, 0x00, 0x00, 0x00, 0x00, 0x00, 0x00, 0x00, 0x00, 0x00, 0x00, 0x00, 0x00, 0x00, 0x00, 0x00, 0x00, 0x00, 0x00, 0x00, 0x00, 0x00, 
  0x00, 0x00, 0x00, 0x00, 0x00, 0x00, 0x00, 0x00, 0x00, 0x00, 0x00, 0x00, 0x00, 0x00, 0x00, 0x00, 0x00, 0x00, 0x00, 0x00, 0x00, 0x00, 0x00, 0x00, 0x00, 0x00, 0x00, 0x00, 0x00, 0x00, 0x00, 0x00, 0x00, 0x00, 0x00, 0x00, 0x00, 0x00, 0x00, 0x00, 0x00, 0x00, 0x00, 0x00, 0x00, 0x00, 0x00, 0x00, 0x00, 0x00, 0xe1, 0x48, 0x1b, 0x1b, 0x21, 0x26, 0x09, 0x03, 0x08, 0x09, 0x0a, 0x35, 0x97, 0x97, 0xa4, 0xac, 0xb5, 0xb8, 0xc3, 0xc7, 0xc9, 0xcc, 0xce, 0xd1, 0xd4, 0xd4, 0xfa, 0xfb, 0xfa, 0xf9, 0xf8, 0xf8, 0xf4, 0xf1, 0xef, 0xee, 0xcf, 0x00, 0x00, 0x00, 0x00, 0x00, 0x00, 0x00, 0x00, 0x00, 0x00, 0x00, 0x00, 0x00, 0x00, 0x00, 0x00, 0x00, 0x00, 0x00, 0x00, 0x00, 0x00, 0x00, 0x00, 0x00, 0x00, 0x00, 0x00, 0x00, 0x00, 0x00, 0x00, 0x00, 0x00, 0x00, 0x00, 0x00, 0x00, 0x00, 0x00, 0x00, 0x00, 0x00, 0x00, 0x00, 0x00, 0x00, 0x00, 
  0x00, 0x00, 0x00, 0x00, 0x00, 0x00, 0x00, 0x00, 0x00, 0x00, 0x00, 0x00, 0x00, 0x00, 0x00, 0x00, 0x00, 0x00, 0x00, 0x00, 0x00, 0x00, 0x00, 0x00, 0x00, 0x00, 0x00, 0x00, 0x00, 0x00, 0x00, 0x00, 0x00, 0x00, 0x00, 0x00, 0x00, 0x00, 0x00, 0x00, 0x00, 0x00, 0x00, 0x00, 0x00, 0x00, 0x00, 0x00, 0x00, 0xe4, 0x69, 0x18, 0x1e, 0x21, 0x26, 0x08, 0x03, 0x05, 0x09, 0x0a, 0x0a, 0x66, 0x97, 0xa4, 0xa4, 0xac, 0xb5, 0xbe, 0xc3, 0xc7, 0xc9, 0xce, 0xce, 0xd1, 0xd1, 0xd4, 0xd4, 0xd4, 0xfb, 0xfb, 0xf9, 0xf8, 0xf6, 0xf3, 0xf1, 0xef, 0xf0, 0xe1, 0x00, 0x00, 0x00, 0x00, 0x00, 0x00, 0x00, 0x00, 0x00, 0x00, 0x00, 0x00, 0x00, 0x00, 0x00, 0x00, 0x00, 0x00, 0x00, 0x00, 0x00, 0x00, 0x00, 0x00, 0x00, 0x00, 0x00, 0x00, 0x00, 0x00, 0x00, 0x00, 0x00, 0x00, 0x00, 0x00, 0x00, 0x00, 0x00, 0x00, 0x00, 0x00, 0x00, 0x00, 0x00, 0x00, 0x00, 
  0x00, 0x00, 0x00, 0x00, 0x00, 0x00, 0x00, 0x00, 0x00, 0x00, 0x00, 0x00, 0x00, 0x00, 0x00, 0x00, 0x00, 0x00, 0x00, 0x00, 0x00, 0x00, 0x00, 0x00, 0x00, 0x00, 0x00, 0x00, 0x00, 0x00, 0x00, 0x00, 0x00, 0x00, 0x00, 0x00, 0x00, 0x00, 0x00, 0x00, 0x00, 0x00, 0x00, 0x00, 0x00, 0x00, 0x00, 0x00, 0x00, 0x7d, 0x18, 0x1b, 0x21, 0x26, 0x13, 0x03, 0x05, 0x05, 0x0a, 0x0a, 0x15, 0x97, 0x97, 0xa4, 0xac, 0xb5, 0xb8, 0xbe, 0xcb, 0xc7, 0xcc, 0xce, 0xd0, 0xd1, 0xd4, 0xd4, 0xd4, 0xfc, 0xd4, 0xfb, 0xf9, 0xf9, 0xf8, 0xf5, 0xf3, 0xf1, 0xee, 0xf1, 0xe1, 0x00, 0x00, 0x00, 0x00, 0x00, 0x00, 0x00, 0x00, 0x00, 0x00, 0x00, 0x00, 0x00, 0x00, 0x00, 0x00, 0x00, 0x00, 0x00, 0x00, 0x00, 0x00, 0x00, 0x00, 0x00, 0x00, 0x00, 0x00, 0x00, 0x00, 0x00, 0x00, 0x00, 0x00, 0x00, 0x00, 0x00, 0x00, 0x00, 0x00, 0x00, 0x00, 0x00, 0x00, 0x00, 0x00, 
  0x00, 0x00, 0x00, 0x00, 0x00, 0x00, 0x00, 0x00, 0x00, 0x00, 0x00, 0x00, 0x00, 0x00, 0x00, 0x00, 0x00, 0x00, 0x00, 0x00, 0x00, 0x00, 0x00, 0x00, 0x00, 0x00, 0x00, 0x00, 0x00, 0x00, 0x00, 0x00, 0x00, 0x00, 0x00, 0x00, 0x00, 0x00, 0x00, 0x00, 0x00, 0x00, 0x00, 0x00, 0x00, 0x00, 0x00, 0x00, 0xc2, 0x24, 0x1e, 0x21, 0x26, 0x26, 0x02, 0x05, 0x05, 0x09, 0x0a, 0x0f, 0x49, 0x97, 0xa4, 0xa4, 0xac, 0xb5, 0xbe, 0xbe, 0xc7, 0xc9, 0xcc, 0xce, 0xd1, 0xd1, 0xd4, 0xd4, 0xd4, 0xd6, 0xfc, 0xd6, 0xfb, 0xf9, 0xf8, 0xf8, 0xf5, 0xf3, 0xf0, 0xee, 0xc5, 0xe4, 0x00, 0x00, 0x00, 0x00, 0x00, 0x00, 0x00, 0x00, 0x00, 0x00, 0x00, 0x00, 0x00, 0x00, 0x00, 0x00, 0x00, 0x00, 0x00, 0x00, 0x00, 0x00, 0x00, 0x00, 0x00, 0x00, 0x00, 0x00, 0x00, 0x00, 0x00, 0x00, 0x00, 0x00, 0x00, 0x00, 0x00, 0x00, 0x00, 0x00, 0x00, 0x00, 0x00, 0x00, 0x00, 
  0x00, 0x00, 0x00, 0x00, 0x00, 0x00, 0x00, 0x00, 0x00, 0x00, 0x00, 0x00, 0x00, 0x00, 0x00, 0x00, 0x00, 0x00, 0x00, 0x00, 0x00, 0x00, 0x00, 0x00, 0x00, 0x00, 0x00, 0x00, 0x00, 0x00, 0x00, 0x00, 0x00, 0x00, 0x00, 0x00, 0x00, 0x00, 0x00, 0x00, 0x00, 0x00, 0x00, 0x00, 0x00, 0x00, 0xe4, 0xc2, 0x24, 0x1b, 0x26, 0x26, 0x26, 0x05, 0x03, 0x05, 0x05, 0x09, 0x0d, 0x0f, 0x79, 0xa4, 0xa4, 0xac, 0xb5, 0xb5, 0xbe, 0xc3, 0xc7, 0xc9, 0xcc, 0xce, 0xd1, 0xd1, 0xd4, 0xd4, 0xd6, 0xd4, 0xd6, 0xfc, 0xfb, 0xfc, 0xf9, 0xf9, 0xf8, 0xf5, 0xf1, 0xf0, 0xee, 0xf6, 0x00, 0xe4, 0x00, 0x00, 0x00, 0x00, 0x00, 0x00, 0x00, 0x00, 0x00, 0x00, 0x00, 0x00, 0x00, 0x00, 0x00, 0x00, 0x00, 0x00, 0x00, 0x00, 0x00, 0x00, 0x00, 0x00, 0x00, 0x00, 0x00, 0x00, 0x00, 0x00, 0x00, 0x00, 0x00, 0x00, 0x00, 0x00, 0x00, 0x00, 0x00, 0x00, 0x00, 0x00, 0x00, 
  0x00, 0x00, 0x00, 0x00, 0x00, 0x00, 0x00, 0x00, 0x00, 0x00, 0x00, 0x00, 0x00, 0x00, 0x00, 0x00, 0x00, 0x00, 0x00, 0x00, 0x00, 0x00, 0x00, 0x00, 0x00, 0x00, 0x00, 0x00, 0x00, 0x00, 0x00, 0x00, 0x00, 0x00, 0x00, 0x00, 0x00, 0x00, 0x00, 0x00, 0x00, 0x00, 0x00, 0x00, 0x00, 0x00, 0xd8, 0x53, 0x1b, 0x21, 0x26, 0x2d, 0x0a, 0x03, 0x05, 0x05, 0x08, 0x0a, 0x0c, 0x10, 0x79, 0xa4, 0xac, 0xac, 0xb5, 0xb8, 0xbe, 0xc3, 0xc7, 0xc9, 0xce, 0xd0, 0xd1, 0xd5, 0xd4, 0xd7, 0xd4, 0xd6, 0xd6, 0xd6, 0xd6, 0xfb, 0xfb, 0xf9, 0xf9, 0xf6, 0xf4, 0xf1, 0xee, 0xf0, 0xd8, 0x00, 0x00, 0x00, 0x00, 0x00, 0x00, 0x00, 0x00, 0x00, 0x00, 0x00, 0x00, 0x00, 0x00, 0x00, 0x00, 0x00, 0x00, 0x00, 0x00, 0x00, 0x00, 0x00, 0x00, 0x00, 0x00, 0x00, 0x00, 0x00, 0x00, 0x00, 0x00, 0x00, 0x00, 0x00, 0x00, 0x00, 0x00, 0x00, 0x00, 0x00, 0x00, 0x00, 0x00, 
  0x00, 0x00, 0x00, 0x00, 0x00, 0x00, 0x00, 0x00, 0x00, 0x00, 0x00, 0x00, 0x00, 0x00, 0x00, 0x00, 0x00, 0x00, 0x00, 0x00, 0x00, 0x00, 0x00, 0x00, 0x00, 0x00, 0x00, 0x00, 0x00, 0x00, 0x00, 0x00, 0x00, 0x00, 0x00, 0x00, 0x00, 0x00, 0x00, 0x00, 0x00, 0x00, 0x00, 0x00, 0x00, 0xe4, 0x3a, 0x1b, 0x21, 0x26, 0x2c, 0x16, 0x03, 0x03, 0x05, 0x05, 0x09, 0x0a, 0x0f, 0x24, 0xa4, 0xa4, 0xa9, 0xb5, 0xb5, 0xbe, 0xc3, 0xc7, 0xc9, 0xcc, 0xcc, 0xd1, 0xd1, 0xd4, 0xd4, 0xd7, 0xd6, 0xd6, 0xd6, 0xd6, 0xfc, 0xd6, 0xfc, 0xfb, 0xf9, 0xf8, 0xf6, 0xf3, 0xf0, 0xee, 0xef, 0xe4, 0xe4, 0x00, 0x00, 0x00, 0x00, 0x00, 0x00, 0x00, 0x00, 0x00, 0x00, 0x00, 0x00, 0x00, 0x00, 0x00, 0x00, 0x00, 0x00, 0x00, 0x00, 0x00, 0x00, 0x00, 0x00, 0x00, 0x00, 0x00, 0x00, 0x00, 0x00, 0x00, 0x00, 0x00, 0x00, 0x00, 0x00, 0x00, 0x00, 0x00, 0x00, 0x00, 0x00, 
  0x00, 0x00, 0x00, 0x00, 0x00, 0x00, 0x00, 0x00, 0x00, 0x00, 0x00, 0x00, 0x00, 0x00, 0x00, 0x00, 0x00, 0x00, 0x00, 0x00, 0x00, 0x00, 0x00, 0x00, 0x00, 0x00, 0x00, 0x00, 0x00, 0x00, 0x00, 0x00, 0x00, 0x00, 0x00, 0x00, 0x00, 0x00, 0x00, 0x00, 0x00, 0x00, 0x00, 0x00, 0xe4, 0x69, 0x1b, 0x21, 0x26, 0x2c, 0x23, 0x02, 0x03, 0x03, 0x05, 0x09, 0x0a, 0x0f, 0x10, 0x6b, 0xa4, 0xa9, 0xac, 0xb5, 0xb8, 0xbe, 0xc7, 0xc7, 0xc9, 0xcc, 0xce, 0xd1, 0xd1, 0xd5, 0xd4, 0xd7, 0xd6, 0xd9, 0xfd, 0xd6, 0xfd, 0xd6, 0xfc, 0xfc, 0xfb, 0xf9, 0xf8, 0xf6, 0xf1, 0xef, 0xee, 0x9a, 0xe4, 0x00, 0x00, 0x00, 0x00, 0x00, 0x00, 0x00, 0x00, 0x00, 0x00, 0x00, 0x00, 0x00, 0x00, 0x00, 0x00, 0x00, 0x00, 0x00, 0x00, 0x00, 0x00, 0x00, 0x00, 0x00, 0x00, 0x00, 0x00, 0x00, 0x00, 0x00, 0x00, 0x00, 0x00, 0x00, 0x00, 0x00, 0x00, 0x00, 0x00, 0x00, 0x00, 
  0x00, 0x00, 0x00, 0x00, 0x00, 0x00, 0x00, 0x00, 0x00, 0x00, 0x00, 0x00, 0x00, 0x00, 0x00, 0x00, 0x00, 0x00, 0x00, 0x00, 0x00, 0x00, 0x00, 0x00, 0x00, 0x00, 0x00, 0x00, 0x00, 0x00, 0x00, 0x00, 0x00, 0x00, 0x00, 0x00, 0x00, 0x00, 0x00, 0x00, 0x00, 0x00, 0x00, 0xe4, 0x9c, 0x1e, 0x1e, 0x21, 0x26, 0x26, 0x09, 0x03, 0x03, 0x05, 0x05, 0x0a, 0x0c, 0x10, 0x19, 0xa4, 0x9e, 0xac, 0xa9, 0xb5, 0xbe, 0xbe, 0xc7, 0xc7, 0xcc, 0xcc, 0xd1, 0xd0, 0xd4, 0xd5, 0xd7, 0xd6, 0xd9, 0xd6, 0xda, 0xfd, 0xd6, 0xfd, 0xd6, 0xfc, 0xfc, 0xf9, 0xf8, 0xf6, 0xf4, 0xf0, 0xef, 0xee, 0xc5, 0x00, 0x00, 0x00, 0x00, 0x00, 0x00, 0x00, 0x00, 0x00, 0x00, 0x00, 0x00, 0x00, 0x00, 0x00, 0x00, 0x00, 0x00, 0x00, 0x00, 0x00, 0x00, 0x00, 0x00, 0x00, 0x00, 0x00, 0x00, 0x00, 0x00, 0x00, 0x00, 0x00, 0x00, 0x00, 0x00, 0x00, 0x00, 0x00, 0x00, 0x00, 0x00, 
  0x00, 0x00, 0x00, 0x00, 0x00, 0x00, 0x00, 0x00, 0x00, 0x00, 0x00, 0x00, 0x00, 0x00, 0x00, 0x00, 0x00, 0x00, 0x00, 0x00, 0x00, 0x00, 0x00, 0x00, 0x00, 0x00, 0x00, 0x00, 0x00, 0x00, 0x00, 0x00, 0x00, 0x00, 0x00, 0x00, 0x00, 0x00, 0x00, 0x00, 0x00, 0x00, 0x00, 0xc2, 0x28, 0x1e, 0x21, 0x21, 0x2d, 0x03, 0x03, 0x03, 0x05, 0x05, 0x09, 0x0a, 0x0c, 0x12, 0x3c, 0xa9, 0xac, 0xa9, 0xb5, 0xb8, 0xbe, 0xc3, 0xc7, 0xc9, 0xc9, 0xce, 0xd0, 0xd1, 0xd3, 0xd4, 0xd4, 0xd9, 0xd6, 0xfe, 0xd6, 0xfd, 0xfd, 0xd6, 0xfd, 0xfc, 0xfc, 0xfb, 0xf9, 0xf6, 0xf6, 0xf3, 0xf0, 0xef, 0xef, 0xe1, 0x00, 0x00, 0x00, 0x00, 0x00, 0x00, 0x00, 0x00, 0x00, 0x00, 0x00, 0x00, 0x00, 0x00, 0x00, 0x00, 0x00, 0x00, 0x00, 0x00, 0x00, 0x00, 0x00, 0x00, 0x00, 0x00, 0x00, 0x00, 0x00, 0x00, 0x00, 0x00, 0x00, 0x00, 0x00, 0x00, 0x00, 0x00, 0x00, 0x00, 0x00, 
  0x00, 0x00, 0x00, 0x00, 0x00, 0x00, 0x00, 0x00, 0x00, 0x00, 0x00, 0x00, 0x00, 0x00, 0x00, 0x00, 0x00, 0x00, 0x00, 0x00, 0x00, 0x00, 0x00, 0x00, 0x00, 0x00, 0x00, 0x00, 0x00, 0x00, 0x00, 0x00, 0x00, 0x00, 0x00, 0x00, 0x00, 0x00, 0x00, 0x00, 0x00, 0x00, 0xd2, 0x24, 0x23, 0x26, 0x26, 0x26, 0x09, 0x02, 0x02, 0x03, 0x05, 0x09, 0x09, 0x0c, 0x0f, 0x0f, 0x5c, 0xac, 0xa9, 0xb5, 0xb8, 0xbe, 0xc3, 0xc3, 0xc9, 0xc9, 0xcc, 0xce, 0xd1, 0xd1, 0xd7, 0xd7, 0xd7, 0xd6, 0xd9, 0xd6, 0xda, 0xfd, 0xda, 0xfd, 0xfd, 0xfd, 0xfc, 0xfc, 0xf9, 0xf9, 0xf8, 0xf5, 0xf3, 0xf1, 0xef, 0xef, 0xd8, 0x00, 0x00, 0x00, 0x00, 0x00, 0x00, 0x00, 0x00, 0x00, 0x00, 0x00, 0x00, 0x00, 0x00, 0x00, 0x00, 0x00, 0x00, 0x00, 0x00, 0x00, 0x00, 0x00, 0x00, 0x00, 0x00, 0x00, 0x00, 0x00, 0x00, 0x00, 0x00, 0x00, 0x00, 0x00, 0x00, 0x00, 0x00, 0x00, 0x00, 
  0x00, 0x00, 0x00, 0x00, 0x00, 0x00, 0x00, 0x00, 0x00, 0x00, 0x00, 0x00, 0x00, 0x00, 0x00, 0x00, 0x00, 0x00, 0x00, 0x00, 0x00, 0x00, 0x00, 0x00, 0x00, 0x00, 0x00, 0x00, 0x00, 0x00, 0x00, 0x00, 0x00, 0x00, 0x00, 0x00, 0x00, 0x00, 0x00, 0x00, 0x00, 0xd8, 0x5f, 0x23, 0x26, 0x2a, 0x2d, 0x18, 0x01, 0x01, 0x03, 0x03, 0x05, 0x09, 0x0a, 0x0f, 0x0f, 0x10, 0x8c, 0xa9, 0xb5, 0xb8, 0xb8, 0xbe, 0xc3, 0xc7, 0xc9, 0xc9, 0xce, 0xce, 0xd1, 0xd1, 0xd5, 0xd4, 0xd9, 0xd6, 0xd9, 0xfd, 0xda, 0xfe, 0xfd, 0xfe, 0xfd, 0xfd, 0xfd, 0xfc, 0xfb, 0xfb, 0xf8, 0xf8, 0xf6, 0xf3, 0xf0, 0xee, 0x9a, 0xe4, 0x00, 0x00, 0x00, 0x00, 0x00, 0x00, 0x00, 0x00, 0x00, 0x00, 0x00, 0x00, 0x00, 0x00, 0x00, 0x00, 0x00, 0x00, 0x00, 0x00, 0x00, 0x00, 0x00, 0x00, 0x00, 0x00, 0x00, 0x00, 0x00, 0x00, 0x00, 0x00, 0x00, 0x00, 0x00, 0x00, 0x00, 0x00, 0x00, 
  0x00, 0x00, 0x00, 0x00, 0x00, 0x00, 0x00, 0x00, 0x00, 0x00, 0x00, 0x00, 0x00, 0x00, 0x00, 0x00, 0x00, 0x00, 0x00, 0x00, 0x00, 0x00, 0x00, 0x00, 0x00, 0x00, 0x00, 0x00, 0x00, 0x00, 0x00, 0x00, 0x00, 0x00, 0x00, 0x00, 0x00, 0x00, 0x00, 0x00, 0xe4, 0x69, 0x21, 0x2a, 0x2d, 0x30, 0x2d, 0x03, 0x02, 0x02, 0x03, 0x03, 0x09, 0x09, 0x0f, 0x0f, 0x12, 0x33, 0xb5, 0xb5, 0xb8, 0xb8, 0xbe, 0xc3, 0xc3, 0xc7, 0xc9, 0xcc, 0xcc, 0xd0, 0xd1, 0xd5, 0xd4, 0xd7, 0xd6, 0xd9, 0xd6, 0xda, 0xfd, 0xda, 0xfe, 0xfe, 0xfd, 0xfd, 0xfd, 0xfc, 0xfc, 0xfb, 0xfb, 0xf8, 0xf8, 0xf5, 0xf1, 0x76, 0xee, 0xa3, 0xe4, 0x00, 0x00, 0x00, 0x00, 0x00, 0x00, 0x00, 0x00, 0x00, 0x00, 0x00, 0x00, 0x00, 0x00, 0x00, 0x00, 0x00, 0x00, 0x00, 0x00, 0x00, 0x00, 0x00, 0x00, 0x00, 0x00, 0x00, 0x00, 0x00, 0x00, 0x00, 0x00, 0x00, 0x00, 0x00, 0x00, 0x00, 0x00, 
  0x00, 0x00, 0x00, 0x00, 0x00, 0x00, 0x00, 0x00, 0x00, 0x00, 0x00, 0x00, 0x00, 0x00, 0x00, 0x00, 0x00, 0x00, 0x00, 0x00, 0x00, 0x00, 0x00, 0x00, 0x00, 0x00, 0x00, 0x00, 0x00, 0x00, 0x00, 0x00, 0x00, 0x00, 0x00, 0x00, 0x00, 0x00, 0x00, 0xe4, 0x69, 0x1e, 0x1e, 0x2a, 0x2d, 0x3d, 0x03, 0x02, 0x02, 0x03, 0x03, 0x05, 0x09, 0x0a, 0x0f, 0x12, 0x13, 0x8c, 0xa9, 0xa9, 0xb8, 0xbe, 0xbe, 0xc3, 0xc7, 0xc9, 0xc9, 0xcc, 0xd0, 0xd1, 0xd1, 0xd1, 0xd7, 0xd4, 0xd9, 0xd6, 0xd9, 0xfd, 0xda, 0xfe, 0xfe, 0xfe, 0xfe, 0xfe, 0xfd, 0xfd, 0xfd, 0xfc, 0xfb, 0xfb, 0xf8, 0xf6, 0xf4, 0xf0, 0xee, 0xee, 0xd2, 0xe4, 0x00, 0x00, 0x00, 0x00, 0x00, 0x00, 0x00, 0x00, 0x00, 0x00, 0x00, 0x00, 0x00, 0x00, 0x00, 0x00, 0x00, 0x00, 0x00, 0x00, 0x00, 0x00, 0x00, 0x00, 0x00, 0x00, 0x00, 0x00, 0x00, 0x00, 0x00, 0x00, 0x00, 0x00, 0x00, 0x00, 0x00, 
  0x00, 0x00, 0x00, 0x00, 0x00, 0x00, 0x00, 0x00, 0x00, 0x00, 0x00, 0x00, 0x00, 0x00, 0x00, 0x00, 0x00, 0x00, 0x00, 0x00, 0x00, 0x00, 0x00, 0x00, 0x00, 0x00, 0x00, 0x00, 0x00, 0x00, 0x00, 0x00, 0x00, 0x00, 0x00, 0x00, 0x00, 0x00, 0xe4, 0xa6, 0x1e, 0x1b, 0x23, 0x26, 0x30, 0x12, 0x03, 0x02, 0x03, 0x03, 0x05, 0x09, 0x09, 0x0c, 0x10, 0x15, 0x15, 0xa9, 0xa9, 0xb8, 0xb8, 0xbe, 0xc3, 0xc3, 0xc7, 0xc9, 0xcc, 0xce, 0xd0, 0xd1, 0xd3, 0xd4, 0xd5, 0xd7, 0xd9, 0xd9, 0xda, 0xda, 0xfe, 0xdb, 0xfe, 0xdb, 0xfe, 0xfe, 0xfe, 0xfd, 0xfd, 0xfc, 0xfc, 0xfb, 0xf9, 0xf8, 0xf5, 0xf2, 0xf0, 0xee, 0xef, 0xd8, 0x00, 0x00, 0x00, 0x00, 0x00, 0x00, 0x00, 0x00, 0x00, 0x00, 0x00, 0x00, 0x00, 0x00, 0x00, 0x00, 0x00, 0x00, 0x00, 0x00, 0x00, 0x00, 0x00, 0x00, 0x00, 0x00, 0x00, 0x00, 0x00, 0x00, 0x00, 0x00, 0x00, 0x00, 0x00, 0x00, 0x00, 
  0x00, 0x00, 0x00, 0x00, 0x00, 0x00, 0x00, 0x00, 0x00, 0x00, 0x00, 0x00, 0x00, 0x00, 0x00, 0x00, 0x00, 0x00, 0x00, 0x00, 0x00, 0x00, 0x00, 0x00, 0x00, 0x00, 0x00, 0x00, 0x00, 0x00, 0x00, 0x00, 0x00, 0x00, 0x00, 0x00, 0x00, 0x00, 0xc2, 0x28, 0x21, 0x23, 0x23, 0x2d, 0x15, 0x01, 0x02, 0x03, 0x03, 0x06, 0x05, 0x09, 0x0c, 0x0f, 0x12, 0x13, 0x28, 0xa9, 0xb8, 0xb8, 0xb8, 0xbe, 0xc3, 0xc7, 0xc9, 0xc9, 0xcc, 0xce, 0xd1, 0xd1, 0xd5, 0xd5, 0xd7, 0xd7, 0xd9, 0xd6, 0xda, 0xfe, 0xdb, 0xfe, 0xdb, 0xfe, 0xfe, 0xfe, 0xfe, 0xfe, 0xfe, 0xfd, 0xfc, 0xfc, 0xf9, 0xf8, 0xf6, 0xf4, 0xf2, 0xf0, 0xef, 0xf1, 0xe4, 0x00, 0x00, 0x00, 0x00, 0x00, 0x00, 0x00, 0x00, 0x00, 0x00, 0x00, 0x00, 0x00, 0x00, 0x00, 0x00, 0x00, 0x00, 0x00, 0x00, 0x00, 0x00, 0x00, 0x00, 0x00, 0x00, 0x00, 0x00, 0x00, 0x00, 0x00, 0x00, 0x00, 0x00, 0x00, 0x00, 
  0x00, 0x00, 0x00, 0x00, 0x00, 0x00, 0x00, 0x00, 0x00, 0x00, 0x00, 0x00, 0x00, 0x00, 0x00, 0x00, 0x00, 0x00, 0x00, 0x00, 0x00, 0x00, 0x00, 0x00, 0x00, 0x00, 0x00, 0x00, 0x00, 0x00, 0x00, 0x00, 0x00, 0x00, 0x00, 0x00, 0x00, 0xe1, 0x48, 0x21, 0x2a, 0x2a, 0x30, 0x18, 0x01, 0x01, 0x02, 0x03, 0x03, 0x09, 0x09, 0x0c, 0x0f, 0x0f, 0x13, 0x15, 0x6b, 0xb8, 0xb8, 0xb8, 0xbe, 0xc3, 0xc3, 0xc7, 0xc9, 0xcc, 0xce, 0xd0, 0xd1, 0xd3, 0xd1, 0xd7, 0xd4, 0xd9, 0xd9, 0xda, 0xda, 0xda, 0xfe, 0xdb, 0xfe, 0xdd, 0xfe, 0xff, 0xfe, 0xff, 0xfd, 0xfe, 0xfd, 0xfc, 0xfb, 0xf9, 0xf8, 0xf6, 0xf5, 0xf2, 0xf0, 0xef, 0xf3, 0x00, 0x00, 0x00, 0x00, 0x00, 0x00, 0x00, 0x00, 0x00, 0x00, 0x00, 0x00, 0x00, 0x00, 0x00, 0x00, 0x00, 0x00, 0x00, 0x00, 0x00, 0x00, 0x00, 0x00, 0x00, 0x00, 0x00, 0x00, 0x00, 0x00, 0x00, 0x00, 0x00, 0x00, 0x00, 0x00, 
  0x00, 0x00, 0x00, 0x00, 0x00, 0x00, 0x00, 0x00, 0x00, 0x00, 0x00, 0x00, 0x00, 0x00, 0x00, 0x00, 0x00, 0x00, 0x00, 0x00, 0x00, 0x00, 0x00, 0x00, 0x00, 0x00, 0x00, 0x00, 0x00, 0x00, 0x00, 0x00, 0x00, 0x00, 0x00, 0xe4, 0xe4, 0x5f, 0x21, 0x26, 0x2a, 0x30, 0x2d, 0x01, 0xe7, 0x01, 0x02, 0x03, 0x06, 0x09, 0x0a, 0x0c, 0x10, 0x12, 0x15, 0x19, 0xa9, 0xb8, 0xb8, 0xb8, 0xc3, 0xc3, 0xc7, 0xc9, 0xc9, 0xcc, 0xce, 0xd0, 0xd1, 0xd5, 0xd5, 0xd7, 0xd9, 0xd7, 0xda, 0xd6, 0xda, 0xfe, 0xdb, 0xfe, 0xdb, 0xfe, 0xff, 0xdd, 0xff, 0xfe, 0xff, 0xfd, 0xfd, 0xfc, 0xfc, 0xfb, 0xf9, 0xf8, 0xf6, 0xf4, 0xf2, 0x76, 0xee, 0xd8, 0xe4, 0x00, 0x00, 0x00, 0x00, 0x00, 0x00, 0x00, 0x00, 0x00, 0x00, 0x00, 0x00, 0x00, 0x00, 0x00, 0x00, 0x00, 0x00, 0x00, 0x00, 0x00, 0x00, 0x00, 0x00, 0x00, 0x00, 0x00, 0x00, 0x00, 0x00, 0x00, 0x00, 0x00, 0x00, 
  0x00, 0x00, 0x00, 0x00, 0x00, 0x00, 0x00, 0x00, 0x00, 0x00, 0x00, 0x00, 0x00, 0x00, 0x00, 0x00, 0x00, 0x00, 0x00, 0x00, 0x00, 0x00, 0x00, 0x00, 0x00, 0x00, 0x00, 0x00, 0x00, 0x00, 0x00, 0x00, 0x00, 0x00, 0x00, 0xe4, 0x7d, 0x1e, 0x23, 0x2d, 0x30, 0x3d, 0x09, 0x01, 0x01, 0x02, 0x02, 0x03, 0x05, 0x09, 0x0c, 0x0f, 0x12, 0x15, 0x15, 0x5c, 0xb8, 0xb8, 0xb8, 0xc3, 0xc3, 0xc7, 0xc7, 0xc9, 0xcc, 0xce, 0xd0, 0xd1, 0xd3, 0xd5, 0xd5, 0xd7, 0xd7, 0xd9, 0xd9, 0xda, 0xda, 0xdb, 0xdb, 0xdb, 0xdd, 0xfe, 0xdd, 0xff, 0xff, 0xff, 0xfe, 0xfe, 0xfe, 0xfd, 0xfc, 0xfc, 0xfb, 0xf9, 0xf9, 0xf6, 0xf4, 0xf1, 0xef, 0xee, 0xd2, 0xe4, 0x00, 0x00, 0x00, 0x00, 0x00, 0x00, 0x00, 0x00, 0x00, 0x00, 0x00, 0x00, 0x00, 0x00, 0x00, 0x00, 0x00, 0x00, 0x00, 0x00, 0x00, 0x00, 0x00, 0x00, 0x00, 0x00, 0x00, 0x00, 0x00, 0x00, 0x00, 0x00, 0x00, 
  0x00, 0x00, 0x00, 0x00, 0x00, 0x00, 0x00, 0x00, 0x00, 0x00, 0x00, 0x00, 0x00, 0x00, 0x00, 0x00, 0x00, 0x00, 0x00, 0x00, 0x00, 0x00, 0x00, 0x00, 0x00, 0x00, 0x00, 0x00, 0x00, 0x00, 0x00, 0x00, 0x00, 0x00, 0xe4, 0x8d, 0x24, 0x23, 0x2a, 0x30, 0x3d, 0x15, 0x01, 0x02, 0x02, 0x02, 0x03, 0x05, 0x07, 0x0a, 0x0c, 0x12, 0x15, 0x19, 0x19, 0x70, 0xa9, 0xb8, 0xbe, 0xc3, 0xc3, 0xc7, 0xc9, 0xc9, 0xcc, 0xd0, 0xce, 0xd3, 0xd1, 0xd5, 0xd7, 0xd7, 0xd9, 0xd9, 0xda, 0xda, 0xda, 0xfe, 0xdb, 0xfe, 0xdb, 0xdd, 0xff, 0xff, 0xdd, 0xff, 0xfe, 0xff, 0xfe, 0xfd, 0xfd, 0xfc, 0xfc, 0xfb, 0xf9, 0xf8, 0xf5, 0xf2, 0xf0, 0xee, 0xf0, 0xe1, 0x00, 0x00, 0x00, 0x00, 0x00, 0x00, 0x00, 0x00, 0x00, 0x00, 0x00, 0x00, 0x00, 0x00, 0x00, 0x00, 0x00, 0x00, 0x00, 0x00, 0x00, 0x00, 0x00, 0x00, 0x00, 0x00, 0x00, 0x00, 0x00, 0x00, 0x00, 0x00, 0x00, 
  0x00, 0x00, 0x00, 0x00, 0x00, 0x00, 0x00, 0x00, 0x00, 0x00, 0x00, 0x00, 0x00, 0x00, 0x00, 0x00, 0x00, 0x00, 0x00, 0x00, 0x00, 0x00, 0x00, 0x00, 0x00, 0x00, 0x00, 0x00, 0x00, 0x00, 0x00, 0x00, 0x00, 0xe4, 0xe1, 0x2f, 0x21, 0x23, 0x2a, 0x35, 0x2a, 0x01, 0x02, 0x02, 0x02, 0x03, 0x06, 0x06, 0x09, 0x0c, 0x0f, 0x12, 0x15, 0x19, 0x24, 0xa9, 0xb8, 0xb8, 0xbe, 0xc3, 0xc7, 0xc7, 0xc9, 0xcc, 0xcc, 0xce, 0xd3, 0xd1, 0xd3, 0xd5, 0xd4, 0xd9, 0xd9, 0xd9, 0xda, 0xda, 0xda, 0xdb, 0xdb, 0xdb, 0xff, 0xdd, 0xdd, 0xff, 0xff, 0xff, 0xff, 0xfe, 0xff, 0xfe, 0xfe, 0xfd, 0xfc, 0xfc, 0xf9, 0xf9, 0xf6, 0xf4, 0xf2, 0x76, 0xee, 0xa3, 0xe4, 0x00, 0x00, 0x00, 0x00, 0x00, 0x00, 0x00, 0x00, 0x00, 0x00, 0x00, 0x00, 0x00, 0x00, 0x00, 0x00, 0x00, 0x00, 0x00, 0x00, 0x00, 0x00, 0x00, 0x00, 0x00, 0x00, 0x00, 0x00, 0x00, 0x00, 0x00, 0x00, 
  0x00, 0x00, 0x00, 0x00, 0x00, 0x00, 0x00, 0x00, 0x00, 0x00, 0x00, 0x00, 0x00, 0x00, 0x00, 0x00, 0x00, 0x00, 0x00, 0x00, 0x00, 0x00, 0x00, 0x00, 0x00, 0x00, 0x00, 0x00, 0x00, 0x00, 0x00, 0x00, 0x00, 0xd8, 0x2f, 0x1e, 0x26, 0x2a, 0x30, 0x23, 0xe7, 0x01, 0x02, 0x02, 0x03, 0x06, 0x05, 0x09, 0x0a, 0x0c, 0x12, 0x15, 0x19, 0x1d, 0x5c, 0xb8, 0xb8, 0xbe, 0xc3, 0xc7, 0xc7, 0xc9, 0xc9, 0xcc, 0xce, 0xd0, 0xd3, 0xd1, 0xd5, 0xd7, 0xd7, 0xd9, 0xd9, 0xd9, 0xda, 0xda, 0xda, 0xdb, 0xdb, 0xdb, 0xdd, 0xff, 0xdd, 0xff, 0xdd, 0xff, 0xff, 0xff, 0xff, 0xff, 0xff, 0xfd, 0xfd, 0xfc, 0xfc, 0xf9, 0xf8, 0xf6, 0xf3, 0xf1, 0x76, 0xee, 0xcf, 0xe4, 0x00, 0x00, 0x00, 0x00, 0x00, 0x00, 0x00, 0x00, 0x00, 0x00, 0x00, 0x00, 0x00, 0x00, 0x00, 0x00, 0x00, 0x00, 0x00, 0x00, 0x00, 0x00, 0x00, 0x00, 0x00, 0x00, 0x00, 0x00, 0x00, 0x00, 0x00, 
  0x00, 0x00, 0x00, 0x00, 0x00, 0x00, 0x00, 0x00, 0x00, 0x00, 0x00, 0x00, 0x00, 0x00, 0x00, 0x00, 0x00, 0x00, 0x00, 0x00, 0x00, 0x00, 0x00, 0x00, 0x00, 0x00, 0x00, 0x00, 0x00, 0x00, 0x00, 0x00, 0xe4, 0x53, 0x1e, 0x23, 0x2a, 0x2d, 0x2e, 0x0c, 0xe7, 0x01, 0x02, 0x03, 0x04, 0x05, 0x09, 0x09, 0x0c, 0x12, 0x12, 0x15, 0x19, 0x19, 0xb8, 0xb8, 0xbe, 0xc3, 0xc3, 0xc3, 0xc9, 0xc9, 0xcc, 0xcc, 0xd0, 0xd1, 0xd1, 0xd5, 0xd5, 0xd7, 0xd7, 0xd9, 0xd9, 0xda, 0xda, 0xda, 0xdb, 0xdb, 0xdb, 0xdd, 0xdd, 0xdd, 0xff, 0xdd, 0xff, 0xff, 0xff, 0xff, 0xff, 0xff, 0xff, 0xfe, 0xfd, 0xfc, 0xfc, 0xf9, 0xf9, 0xf6, 0xf5, 0xf3, 0xf0, 0x76, 0xef, 0xd2, 0x00, 0x00, 0x00, 0x00, 0x00, 0x00, 0x00, 0x00, 0x00, 0x00, 0x00, 0x00, 0x00, 0x00, 0x00, 0x00, 0x00, 0x00, 0x00, 0x00, 0x00, 0x00, 0x00, 0x00, 0x00, 0x00, 0x00, 0x00, 0x00, 0x00, 0x00, 
  0x00, 0x00, 0x00, 0x00, 0x00, 0x00, 0x00, 0x00, 0x00, 0x00, 0x00, 0x00, 0x00, 0x00, 0x00, 0x00, 0x00, 0x00, 0x00, 0x00, 0x00, 0x00, 0x00, 0x00, 0x00, 0x00, 0x00, 0x00, 0x00, 0x00, 0x00, 0xe4, 0x7d, 0x1e, 0x23, 0x26, 0x2e, 0x3b, 0x12, 0xe6, 0x01, 0x01, 0x02, 0x03, 0x06, 0x09, 0x09, 0x0c, 0x0f, 0x12, 0x15, 0x15, 0x19, 0x20, 0xbe, 0xbe, 0xc3, 0xc3, 0xc3, 0xc7, 0xc7, 0xc9, 0xc9, 0xce, 0xd0, 0xd3, 0xd1, 0xd5, 0xd4, 0xd7, 0xd7, 0xd6, 0xd9, 0xda, 0xda, 0xda, 0xda, 0xdb, 0xdb, 0xdb, 0xdd, 0xdd, 0xde, 0xff, 0xde, 0xff, 0xff, 0xdf, 0xff, 0xff, 0xff, 0xff, 0xfe, 0xfd, 0xfc, 0xfb, 0xfb, 0xf8, 0xf8, 0xf4, 0xf4, 0xf0, 0xef, 0xf0, 0xe4, 0x00, 0x00, 0x00, 0x00, 0x00, 0x00, 0x00, 0x00, 0x00, 0x00, 0x00, 0x00, 0x00, 0x00, 0x00, 0x00, 0x00, 0x00, 0x00, 0x00, 0x00, 0x00, 0x00, 0x00, 0x00, 0x00, 0x00, 0x00, 0x00, 0x00, 
  0x00, 0x00, 0x00, 0x00, 0x00, 0x00, 0x00, 0x00, 0x00, 0x00, 0x00, 0x00, 0x00, 0x00, 0x00, 0x00, 0x00, 0x00, 0x00, 0x00, 0x00, 0x00, 0x00, 0x00, 0x00, 0x00, 0x00, 0x00, 0x00, 0x00, 0xe4, 0x9c, 0x1e, 0x23, 0x2a, 0x2d, 0x3b, 0x1e, 0xe7, 0x01, 0x01, 0x02, 0x03, 0x04, 0x06, 0x09, 0x0c, 0x0f, 0x12, 0x12, 0x15, 0x19, 0x19, 0x70, 0xbe, 0xc3, 0xc3, 0xc3, 0xc7, 0xc7, 0xc9, 0xcc, 0xcc, 0xd0, 0xd0, 0xd1, 0xd5, 0xd5, 0xd7, 0xd7, 0xd9, 0xd9, 0xd9, 0xda, 0xda, 0xdb, 0xdb, 0xdb, 0xdd, 0xdd, 0xdd, 0xff, 0xdd, 0xff, 0xdd, 0xdf, 0xdd, 0xdf, 0xff, 0xdf, 0xff, 0xff, 0xfd, 0xfd, 0xfd, 0xfc, 0xfb, 0xfb, 0xf9, 0xf8, 0xf5, 0xf3, 0xf0, 0x6a, 0xf1, 0xe4, 0xe4, 0x00, 0x00, 0x00, 0x00, 0x00, 0x00, 0x00, 0x00, 0x00, 0x00, 0x00, 0x00, 0x00, 0x00, 0x00, 0x00, 0x00, 0x00, 0x00, 0x00, 0x00, 0x00, 0x00, 0x00, 0x00, 0x00, 0x00, 0x00, 
  0x00, 0x00, 0x00, 0x00, 0x00, 0x00, 0x00, 0x00, 0x00, 0x00, 0x00, 0x00, 0x00, 0x00, 0x00, 0x00, 0x00, 0x00, 0x00, 0x00, 0x00, 0x00, 0x00, 0x00, 0x00, 0x00, 0x00, 0x00, 0x00, 0xe4, 0xd2, 0x2f, 0x1e, 0x23, 0x2d, 0x2e, 0x2e, 0x01, 0x01, 0x01, 0x02, 0x02, 0x03, 0x06, 0x09, 0x0c, 0x0c, 0x12, 0x12, 0x15, 0x19, 0x19, 0x28, 0xb8, 0xbe, 0xc3, 0xc3, 0xc7, 0xc7, 0xc9, 0xc9, 0xc9, 0xd0, 0xce, 0xd3, 0xd1, 0xd5, 0xd7, 0xd7, 0xd7, 0xd9, 0xd9, 0xd9, 0xda, 0xda, 0xdb, 0xdb, 0xdb, 0xdb, 0xdd, 0xdd, 0xdd, 0xdf, 0xdd, 0xdf, 0xff, 0xdf, 0xff, 0xdf, 0xff, 0xff, 0xff, 0xff, 0xfd, 0xfd, 0xfd, 0xfc, 0xfc, 0xf9, 0xf9, 0xf6, 0xf4, 0xf2, 0xf0, 0xee, 0xf6, 0x00, 0x00, 0x00, 0x00, 0x00, 0x00, 0x00, 0x00, 0x00, 0x00, 0x00, 0x00, 0x00, 0x00, 0x00, 0x00, 0x00, 0x00, 0x00, 0x00, 0x00, 0x00, 0x00, 0x00, 0x00, 0x00, 0x00, 0x00, 0x00, 
  0x00, 0x00, 0x00, 0x00, 0x00, 0x00, 0x00, 0x00, 0x00, 0x00, 0x00, 0x00, 0x00, 0x00, 0x00, 0x00, 0x00, 0x00, 0x00, 0x00, 0x00, 0x00, 0x00, 0x00, 0x00, 0x00, 0x00, 0x00, 0x00, 0xe4, 0x48, 0x1e, 0x23, 0x2d, 0x2e, 0x3d, 0x09, 0x01, 0x01, 0x02, 0x02, 0x03, 0x06, 0x06, 0x09, 0x0c, 0x0f, 0x12, 0x15, 0x19, 0x1d, 0x20, 0x74, 0xbe, 0xc3, 0xc3, 0xc3, 0xc7, 0xc7, 0xc9, 0xc9, 0xce, 0xcc, 0xd3, 0xd1, 0xd5, 0xd5, 0xd7, 0xd7, 0xd9, 0xd7, 0xda, 0xd9, 0xda, 0xda, 0xdb, 0xdb, 0xdc, 0xdd, 0xdd, 0xdd, 0xff, 0xdd, 0xdf, 0xdd, 0xdf, 0xdf, 0xdf, 0xdf, 0xff, 0xdf, 0xff, 0xff, 0xff, 0xfd, 0xfd, 0xfc, 0xfc, 0xfb, 0xfb, 0xf8, 0xf6, 0xf3, 0x8f, 0xef, 0x6a, 0xd8, 0xe4, 0x00, 0x00, 0x00, 0x00, 0x00, 0x00, 0x00, 0x00, 0x00, 0x00, 0x00, 0x00, 0x00, 0x00, 0x00, 0x00, 0x00, 0x00, 0x00, 0x00, 0x00, 0x00, 0x00, 0x00, 0x00, 0x00, 0x00, 
  0x00, 0x00, 0x00, 0x00, 0x00, 0x00, 0x00, 0x00, 0x00, 0x00, 0x00, 0x00, 0x00, 0x00, 0x00, 0x00, 0x00, 0x00, 0x00, 0x00, 0x00, 0x00, 0x00, 0x00, 0x00, 0x00, 0x00, 0xe4, 0xe4, 0x53, 0x21, 0x27, 0x2a, 0x2e, 0x35, 0x0c, 0xe7, 0x01, 0x01, 0x02, 0x03, 0x06, 0x06, 0x09, 0x0c, 0x0c, 0x12, 0x15, 0x15, 0x20, 0x20, 0x24, 0xa2, 0xbe, 0xc3, 0xc3, 0xc7, 0xc7, 0xc9, 0xc9, 0xcc, 0xce, 0xd0, 0xd3, 0xd1, 0xd5, 0xd5, 0xd7, 0xd7, 0xd9, 0xd9, 0xd9, 0xda, 0xda, 0xdb, 0xdb, 0xdb, 0xdd, 0xdb, 0xdd, 0xdd, 0xde, 0xdd, 0xdf, 0xdf, 0xdf, 0xdf, 0xdf, 0xdf, 0xdf, 0xff, 0xff, 0xff, 0xff, 0xff, 0xfe, 0xfd, 0xfc, 0xfc, 0xfb, 0xf9, 0xf8, 0xf4, 0xf2, 0xf0, 0x6a, 0xef, 0xe4, 0x00, 0x00, 0x00, 0x00, 0x00, 0x00, 0x00, 0x00, 0x00, 0x00, 0x00, 0x00, 0x00, 0x00, 0x00, 0x00, 0x00, 0x00, 0x00, 0x00, 0x00, 0x00, 0x00, 0x00, 0x00, 0x00, 0x00, 
  0x00, 0x00, 0x00, 0x00, 0x00, 0x00, 0x00, 0x00, 0x00, 0x00, 0x00, 0x00, 0x00, 0x00, 0x00, 0x00, 0x00, 0x00, 0x00, 0x00, 0x00, 0x00, 0x00, 0x00, 0x00, 0x00, 0x00, 0xe4, 0x9c, 0x1e, 0x27, 0x2a, 0x2e, 0x35, 0x23, 0x01, 0x01, 0x01, 0x02, 0x03, 0x06, 0x06, 0x09, 0x0b, 0x0c, 0x11, 0x12, 0x17, 0x19, 0x20, 0x28, 0x46, 0xb8, 0xc3, 0xc3, 0xc3, 0xc7, 0xc7, 0xc9, 0xc9, 0xce, 0xd0, 0xd0, 0xd1, 0xd3, 0xd5, 0xd5, 0xd7, 0xd7, 0xd9, 0xd9, 0xd9, 0xda, 0xda, 0xdb, 0xdb, 0xdc, 0xdb, 0xdd, 0xdd, 0xdd, 0xff, 0xe0, 0xdf, 0xe0, 0xdf, 0xdf, 0xdf, 0xdf, 0xff, 0xdf, 0xdf, 0xff, 0xff, 0xff, 0xff, 0xfd, 0xfd, 0xfc, 0xfb, 0xf9, 0xf8, 0xf6, 0xf4, 0xf2, 0x76, 0xee, 0xf5, 0xe4, 0x00, 0x00, 0x00, 0x00, 0x00, 0x00, 0x00, 0x00, 0x00, 0x00, 0x00, 0x00, 0x00, 0x00, 0x00, 0x00, 0x00, 0x00, 0x00, 0x00, 0x00, 0x00, 0x00, 0x00, 0x00, 0x00, 
  0x00, 0x00, 0x00, 0x00, 0x00, 0x00, 0x00, 0x00, 0x00, 0x00, 0x00, 0x00, 0x00, 0x00, 0x00, 0x00, 0x00, 0x00, 0x00, 0x00, 0x00, 0x00, 0x00, 0x00, 0x00, 0x00, 0x00, 0xc2, 0x28, 0x21, 0x27, 0x2d, 0x2e, 0x27, 0xe7, 0xe7, 0x01, 0x02, 0x03, 0x04, 0x06, 0x09, 0x0b, 0x0c, 0x11, 0x12, 0x15, 0x19, 0x20, 0x20, 0x33, 0x9a, 0xc3, 0xc3, 0xc3, 0xc7, 0xc7, 0xc9, 0xc9, 0xce, 0xcc, 0xce, 0xd3, 0xd1, 0xd5, 0xd5, 0xd7, 0xd7, 0xd7, 0xd9, 0xd9, 0xda, 0xda, 0xda, 0xdb, 0xdb, 0xdb, 0xdc, 0xdd, 0xdd, 0xdd, 0xdf, 0xde, 0xdf, 0xdf, 0xdf, 0xdf, 0xdf, 0xdf, 0xdf, 0xdf, 0xdf, 0xdf, 0xdf, 0xff, 0xff, 0xfe, 0xfd, 0xfc, 0xfc, 0xfb, 0xf9, 0xf8, 0xf5, 0xf4, 0xf2, 0x76, 0xee, 0xf5, 0x00, 0x00, 0x00, 0x00, 0x00, 0x00, 0x00, 0x00, 0x00, 0x00, 0x00, 0x00, 0x00, 0x00, 0x00, 0x00, 0x00, 0x00, 0x00, 0x00, 0x00, 0x00, 0x00, 0x00, 0x00, 0x00, 
  0x00, 0x00, 0x00, 0x00, 0x00, 0x00, 0x00, 0x00, 0x00, 0x00, 0x00, 0x00, 0x00, 0x00, 0x00, 0x00, 0x00, 0x00, 0x00, 0x00, 0x00, 0x00, 0x00, 0x00, 0x00, 0xe4, 0xe1, 0x3a, 0x21, 0x27, 0x2a, 0x2e, 0x3d, 0x06, 0x01, 0x01, 0x02, 0x02, 0x04, 0x06, 0x09, 0x07, 0x0c, 0x11, 0x12, 0x17, 0x19, 0x1f, 0x20, 0x28, 0x33, 0xc3, 0xc3, 0xc3, 0xc7, 0xc7, 0xc9, 0xc9, 0xcc, 0xcc, 0xce, 0xd3, 0xd3, 0xd3, 0xd5, 0xd5, 0xd7, 0xd7, 0xd9, 0xd9, 0xd9, 0xda, 0xda, 0xdb, 0xdb, 0xdb, 0xdc, 0xdd, 0xdd, 0xdd, 0xde, 0xdd, 0xdf, 0xdf, 0xe0, 0xdf, 0xdf, 0xdf, 0xdf, 0xdf, 0xdf, 0xdf, 0xdf, 0xdf, 0xdf, 0xff, 0xff, 0xfd, 0xfd, 0xfc, 0xfc, 0xfb, 0xf9, 0xf8, 0xf5, 0xf4, 0xf1, 0x76, 0xef, 0xfd, 0x00, 0x00, 0x00, 0x00, 0x00, 0x00, 0x00, 0x00, 0x00, 0x00, 0x00, 0x00, 0x00, 0x00, 0x00, 0x00, 0x00, 0x00, 0x00, 0x00, 0x00, 0x00, 0x00, 0x00, 0x00, 
  0x00, 0x00, 0x00, 0x00, 0x00, 0x00, 0x00, 0x00, 0x00, 0x00, 0x00, 0x00, 0x00, 0x00, 0x00, 0x00, 0x00, 0x00, 0x00, 0x00, 0x00, 0x00, 0x00, 0x00, 0x00, 0xe4, 0x7d, 0x24, 0x23, 0x2a, 0x2e, 0x3d, 0x12, 0xe7, 0xe8, 0x02, 0x02, 0x04, 0x06, 0x07, 0x07, 0x0c, 0x0e, 0x12, 0x14, 0x15, 0x20, 0x20, 0x28, 0x28, 0x52, 0xc3, 0xc3, 0xc7, 0xc7, 0xc9, 0xc9, 0xcc, 0xc9, 0xce, 0xd0, 0xd0, 0xd1, 0xd5, 0xd5, 0xd7, 0xd7, 0xd7, 0xd9, 0xd9, 0xd9, 0xda, 0xda, 0xda, 0xdb, 0xdb, 0xdd, 0xdb, 0xdd, 0xde, 0xff, 0xde, 0xdf, 0xe0, 0xdf, 0xdf, 0xdf, 0xdf, 0xdf, 0xdf, 0xdf, 0xdf, 0xdf, 0xdf, 0xdf, 0xff, 0xff, 0xfe, 0xfd, 0xfd, 0xfc, 0xfb, 0xfb, 0xf8, 0xf8, 0xf5, 0xf2, 0xf0, 0x6a, 0xf0, 0xe1, 0x00, 0x00, 0x00, 0x00, 0x00, 0x00, 0x00, 0x00, 0x00, 0x00, 0x00, 0x00, 0x00, 0x00, 0x00, 0x00, 0x00, 0x00, 0x00, 0x00, 0x00, 0x00, 0x00, 0x00, 
  0x00, 0x00, 0x00, 0x00, 0x00, 0x00, 0x00, 0x00, 0x00, 0x00, 0x00, 0x00, 0x00, 0x00, 0x00, 0x00, 0x00, 0x00, 0x00, 0x00, 0x00, 0x00, 0x00, 0x00, 0x00, 0x8d, 0x23, 0x27, 0x2d, 0x35, 0x3d, 0x27, 0xe7, 0x01, 0x02, 0x02, 0x04, 0x06, 0x06, 0x07, 0x0c, 0x0c, 0x11, 0x14, 0x19, 0x1a, 0x20, 0x28, 0x28, 0x2f, 0xb6, 0xc3, 0xc7, 0xc7, 0xc9, 0xc9, 0xc9, 0xcc, 0xce, 0xd0, 0xd0, 0xd1, 0xd3, 0xd5, 0xd5, 0xd7, 0xd7, 0xd9, 0xd9, 0xd9, 0xda, 0xda, 0xda, 0xdb, 0xdb, 0xdb, 0xdc, 0xdd, 0xdd, 0xde, 0xe0, 0xde, 0xdf, 0xde, 0xdf, 0xe0, 0xdf, 0xe2, 0xdf, 0xe2, 0xdf, 0xe2, 0xdf, 0xdf, 0xdf, 0xdf, 0xff, 0xff, 0xfe, 0xfd, 0xfd, 0xfc, 0xfb, 0xf9, 0xf8, 0xf6, 0xf4, 0xf2, 0x76, 0x6a, 0xf6, 0x00, 0x00, 0x00, 0x00, 0x00, 0x00, 0x00, 0x00, 0x00, 0x00, 0x00, 0x00, 0x00, 0x00, 0x00, 0x00, 0x00, 0x00, 0x00, 0x00, 0x00, 0x00, 0x00, 0x00, 
  0x00, 0x00, 0x00, 0x00, 0x00, 0x00, 0x00, 0x00, 0x00, 0x00, 0x00, 0x00, 0x00, 0x00, 0x00, 0x00, 0x00, 0x00, 0x00, 0x00, 0x00, 0x00, 0x00, 0x00, 0xc2, 0x33, 0x27, 0x2d, 0x35, 0x3d, 0x2e, 0x04, 0x01, 0x02, 0x02, 0x04, 0x04, 0x06, 0x07, 0x0b, 0x0c, 0x11, 0x14, 0x19, 0x1a, 0x20, 0x28, 0x28, 0x33, 0x74, 0xc7, 0xc7, 0xc7, 0xc9, 0xc9, 0xcc, 0xcc, 0xcc, 0xd0, 0xce, 0xd3, 0xd3, 0xd3, 0xd5, 0xd7, 0xd7, 0xd7, 0xd9, 0xd9, 0xda, 0xd9, 0xda, 0xda, 0xdb, 0xdb, 0xdd, 0xdc, 0xdd, 0xde, 0xde, 0xde, 0xdf, 0xe0, 0xdf, 0xe0, 0xdf, 0xdf, 0xdf, 0xe2, 0xdf, 0xe2, 0xdf, 0xe2, 0xdf, 0xdf, 0xdf, 0xff, 0xff, 0xff, 0xfe, 0xfd, 0xfd, 0xfc, 0xfb, 0xf9, 0xf8, 0xf6, 0xf3, 0x8f, 0x76, 0xee, 0xf6, 0xe4, 0x00, 0x00, 0x00, 0x00, 0x00, 0x00, 0x00, 0x00, 0x00, 0x00, 0x00, 0x00, 0x00, 0x00, 0x00, 0x00, 0x00, 0x00, 0x00, 0x00, 0x00, 0x00, 
  0x00, 0x00, 0x00, 0x00, 0x00, 0x00, 0x00, 0x00, 0x00, 0x00, 0x00, 0x00, 0x00, 0x00, 0x00, 0x00, 0x00, 0x00, 0x00, 0x00, 0x00, 0x00, 0x00, 0xe4, 0x3a, 0x23, 0x2a, 0x2e, 0x35, 0x45, 0x11, 0x01, 0x02, 0x02, 0x02, 0x04, 0x06, 0x07, 0x09, 0x0e, 0x0f, 0x14, 0x15, 0x1a, 0x20, 0x20, 0x2b, 0x28, 0x2f, 0xb6, 0xc9, 0xc7, 0xc9, 0xc7, 0xc9, 0xcc, 0xcc, 0xce, 0xd0, 0xd3, 0xd3, 0xd3, 0xd5, 0xd5, 0xd7, 0xd7, 0xd9, 0xd9, 0xd9, 0xd9, 0xda, 0xda, 0xdb, 0xda, 0xdc, 0xdc, 0xdd, 0xdd, 0xdd, 0xde, 0xdf, 0xde, 0xdf, 0xe0, 0xdf, 0xdf, 0xe2, 0xdf, 0xe3, 0xe2, 0xe2, 0xe2, 0xdf, 0xe2, 0xdf, 0xdf, 0xdf, 0xff, 0xff, 0xff, 0xfd, 0xfd, 0xfc, 0xfc, 0xfb, 0xf9, 0xf8, 0xf4, 0xa1, 0xf0, 0x6a, 0xef, 0xe1, 0x00, 0x00, 0x00, 0x00, 0x00, 0x00, 0x00, 0x00, 0x00, 0x00, 0x00, 0x00, 0x00, 0x00, 0x00, 0x00, 0x00, 0x00, 0x00, 0x00, 0x00, 0x00, 
  0x00, 0x00, 0x00, 0x00, 0x00, 0x00, 0x00, 0x00, 0x00, 0x00, 0x00, 0x00, 0x00, 0x00, 0x00, 0x00, 0x00, 0x00, 0x00, 0x00, 0x00, 0x00, 0xe4, 0x7d, 0x23, 0x27, 0x2e, 0x35, 0x45, 0x19, 0x01, 0xe8, 0x02, 0x04, 0x04, 0x06, 0x06, 0x0b, 0x0e, 0x11, 0x14, 0x17, 0x1a, 0x20, 0x20, 0x2b, 0x28, 0x33, 0x46, 0xc7, 0xc7, 0xc9, 0xc9, 0xc9, 0xcc, 0xcc, 0xcc, 0xd0, 0xd0, 0xd3, 0xd1, 0xd5, 0xd5, 0xd5, 0xd7, 0xd7, 0xd7, 0xd9, 0xd9, 0xda, 0xda, 0xda, 0xdb, 0xdb, 0xdd, 0xdc, 0xdd, 0xde, 0xdd, 0xde, 0xde, 0xe0, 0xe0, 0xdf, 0xe0, 0xe3, 0xdf, 0xe2, 0xdf, 0xe2, 0xdf, 0xe2, 0xe2, 0xdf, 0xe2, 0xdf, 0xdf, 0xdf, 0xdf, 0xff, 0xff, 0xfd, 0xfd, 0xfc, 0xfb, 0xfb, 0xf8, 0xf8, 0xf5, 0xa1, 0x82, 0x6a, 0xf1, 0xe1, 0x00, 0x00, 0x00, 0x00, 0x00, 0x00, 0x00, 0x00, 0x00, 0x00, 0x00, 0x00, 0x00, 0x00, 0x00, 0x00, 0x00, 0x00, 0x00, 0x00, 0x00, 
  0x00, 0x00, 0x00, 0x00, 0x00, 0x00, 0x00, 0x00, 0x00, 0x00, 0x00, 0x00, 0x00, 0x00, 0x00, 0x00, 0x00, 0x00, 0x00, 0x00, 0x00, 0xe4, 0x93, 0x27, 0x27, 0x2d, 0x2e, 0x3d, 0x28, 0x01, 0xe8, 0x02, 0x04, 0x04, 0x06, 0x07, 0x0b, 0x0b, 0x11, 0x11, 0x15, 0x1a, 0x19, 0x25, 0x28, 0x2b, 0x33, 0x37, 0x9a, 0xc7, 0xc9, 0xc9, 0xcc, 0xc9, 0xcc, 0xce, 0xd0, 0xce, 0xd3, 0xd1, 0xd5, 0xd5, 0xd5, 0xd7, 0xd7, 0xd9, 0xd7, 0xd9, 0xd9, 0xd9, 0xda, 0xda, 0xdc, 0xdb, 0xdc, 0xdd, 0xdd, 0xde, 0xde, 0xde, 0xe0, 0xde, 0xdf, 0xe0, 0xdf, 0xdf, 0xe3, 0xdf, 0xe3, 0xdf, 0xe2, 0xdf, 0xe2, 0xe2, 0xe2, 0xe2, 0xdf, 0xdf, 0xdf, 0xdf, 0xff, 0xfe, 0xfd, 0xfd, 0xfc, 0xfb, 0xf9, 0xf8, 0xf6, 0xf4, 0xf2, 0x82, 0x6a, 0xca, 0xe4, 0x00, 0x00, 0x00, 0x00, 0x00, 0x00, 0x00, 0x00, 0x00, 0x00, 0x00, 0x00, 0x00, 0x00, 0x00, 0x00, 0x00, 0x00, 0x00, 0x00, 
  0x00, 0x00, 0x00, 0x00, 0x00, 0x00, 0x00, 0x00, 0x00, 0x00, 0x00, 0x00, 0x00, 0x00, 0x00, 0x00, 0x00, 0x00, 0x00, 0x00, 0x00, 0xe1, 0x48, 0x27, 0x2a, 0x2e, 0x3d, 0x55, 0x0f, 0xe8, 0x02, 0x04, 0x04, 0x06, 0x07, 0x07, 0x0b, 0x0e, 0x11, 0x17, 0x17, 0x1f, 0x1f, 0x28, 0x2b, 0x33, 0x37, 0x52, 0xc7, 0xc9, 0xc9, 0xc9, 0xcc, 0xcc, 0xd0, 0xcc, 0xd0, 0xd0, 0xd0, 0xd3, 0xd3, 0xd5, 0xd5, 0xd7, 0xd7, 0xd7, 0xd9, 0xd9, 0xd9, 0xda, 0xda, 0xda, 0xdb, 0xdc, 0xdc, 0xdc, 0xdd, 0xde, 0xde, 0xdf, 0xde, 0xdf, 0xe0, 0xdf, 0xe0, 0xe3, 0xdf, 0xe3, 0xdf, 0xe2, 0xe2, 0xe2, 0xdf, 0xe2, 0xdf, 0xe2, 0xe2, 0xdf, 0xdf, 0xdf, 0xff, 0xff, 0xfd, 0xfd, 0xfc, 0xfc, 0xf9, 0xf9, 0xf7, 0xf5, 0xa1, 0x8f, 0x6a, 0xef, 0xe2, 0x00, 0x00, 0x00, 0x00, 0x00, 0x00, 0x00, 0x00, 0x00, 0x00, 0x00, 0x00, 0x00, 0x00, 0x00, 0x00, 0x00, 0x00, 0x00, 0x00, 
  0x00, 0x00, 0x00, 0x00, 0x00, 0x00, 0x00, 0x00, 0x00, 0x00, 0x00, 0x00, 0x00, 0x00, 0x00, 0x00, 0x00, 0x00, 0x00, 0x00, 0xe4, 0x48, 0x23, 0x2a, 0x2e, 0x35, 0x45, 0x12, 0xe8, 0x02, 0x04, 0x04, 0x06, 0x07, 0x07, 0x0b, 0x0e, 0x11, 0x14, 0x17, 0x1a, 0x20, 0x25, 0x28, 0x2f, 0x33, 0x40, 0x74, 0xc9, 0xc9, 0xc9, 0xcc, 0xcc, 0xcc, 0xce, 0xd0, 0xd0, 0xd3, 0xd3, 0xd3, 0xd5, 0xd5, 0xd5, 0xd7, 0xd7, 0xd9, 0xd9, 0xd9, 0xd9, 0xd9, 0xda, 0xda, 0xda, 0xdb, 0xdc, 0xdd, 0xdd, 0xde, 0xe0, 0xde, 0xdf, 0xe0, 0xe0, 0xe0, 0xe3, 0xdf, 0xe2, 0xdf, 0xe3, 0xe2, 0xdf, 0xe2, 0xe2, 0xe2, 0xe2, 0xe2, 0xe2, 0xdf, 0xdf, 0xdf, 0xdf, 0xff, 0xfe, 0xfd, 0xfc, 0xfc, 0xfb, 0xf9, 0xf8, 0xf7, 0xf4, 0xf2, 0x82, 0x6a, 0x6a, 0x00, 0x00, 0x00, 0x00, 0x00, 0x00, 0x00, 0x00, 0x00, 0x00, 0x00, 0x00, 0x00, 0x00, 0x00, 0x00, 0x00, 0x00, 0x00, 0x00, 
  0x00, 0x00, 0x00, 0x00, 0x00, 0x00, 0x00, 0x00, 0x00, 0x00, 0x00, 0x00, 0x00, 0x00, 0x00, 0x00, 0x00, 0x00, 0x00, 0xe4, 0xc2, 0x27, 0x2a, 0x2e, 0x2e, 0x3d, 0x2e, 0x04, 0x02, 0x02, 0x04, 0x06, 0x07, 0x07, 0x0b, 0x0e, 0x11, 0x14, 0x17, 0x1a, 0x1f, 0x20, 0x2b, 0x2f, 0x33, 0x40, 0x4b, 0xc1, 0xcc, 0xc9, 0xcc, 0xcc, 0xcc, 0xcc, 0xce, 0xd0, 0xd1, 0xd3, 0xd3, 0xd1, 0xd5, 0xd5, 0xd7, 0xd5, 0xd5, 0xd7, 0xda, 0xda, 0xdb, 0xda, 0xd9, 0xda, 0xdb, 0xdc, 0xdc, 0xdc, 0xdd, 0xde, 0xde, 0xe0, 0xe0, 0xe0, 0xe0, 0xdf, 0xe0, 0xe3, 0xe0, 0xe3, 0xe0, 0xe2, 0xe3, 0xe2, 0xe2, 0xe2, 0xe2, 0xe2, 0xe2, 0xe2, 0xe2, 0xdf, 0xff, 0xdf, 0xfe, 0xfe, 0xfd, 0xfc, 0xfc, 0xfa, 0xfb, 0xf6, 0xc1, 0xa1, 0x8f, 0x6a, 0x6a, 0xf5, 0xe4, 0x00, 0x00, 0x00, 0x00, 0x00, 0x00, 0x00, 0x00, 0x00, 0x00, 0x00, 0x00, 0x00, 0x00, 0x00, 0x00, 0x00, 0x00, 
  0x00, 0x00, 0x00, 0x00, 0x00, 0x00, 0x00, 0x00, 0x00, 0x00, 0x00, 0x00, 0x00, 0x00, 0x00, 0x00, 0x00, 0x00, 0x00, 0xd8, 0x2f, 0x26, 0x2e, 0x2e, 0x3d, 0x45, 0x06, 0x02, 0x04, 0x04, 0x06, 0x06, 0x07, 0x0b, 0x0e, 0x11, 0x14, 0x17, 0x1a, 0x1f, 0x25, 0x2b, 0x2f, 0x33, 0x40, 0x40, 0x9a, 0xc9, 0xcc, 0xc9, 0xce, 0xcc, 0xce, 0xcc, 0xd0, 0xd0, 0xd1, 0xd3, 0xd3, 0xd3, 0xd5, 0xd7, 0xd5, 0xd7, 0xd4, 0xd7, 0xda, 0xcf, 0xdb, 0xcf, 0xda, 0xdb, 0xdb, 0xdd, 0xdc, 0xdd, 0xdc, 0xde, 0xe0, 0xde, 0xe0, 0xe0, 0xdf, 0xe0, 0xe3, 0xdf, 0xe3, 0xdf, 0xe3, 0xdf, 0xe3, 0xe2, 0xe2, 0xe2, 0xe2, 0xe2, 0xe2, 0xe2, 0xdf, 0xdf, 0xdf, 0xdf, 0xff, 0xfe, 0xfd, 0xfd, 0xfc, 0xfc, 0xfb, 0xfa, 0xf6, 0xb6, 0xf2, 0x82, 0x6a, 0x62, 0xd8, 0xe4, 0x00, 0x00, 0x00, 0x00, 0x00, 0x00, 0x00, 0x00, 0x00, 0x00, 0x00, 0x00, 0x00, 0x00, 0x00, 0x00, 0x00, 
  0x00, 0x00, 0x00, 0x00, 0x00, 0x00, 0x00, 0x00, 0x00, 0x00, 0x00, 0x00, 0x00, 0x00, 0x00, 0x00, 0x00, 0x00, 0xe4, 0x48, 0x1e, 0x2a, 0x2e, 0x3d, 0x45, 0x19, 0x02, 0x02, 0x04, 0x04, 0x07, 0x07, 0x0b, 0x0e, 0x0e, 0x14, 0x14, 0x1a, 0x1f, 0x25, 0x2b, 0x2b, 0x37, 0x37, 0x4b, 0x46, 0xcc, 0xc9, 0xc9, 0xce, 0xcc, 0xce, 0xcc, 0xce, 0xd0, 0xd0, 0xd3, 0xd3, 0xd3, 0xd1, 0xd3, 0xd6, 0xd9, 0x8d, 0x1c, 0xe9, 0xe9, 0xe9, 0xe9, 0xe9, 0xe9, 0xec, 0x47, 0xcf, 0xdb, 0xdc, 0xdd, 0xde, 0xde, 0xe0, 0xe0, 0xe0, 0xe0, 0xe3, 0xe0, 0xe3, 0xdf, 0xe3, 0xdf, 0xe3, 0xe2, 0xe3, 0xe2, 0xe2, 0xe2, 0xe2, 0xe2, 0xe2, 0xe2, 0xdf, 0xdf, 0xdf, 0xff, 0xff, 0xfe, 0xfd, 0xfd, 0xd6, 0xfc, 0xf9, 0xfa, 0xf6, 0xb6, 0xf2, 0x82, 0x6a, 0xf2, 0xe4, 0x00, 0x00, 0x00, 0x00, 0x00, 0x00, 0x00, 0x00, 0x00, 0x00, 0x00, 0x00, 0x00, 0x00, 0x00, 0x00, 0x00, 
  0x00, 0x00, 0x00, 0x00, 0x00, 0x00, 0x00, 0x00, 0x00, 0x00, 0x00, 0x00, 0x00, 0x00, 0x00, 0x00, 0x00, 0xe4, 0x9c, 0x24, 0x27, 0x2a, 0x35, 0x3d, 0x33, 0x04, 0x02, 0x04, 0x06, 0x06, 0x07, 0x0b, 0x0b, 0x11, 0x11, 0x17, 0x17, 0x1f, 0x25, 0x2b, 0x2f, 0x2f, 0x37, 0x40, 0x46, 0x74, 0xcc, 0xc9, 0xce, 0xcc, 0xce, 0xce, 0xd0, 0xce, 0xd0, 0xd1, 0xd3, 0xd3, 0xd3, 0xd3, 0xca, 0x69, 0xed, 0xe7, 0xe5, 0xe5, 0xe5, 0xe6, 0xe6, 0xe6, 0xe5, 0xe5, 0xe5, 0xea, 0x31, 0xb2, 0xdf, 0xdd, 0xe0, 0xde, 0xe0, 0xdf, 0xe0, 0xe3, 0xdf, 0xe3, 0xdf, 0xe3, 0xe3, 0xe3, 0xe2, 0xe2, 0xe2, 0xe3, 0xe2, 0xe2, 0xe2, 0xe2, 0xdf, 0xe2, 0xdf, 0xdf, 0xff, 0xff, 0xfe, 0xfe, 0xfd, 0xfc, 0xd6, 0xfb, 0xfa, 0xf7, 0xf5, 0xa1, 0xf2, 0x76, 0x62, 0xf5, 0xe4, 0x00, 0x00, 0x00, 0x00, 0x00, 0x00, 0x00, 0x00, 0x00, 0x00, 0x00, 0x00, 0x00, 0x00, 0x00, 0x00, 
  0x00, 0x00, 0x00, 0x00, 0x00, 0x00, 0x00, 0x00, 0x00, 0x00, 0x00, 0x00, 0x00, 0x00, 0x00, 0x00, 0x00, 0xe1, 0x28, 0x23, 0x2a, 0x2e, 0x39, 0x45, 0x06, 0x02, 0x02, 0x04, 0x06, 0x07, 0x0b, 0x0b, 0x0e, 0x11, 0x14, 0x17, 0x1f, 0x1f, 0x2b, 0x2b, 0x2f, 0x37, 0x40, 0x46, 0x4b, 0xc6, 0xc6, 0xcc, 0xc6, 0xcc, 0xce, 0xce, 0xce, 0xd0, 0xd0, 0xd3, 0xd1, 0xd5, 0xd1, 0xd0, 0x31, 0xe6, 0xe6, 0xe6, 0xe5, 0xe5, 0xe6, 0xe6, 0xe7, 0xe6, 0xe6, 0xe5, 0xe5, 0xe5, 0xe5, 0xea, 0xc2, 0xe2, 0xdd, 0xde, 0xe0, 0xe0, 0xdf, 0xe3, 0xe0, 0xe3, 0xdf, 0xe3, 0xdf, 0xe3, 0xe2, 0xe3, 0xe3, 0xe2, 0xe3, 0xe2, 0xe2, 0xe2, 0xe2, 0xdf, 0xdf, 0xdf, 0xdf, 0xff, 0xff, 0xfe, 0xfd, 0xfd, 0xd6, 0xfb, 0xfa, 0xf8, 0xf7, 0xf4, 0xa1, 0x82, 0x6a, 0x60, 0xe1, 0xe4, 0x00, 0x00, 0x00, 0x00, 0x00, 0x00, 0x00, 0x00, 0x00, 0x00, 0x00, 0x00, 0x00, 0x00, 0x00, 
  0x00, 0x00, 0x00, 0x00, 0x00, 0x00, 0x00, 0x00, 0x00, 0x00, 0x00, 0x00, 0x00, 0x00, 0x00, 0x00, 0xe4, 0x7d, 0x23, 0x2a, 0x2e, 0x3b, 0x45, 0x28, 0x02, 0x04, 0x04, 0x06, 0x07, 0x07, 0x0b, 0x0e, 0x11, 0x14, 0x17, 0x1a, 0x1f, 0x25, 0x2b, 0x37, 0x37, 0x40, 0x40, 0x4b, 0x74, 0xc9, 0xcc, 0xc6, 0xce, 0xce, 0xce, 0xd0, 0xd0, 0xd0, 0xd1, 0xd0, 0xd3, 0xd5, 0xc5, 0xed, 0xe6, 0xe5, 0xe6, 0xe6, 0xe5, 0xe5, 0xe5, 0xe5, 0xe6, 0xe6, 0xe6, 0xe5, 0xe6, 0xe5, 0xe6, 0xe6, 0xe9, 0xa6, 0xdf, 0xdd, 0xe0, 0xdf, 0xe3, 0xe0, 0xe3, 0xdf, 0xe3, 0xe3, 0xe3, 0xe3, 0xe3, 0xe3, 0xe2, 0xe3, 0xe2, 0xe2, 0xe3, 0xe2, 0xdf, 0xe2, 0xdf, 0xe2, 0xdf, 0xdf, 0xff, 0xff, 0xfd, 0xfd, 0xd6, 0xfc, 0xfa, 0xfa, 0xf7, 0xf5, 0xa1, 0x8f, 0x82, 0x62, 0x8f, 0xe4, 0x00, 0x00, 0x00, 0x00, 0x00, 0x00, 0x00, 0x00, 0x00, 0x00, 0x00, 0x00, 0x00, 0x00, 0x00, 
  0x00, 0x00, 0x00, 0x00, 0x00, 0x00, 0x00, 0x00, 0x00, 0x00, 0x00, 0x00, 0x00, 0x00, 0x00, 0x00, 0xb2, 0x24, 0x27, 0x2e, 0x35, 0x42, 0x3c, 0x04, 0x02, 0x04, 0x04, 0x07, 0x07, 0x0b, 0x0e, 0x11, 0x14, 0x17, 0x1a, 0x1f, 0x2b, 0x2b, 0x37, 0x37, 0x40, 0x46, 0x4b, 0x52, 0xf5, 0xcc, 0xce, 0xcc, 0xce, 0xce, 0xd0, 0xd1, 0xd0, 0xd1, 0xd0, 0xd3, 0xd1, 0xd3, 0x1c, 0xe5, 0xe5, 0xe5, 0xe6, 0xe6, 0xe6, 0xea, 0x1c, 0x31, 0x31, 0x31, 0xed, 0xe7, 0xe5, 0xe6, 0xe6, 0xe7, 0xe6, 0xea, 0x63, 0xe0, 0xe0, 0xe3, 0xe0, 0xe3, 0xe3, 0xe3, 0xe0, 0xe3, 0xe3, 0xe3, 0xe3, 0xe3, 0xe3, 0xe2, 0xe3, 0xe2, 0xe2, 0xe2, 0xe2, 0xe2, 0xe2, 0xdf, 0xdf, 0xdf, 0xff, 0xff, 0xfe, 0xfd, 0xd6, 0xd6, 0xfb, 0xfa, 0xf7, 0xf7, 0xb6, 0xa1, 0x82, 0x6a, 0x60, 0xc5, 0xe4, 0x00, 0x00, 0x00, 0x00, 0x00, 0x00, 0x00, 0x00, 0x00, 0x00, 0x00, 0x00, 0x00, 0x00, 
  0x00, 0x00, 0x00, 0x00, 0x00, 0x00, 0x00, 0x00, 0x00, 0x00, 0x00, 0x00, 0x00, 0x00, 0x00, 0xe4, 0x3a, 0x27, 0x2d, 0x2e, 0x35, 0x55, 0x12, 0x02, 0x04, 0x06, 0x07, 0x07, 0x0b, 0x0e, 0x11, 0x14, 0x17, 0x1a, 0x1f, 0x25, 0x2b, 0x2f, 0x37, 0x40, 0x4b, 0x4b, 0x52, 0x83, 0xd0, 0xcc, 0xcc, 0xce, 0xd0, 0xd0, 0xd1, 0xd0, 0xd1, 0xd3, 0xd1, 0xd3, 0xca, 0x53, 0xe6, 0xe5, 0xe5, 0xe5, 0xe5, 0xe9, 0x47, 0xcf, 0xd6, 0xd6, 0xdb, 0xdb, 0xd2, 0x93, 0xec, 0xe5, 0xe6, 0xe7, 0xe6, 0xe5, 0xe9, 0xe2, 0xdf, 0xe0, 0xdf, 0xe3, 0xe0, 0xe2, 0xe0, 0xe3, 0xe3, 0xe3, 0xe3, 0xe3, 0xe2, 0xe3, 0xe2, 0xe2, 0xe3, 0xe2, 0xe2, 0xe2, 0xe2, 0xe2, 0xdf, 0xdf, 0xdf, 0xff, 0xff, 0xfd, 0xfd, 0xd6, 0xd4, 0xd4, 0xfa, 0xf7, 0xf5, 0xa1, 0x8f, 0x82, 0x6a, 0x8f, 0xe1, 0x00, 0x00, 0x00, 0x00, 0x00, 0x00, 0x00, 0x00, 0x00, 0x00, 0x00, 0x00, 0x00, 0x00, 
  0x00, 0x00, 0x00, 0x00, 0x00, 0x00, 0x00, 0x00, 0x00, 0x00, 0x00, 0x00, 0x00, 0x00, 0xe4, 0x93, 0x23, 0x2a, 0x2e, 0x35, 0x42, 0x3c, 0x04, 0x04, 0x04, 0x07, 0x07, 0x0b, 0x0e, 0x11, 0x14, 0x17, 0x1a, 0x1f, 0x25, 0x2b, 0x2f, 0x37, 0x40, 0x4b, 0x52, 0x52, 0x5b, 0xc6, 0xcc, 0xcc, 0xce, 0xd0, 0xce, 0xd0, 0xd0, 0xd3, 0xd3, 0xd3, 0xd0, 0xd3, 0xca, 0xea, 0xe6, 0xe7, 0xe5, 0xe5, 0xeb, 0x93, 0xdb, 0xd9, 0xd9, 0xda, 0xda, 0xdb, 0xdb, 0xdd, 0xc2, 0x63, 0xe6, 0xe7, 0xe6, 0xe6, 0xe5, 0x31, 0xd8, 0xe0, 0xe3, 0xe0, 0xe3, 0xdf, 0xe3, 0xe3, 0xe3, 0xe3, 0xe3, 0xe3, 0xe3, 0xe3, 0xe3, 0xe3, 0xe3, 0xe2, 0xe3, 0xe2, 0xe2, 0xe2, 0xdf, 0xdf, 0xe0, 0xff, 0xdd, 0xfe, 0xfd, 0xd6, 0xfc, 0xd4, 0xfa, 0xf7, 0xf7, 0xb6, 0xa1, 0x8f, 0x85, 0x64, 0xa2, 0xe4, 0x00, 0x00, 0x00, 0x00, 0x00, 0x00, 0x00, 0x00, 0x00, 0x00, 0x00, 0x00, 0x00, 
  0x00, 0x00, 0x00, 0x00, 0x00, 0x00, 0x00, 0x00, 0x00, 0x00, 0x00, 0x00, 0x00, 0xe4, 0xd2, 0x28, 0x23, 0x2e, 0x35, 0x42, 0x55, 0x07, 0x04, 0x04, 0x06, 0x07, 0x0b, 0x0e, 0x0e, 0x14, 0x17, 0x1a, 0x1f, 0x25, 0x2b, 0x2f, 0x37, 0x40, 0x4b, 0x4b, 0x52, 0x5b, 0x8e, 0xcc, 0xcc, 0xd0, 0xd0, 0xd0, 0xd0, 0xd1, 0xd3, 0xd3, 0xd3, 0xd1, 0xd3, 0xd1, 0x41, 0xe5, 0xe7, 0xe6, 0xe6, 0xeb, 0xa6, 0xda, 0xdb, 0xda, 0xda, 0xda, 0xda, 0xdb, 0xdc, 0xdb, 0xdd, 0xdd, 0x31, 0xe6, 0xe7, 0xe6, 0xe5, 0xe9, 0xa6, 0xdf, 0xe2, 0xe0, 0xe2, 0xe3, 0xe3, 0xe3, 0xe3, 0xe3, 0xe3, 0xe3, 0xe3, 0xe3, 0xe3, 0xe3, 0xe3, 0xe3, 0xe3, 0xe3, 0xe3, 0xe2, 0xdf, 0xdf, 0xdf, 0xdd, 0xff, 0xdb, 0xfd, 0xfd, 0xd6, 0xd4, 0xfa, 0xfa, 0xf7, 0xc1, 0xf4, 0x9e, 0x82, 0x73, 0x62, 0xdb, 0x00, 0x00, 0x00, 0x00, 0x00, 0x00, 0x00, 0x00, 0x00, 0x00, 0x00, 0x00, 0x00, 
  0x00, 0x00, 0x00, 0x00, 0x00, 0x00, 0x00, 0x00, 0x00, 0x00, 0x00, 0x00, 0x00, 0xe4, 0x7d, 0x1e, 0x2a, 0x2e, 0x3d, 0x55, 0x49, 0x04, 0x04, 0x06, 0x07, 0x0b, 0x0b, 0x0e, 0x11, 0x14, 0x17, 0x1f, 0x25, 0x2b, 0x2b, 0x37, 0x37, 0x40, 0x4b, 0x52, 0x5b, 0x68, 0xc6, 0xd0, 0xce, 0xd0, 0xd0, 0xd0, 0xd1, 0xd0, 0xd3, 0xd3, 0xd3, 0xd3, 0xd3, 0xaa, 0xe9, 0xe5, 0xe5, 0xe6, 0xe6, 0x47, 0xda, 0xdb, 0xda, 0xdb, 0xda, 0xda, 0xda, 0xdb, 0xdc, 0xdc, 0xde, 0xdd, 0xd8, 0x1c, 0xe7, 0xe6, 0xe7, 0xe5, 0x80, 0xe2, 0xe3, 0xe3, 0xe3, 0xdf, 0xe3, 0xe3, 0xe3, 0xe3, 0xe3, 0xe3, 0xe3, 0xe3, 0xe3, 0xe3, 0xe2, 0xe3, 0xe2, 0xe2, 0xe2, 0xe2, 0xdf, 0xdf, 0xdf, 0xdd, 0xff, 0xdd, 0xfe, 0xd6, 0xd6, 0xfc, 0xd4, 0xfa, 0xf7, 0xf7, 0xb6, 0xaf, 0x8f, 0x82, 0x6f, 0x8e, 0xe4, 0xe4, 0x00, 0x00, 0x00, 0x00, 0x00, 0x00, 0x00, 0x00, 0x00, 0x00, 0x00, 
  0x00, 0x00, 0x00, 0x00, 0x00, 0x00, 0x00, 0x00, 0x00, 0x00, 0x00, 0x00, 0x00, 0xb2, 0x28, 0x23, 0x2a, 0x35, 0x45, 0x55, 0x07, 0x06, 0x06, 0x07, 0x07, 0x0b, 0x0e, 0x11, 0x14, 0x1a, 0x1f, 0x25, 0x2b, 0x2b, 0x37, 0x37, 0x4b, 0x4b, 0x5b, 0x5b, 0x5b, 0x9a, 0xd0, 0xd0, 0xd0, 0xd0, 0xd0, 0xd1, 0xd0, 0xd3, 0xd3, 0xd5, 0xd3, 0xd5, 0xd1, 0x41, 0xe5, 0xe5, 0xe5, 0xe5, 0xec, 0xcf, 0xda, 0xdb, 0xda, 0xdb, 0xda, 0xdb, 0xdb, 0xda, 0xdc, 0xdc, 0xde, 0xde, 0xdf, 0x80, 0xe7, 0xe7, 0xe7, 0xe7, 0x1c, 0xd8, 0xe3, 0xe0, 0xdf, 0xe3, 0xe2, 0xe3, 0xe3, 0xe3, 0xe3, 0xe3, 0xe3, 0xe3, 0xe3, 0xe3, 0xe3, 0xe3, 0xe2, 0xe3, 0xe3, 0xe2, 0xdf, 0xe0, 0xdf, 0xdd, 0xff, 0xdb, 0xfe, 0xfe, 0xd6, 0xd6, 0xd4, 0xfa, 0xfa, 0xf7, 0xc1, 0xb6, 0xa1, 0x85, 0x6a, 0x5d, 0xc5, 0xe4, 0x00, 0x00, 0x00, 0x00, 0x00, 0x00, 0x00, 0x00, 0x00, 0x00, 0x00, 
  0x00, 0x00, 0x00, 0x00, 0x00, 0x00, 0x00, 0x00, 0x00, 0x00, 0x00, 0x00, 0xe4, 0x3a, 0x23, 0x2a, 0x2e, 0x39, 0x55, 0x1a, 0x04, 0x07, 0x07, 0x0b, 0x0b, 0x0e, 0x11, 0x14, 0x17, 0x1a, 0x25, 0x2b, 0x2f, 0x37, 0x40, 0x40, 0x4b, 0x52, 0x5b, 0x68, 0x74, 0xc6, 0xd0, 0xce, 0xd0, 0xd1, 0xd0, 0xd3, 0xd1, 0xd5, 0xd3, 0xd5, 0xd5, 0xd7, 0xd5, 0x1c, 0xe5, 0xe5, 0xe5, 0xe5, 0x47, 0xda, 0xdb, 0xda, 0xdb, 0xdb, 0xdc, 0xda, 0xdb, 0xdc, 0xdc, 0xdd, 0xdd, 0xdd, 0xdd, 0xc2, 0xea, 0xe6, 0xe7, 0xe8, 0xe9, 0xd2, 0xe2, 0xe0, 0xe3, 0xe0, 0xe3, 0xe3, 0xe3, 0xe3, 0xe3, 0xe3, 0xe3, 0xe3, 0xe3, 0xe3, 0xe3, 0xe3, 0xe2, 0xe3, 0xdf, 0xe3, 0xdf, 0xdf, 0xde, 0xdf, 0xdd, 0xff, 0xdb, 0xfe, 0xd6, 0xd6, 0xd4, 0xfa, 0xd1, 0xf7, 0xc1, 0xc1, 0xaf, 0x8f, 0x85, 0x5a, 0x83, 0xe1, 0x00, 0x00, 0x00, 0x00, 0x00, 0x00, 0x00, 0x00, 0x00, 0x00, 0x00, 
  0x00, 0x00, 0x00, 0x00, 0x00, 0x00, 0x00, 0x00, 0x00, 0x00, 0x00, 0x00, 0xc2, 0x27, 0x2a, 0x2e, 0x2e, 0x45, 0x5e, 0x07, 0x06, 0x07, 0x0b, 0x0b, 0x11, 0x11, 0x14, 0x17, 0x1a, 0x25, 0x2b, 0x2f, 0x37, 0x40, 0x4b, 0x4b, 0x5b, 0x5b, 0x68, 0x68, 0xf5, 0xd3, 0xd1, 0xd0, 0xd3, 0xd0, 0xd3, 0xd3, 0xd3, 0xd3, 0xd5, 0xd5, 0xd5, 0xd5, 0xd7, 0xec, 0xe7, 0xe5, 0xe5, 0xe5, 0x93, 0xd9, 0xda, 0xda, 0xdb, 0xda, 0xdc, 0xdb, 0xdc, 0xdb, 0xdc, 0xde, 0xdd, 0xde, 0xdd, 0xdd, 0x31, 0xe6, 0xe7, 0xe7, 0xe6, 0x80, 0xe2, 0xdd, 0xe3, 0xdf, 0xe3, 0xe3, 0xe3, 0xe3, 0xe3, 0xe3, 0xe2, 0xe2, 0xe3, 0xe3, 0xe3, 0xe3, 0xe3, 0xe2, 0xe2, 0xdf, 0xe2, 0xe0, 0xdf, 0xdd, 0xdd, 0xdd, 0xdb, 0xdb, 0xd6, 0xd6, 0xd4, 0xd4, 0xfa, 0xce, 0xf7, 0xc1, 0xaf, 0x9e, 0x82, 0x6f, 0x5a, 0xc5, 0xe4, 0x00, 0x00, 0x00, 0x00, 0x00, 0x00, 0x00, 0x00, 0x00, 0x00, 
  0x00, 0x00, 0x00, 0x00, 0x00, 0x00, 0x00, 0x00, 0x00, 0x00, 0x00, 0xd8, 0x48, 0x2a, 0x2e, 0x35, 0x45, 0x45, 0x17, 0x04, 0x07, 0x07, 0x0e, 0x0e, 0x11, 0x14, 0x17, 0x1a, 0x1f, 0x25, 0x2b, 0x37, 0x40, 0x4b, 0x4b, 0x52, 0x5b, 0x68, 0x68, 0x83, 0xd3, 0xd1, 0xd0, 0xd1, 0xd3, 0xd3, 0xd3, 0xd3, 0xd3, 0xd5, 0xd5, 0xd5, 0xd5, 0xd1, 0xd7, 0xec, 0xe6, 0xe7, 0xe6, 0xe6, 0x93, 0xda, 0xda, 0xda, 0xda, 0xdc, 0xdb, 0xdc, 0xdc, 0xdc, 0xdd, 0xde, 0xdd, 0xde, 0xdd, 0xdb, 0x63, 0xe6, 0xe7, 0xe6, 0xe5, 0x47, 0xdd, 0xe0, 0xe0, 0xe3, 0xe3, 0xe3, 0xe3, 0xe3, 0xe3, 0xe3, 0xe3, 0xe3, 0xe2, 0xe3, 0xe3, 0xe3, 0xe3, 0xe2, 0xe2, 0xe2, 0xe0, 0xdf, 0xdd, 0xe0, 0xdd, 0xdd, 0xdc, 0xfe, 0xda, 0xd6, 0xd4, 0xd4, 0xfa, 0xce, 0xf7, 0xc1, 0xb6, 0xa1, 0x97, 0x82, 0x6f, 0x66, 0xd8, 0x00, 0x00, 0x00, 0x00, 0x00, 0x00, 0x00, 0x00, 0x00, 0x00, 
  0x00, 0x00, 0x00, 0x00, 0x00, 0x00, 0x00, 0x00, 0x00, 0x00, 0xe4, 0x9c, 0x23, 0x2d, 0x35, 0x45, 0x4c, 0x5e, 0x02, 0x06, 0x07, 0x0b, 0x0e, 0x11, 0x14, 0x17, 0x1a, 0x1f, 0x25, 0x2f, 0x37, 0x37, 0x4b, 0x4b, 0x5b, 0x5b, 0x68, 0x68, 0x68, 0xf5, 0xce, 0xd0, 0xd1, 0xd3, 0xd3, 0xd3, 0xd3, 0xd5, 0xd3, 0xd5, 0xd5, 0xd5, 0xd5, 0xd3, 0xca, 0xeb, 0xe6, 0xe6, 0xe7, 0xe9, 0xa6, 0xdb, 0xda, 0xda, 0xdb, 0xda, 0xdc, 0xdc, 0xdc, 0xde, 0xdc, 0xde, 0xdd, 0xde, 0xde, 0xdd, 0x93, 0xe7, 0xe6, 0xe6, 0xe5, 0x31, 0xe2, 0xe0, 0xe3, 0xe3, 0xe3, 0xe3, 0xe3, 0xdf, 0xe3, 0xe3, 0xe3, 0xe3, 0xe2, 0xe3, 0xe3, 0xe3, 0xe3, 0xe3, 0xe3, 0xe0, 0xe2, 0xe0, 0xdf, 0xde, 0xdd, 0xdd, 0xdb, 0xdb, 0xda, 0xd6, 0xd7, 0xd4, 0xd4, 0xce, 0xf7, 0xc9, 0xb6, 0xaf, 0x9e, 0x85, 0x85, 0x65, 0xc5, 0xe4, 0x00, 0x00, 0x00, 0x00, 0x00, 0x00, 0x00, 0x00, 0x00, 
  0x00, 0x00, 0x00, 0x00, 0x00, 0x00, 0x00, 0x00, 0x00, 0xe4, 0xe1, 0x3a, 0x23, 0x2e, 0x39, 0x45, 0x66, 0x2f, 0x06, 0x07, 0x0b, 0x0e, 0x11, 0x14, 0x17, 0x1a, 0x1f, 0x25, 0x2b, 0x2f, 0x37, 0x40, 0x52, 0x5b, 0x5b, 0x68, 0x68, 0x74, 0x8e, 0xd0, 0xd0, 0xd1, 0xd0, 0xd1, 0xd3, 0xd3, 0xd5, 0xd5, 0xd5, 0xd5, 0xd7, 0xd5, 0xd5, 0xd1, 0xca, 0xeb, 0xe6, 0xe6, 0xe7, 0xe9, 0xb2, 0xdb, 0xda, 0xda, 0xda, 0xdc, 0xdc, 0xdc, 0xde, 0xdc, 0xdd, 0xde, 0xdc, 0xde, 0xde, 0xe0, 0xa6, 0xe9, 0xe6, 0xe6, 0xe5, 0x31, 0xe0, 0xe3, 0xe3, 0xe2, 0xe1, 0xe2, 0xd8, 0xe2, 0xe2, 0xe0, 0xe3, 0xe3, 0xe2, 0xe2, 0xe3, 0xe3, 0xe3, 0xe0, 0xe3, 0xe2, 0xdf, 0xe0, 0xe0, 0xdf, 0xde, 0xdd, 0xdd, 0xda, 0xfe, 0xd9, 0xd6, 0xd4, 0xd1, 0xfa, 0xce, 0xc1, 0xc1, 0xb6, 0xa1, 0x97, 0x85, 0x6e, 0x79, 0xe1, 0x00, 0x00, 0x00, 0x00, 0x00, 0x00, 0x00, 0x00, 0x00, 
  0x00, 0x00, 0x00, 0x00, 0x00, 0x00, 0x00, 0x00, 0x00, 0xe4, 0x7d, 0x1e, 0x27, 0x30, 0x3d, 0x4e, 0x5e, 0x07, 0x07, 0x0b, 0x0b, 0x11, 0x11, 0x17, 0x17, 0x1f, 0x25, 0x2b, 0x2f, 0x37, 0x4b, 0x4b, 0x5b, 0x5b, 0x68, 0x68, 0x74, 0x74, 0xf6, 0xcc, 0xd0, 0xd0, 0xd3, 0xd3, 0xd3, 0xd5, 0xd5, 0xd5, 0xd5, 0xd7, 0xd5, 0xd7, 0xd5, 0xd5, 0xca, 0xeb, 0xe5, 0xe6, 0xe6, 0xe9, 0x9c, 0xdb, 0xda, 0xda, 0xdc, 0xdb, 0xdd, 0xdd, 0xdd, 0xde, 0xdc, 0xde, 0xde, 0xdd, 0xde, 0xe0, 0x93, 0xe9, 0xe7, 0xe7, 0xe5, 0x31, 0xe2, 0xe3, 0xe1, 0xd8, 0x63, 0x31, 0x1c, 0x31, 0xa6, 0xe2, 0xe2, 0xe3, 0xe3, 0xe3, 0xe3, 0xe3, 0xe0, 0xe3, 0xe0, 0xe0, 0xe0, 0xe0, 0xe0, 0xde, 0xde, 0xdd, 0xdb, 0xdb, 0xdb, 0xda, 0xd6, 0xd4, 0xd4, 0xd1, 0xce, 0xf7, 0xc7, 0xb6, 0xaf, 0x9e, 0x85, 0x85, 0x5d, 0xa3, 0xe4, 0x00, 0x00, 0x00, 0x00, 0x00, 0x00, 0x00, 0x00, 
  0x00, 0x00, 0x00, 0x00, 0x00, 0x00, 0x00, 0x00, 0x00, 0xd8, 0x28, 0x23, 0x2a, 0x35, 0x3d, 0x66, 0x17, 0x07, 0x0b, 0x0b, 0x11, 0x11, 0x17, 0x17, 0x1f, 0x25, 0x2b, 0x37, 0x37, 0x40, 0x4b, 0x5b, 0x5b, 0x68, 0x74, 0x74, 0x83, 0x9a, 0xce, 0xd3, 0xd0, 0xd0, 0xd3, 0xd3, 0xd3, 0xd5, 0xd5, 0xd5, 0xd7, 0xd7, 0xd7, 0xd5, 0xd7, 0xd4, 0xd7, 0xec, 0xe7, 0xe6, 0xe6, 0xe5, 0x93, 0xda, 0xda, 0xdb, 0xdb, 0xdc, 0xdc, 0xdd, 0xdc, 0xdd, 0xde, 0xdc, 0xde, 0xdc, 0xdd, 0xe0, 0x63, 0xe8, 0xe7, 0xe8, 0xe5, 0x63, 0xe3, 0xd8, 0xa6, 0xec, 0xe7, 0xe5, 0xe6, 0xe5, 0xe9, 0x47, 0xd8, 0xe1, 0xe3, 0xe3, 0xe3, 0xe0, 0xe3, 0xe0, 0xe3, 0xe0, 0xdf, 0xe0, 0xe0, 0xe0, 0xde, 0xdd, 0xdc, 0xdb, 0xfe, 0xda, 0xd9, 0xd4, 0xd4, 0xd1, 0xce, 0xcc, 0xc1, 0xc1, 0xb6, 0xaf, 0x97, 0x85, 0x65, 0x6b, 0xe1, 0x00, 0x00, 0x00, 0x00, 0x00, 0x00, 0x00, 0x00, 
  0x00, 0x00, 0x00, 0x00, 0x00, 0x00, 0x00, 0x00, 0x00, 0xb2, 0x23, 0x2a, 0x2e, 0x35, 0x42, 0x79, 0x0b, 0x0b, 0x0b, 0x11, 0x11, 0x17, 0x17, 0x1f, 0x1f, 0x2b, 0x2f, 0x37, 0x40, 0x4b, 0x52, 0x5b, 0x68, 0x68, 0x74, 0x83, 0x8e, 0xc6, 0xd3, 0xd0, 0xd3, 0xd3, 0xd3, 0xd3, 0xd3, 0xd5, 0xd5, 0xd7, 0xd5, 0xd7, 0xd5, 0xd7, 0xd7, 0xd7, 0xd9, 0xed, 0xe7, 0xe6, 0xe5, 0xe5, 0x93, 0xd6, 0xda, 0xdc, 0xdc, 0xdc, 0xdd, 0xdc, 0xde, 0xdd, 0xde, 0xde, 0xde, 0xdd, 0xdb, 0xdd, 0x1c, 0xe8, 0xe8, 0xe8, 0xe7, 0xa6, 0xd8, 0x80, 0xe9, 0xe7, 0xe8, 0xe7, 0xe7, 0xe7, 0xe8, 0xe8, 0x47, 0xe1, 0xe3, 0xe3, 0xe3, 0xe3, 0xe0, 0xe3, 0xe0, 0xe0, 0xe0, 0xe0, 0xde, 0xde, 0xdd, 0xdc, 0xdd, 0xdb, 0xda, 0xda, 0xd6, 0xd7, 0xd4, 0xd1, 0xce, 0xce, 0xc9, 0xc7, 0xb6, 0xaf, 0x9e, 0x85, 0x65, 0x54, 0xaa, 0x00, 0x00, 0x00, 0x00, 0x00, 0x00, 0x00, 0x00, 
  0x00, 0x00, 0x00, 0x00, 0x00, 0x00, 0x00, 0x00, 0xd8, 0x3a, 0x2a, 0x2e, 0x35, 0x35, 0x66, 0x28, 0x07, 0x0b, 0x0e, 0x11, 0x14, 0x17, 0x1a, 0x1f, 0x2b, 0x2b, 0x37, 0x40, 0x4b, 0x5b, 0x5b, 0x68, 0x68, 0x74, 0x83, 0x83, 0xa2, 0xd1, 0xd3, 0xd3, 0xd3, 0xd3, 0xd3, 0xd3, 0xd5, 0xd5, 0xd5, 0xd5, 0xd7, 0xd7, 0xd7, 0xd7, 0xd7, 0xd7, 0xd9, 0x1c, 0xe6, 0xe6, 0xe5, 0xe5, 0x47, 0xdb, 0xdb, 0xdc, 0xdc, 0xdc, 0xdc, 0xdc, 0xdc, 0xdd, 0xde, 0xde, 0xde, 0xde, 0xdb, 0xc2, 0xe9, 0xe7, 0xe8, 0xe8, 0xeb, 0xd8, 0xd8, 0x1c, 0xe5, 0xe7, 0xed, 0x47, 0x47, 0xed, 0xe8, 0xe8, 0xec, 0xd8, 0xe2, 0xe3, 0xe0, 0xe3, 0xe3, 0xe0, 0xe3, 0xdf, 0xe0, 0xe0, 0xe0, 0xde, 0xdd, 0xdd, 0xdb, 0xdb, 0xdb, 0xda, 0xda, 0xd7, 0xd4, 0xd1, 0xce, 0xce, 0xc9, 0xc1, 0xc3, 0xaf, 0xac, 0x85, 0x85, 0x61, 0x66, 0xe2, 0x00, 0x00, 0x00, 0x00, 0x00, 0x00, 0x00, 
  0x00, 0x00, 0x00, 0x00, 0x00, 0x00, 0x00, 0xe4, 0x93, 0x23, 0x2e, 0x35, 0x3b, 0x55, 0x5e, 0x07, 0x07, 0x0e, 0x11, 0x14, 0x17, 0x1f, 0x1f, 0x25, 0x2b, 0x37, 0x40, 0x4b, 0x52, 0x5b, 0x68, 0x68, 0x74, 0x83, 0x83, 0x8e, 0xc1, 0xce, 0xd3, 0xd3, 0xd1, 0xd3, 0xd5, 0xd5, 0xd5, 0xd5, 0xd5, 0xd7, 0xd5, 0xd7, 0xd7, 0xd7, 0xd9, 0xd9, 0xd9, 0x41, 0xe6, 0xe5, 0xe6, 0xe5, 0xec, 0xc2, 0xde, 0xdc, 0xdc, 0xdc, 0xdc, 0xdc, 0xdc, 0xde, 0xde, 0xde, 0xe0, 0xe0, 0xdd, 0x63, 0xe7, 0xe6, 0xe8, 0xe7, 0x31, 0xe1, 0xd8, 0xed, 0xea, 0xeb, 0xc2, 0xe2, 0xd8, 0xa6, 0xe8, 0xe8, 0xe9, 0xa6, 0xe2, 0xde, 0xe3, 0xe3, 0xe0, 0xe3, 0xe0, 0xe0, 0xe0, 0xde, 0xde, 0xde, 0xdd, 0xdc, 0xdb, 0xdb, 0xda, 0xda, 0xd9, 0xd7, 0xd4, 0xd1, 0xd1, 0xcc, 0xc9, 0xc7, 0xbe, 0xb6, 0x9e, 0x9e, 0x7a, 0x6e, 0x5d, 0xc5, 0xe4, 0x00, 0x00, 0x00, 0x00, 0x00, 0x00, 
  0x00, 0x00, 0x00, 0x00, 0x00, 0x00, 0x00, 0xe4, 0x48, 0x23, 0x2e, 0x3b, 0x3d, 0x79, 0x5c, 0x07, 0x0b, 0x0e, 0x11, 0x17, 0x1a, 0x25, 0x25, 0x2b, 0x37, 0x37, 0x4b, 0x52, 0x5b, 0x68, 0x74, 0x74, 0x83, 0x8e, 0x8e, 0xa2, 0xce, 0xd0, 0xd3, 0xd3, 0xd3, 0xd5, 0xd3, 0xd5, 0xd5, 0xd7, 0xd5, 0xd7, 0xd7, 0xd7, 0xd7, 0xd9, 0xd7, 0xd9, 0xd9, 0xc5, 0xea, 0xe5, 0xe6, 0xe7, 0xe6, 0x47, 0xdd, 0xdd, 0xdc, 0xdc, 0xdc, 0xdc, 0xdc, 0xde, 0xdc, 0xe0, 0xe0, 0xe2, 0xd2, 0xeb, 0xe7, 0xe7, 0xe6, 0xe7, 0x80, 0xe1, 0xe3, 0xd8, 0xc2, 0xc2, 0xe0, 0xe0, 0xe2, 0xd8, 0xea, 0xe7, 0xe9, 0x80, 0xe0, 0xe0, 0xe3, 0xe3, 0xe0, 0xe3, 0xdf, 0xe3, 0xde, 0xe0, 0xde, 0xde, 0xdd, 0xdd, 0xdc, 0xdb, 0xda, 0xda, 0xd9, 0xd7, 0xd7, 0xd1, 0xd1, 0xcc, 0xf7, 0xcb, 0xb6, 0xc4, 0xaf, 0x9e, 0x97, 0x85, 0x67, 0x89, 0xe4, 0x00, 0x00, 0x00, 0x00, 0x00, 0x00, 
  0x00, 0x00, 0x00, 0x00, 0x00, 0x00, 0xe4, 0xb2, 0x24, 0x23, 0x35, 0x3d, 0x4e, 0x8c, 0x1a, 0x0b, 0x0e, 0x11, 0x17, 0x17, 0x1f, 0x25, 0x2b, 0x37, 0x37, 0x4b, 0x4b, 0x5b, 0x68, 0x68, 0x74, 0x83, 0x8e, 0x8e, 0x8e, 0xc1, 0xd0, 0xd0, 0xd3, 0xd3, 0xd3, 0xd3, 0xd5, 0xd5, 0xd5, 0xd7, 0xd5, 0xd7, 0xd7, 0xd7, 0xd9, 0xd9, 0xd9, 0xd9, 0xd7, 0xd9, 0x41, 0xe7, 0xe6, 0xe8, 0xe7, 0xeb, 0x80, 0xdb, 0xdb, 0xdc, 0xdc, 0xde, 0xde, 0xdc, 0xdc, 0xde, 0xe0, 0xd8, 0x1c, 0xe7, 0xe8, 0xe7, 0xe7, 0xea, 0xc2, 0xe2, 0xe2, 0xe3, 0xe2, 0xdf, 0xdd, 0xde, 0xe2, 0xa6, 0xe8, 0xe8, 0xea, 0xc2, 0xe2, 0xe0, 0xe3, 0xe0, 0xe3, 0xe0, 0xe0, 0xe0, 0xde, 0xde, 0xdd, 0xde, 0xdd, 0xdc, 0xdb, 0xda, 0xda, 0xd9, 0xd9, 0xd9, 0xd7, 0xd1, 0xd1, 0xce, 0xcd, 0xc7, 0xc8, 0xb6, 0xb5, 0x9e, 0x97, 0x85, 0x6e, 0x66, 0xc5, 0x00, 0xe4, 0x00, 0x00, 0x00, 0x00, 
  0x00, 0x00, 0x00, 0x00, 0x00, 0x00, 0xe1, 0x48, 0x1e, 0x2a, 0x35, 0x45, 0x66, 0x5c, 0x0b, 0x0e, 0x11, 0x14, 0x17, 0x1f, 0x25, 0x2b, 0x37, 0x37, 0x4b, 0x52, 0x5b, 0x68, 0x68, 0x74, 0x83, 0x8e, 0x9a, 0x9a, 0xa2, 0xce, 0xd0, 0xd0, 0xd3, 0xd3, 0xd3, 0xd5, 0xd5, 0xd7, 0xd5, 0xd7, 0xd7, 0xd7, 0xd9, 0xd7, 0xd9, 0xd9, 0xd9, 0xd9, 0xd9, 0xd9, 0xda, 0xea, 0xe7, 0xe7, 0xe7, 0xe6, 0xe7, 0x63, 0xcf, 0xdb, 0xe0, 0xdd, 0xe0, 0xdd, 0xdd, 0xdb, 0xa6, 0x1c, 0xe8, 0x02, 0xe8, 0xe7, 0xe7, 0x63, 0xe2, 0xe0, 0xe3, 0xe2, 0xe2, 0xe3, 0xe0, 0xe0, 0xd2, 0x31, 0xe8, 0xe8, 0xed, 0xe1, 0xe2, 0xe3, 0xe3, 0xe0, 0xe0, 0xdf, 0xde, 0xe0, 0xde, 0xde, 0xde, 0xde, 0xdd, 0xdc, 0xdc, 0xda, 0xda, 0xd9, 0xd9, 0xd7, 0xd7, 0xd1, 0xd0, 0xce, 0xc9, 0xc7, 0xc8, 0xbe, 0xbb, 0xaf, 0x9f, 0x97, 0x77, 0x5d, 0x89, 0xe4, 0x00, 0x00, 0x00, 0x00, 0x00, 
  0x00, 0x00, 0x00, 0x00, 0x00, 0x00, 0xd2, 0x21, 0x27, 0x2e, 0x3b, 0x45, 0x79, 0x14, 0x0b, 0x11, 0x14, 0x17, 0x1f, 0x25, 0x25, 0x2f, 0x37, 0x4b, 0x52, 0x5b, 0x68, 0x68, 0x74, 0x83, 0x8e, 0x8e, 0xa2, 0xa2, 0xc6, 0xd1, 0xd3, 0xd3, 0xd3, 0xd3, 0xd5, 0xd3, 0xd5, 0xd5, 0xd7, 0xd7, 0xd7, 0xd7, 0xd7, 0xd9, 0xd9, 0xd9, 0xd9, 0xd9, 0xd9, 0xda, 0xdb, 0x8d, 0xe9, 0xe7, 0xe7, 0xe6, 0xe6, 0xe6, 0xec, 0x80, 0xcf, 0xd8, 0xe2, 0xd2, 0x93, 0x1c, 0xe9, 0xe7, 0xe8, 0xe8, 0x02, 0xe8, 0xed, 0xe2, 0xde, 0xe0, 0xe0, 0xe3, 0xe3, 0xe3, 0xe2, 0xd8, 0x31, 0xe5, 0xe7, 0xe9, 0x80, 0xd8, 0xe3, 0xe2, 0xe0, 0xe0, 0xe0, 0xe0, 0xe0, 0xdd, 0xde, 0xde, 0xde, 0xdd, 0xdc, 0xdb, 0xdb, 0xda, 0xda, 0xd9, 0xd9, 0xd7, 0xd7, 0xd5, 0xd0, 0xce, 0xcd, 0xc9, 0xc8, 0xbe, 0xbe, 0xac, 0xac, 0x91, 0x7f, 0x61, 0x66, 0xe1, 0x00, 0x00, 0x00, 0x00, 0x00, 
  0x00, 0x00, 0x00, 0x00, 0x00, 0xe4, 0x9c, 0x2a, 0x2e, 0x30, 0x3d, 0x55, 0x8c, 0x0b, 0x0e, 0x14, 0x17, 0x1a, 0x1f, 0x2b, 0x2b, 0x37, 0x40, 0x4b, 0x52, 0x68, 0x68, 0x74, 0x74, 0x8e, 0x8e, 0x9a, 0xa2, 0xf5, 0xce, 0xd3, 0xd3, 0xd3, 0xd3, 0xd5, 0xd3, 0xd5, 0xd5, 0xd5, 0xd7, 0xd7, 0xd9, 0xd7, 0xd9, 0xd9, 0xd9, 0xd9, 0xd9, 0xd9, 0xda, 0xda, 0xdb, 0xdd, 0x41, 0xe6, 0xe6, 0xe6, 0xe6, 0xe6, 0xe7, 0xe8, 0xea, 0xec, 0xed, 0xeb, 0xe9, 0xe6, 0xe7, 0xe6, 0xe8, 0xe8, 0xe8, 0x1c, 0xc2, 0xe0, 0xe0, 0xe0, 0xe0, 0xe3, 0xe3, 0xe1, 0xd8, 0x47, 0x02, 0xe7, 0xe6, 0x47, 0xd8, 0xe3, 0xe3, 0xe3, 0xe0, 0xe0, 0xde, 0xe0, 0xde, 0xe0, 0xde, 0xde, 0xdc, 0xdd, 0xdc, 0xdc, 0xda, 0xda, 0xda, 0xd9, 0xd9, 0xd7, 0xd7, 0xd5, 0xd0, 0xcc, 0xcc, 0xc7, 0xcb, 0xbe, 0xc0, 0xaf, 0xb0, 0x97, 0x85, 0x6e, 0x57, 0xc5, 0xe4, 0x00, 0x00, 0x00, 0x00, 
  0x00, 0x00, 0x00, 0x00, 0x00, 0xe1, 0x48, 0x2d, 0x35, 0x35, 0x3d, 0x66, 0x5c, 0x0e, 0x11, 0x14, 0x1a, 0x1f, 0x2b, 0x2b, 0x2f, 0x40, 0x4b, 0x52, 0x68, 0x68, 0x74, 0x83, 0x8e, 0x8e, 0x9a, 0xa2, 0xf5, 0xc6, 0xd3, 0xd3, 0xd3, 0xd5, 0xd3, 0xd5, 0xd5, 0xd5, 0xd7, 0xd5, 0xd7, 0xd7, 0xd7, 0xd9, 0xd7, 0xd9, 0xd9, 0xd9, 0xda, 0xda, 0xda, 0xdc, 0xdb, 0xdb, 0xcf, 0x41, 0xe6, 0xe6, 0xe7, 0xe8, 0xe8, 0xe8, 0xe8, 0xe8, 0xe8, 0xe8, 0xe7, 0xe8, 0xe7, 0xe7, 0xe6, 0xe7, 0xeb, 0xd2, 0xe1, 0xe3, 0xe3, 0xe0, 0xe3, 0xe0, 0xe2, 0xd8, 0x31, 0xe8, 0xe8, 0xe9, 0x31, 0xd8, 0xdd, 0xe0, 0xe0, 0xe0, 0xe0, 0xe0, 0xe0, 0xde, 0xe0, 0xde, 0xde, 0xde, 0xde, 0xdc, 0xdc, 0xdb, 0xda, 0xda, 0xd9, 0xd9, 0xd9, 0xd7, 0xd7, 0xd3, 0xd0, 0xcc, 0xc9, 0xc9, 0xc8, 0xc8, 0xbe, 0xbb, 0xac, 0x9f, 0x8a, 0x72, 0x61, 0x6b, 0xe4, 0x00, 0x00, 0x00, 0x00, 
  0x00, 0x00, 0x00, 0x00, 0xe4, 0x9c, 0x23, 0x35, 0x3b, 0x3d, 0x55, 0x8c, 0x17, 0x11, 0x14, 0x1a, 0x1f, 0x25, 0x2b, 0x37, 0x37, 0x4b, 0x52, 0x5b, 0x68, 0x74, 0x83, 0x8e, 0x8e, 0x9a, 0xa2, 0xa2, 0xc1, 0xce, 0xd3, 0xd3, 0xd3, 0xd3, 0xd5, 0xd5, 0xd5, 0xd7, 0xd5, 0xd7, 0xd7, 0xd7, 0xd7, 0xd7, 0xd9, 0xd9, 0xd9, 0xd9, 0xda, 0xda, 0xda, 0xda, 0xda, 0xda, 0xd9, 0xdb, 0x7d, 0xeb, 0xe7, 0xe8, 0xe8, 0xe7, 0xe7, 0xe7, 0xe7, 0xe8, 0xe8, 0xe8, 0xe8, 0xe7, 0xe9, 0x47, 0xe2, 0xe2, 0xe3, 0xe3, 0xe3, 0xe3, 0xe0, 0xe0, 0xd8, 0x1c, 0xe8, 0xe8, 0xea, 0x63, 0xe1, 0xe0, 0xe0, 0xde, 0xe0, 0xe0, 0xe0, 0xe0, 0xde, 0xe0, 0xde, 0xde, 0xde, 0xde, 0xdc, 0xdc, 0xdb, 0xda, 0xda, 0xda, 0xda, 0xd9, 0xd9, 0xd7, 0xd5, 0xd3, 0xd3, 0xcc, 0xc9, 0xcb, 0xc7, 0xc8, 0xbe, 0xbb, 0xac, 0xa8, 0x94, 0x7f, 0x67, 0x5d, 0xc5, 0xe4, 0x00, 0x00, 0x00, 
  0x00, 0x00, 0x00, 0x00, 0xe4, 0x69, 0x23, 0x35, 0x3d, 0x43, 0x79, 0x6b, 0x0e, 0x14, 0x17, 0x1a, 0x25, 0x25, 0x2f, 0x37, 0x40, 0x4b, 0x5b, 0x68, 0x68, 0x74, 0x83, 0x8e, 0x9a, 0xa2, 0xb6, 0xc6, 0xc9, 0xd0, 0xd0, 0xd3, 0xd3, 0xd5, 0xd5, 0xd5, 0xd7, 0xd5, 0xd7, 0xd7, 0xd7, 0xd7, 0xd7, 0xd9, 0xd9, 0xd9, 0xd9, 0xda, 0xda, 0xda, 0xdb, 0xdb, 0xda, 0xda, 0xda, 0xd9, 0xdb, 0xb2, 0x31, 0xed, 0xe9, 0xe6, 0xe6, 0xe6, 0xe7, 0xe7, 0xe7, 0xe8, 0xec, 0x1c, 0xa6, 0xdd, 0xdd, 0xe0, 0xe3, 0xe3, 0xe3, 0xe3, 0xe2, 0xd2, 0x47, 0xe7, 0xe7, 0xe9, 0x63, 0xe1, 0xe1, 0xe2, 0xe0, 0xdd, 0xde, 0xde, 0xe0, 0xde, 0xe0, 0xde, 0xe0, 0xde, 0xde, 0xdc, 0xdd, 0xdb, 0xdc, 0xda, 0xda, 0xda, 0xd9, 0xd9, 0xd7, 0xd7, 0xd5, 0xd3, 0xd3, 0xcc, 0xcd, 0xcb, 0xc8, 0xc8, 0xc4, 0xc0, 0xac, 0xa8, 0x97, 0x7f, 0x67, 0x5d, 0xa3, 0xe4, 0x00, 0x00, 0x00, 
  0x00, 0x00, 0x00, 0x00, 0xe1, 0x3a, 0x23, 0x35, 0x3e, 0x51, 0x8c, 0x5c, 0x11, 0x17, 0x1a, 0x1f, 0x25, 0x2b, 0x37, 0x40, 0x4b, 0x5b, 0x5b, 0x68, 0x74, 0x83, 0x8e, 0x9a, 0xa2, 0xc1, 0xc6, 0xc9, 0xce, 0xd0, 0xd3, 0xd3, 0xd5, 0xd3, 0xd5, 0xd5, 0xd5, 0xd7, 0xd7, 0xd7, 0xd7, 0xd7, 0xd9, 0xd7, 0xd9, 0xd9, 0xd9, 0xda, 0xda, 0xda, 0xdb, 0xda, 0xdc, 0xda, 0xda, 0xdb, 0xdb, 0xdd, 0xde, 0xd2, 0xb2, 0x47, 0x1c, 0xed, 0xed, 0x1c, 0x47, 0xa6, 0xd2, 0xe2, 0xdf, 0xe0, 0xe0, 0xe0, 0xe0, 0xe3, 0xe3, 0xe3, 0xe1, 0x31, 0xe6, 0xe7, 0xe9, 0x63, 0xd8, 0xd2, 0xd8, 0xd8, 0xd2, 0xd8, 0xde, 0xe0, 0xe0, 0xe0, 0xe0, 0xe0, 0xde, 0xdd, 0xde, 0xdc, 0xdc, 0xdb, 0xda, 0xda, 0xda, 0xda, 0xd9, 0xd9, 0xd7, 0xd7, 0xd5, 0xd3, 0xd3, 0xd0, 0xc9, 0xcb, 0xc7, 0xc4, 0xbe, 0xbb, 0xbb, 0xa4, 0x9d, 0x8a, 0x71, 0x61, 0x79, 0x00, 0x00, 0x00, 0x00, 
  0x00, 0x00, 0x00, 0x00, 0xb2, 0x18, 0x2a, 0x30, 0x45, 0x66, 0x8c, 0x52, 0x17, 0x17, 0x1f, 0x25, 0x2b, 0x2f, 0x40, 0x4b, 0x52, 0x5b, 0x68, 0x74, 0x83, 0x83, 0x8e, 0xa2, 0xc6, 0xcc, 0xcc, 0xcc, 0xd0, 0xd3, 0xd3, 0xd3, 0xd3, 0xd5, 0xd5, 0xd5, 0xd5, 0xd5, 0xd7, 0xd7, 0xd7, 0xd9, 0xd7, 0xd9, 0xd9, 0xd9, 0xda, 0xda, 0xda, 0xdc, 0xda, 0xdc, 0xda, 0xdc, 0xdc, 0xdc, 0xdc, 0xdc, 0xdc, 0xdc, 0xdb, 0xdc, 0xdc, 0xdd, 0xdd, 0xdd, 0xdd, 0xdd, 0xe0, 0xe0, 0xe0, 0xe0, 0xe0, 0xe0, 0xe0, 0xe3, 0xe3, 0xe2, 0xa6, 0xe9, 0xe8, 0xe8, 0xe7, 0xe6, 0xe6, 0xe7, 0xe8, 0x02, 0xe8, 0x63, 0xe3, 0xe0, 0xe0, 0xde, 0xe0, 0xdd, 0xde, 0xde, 0xdc, 0xdc, 0xdc, 0xdc, 0xda, 0xdb, 0xda, 0xd9, 0xd9, 0xd9, 0xd7, 0xd5, 0xd5, 0xd3, 0xd3, 0xd0, 0xcd, 0xcb, 0xc8, 0xc8, 0xc4, 0xc0, 0xac, 0xb0, 0x9f, 0x94, 0x7f, 0x67, 0x57, 0xd2, 0xe4, 0x00, 0x00, 
  0x00, 0x00, 0x00, 0xe4, 0x5f, 0x1e, 0x2a, 0x35, 0x3d, 0x79, 0x9e, 0x2b, 0x1a, 0x1a, 0x25, 0x25, 0x2f, 0x37, 0x40, 0x4b, 0x5b, 0x68, 0x74, 0x74, 0x83, 0x8e, 0xa2, 0xc6, 0xcc, 0xcc, 0xcc, 0xce, 0xd0, 0xd3, 0xd3, 0xd3, 0xd5, 0xd5, 0xd5, 0xd5, 0xd5, 0xd5, 0xd5, 0xd7, 0xd7, 0xd7, 0xd9, 0xd9, 0xd9, 0xda, 0xda, 0xda, 0xda, 0xda, 0xdc, 0xda, 0xdc, 0xdc, 0xdb, 0xdc, 0xdb, 0xdc, 0xdc, 0xdc, 0xdc, 0xdb, 0xdd, 0xdd, 0xe0, 0xdd, 0xdd, 0xde, 0xdd, 0xe0, 0xe0, 0xe0, 0xe0, 0xe3, 0xe0, 0xe0, 0xe3, 0xe2, 0xa6, 0xe9, 0xe8, 0xe8, 0xe8, 0xe7, 0xe7, 0xe8, 0xe8, 0x04, 0x02, 0x63, 0xe3, 0xe0, 0xe0, 0xe0, 0xde, 0xde, 0xde, 0xdd, 0xdd, 0xdc, 0xdb, 0xdb, 0xda, 0xda, 0xda, 0xd9, 0xd9, 0xd7, 0xd7, 0xd5, 0xd5, 0xd3, 0xd0, 0xd0, 0xcc, 0xc7, 0xc8, 0xc4, 0xc4, 0xc0, 0xb9, 0xac, 0xa8, 0x94, 0x7f, 0x6e, 0x57, 0xa3, 0xe4, 0x00, 0x00, 
  0x00, 0x00, 0x00, 0xd8, 0x28, 0x26, 0x2d, 0x35, 0x45, 0x8c, 0x8c, 0x17, 0x1a, 0x20, 0x25, 0x2b, 0x37, 0x40, 0x4b, 0x5b, 0x5b, 0x68, 0x74, 0x83, 0x8e, 0xa2, 0xc7, 0xc9, 0xc9, 0xcc, 0xcc, 0xcc, 0xd0, 0xd3, 0xd3, 0xd5, 0xd3, 0xd5, 0xd5, 0xd5, 0xd5, 0xd5, 0xd7, 0xd5, 0xd7, 0xd7, 0xd9, 0xd9, 0xd9, 0xda, 0xda, 0xda, 0xda, 0xda, 0xda, 0xdc, 0xdb, 0xdb, 0xdc, 0xdc, 0xdc, 0xdc, 0xdc, 0xdc, 0xde, 0xde, 0xde, 0xde, 0xde, 0xde, 0xde, 0xde, 0xde, 0xde, 0xe0, 0xe0, 0xe3, 0xe0, 0xe2, 0xe0, 0xe0, 0xe0, 0xa6, 0xec, 0xec, 0xec, 0xec, 0xec, 0xeb, 0xec, 0xec, 0xed, 0xed, 0x80, 0xe3, 0xe0, 0xde, 0xde, 0xde, 0xdd, 0xdd, 0xdc, 0xdc, 0xdb, 0xdb, 0xda, 0xda, 0xda, 0xd9, 0xd9, 0xd7, 0xd7, 0xd7, 0xd5, 0xd3, 0xd3, 0xd0, 0xd0, 0xcd, 0xcb, 0xc8, 0xbe, 0xc4, 0xbb, 0xac, 0xb0, 0xa4, 0x9d, 0x8a, 0x71, 0x5d, 0x59, 0x00, 0x00, 0x00, 
  0x00, 0x00, 0x00, 0xa6, 0x23, 0x2d, 0x35, 0x3b, 0x62, 0x8c, 0x52, 0x14, 0x1f, 0x25, 0x2b, 0x37, 0x37, 0x46, 0x52, 0x5c, 0x68, 0x70, 0x83, 0x89, 0xf5, 0xc7, 0xc9, 0xc9, 0xc9, 0xcc, 0xcc, 0xd0, 0xd0, 0xd3, 0xd3, 0xd3, 0xd3, 0xd5, 0xd3, 0xd5, 0xd5, 0xd5, 0xd5, 0xd7, 0xd7, 0xd7, 0xd9, 0xd9, 0xda, 0xda, 0xda, 0xda, 0xda, 0xda, 0xda, 0xdc, 0xda, 0xdc, 0xdc, 0xdc, 0xdc, 0xdc, 0xdc, 0xde, 0xde, 0xde, 0xde, 0xde, 0xde, 0xde, 0xe0, 0xde, 0xe0, 0xe0, 0xe0, 0xe0, 0xe0, 0xe3, 0xe0, 0xe0, 0xe0, 0xe0, 0xe0, 0xd8, 0xe2, 0xe0, 0xd8, 0xdd, 0xdd, 0xdd, 0xdd, 0xdd, 0xdd, 0xe0, 0xe0, 0xde, 0xde, 0xde, 0xde, 0xdc, 0xdc, 0xdc, 0xdc, 0xdc, 0xda, 0xda, 0xda, 0xda, 0xd9, 0xd9, 0xd7, 0xd7, 0xd5, 0xd5, 0xd3, 0xd3, 0xd0, 0xd0, 0xcd, 0xc7, 0xc8, 0xc4, 0xc0, 0xb5, 0xb9, 0xac, 0x9f, 0x97, 0x90, 0x71, 0x61, 0x59, 0xe1, 0xe4, 0x00, 
  0x00, 0x00, 0x00, 0x9c, 0x26, 0x35, 0x3b, 0x3d, 0x66, 0x8c, 0x28, 0x1a, 0x20, 0x2b, 0x2f, 0x37, 0x40, 0x4b, 0x5b, 0x5b, 0x68, 0x70, 0x83, 0xa2, 0xc7, 0xc9, 0xc7, 0xc9, 0xc9, 0xcc, 0xc9, 0xd0, 0xd0, 0xd3, 0xd3, 0xd3, 0xd3, 0xd3, 0xd5, 0xd3, 0xd5, 0xd5, 0xd5, 0xd7, 0xd7, 0xd9, 0xd9, 0xd9, 0xda, 0xd9, 0xda, 0xda, 0xda, 0xda, 0xda, 0xdb, 0xda, 0xdc, 0xdc, 0xdc, 0xdc, 0xdc, 0xde, 0xde, 0xde, 0xde, 0xde, 0xde, 0xde, 0xde, 0xe0, 0xde, 0xe0, 0xde, 0xe0, 0xe0, 0xe0, 0xe0, 0xe0, 0xe0, 0xe0, 0xe0, 0xe3, 0xe0, 0xe3, 0xe0, 0xe3, 0xe3, 0xe0, 0xdd, 0xe0, 0xde, 0xe0, 0xde, 0xde, 0xde, 0xde, 0xdc, 0xdc, 0xdd, 0xdc, 0xdc, 0xdc, 0xdb, 0xda, 0xda, 0xda, 0xd9, 0xd9, 0xd7, 0xd7, 0xd7, 0xd5, 0xd5, 0xd3, 0xd0, 0xd0, 0xcc, 0xcd, 0xcb, 0xc8, 0xbe, 0xc4, 0xbb, 0xac, 0xb0, 0xa4, 0x9d, 0x94, 0x77, 0x67, 0x59, 0xcf, 0x00, 0x00, 
  0x00, 0xe4, 0xe4, 0x5f, 0x2a, 0x3b, 0x3d, 0x4a, 0x79, 0x8c, 0x1a, 0x1a, 0x25, 0x2f, 0x33, 0x40, 0x4b, 0x52, 0x5c, 0x68, 0x70, 0x74, 0xb6, 0xc3, 0xc7, 0xc7, 0xc9, 0xcc, 0xc9, 0xcc, 0xcc, 0xcc, 0xd0, 0xd1, 0xd1, 0xd1, 0xd1, 0xd1, 0xd5, 0xca, 0xd5, 0xd1, 0xd7, 0xd7, 0xd7, 0xd9, 0xd9, 0xd9, 0xda, 0xda, 0xda, 0xda, 0xda, 0xda, 0xda, 0xdc, 0xda, 0xdc, 0xdc, 0xdc, 0xde, 0xdc, 0xdd, 0xde, 0xde, 0xde, 0xde, 0xde, 0xde, 0xe0, 0xde, 0xe0, 0xe0, 0xe0, 0xe0, 0xe0, 0xe0, 0xe0, 0xe0, 0xe0, 0xe3, 0xe0, 0xe0, 0xe2, 0xe0, 0xe2, 0xe0, 0xe2, 0xe0, 0xe0, 0xde, 0xde, 0xde, 0xde, 0xdd, 0xde, 0xdc, 0xde, 0xdc, 0xdc, 0xdc, 0xdc, 0xda, 0xdb, 0xda, 0xda, 0xda, 0xd9, 0xd9, 0xd7, 0xd7, 0xd7, 0xd5, 0xd3, 0xd3, 0xd0, 0xd0, 0xcc, 0xcd, 0xcb, 0xc8, 0xc4, 0xbf, 0xbb, 0xb9, 0xb0, 0x9f, 0x97, 0x90, 0x7f, 0x67, 0x57, 0xa3, 0x00, 0x00, 
  0x00, 0x00, 0xd2, 0x24, 0x2a, 0x35, 0x43, 0x55, 0x8c, 0x8c, 0x17, 0x1f, 0x28, 0x2f, 0x40, 0x40, 0x52, 0x52, 0x68, 0x70, 0x74, 0xbe, 0xc3, 0xc3, 0xc1, 0xc7, 0xc9, 0xc9, 0xc9, 0xc9, 0xc6, 0xd1, 0xca, 0xaa, 0x95, 0x69, 0x5f, 0x53, 0x53, 0x5f, 0x69, 0x8d, 0xaa, 0xd6, 0xd9, 0xdb, 0xd6, 0xda, 0xd9, 0xd9, 0xd9, 0xd9, 0xda, 0xda, 0xda, 0xda, 0xdc, 0xdc, 0xdc, 0xdc, 0xde, 0xdd, 0xde, 0xde, 0xde, 0xde, 0xde, 0xde, 0xe0, 0xde, 0xe0, 0xe0, 0xe0, 0xe0, 0xe0, 0xe0, 0xe0, 0xe0, 0xe0, 0xe0, 0xe0, 0xe0, 0xe3, 0xe0, 0xe0, 0xe0, 0xe3, 0xe0, 0xe0, 0xe0, 0xe0, 0xde, 0xde, 0xde, 0xde, 0xdc, 0xde, 0xdc, 0xdc, 0xdc, 0xdc, 0xdc, 0xdb, 0xda, 0xda, 0xd9, 0xd9, 0xd9, 0xd7, 0xd7, 0xd5, 0xd5, 0xd5, 0xd3, 0xd0, 0xd0, 0xcd, 0xcc, 0xcb, 0xcb, 0xc8, 0xc4, 0xc4, 0xbb, 0xac, 0xa8, 0xa4, 0x9d, 0x94, 0x7f, 0x71, 0x61, 0x79, 0xe4, 0xe4, 
  0x00, 0x00, 0x93, 0x1e, 0x26, 0x3b, 0x43, 0x66, 0xa9, 0x9e, 0x1a, 0x20, 0x2b, 0x37, 0x40, 0x4b, 0x52, 0x5c, 0x70, 0x74, 0xb6, 0xc3, 0xc3, 0xc3, 0xc3, 0xc9, 0xc9, 0xa3, 0x9a, 0x7c, 0x48, 0x22, 0x0b, 0x05, 0x03, 0x03, 0x03, 0x03, 0x05, 0x05, 0x05, 0x08, 0x0c, 0x10, 0x22, 0x48, 0x8d, 0xaa, 0xb2, 0xd6, 0xd9, 0xd9, 0xd9, 0xda, 0xda, 0xdc, 0xda, 0xdc, 0xdc, 0xdc, 0xde, 0xdc, 0xde, 0xdd, 0xde, 0xde, 0xde, 0xe0, 0xde, 0xe0, 0xe0, 0xe0, 0xe0, 0xe0, 0xe0, 0xe0, 0xe0, 0xe0, 0xe0, 0xe0, 0xe0, 0xe3, 0xe0, 0xe3, 0xe0, 0xe3, 0xe0, 0xe0, 0xe0, 0xe0, 0xde, 0xde, 0xde, 0xde, 0xdd, 0xde, 0xdc, 0xdc, 0xdc, 0xdc, 0xdc, 0xdc, 0xda, 0xda, 0xd9, 0xda, 0xd9, 0xd9, 0xd7, 0xd7, 0xd5, 0xd5, 0xd3, 0xd3, 0xd0, 0xcc, 0xcc, 0xcd, 0xcb, 0xcb, 0xc8, 0xc4, 0xbf, 0xbb, 0xb9, 0xa8, 0x9f, 0x97, 0x96, 0x8a, 0x71, 0x67, 0x59, 0xd8, 0x00, 
  0x00, 0xe4, 0x5f, 0x1e, 0x2a, 0x3b, 0x4a, 0x79, 0x9e, 0x89, 0x20, 0x2b, 0x2f, 0x40, 0x40, 0x52, 0x5c, 0x5b, 0x70, 0xbe, 0xc3, 0xc3, 0xc3, 0xc3, 0xc3, 0x69, 0x22, 0x07, 0x01, 0x01, 0x03, 0x05, 0x0d, 0x10, 0x10, 0x13, 0x13, 0x15, 0x16, 0x19, 0x1b, 0x1d, 0x1b, 0x1d, 0x16, 0x12, 0x0a, 0x0c, 0x0c, 0x22, 0x69, 0xc5, 0xda, 0xd9, 0xda, 0xda, 0xdc, 0xdc, 0xdc, 0xde, 0xdc, 0xde, 0xde, 0xdd, 0xde, 0xde, 0xde, 0xde, 0xe0, 0xde, 0xe0, 0xde, 0xe0, 0xe0, 0xe0, 0xe0, 0xe0, 0xe0, 0xe0, 0xe0, 0xe0, 0xe0, 0xe0, 0xe0, 0xe0, 0xe0, 0xe0, 0xe0, 0xe0, 0xde, 0xde, 0xde, 0xde, 0xdc, 0xde, 0xdc, 0xdc, 0xdc, 0xdc, 0xdb, 0xda, 0xda, 0xda, 0xd9, 0xd9, 0xd9, 0xd7, 0xd7, 0xd7, 0xd5, 0xd5, 0xd3, 0xd3, 0xd0, 0xd0, 0xcc, 0xcd, 0xcd, 0xcb, 0xcb, 0xc8, 0xc4, 0xc0, 0xbb, 0xac, 0xa8, 0x97, 0x99, 0x94, 0x7f, 0x77, 0x67, 0x57, 0xc5, 0xe4, 
  0x00, 0xe4, 0x53, 0x21, 0x30, 0x3b, 0x4a, 0x8c, 0xa9, 0x70, 0x28, 0x33, 0x33, 0x40, 0x52, 0x5b, 0x5c, 0x70, 0xb8, 0xb6, 0xc3, 0xc7, 0x68, 0xed, 0x04, 0x03, 0x05, 0x08, 0x0a, 0x0d, 0x10, 0x10, 0x12, 0x13, 0x13, 0x15, 0x16, 0x18, 0x18, 0x1b, 0x1b, 0x1e, 0x1e, 0x1e, 0x23, 0x23, 0x1e, 0x1e, 0x1e, 0x19, 0x13, 0x14, 0x22, 0x53, 0xcf, 0xdd, 0xdb, 0xdc, 0xdc, 0xdc, 0xde, 0xdc, 0xdc, 0xdd, 0xde, 0xde, 0xde, 0xe0, 0xde, 0xe0, 0xde, 0xe0, 0xe0, 0xe0, 0xe0, 0xe0, 0xe0, 0xe0, 0xe0, 0xe0, 0xe0, 0xe3, 0xe0, 0xe0, 0xe0, 0xe0, 0xe0, 0xde, 0xe0, 0xde, 0xde, 0xdc, 0xde, 0xde, 0xde, 0xdc, 0xdc, 0xdc, 0xda, 0xdb, 0xda, 0xda, 0xd9, 0xd9, 0xd9, 0xd9, 0xd7, 0xd7, 0xd5, 0xd5, 0xd5, 0xd3, 0xd3, 0xd0, 0xd0, 0xcc, 0xcd, 0xcd, 0xcb, 0xc8, 0xc8, 0xc4, 0xbc, 0xb9, 0xb0, 0xa8, 0x9f, 0x94, 0x94, 0x8a, 0x77, 0x67, 0x50, 0x9a, 0x00, 
  0x00, 0xe4, 0x48, 0x2c, 0x30, 0x3d, 0x4a, 0x8c, 0xa9, 0x5c, 0x2f, 0x33, 0x40, 0x46, 0x5c, 0x5c, 0x74, 0xb8, 0xb8, 0xa2, 0x9a, 0x14, 0x01, 0xe7, 0x03, 0x08, 0x0d, 0x0f, 0x10, 0x0f, 0x10, 0x10, 0x13, 0x16, 0x16, 0x16, 0x18, 0x18, 0x1d, 0x1b, 0x1e, 0x1e, 0x23, 0x21, 0x23, 0x23, 0x23, 0x23, 0x26, 0x2a, 0x2a, 0x21, 0x15, 0x12, 0x1a, 0x8d, 0xcf, 0xdb, 0xdd, 0xdc, 0xdc, 0xde, 0xde, 0xde, 0xde, 0xde, 0xde, 0xdd, 0xde, 0xde, 0xe0, 0xe0, 0xe0, 0xe0, 0xe0, 0xe0, 0xe0, 0xe0, 0xe0, 0xe0, 0xe0, 0xe0, 0xe0, 0xe0, 0xe0, 0xe0, 0xde, 0xe0, 0xde, 0xde, 0xde, 0xdd, 0xdc, 0xde, 0xdc, 0xdc, 0xdc, 0xda, 0xdc, 0xda, 0xda, 0xd9, 0xd9, 0xd9, 0xd7, 0xd7, 0xd7, 0xd5, 0xd5, 0xd5, 0xd3, 0xd3, 0xd0, 0xd0, 0xcc, 0xcd, 0xcd, 0xcb, 0xcb, 0xc8, 0xc8, 0xbf, 0xbb, 0xac, 0xb0, 0xa4, 0x97, 0x97, 0x91, 0x87, 0x77, 0x67, 0x57, 0x89, 0xe4, 
  0x00, 0xe1, 0x3c, 0x2d, 0x3b, 0x3b, 0x59, 0x9e, 0xa9, 0x46, 0x33, 0x37, 0x46, 0x52, 0x5c, 0x70, 0xb6, 0xa9, 0x5f, 0x05, 0x01, 0x03, 0x05, 0x08, 0x0a, 0x0d, 0x0d, 0x10, 0x10, 0x10, 0x13, 0x13, 0x16, 0x16, 0x18, 0x18, 0x1b, 0x1e, 0x1e, 0x21, 0x23, 0x23, 0x23, 0x26, 0x27, 0x26, 0x2a, 0x2a, 0x2d, 0x2d, 0x30, 0x2e, 0x35, 0x35, 0x2a, 0x15, 0x12, 0x48, 0xc5, 0xdd, 0xdc, 0xde, 0xdc, 0xde, 0xdc, 0xde, 0xde, 0xde, 0xde, 0xe0, 0xde, 0xe0, 0xe0, 0xe0, 0xe0, 0xe0, 0xe0, 0xe0, 0xe0, 0xe0, 0xe0, 0xe0, 0xe0, 0xe0, 0xde, 0xde, 0xde, 0xde, 0xde, 0xde, 0xdc, 0xde, 0xdc, 0xdc, 0xdc, 0xdc, 0xdc, 0xda, 0xda, 0xd9, 0xda, 0xd9, 0xd7, 0xd9, 0xd7, 0xd7, 0xd7, 0xd5, 0xd5, 0xd3, 0xd3, 0xd3, 0xd0, 0xcc, 0xcc, 0xcd, 0xcb, 0xcb, 0xc8, 0xc8, 0xc4, 0xbf, 0xba, 0xb3, 0xa8, 0x9f, 0x97, 0x91, 0x94, 0x8a, 0x77, 0x67, 0x50, 0x74, 0xe4, 
  0x00, 0xc2, 0x2c, 0x30, 0x3b, 0x3e, 0x55, 0x8c, 0xb5, 0x33, 0x37, 0x3c, 0x4b, 0x5c, 0x70, 0xb6, 0x48, 0x0b, 0x01, 0x05, 0x05, 0x0a, 0x0a, 0x0a, 0x0d, 0x0d, 0x10, 0x10, 0x13, 0x13, 0x13, 0x16, 0x18, 0x18, 0x1b, 0x1b, 0x1e, 0x1e, 0x23, 0x23, 0x23, 0x26, 0x2a, 0x2a, 0x2a, 0x2d, 0x2d, 0x2e, 0x30, 0x35, 0x30, 0x35, 0x35, 0x3b, 0x3d, 0x35, 0x2e, 0x1d, 0x1f, 0x3a, 0xc2, 0xdd, 0xdd, 0xdc, 0xdc, 0xde, 0xdc, 0xde, 0xdd, 0xde, 0xe0, 0xe0, 0xde, 0xe0, 0xde, 0xe0, 0xe0, 0xe0, 0xe0, 0xe0, 0xe0, 0xde, 0xe0, 0xde, 0xde, 0xde, 0xde, 0xde, 0xde, 0xdc, 0xde, 0xdc, 0xdc, 0xdc, 0xdc, 0xda, 0xda, 0xda, 0xda, 0xd9, 0xd9, 0xd9, 0xd9, 0xd7, 0xd7, 0xd7, 0xd5, 0xd5, 0xd3, 0xd3, 0xd0, 0xd0, 0xd0, 0xcd, 0xcd, 0xcd, 0xcb, 0xcb, 0xc8, 0xc8, 0xc4, 0xbc, 0xb9, 0xb0, 0xa4, 0xa5, 0x97, 0x91, 0x85, 0x92, 0x77, 0x67, 0x50, 0x6b, 0xe1, 
  0x00, 0x9c, 0x26, 0x30, 0x3b, 0x43, 0x59, 0xa9, 0xb5, 0x33, 0x33, 0x40, 0x4b, 0x5c, 0x89, 0x3a, 0x01, 0x02, 0x05, 0x08, 0x0a, 0x0a, 0x0a, 0x0a, 0x0d, 0x10, 0x10, 0x13, 0x13, 0x16, 0x16, 0x18, 0x18, 0x1b, 0x1e, 0x1e, 0x21, 0x21, 0x23, 0x26, 0x26, 0x2a, 0x2a, 0x2d, 0x2d, 0x2e, 0x30, 0x30, 0x35, 0x35, 0x35, 0x3d, 0x3b, 0x3d, 0x3d, 0x3d, 0x3d, 0x3e, 0x2e, 0x18, 0x20, 0x7d, 0xd2, 0xdb, 0xdc, 0xdc, 0xde, 0xdd, 0xde, 0xde, 0xde, 0xe0, 0xe0, 0xde, 0xe0, 0xe0, 0xde, 0xe0, 0xde, 0xe0, 0xde, 0xe0, 0xde, 0xde, 0xde, 0xde, 0xdd, 0xde, 0xdc, 0xdd, 0xdc, 0xdc, 0xdc, 0xdb, 0xdc, 0xda, 0xda, 0xda, 0xd9, 0xd9, 0xd9, 0xd9, 0xd7, 0xd7, 0xd7, 0xd5, 0xd5, 0xd3, 0xd3, 0xd0, 0xd0, 0xd0, 0xcc, 0xcd, 0xcd, 0xcb, 0xcb, 0xc8, 0xc8, 0xc4, 0xc4, 0xbc, 0xba, 0xb0, 0xa8, 0x9f, 0x97, 0x94, 0x85, 0x90, 0x77, 0x6e, 0x50, 0x59, 0xe1, 
  0xe4, 0x5f, 0x21, 0x2d, 0x3b, 0x43, 0x66, 0xa9, 0xa9, 0x33, 0x37, 0x40, 0x49, 0x4b, 0x04, 0x01, 0x05, 0x08, 0x08, 0x08, 0x0a, 0x0a, 0x0d, 0x0d, 0x10, 0x10, 0x13, 0x13, 0x16, 0x16, 0x18, 0x18, 0x1e, 0x1b, 0x21, 0x21, 0x23, 0x26, 0x2a, 0x2a, 0x2d, 0x2d, 0x30, 0x2e, 0x35, 0x35, 0x35, 0x3b, 0x3d, 0x3b, 0x3d, 0x3d, 0x3d, 0x43, 0x43, 0x43, 0x43, 0x4a, 0x4a, 0x4e, 0x3d, 0x1e, 0x15, 0x7d, 0xdb, 0xdd, 0xde, 0xde, 0xde, 0xde, 0xe0, 0xde, 0xde, 0xe0, 0xde, 0xde, 0xe0, 0xde, 0xde, 0xde, 0xde, 0xde, 0xde, 0xde, 0xdd, 0xdc, 0xde, 0xdc, 0xde, 0xdc, 0xdc, 0xdb, 0xda, 0xdc, 0xda, 0xda, 0xd9, 0xd9, 0xd9, 0xd9, 0xd9, 0xd7, 0xd7, 0xd5, 0xd5, 0xd3, 0xd3, 0xd3, 0xd0, 0xd0, 0xcc, 0xcc, 0xcd, 0xcd, 0xcb, 0xcb, 0xc8, 0xc8, 0xc8, 0xc4, 0xc4, 0xbc, 0xb0, 0xa4, 0x9f, 0x97, 0x97, 0x85, 0x85, 0x45, 0x81, 0x67, 0x57, 0x57, 0xd2, 
  0x00, 0x46, 0x21, 0x2c, 0x3b, 0x3e, 0x79, 0xa9, 0xa9, 0x33, 0x33, 0x46, 0x14, 0x02, 0x03, 0x05, 0x08, 0x08, 0x08, 0x0a, 0x0a, 0x0d, 0x0d, 0x10, 0x10, 0x13, 0x13, 0x16, 0x18, 0x18, 0x1b, 0x1b, 0x1e, 0x21, 0x23, 0x26, 0x26, 0x2a, 0x2a, 0x2d, 0x30, 0x30, 0x35, 0x35, 0x3b, 0x3b, 0x3d, 0x3d, 0x3e, 0x3d, 0x43, 0x43, 0x43, 0x4a, 0x45, 0x4e, 0x4a, 0x4e, 0x4e, 0x4e, 0x4e, 0x4a, 0x35, 0x24, 0x2f, 0x95, 0xd8, 0xdd, 0xde, 0xde, 0xde, 0xde, 0xde, 0xde, 0xde, 0xde, 0xde, 0xde, 0xde, 0xde, 0xdd, 0xde, 0xdc, 0xde, 0xdc, 0xdd, 0xdc, 0xdc, 0xdc, 0xdb, 0xdb, 0xda, 0xda, 0xda, 0xda, 0xda, 0xd9, 0xd9, 0xd7, 0xd9, 0xd7, 0xd7, 0xd5, 0xd5, 0xd3, 0xd3, 0xd3, 0xd0, 0xd0, 0xcc, 0xcc, 0xcd, 0xcd, 0xcd, 0xcb, 0xcb, 0xc8, 0xc8, 0xc8, 0xc4, 0xbf, 0xbd, 0xa4, 0xb0, 0x97, 0x97, 0x91, 0x85, 0x2e, 0x39, 0x77, 0x71, 0x57, 0x57, 0xc5, 
  0xe4, 0x28, 0x26, 0x2d, 0x3b, 0x44, 0x79, 0x9e, 0xa9, 0x33, 0x46, 0x11, 0x01, 0x05, 0x05, 0x08, 0x08, 0x08, 0x0a, 0x0a, 0x0d, 0x0d, 0x10, 0x10, 0x13, 0x13, 0x16, 0x18, 0x18, 0x1b, 0x1b, 0x21, 0x21, 0x26, 0x26, 0x2a, 0x2a, 0x2c, 0x30, 0x30, 0x35, 0x35, 0x3b, 0x3b, 0x3d, 0x3d, 0x3e, 0x43, 0x43, 0x43, 0x43, 0x4a, 0x45, 0x4e, 0x4e, 0x4e, 0x4e, 0x54, 0x54, 0x54, 0x54, 0x54, 0x54, 0x51, 0x2a, 0x19, 0x5f, 0xd2, 0xdc, 0xdb, 0xde, 0xdc, 0xde, 0xde, 0xde, 0xde, 0xde, 0xde, 0xde, 0xdc, 0xde, 0xdc, 0xde, 0xdc, 0xdd, 0xdc, 0xdc, 0xdc, 0xdb, 0xdb, 0xda, 0xda, 0xda, 0xda, 0xd9, 0xd9, 0xd9, 0xd9, 0xd9, 0xd7, 0xd7, 0xd5, 0xd5, 0xd3, 0xd3, 0xd0, 0xd0, 0xd0, 0xcc, 0xcc, 0xcd, 0xcd, 0xcd, 0xcb, 0xcb, 0xc8, 0xc8, 0xc4, 0xc4, 0xc4, 0xbf, 0xba, 0xa8, 0xa4, 0x99, 0x97, 0x85, 0x4f, 0x1d, 0x39, 0x77, 0x6e, 0x61, 0x57, 0xaa, 
  0xd8, 0x26, 0x2c, 0x36, 0x3e, 0x4a, 0x79, 0xa9, 0xa9, 0x28, 0x01, 0x03, 0x08, 0x08, 0x08, 0x08, 0x0a, 0x0a, 0x0d, 0x0d, 0x0d, 0x10, 0x10, 0x13, 0x13, 0x16, 0x18, 0x18, 0x1b, 0x1e, 0x21, 0x23, 0x26, 0x2a, 0x2a, 0x2c, 0x30, 0x30, 0x30, 0x35, 0x3b, 0x3b, 0x3d, 0x3d, 0x43, 0x43, 0x43, 0x43, 0x4a, 0x4a, 0x4a, 0x4e, 0x54, 0x4e, 0x54, 0x54, 0x54, 0x54, 0x5d, 0x54, 0x5d, 0x5d, 0x5d, 0x5d, 0x5d, 0x5d, 0x27, 0x19, 0x69, 0xcf, 0xdd, 0xde, 0xdc, 0xdd, 0xdc, 0xdc, 0xdd, 0xdc, 0xdc, 0xdd, 0xdc, 0xdc, 0xdc, 0xdc, 0xdc, 0xdc, 0xdc, 0xda, 0xdb, 0xda, 0xda, 0xda, 0xd9, 0xda, 0xd9, 0xd9, 0xd7, 0xd7, 0xd5, 0xd7, 0xd5, 0xd5, 0xd3, 0xd3, 0xd0, 0xd0, 0xd0, 0xcc, 0xcc, 0xcd, 0xcd, 0xcd, 0xcb, 0xcb, 0xc8, 0xc8, 0xc4, 0xc8, 0xbf, 0xbf, 0xbc, 0xb7, 0xa4, 0x9f, 0x97, 0x91, 0x2e, 0x23, 0x39, 0x2e, 0x81, 0x71, 0x61, 0x57, 0xa2, 
  0xd2, 0x26, 0x30, 0x36, 0x44, 0x50, 0x8c, 0xac, 0x46, 0x03, 0x02, 0x05, 0x08, 0x08, 0x08, 0x0a, 0x0a, 0x0d, 0x0d, 0x10, 0x10, 0x13, 0x13, 0x16, 0x16, 0x18, 0x1b, 0x1b, 0x21, 0x21, 0x26, 0x26, 0x26, 0x2c, 0x2d, 0x30, 0x30, 0x35, 0x3b, 0x3b, 0x3d, 0x3e, 0x43, 0x43, 0x43, 0x43, 0x4a, 0x4e, 0x4a, 0x4e, 0x54, 0x50, 0x54, 0x54, 0x57, 0x5d, 0x5d, 0x5d, 0x5d, 0x61, 0x5d, 0x5d, 0x61, 0x5d, 0x65, 0x5d, 0x5d, 0x42, 0x23, 0x2f, 0x7c, 0xd2, 0xde, 0xdb, 0xdc, 0xdc, 0xdc, 0xdc, 0xdc, 0xdc, 0xdc, 0xdc, 0xdc, 0xdc, 0xdc, 0xdb, 0xda, 0xdc, 0xda, 0xda, 0xda, 0xd9, 0xda, 0xd9, 0xd9, 0xd7, 0xd7, 0xd7, 0xd5, 0xd5, 0xd5, 0xd3, 0xd3, 0xd0, 0xd0, 0xd0, 0xcc, 0xcc, 0xcc, 0xcd, 0xcb, 0xcb, 0xcb, 0xcb, 0xc8, 0xc8, 0xc4, 0xbf, 0xbf, 0xbc, 0xbc, 0xac, 0xa5, 0xa4, 0x82, 0x2e, 0x27, 0x3f, 0x29, 0x35, 0x8b, 0x77, 0x61, 0x57, 0x89, 
  0xc2, 0x26, 0x32, 0x3b, 0x44, 0x4a, 0xa4, 0x56, 0x03, 0x02, 0x05, 0x05, 0x05, 0x08, 0x0a, 0x0a, 0x0d, 0x0d, 0x10, 0x10, 0x13, 0x13, 0x16, 0x18, 0x18, 0x1b, 0x1b, 0x21, 0x21, 0x23, 0x26, 0x2a, 0x2c, 0x2d, 0x30, 0x32, 0x35, 0x3b, 0x3b, 0x3e, 0x3e, 0x43, 0x43, 0x43, 0x4a, 0x4a, 0x4a, 0x4e, 0x50, 0x54, 0x54, 0x54, 0x57, 0x5d, 0x5d, 0x5d, 0x5d, 0x5d, 0x65, 0x61, 0x65, 0x65, 0x65, 0x65, 0x61, 0x65, 0x65, 0x67, 0x65, 0x3d, 0x1d, 0x4b, 0xb2, 0xdb, 0xdb, 0xdb, 0xdc, 0xdc, 0xdc, 0xdc, 0xdb, 0xdc, 0xdc, 0xdb, 0xda, 0xda, 0xda, 0xda, 0xd9, 0xda, 0xd9, 0xd9, 0xd9, 0xd9, 0xd9, 0xd7, 0xd7, 0xd5, 0xd5, 0xd5, 0xd3, 0xd3, 0xd0, 0xd0, 0xd0, 0xd0, 0xcc, 0xcd, 0xcd, 0xcd, 0xcb, 0xcb, 0xcb, 0xc8, 0xc8, 0xc4, 0xc4, 0xbf, 0xbf, 0xbc, 0xbc, 0xb3, 0xa4, 0x99, 0x2a, 0x29, 0x4c, 0x39, 0x1d, 0x39, 0x8b, 0x71, 0x67, 0x50, 0x6b, 
  0x9c, 0x21, 0x32, 0x36, 0x3e, 0x4a, 0x46, 0x03, 0x03, 0x03, 0x05, 0x05, 0x08, 0x08, 0x0a, 0x0a, 0x0d, 0x0d, 0x10, 0x13, 0x16, 0x16, 0x18, 0x18, 0x1b, 0x1b, 0x21, 0x21, 0x26, 0x26, 0x2c, 0x2c, 0x2d, 0x32, 0x35, 0x36, 0x3b, 0x3e, 0x3d, 0x43, 0x43, 0x4a, 0x4a, 0x4a, 0x4e, 0x4e, 0x54, 0x54, 0x54, 0x57, 0x5d, 0x5d, 0x5d, 0x5d, 0x61, 0x65, 0x61, 0x65, 0x61, 0x65, 0x67, 0x67, 0x6e, 0x67, 0x6e, 0x67, 0x6e, 0x6e, 0x6e, 0x6e, 0x65, 0x35, 0x1d, 0x2b, 0xc5, 0xde, 0xdb, 0xdc, 0xdc, 0xdb, 0xda, 0xdc, 0xda, 0xda, 0xda, 0xda, 0xda, 0xda, 0xd9, 0xd9, 0xd9, 0xd9, 0xd7, 0xd9, 0xd7, 0xd7, 0xd5, 0xd5, 0xd5, 0xd3, 0xd3, 0xd3, 0xd0, 0xd0, 0xcc, 0xcc, 0xcd, 0xcd, 0xc7, 0xcb, 0xc8, 0xc8, 0xc8, 0xc8, 0xc4, 0xc4, 0xbf, 0xbf, 0xbc, 0xbc, 0xbc, 0xac, 0x4f, 0x27, 0x39, 0x4c, 0x3d, 0x29, 0x1d, 0x39, 0x81, 0x77, 0x61, 0x50, 0x59, 
  0x93, 0x21, 0x2c, 0x36, 0x3b, 0x3e, 0x08, 0x05, 0x05, 0x05, 0x05, 0x05, 0x08, 0x0a, 0x0d, 0x0d, 0x10, 0x10, 0x13, 0x13, 0x16, 0x18, 0x18, 0x1b, 0x1b, 0x21, 0x21, 0x26, 0x26, 0x2a, 0x2c, 0x30, 0x32, 0x35, 0x36, 0x3b, 0x3d, 0x3e, 0x43, 0x43, 0x4a, 0x4a, 0x50, 0x4e, 0x50, 0x57, 0x54, 0x57, 0x5d, 0x5d, 0x5d, 0x61, 0x61, 0x61, 0x65, 0x67, 0x67, 0x6e, 0x6e, 0x6e, 0x6e, 0x6e, 0x6e, 0x6e, 0x6e, 0x72, 0x6e, 0x71, 0x6e, 0x71, 0x72, 0x71, 0x5a, 0x39, 0x20, 0x48, 0x95, 0xdd, 0xdb, 0xda, 0xdb, 0xda, 0xda, 0xda, 0xda, 0xd9, 0xd9, 0xd9, 0xd7, 0xd9, 0xd7, 0xd7, 0xd7, 0xd7, 0xd7, 0xd5, 0xd5, 0xd5, 0xd3, 0xd3, 0xd3, 0xd0, 0xd0, 0xcc, 0xcc, 0xcd, 0xcd, 0xcb, 0xc8, 0xcb, 0xc8, 0xc8, 0xc8, 0xc8, 0xc4, 0xbf, 0xbf, 0xbc, 0xbf, 0xac, 0x79, 0x39, 0x2e, 0x42, 0x51, 0x45, 0x3f, 0x1d, 0x1d, 0x42, 0x81, 0x77, 0x61, 0x57, 0x59, 
  0x8d, 0x21, 0x2d, 0x36, 0x3e, 0x32, 0x0a, 0x05, 0x05, 0x05, 0x05, 0x08, 0x0a, 0x0a, 0x0d, 0x0d, 0x10, 0x10, 0x13, 0x16, 0x18, 0x18, 0x1b, 0x1b, 0x21, 0x21, 0x26, 0x26, 0x2c, 0x2d, 0x32, 0x30, 0x36, 0x3b, 0x3b, 0x3e, 0x3e, 0x43, 0x43, 0x4a, 0x4a, 0x50, 0x4e, 0x57, 0x54, 0x54, 0x5d, 0x5d, 0x5d, 0x61, 0x61, 0x65, 0x67, 0x65, 0x67, 0x6e, 0x6e, 0x6e, 0x6e, 0x6e, 0x71, 0x6e, 0x71, 0x71, 0x71, 0x71, 0x77, 0x71, 0x77, 0x71, 0x77, 0x77, 0x77, 0x77, 0x5a, 0x29, 0x1d, 0x48, 0xb2, 0xdb, 0xdb, 0xda, 0xda, 0xd9, 0xd9, 0xd9, 0xd9, 0xd7, 0xd9, 0xd7, 0xd7, 0xd7, 0xd7, 0xd5, 0xd5, 0xd5, 0xd5, 0xd3, 0xd3, 0xd3, 0xd0, 0xd0, 0xcc, 0xcc, 0xcd, 0xcd, 0xc7, 0xcb, 0xcb, 0xc8, 0xc8, 0xc8, 0xc4, 0xc4, 0xbf, 0xbf, 0xbc, 0xbc, 0xac, 0x4f, 0x27, 0x3f, 0x4c, 0x51, 0x4c, 0x4c, 0x27, 0x29, 0x1d, 0x4c, 0x8b, 0x77, 0x67, 0x50, 0x59, 
  0x93, 0x26, 0x32, 0x36, 0x32, 0x36, 0x0d, 0x05, 0x05, 0x08, 0x08, 0x08, 0x0a, 0x0d, 0x0d, 0x10, 0x13, 0x13, 0x16, 0x18, 0x18, 0x1b, 0x1b, 0x21, 0x21, 0x26, 0x2c, 0x2c, 0x2d, 0x32, 0x30, 0x36, 0x3b, 0x3e, 0x3e, 0x3e, 0x43, 0x43, 0x4a, 0x4e, 0x50, 0x54, 0x54, 0x57, 0x57, 0x5d, 0x5d, 0x61, 0x61, 0x65, 0x67, 0x67, 0x67, 0x6e, 0x6e, 0x6e, 0x6e, 0x71, 0x71, 0x71, 0x71, 0x77, 0x77, 0x77, 0x77, 0x77, 0x77, 0x77, 0x77, 0x81, 0x77, 0x81, 0x78, 0x81, 0x84, 0x77, 0x65, 0x2e, 0x1d, 0x2f, 0x7c, 0xd6, 0xda, 0xd9, 0xd9, 0xd9, 0xd7, 0xd7, 0xd7, 0xd7, 0xd7, 0xd7, 0xd5, 0xd5, 0xd5, 0xd5, 0xd3, 0xd3, 0xd0, 0xd0, 0xd0, 0xd0, 0xcd, 0xcd, 0xcd, 0xcb, 0xcb, 0xc8, 0xc8, 0xc8, 0xc8, 0xc4, 0xc8, 0xbf, 0xbf, 0xbc, 0x9e, 0x4f, 0x39, 0x3f, 0x51, 0x51, 0x51, 0x51, 0x51, 0x39, 0x29, 0x29, 0x29, 0x5d, 0x8b, 0x77, 0x67, 0x57, 0x59, 
  0x8d, 0x26, 0x32, 0x36, 0x32, 0x36, 0x10, 0x05, 0x05, 0x08, 0x08, 0x0a, 0x0d, 0x0d, 0x10, 0x10, 0x13, 0x16, 0x16, 0x18, 0x1b, 0x1b, 0x21, 0x21, 0x26, 0x26, 0x2d, 0x2d, 0x32, 0x32, 0x3b, 0x3b, 0x3e, 0x3e, 0x43, 0x43, 0x44, 0x4a, 0x4a, 0x50, 0x54, 0x57, 0x57, 0x5d, 0x5d, 0x5d, 0x61, 0x61, 0x65, 0x67, 0x67, 0x6e, 0x6e, 0x6e, 0x71, 0x71, 0x71, 0x71, 0x77, 0x71, 0x77, 0x77, 0x77, 0x77, 0x81, 0x77, 0x81, 0x77, 0x81, 0x78, 0x81, 0x81, 0x81, 0x84, 0x81, 0x84, 0x81, 0x84, 0x65, 0x29, 0x27, 0x28, 0x7c, 0xc5, 0xca, 0xd7, 0xd7, 0xd7, 0xd7, 0xd7, 0xd5, 0xd7, 0xd5, 0xd5, 0xd3, 0xd3, 0xd3, 0xd0, 0xd0, 0xd0, 0xcd, 0xcc, 0xcd, 0xcd, 0xcb, 0xcb, 0xc8, 0xcb, 0xc8, 0xc8, 0xc8, 0xc4, 0xbf, 0xb5, 0xac, 0x66, 0x39, 0x3f, 0x51, 0x5a, 0x54, 0x5a, 0x51, 0x51, 0x51, 0x38, 0x29, 0x29, 0x29, 0x65, 0x8b, 0x77, 0x67, 0x50, 0x59, 
  0x8d, 0x26, 0x2c, 0x32, 0x2c, 0x36, 0x13, 0x05, 0x05, 0x08, 0x0a, 0x0a, 0x0d, 0x10, 0x10, 0x13, 0x16, 0x16, 0x18, 0x1b, 0x1b, 0x21, 0x26, 0x26, 0x2c, 0x2d, 0x32, 0x32, 0x36, 0x3b, 0x3b, 0x3e, 0x3e, 0x43, 0x43, 0x44, 0x4a, 0x50, 0x54, 0x57, 0x57, 0x57, 0x5d, 0x5d, 0x61, 0x61, 0x65, 0x67, 0x67, 0x6e, 0x6e, 0x6e, 0x71, 0x71, 0x71, 0x71, 0x77, 0x77, 0x77, 0x77, 0x81, 0x78, 0x81, 0x81, 0x81, 0x81, 0x81, 0x87, 0x81, 0x87, 0x84, 0x87, 0x8b, 0x87, 0x8b, 0x81, 0x8b, 0x8b, 0x81, 0x8b, 0x78, 0x5a, 0x27, 0x1d, 0x20, 0x5b, 0xaa, 0xca, 0xd7, 0xd7, 0xd7, 0xd5, 0xd5, 0xd3, 0xd3, 0xd3, 0xd0, 0xd0, 0xd0, 0xcd, 0xcd, 0xcd, 0xcd, 0xcd, 0xcb, 0xcb, 0xc8, 0xbe, 0xc8, 0xc8, 0xbe, 0x9e, 0x5e, 0x39, 0x39, 0x51, 0x65, 0x65, 0x5d, 0x5a, 0x65, 0x5a, 0x5a, 0x58, 0x42, 0x29, 0x38, 0x29, 0x29, 0x81, 0x81, 0x77, 0x61, 0x57, 0x59, 
  0x9c, 0x26, 0x2c, 0x2c, 0x32, 0x2c, 0x21, 0x03, 0x05, 0x08, 0x0a, 0x0d, 0x0d, 0x10, 0x10, 0x16, 0x16, 0x18, 0x1b, 0x1b, 0x21, 0x21, 0x26, 0x26, 0x2d, 0x32, 0x30, 0x36, 0x36, 0x3b, 0x3e, 0x3e, 0x43, 0x44, 0x4a, 0x4a, 0x50, 0x54, 0x57, 0x57, 0x5d, 0x5d, 0x61, 0x61, 0x67, 0x61, 0x67, 0x6e, 0x6e, 0x6e, 0x71, 0x71, 0x71, 0x77, 0x77, 0x77, 0x77, 0x81, 0x81, 0x81, 0x81, 0x81, 0x81, 0x87, 0x81, 0x87, 0x87, 0x87, 0x8b, 0x87, 0x92, 0x8b, 0x87, 0x92, 0x8b, 0x92, 0x8b, 0x8b, 0x8b, 0x84, 0x8b, 0x84, 0x77, 0x65, 0x5a, 0x2e, 0x27, 0x33, 0x33, 0x4b, 0x68, 0xa3, 0xca, 0xd3, 0xd3, 0xd0, 0xd3, 0xd0, 0xcc, 0xcc, 0xcd, 0xcc, 0xcd, 0xcd, 0xcb, 0xbe, 0xa9, 0x70, 0x5e, 0x4f, 0x42, 0x39, 0x4c, 0x5a, 0x65, 0x6f, 0x6f, 0x65, 0x64, 0x65, 0x65, 0x5a, 0x5a, 0x4c, 0x38, 0x38, 0x2e, 0x38, 0x2e, 0x84, 0x77, 0x77, 0x61, 0x57, 0x6b, 
  0x9c, 0x26, 0x2c, 0x2c, 0x32, 0x32, 0x26, 0x05, 0x08, 0x08, 0x0d, 0x0d, 0x10, 0x10, 0x13, 0x16, 0x18, 0x18, 0x1b, 0x21, 0x21, 0x26, 0x2c, 0x2c, 0x2d, 0x32, 0x32, 0x36, 0x3b, 0x3e, 0x3e, 0x43, 0x44, 0x4a, 0x50, 0x50, 0x57, 0x57, 0x57, 0x5d, 0x5d, 0x61, 0x61, 0x61, 0x67, 0x67, 0x6e, 0x6e, 0x71, 0x6e, 0x71, 0x71, 0x77, 0x77, 0x77, 0x77, 0x81, 0x77, 0x81, 0x81, 0x81, 0x87, 0x87, 0x87, 0x8b, 0x87, 0x8b, 0x92, 0x92, 0x92, 0x92, 0x92, 0x92, 0x92, 0x92, 0x92, 0x92, 0x92, 0x92, 0x92, 0x8b, 0x8b, 0x8b, 0x8b, 0x84, 0x8b, 0x72, 0x5a, 0x39, 0x27, 0x23, 0x27, 0x29, 0x3c, 0x46, 0x56, 0x70, 0x74, 0x89, 0x83, 0x89, 0x70, 0x70, 0x5e, 0x49, 0x39, 0x2e, 0x2e, 0x39, 0x4c, 0x5a, 0x6f, 0x6e, 0x6f, 0x6f, 0x72, 0x6f, 0x6f, 0x6f, 0x6f, 0x6f, 0x64, 0x5a, 0x38, 0x38, 0x38, 0x38, 0x38, 0x38, 0x81, 0x77, 0x71, 0x61, 0x57, 0x89, 
  0xb2, 0x26, 0x2c, 0x2c, 0x32, 0x36, 0x32, 0x05, 0x08, 0x0a, 0x0d, 0x10, 0x10, 0x13, 0x16, 0x16, 0x1b, 0x1b, 0x21, 0x21, 0x26, 0x26, 0x2c, 0x2d, 0x32, 0x32, 0x3b, 0x36, 0x3e, 0x3e, 0x44, 0x44, 0x50, 0x50, 0x50, 0x57, 0x57, 0x5d, 0x5d, 0x61, 0x61, 0x61, 0x67, 0x67, 0x6e, 0x6e, 0x6e, 0x6e, 0x71, 0x71, 0x77, 0x77, 0x77, 0x77, 0x81, 0x81, 0x81, 0x87, 0x81, 0x87, 0x8b, 0x87, 0x8b, 0x92, 0x92, 0x92, 0x92, 0x92, 0x92, 0x96, 0x92, 0x96, 0x96, 0x96, 0x9b, 0x96, 0x9b, 0x96, 0x9b, 0x92, 0x92, 0x92, 0x8b, 0x8b, 0x8b, 0x8b, 0x8b, 0x8b, 0x84, 0x8b, 0x84, 0x72, 0x65, 0x51, 0x42, 0x39, 0x39, 0x39, 0x39, 0x39, 0x39, 0x42, 0x42, 0x51, 0x5a, 0x64, 0x72, 0x78, 0x78, 0x72, 0x72, 0x72, 0x72, 0x72, 0x72, 0x72, 0x72, 0x72, 0x72, 0x6f, 0x72, 0x64, 0x4c, 0x38, 0x38, 0x38, 0x38, 0x38, 0x3f, 0x81, 0x77, 0x6e, 0x61, 0x57, 0x9a, 
  0xc2, 0x21, 0x26, 0x2c, 0x32, 0x36, 0x32, 0x0a, 0x0a, 0x0a, 0x0d, 0x10, 0x13, 0x16, 0x16, 0x18, 0x18, 0x21, 0x21, 0x26, 0x26, 0x2c, 0x2d, 0x32, 0x36, 0x36, 0x3b, 0x3e, 0x3e, 0x44, 0x4a, 0x4a, 0x50, 0x50, 0x57, 0x57, 0x5d, 0x5d, 0x61, 0x61, 0x67, 0x67, 0x67, 0x6e, 0x6e, 0x6e, 0x71, 0x71, 0x77, 0x77, 0x71, 0x81, 0x77, 0x81, 0x81, 0x81, 0x87, 0x87, 0x87, 0x92, 0x87, 0x92, 0x92, 0x92, 0x96, 0x92, 0x96, 0x96, 0x9b, 0x96, 0x9b, 0x96, 0x9b, 0x96, 0x9b, 0x96, 0x9b, 0x9b, 0x96, 0x9b, 0x9b, 0x92, 0x9b, 0x92, 0x92, 0x92, 0x8b, 0x92, 0x8b, 0x8b, 0x8b, 0x84, 0x84, 0x84, 0x84, 0x84, 0x78, 0x78, 0x78, 0x78, 0x78, 0x78, 0x78, 0x84, 0x78, 0x78, 0x78, 0x78, 0x78, 0x78, 0x78, 0x78, 0x78, 0x78, 0x78, 0x78, 0x78, 0x72, 0x78, 0x72, 0x78, 0x58, 0x4d, 0x3f, 0x38, 0x38, 0x38, 0x38, 0x42, 0x81, 0x77, 0x6e, 0x5d, 0x50, 0xaa, 
  0xcf, 0x21, 0x26, 0x2c, 0x32, 0x36, 0x36, 0x0d, 0x08, 0x0d, 0x0d, 0x10, 0x13, 0x16, 0x18, 0x18, 0x21, 0x21, 0x26, 0x26, 0x2c, 0x2c, 0x32, 0x36, 0x36, 0x3b, 0x3e, 0x3e, 0x44, 0x44, 0x4a, 0x50, 0x50, 0x57, 0x57, 0x5d, 0x5d, 0x61, 0x61, 0x67, 0x67, 0x67, 0x6e, 0x6e, 0x71, 0x71, 0x71, 0x77, 0x77, 0x77, 0x81, 0x77, 0x81, 0x81, 0x81, 0x87, 0x87, 0x87, 0x92, 0x87, 0x92, 0x92, 0x92, 0x96, 0x96, 0x9b, 0x96, 0x9b, 0x96, 0x9b, 0x9b, 0xa0, 0x9b, 0xa0, 0x9b, 0xa0, 0x9b, 0xa0, 0x9b, 0x9b, 0x96, 0x9b, 0x9b, 0x9b, 0x9b, 0x96, 0x92, 0x92, 0x92, 0x92, 0x8b, 0x8b, 0x8b, 0x8b, 0x84, 0x8b, 0x84, 0x84, 0x84, 0x84, 0x84, 0x84, 0x84, 0x84, 0x78, 0x84, 0x78, 0x84, 0x78, 0x84, 0x84, 0x84, 0x78, 0x84, 0x78, 0x78, 0x78, 0x78, 0x78, 0x78, 0x78, 0x4d, 0x42, 0x3f, 0x38, 0x38, 0x38, 0x38, 0x42, 0x8b, 0x71, 0x6e, 0x57, 0x50, 0xc5, 
  0xd8, 0x24, 0x21, 0x2c, 0x32, 0x36, 0x3e, 0x16, 0x0a, 0x0a, 0x10, 0x10, 0x16, 0x16, 0x18, 0x1b, 0x21, 0x21, 0x26, 0x2c, 0x2d, 0x32, 0x36, 0x36, 0x3b, 0x3e, 0x3e, 0x44, 0x4a, 0x50, 0x50, 0x50, 0x57, 0x57, 0x5d, 0x5d, 0x61, 0x61, 0x67, 0x67, 0x6e, 0x6e, 0x6e, 0x71, 0x71, 0x71, 0x77, 0x77, 0x81, 0x81, 0x81, 0x81, 0x87, 0x87, 0x87, 0x87, 0x92, 0x92, 0x92, 0x92, 0x96, 0x96, 0x96, 0x9b, 0x96, 0x9b, 0x9b, 0xa0, 0xa0, 0xa0, 0xa0, 0xa0, 0xa0, 0xa0, 0xa0, 0xa0, 0xa0, 0xa0, 0xa0, 0xa0, 0xa0, 0xa0, 0x9b, 0xa0, 0x9b, 0x9b, 0x9b, 0x9b, 0x9b, 0x9b, 0x92, 0x92, 0x8b, 0x92, 0x8b, 0x8b, 0x8b, 0x8b, 0x8b, 0x8b, 0x8b, 0x8b, 0x8b, 0x84, 0x8b, 0x84, 0x84, 0x84, 0x84, 0x84, 0x84, 0x84, 0x84, 0x84, 0x84, 0x84, 0x84, 0x84, 0x84, 0x84, 0x72, 0x4d, 0x4d, 0x4d, 0x3f, 0x38, 0x38, 0x38, 0x64, 0x81, 0x77, 0x67, 0x50, 0x4a, 0xd8, 
  0xe4, 0x34, 0x26, 0x2c, 0x36, 0x36, 0x44, 0x21, 0x08, 0x0d, 0x10, 0x13, 0x13, 0x18, 0x1b, 0x1b, 0x21, 0x26, 0x2c, 0x2c, 0x32, 0x32, 0x36, 0x3b, 0x3e, 0x3e, 0x44, 0x44, 0x4a, 0x50, 0x54, 0x57, 0x5d, 0x5d, 0x5d, 0x61, 0x61, 0x67, 0x67, 0x6e, 0x6e, 0x71, 0x71, 0x77, 0x77, 0x77, 0x81, 0x81, 0x81, 0x81, 0x81, 0x87, 0x87, 0x87, 0x92, 0x92, 0x92, 0x92, 0x96, 0x96, 0x96, 0x9b, 0x9b, 0x9b, 0xa0, 0x9b, 0xa0, 0xa0, 0xa0, 0xa0, 0xa0, 0xa0, 0xa7, 0xa0, 0xa7, 0xa0, 0xa7, 0xa7, 0xa0, 0xa7, 0xa0, 0xa7, 0xa0, 0xa0, 0xa0, 0xa0, 0xa0, 0x9b, 0x9b, 0x9b, 0x9b, 0x9b, 0x9b, 0x92, 0x9b, 0x92, 0x92, 0x92, 0x8b, 0x92, 0x8b, 0x92, 0x8b, 0x8b, 0x8b, 0x8b, 0x8b, 0x8b, 0x8b, 0x8b, 0x8b, 0x8b, 0x8b, 0x8b, 0x8b, 0x84, 0x8b, 0x84, 0x8b, 0x8b, 0x60, 0x4d, 0x4d, 0x42, 0x3f, 0x38, 0x38, 0x38, 0x78, 0x8b, 0x71, 0x67, 0x50, 0x59, 0xe1, 
  0x00, 0x48, 0x26, 0x32, 0x32, 0x3e, 0x36, 0x36, 0x0a, 0x0d, 0x10, 0x13, 0x16, 0x18, 0x1b, 0x21, 0x21, 0x26, 0x2c, 0x2d, 0x32, 0x3b, 0x36, 0x3e, 0x3e, 0x44, 0x44, 0x4a, 0x50, 0x50, 0x57, 0x57, 0x57, 0x61, 0x61, 0x61, 0x67, 0x67, 0x6e, 0x6e, 0x71, 0x71, 0x71, 0x77, 0x77, 0x81, 0x77, 0x81, 0x81, 0x87, 0x87, 0x8b, 0x87, 0x92, 0x87, 0x92, 0x96, 0x92, 0x96, 0x96, 0x9b, 0x96, 0x9b, 0xa0, 0xa0, 0xa0, 0xa0, 0xa0, 0xa7, 0xa7, 0xa7, 0xa7, 0xa7, 0xa7, 0xa7, 0xa7, 0xa7, 0xa7, 0xa7, 0xa7, 0xa7, 0xa7, 0xa7, 0xa7, 0xa7, 0xa0, 0xa0, 0xa0, 0xa0, 0x9b, 0x9b, 0x9b, 0x9b, 0x9b, 0x9b, 0x9b, 0x9b, 0x92, 0x9b, 0x92, 0x9b, 0x92, 0x92, 0x92, 0x92, 0x8b, 0x92, 0x8b, 0x92, 0x8b, 0x8b, 0x8b, 0x92, 0x8b, 0x8b, 0x8b, 0x8b, 0x8b, 0x8b, 0x8b, 0x58, 0x58, 0x4d, 0x4d, 0x4d, 0x3f, 0x38, 0x42, 0x8b, 0x81, 0x71, 0x67, 0x4a, 0x6b, 0xe4, 
  0xe4, 0x8d, 0x2c, 0x2c, 0x36, 0x36, 0x36, 0x3e, 0x13, 0x10, 0x13, 0x16, 0x16, 0x1b, 0x1b, 0x21, 0x26, 0x2c, 0x2c, 0x32, 0x36, 0x36, 0x3e, 0x3e, 0x44, 0x44, 0x4a, 0x4a, 0x50, 0x57, 0x57, 0x5d, 0x61, 0x61, 0x61, 0x67, 0x67, 0x6e, 0x6e, 0x71, 0x71, 0x71, 0x77, 0x77, 0x77, 0x81, 0x81, 0x87, 0x81, 0x8b, 0x87, 0x8b, 0x92, 0x92, 0x96, 0x96, 0x96, 0x9b, 0x9b, 0x9b, 0x9b, 0xa0, 0xa0, 0xa0, 0xa0, 0xa0, 0xa7, 0xa7, 0xa7, 0xa7, 0xa7, 0xa7, 0xa7, 0xa7, 0xa7, 0xa7, 0xab, 0xa7, 0xab, 0xa7, 0xab, 0xa7, 0xab, 0xa7, 0xa7, 0xa7, 0xa7, 0xa7, 0xa0, 0xa7, 0xa0, 0xa0, 0xa0, 0xa0, 0x9b, 0x9b, 0x9b, 0x9b, 0x9b, 0x9b, 0x9b, 0x9b, 0x9b, 0x9b, 0x9b, 0x9b, 0x9b, 0x92, 0x9b, 0x9b, 0x9b, 0x92, 0x9b, 0x92, 0x9b, 0x8b, 0x9b, 0x8b, 0x9b, 0x7e, 0x58, 0x4d, 0x58, 0x4d, 0x42, 0x4d, 0x38, 0x58, 0x8b, 0x81, 0x6e, 0x61, 0x50, 0x83, 0xe4, 
  0x00, 0xc2, 0x2c, 0x32, 0x32, 0x36, 0x36, 0x3e, 0x21, 0x10, 0x13, 0x16, 0x18, 0x18, 0x21, 0x26, 0x26, 0x2c, 0x32, 0x32, 0x36, 0x3b, 0x3e, 0x3e, 0x44, 0x44, 0x4a, 0x50, 0x57, 0x57, 0x57, 0x61, 0x61, 0x67, 0x67, 0x67, 0x6e, 0x6e, 0x71, 0x71, 0x77, 0x77, 0x77, 0x81, 0x81, 0x81, 0x81, 0x8b, 0x87, 0x92, 0x87, 0x92, 0x92, 0x96, 0x92, 0x96, 0x96, 0x9b, 0x9b, 0x9b, 0xa0, 0x9b, 0xa0, 0xa0, 0xa7, 0xa7, 0xa7, 0xa7, 0xa7, 0xa7, 0xab, 0xab, 0xab, 0xab, 0xab, 0xab, 0xab, 0xab, 0xab, 0xab, 0xab, 0xab, 0xab, 0xab, 0xab, 0xab, 0xa7, 0xab, 0xa7, 0xa7, 0xa7, 0xa7, 0xa0, 0xa7, 0xa0, 0xa7, 0xa0, 0xa0, 0xa0, 0xa0, 0xa0, 0x9b, 0x9b, 0x9b, 0x9b, 0x9b, 0x9b, 0x9b, 0x9b, 0x9b, 0x9b, 0x9b, 0x9b, 0x9b, 0x9b, 0x9b, 0x9b, 0x9b, 0x9b, 0x6c, 0x60, 0x58, 0x58, 0x4d, 0x4d, 0x4d, 0x38, 0x65, 0x81, 0x77, 0x6e, 0x61, 0x50, 0x83, 0x00, 
  0x00, 0xe1, 0x3c, 0x32, 0x32, 0x36, 0x36, 0x36, 0x26, 0x10, 0x13, 0x16, 0x18, 0x1b, 0x21, 0x21, 0x2c, 0x2c, 0x32, 0x36, 0x36, 0x3e, 0x3e, 0x44, 0x44, 0x4a, 0x50, 0x50, 0x57, 0x57, 0x61, 0x61, 0x67, 0x67, 0x67, 0x6e, 0x6e, 0x6e, 0x71, 0x71, 0x77, 0x77, 0x81, 0x77, 0x81, 0x81, 0x87, 0x87, 0x87, 0x92, 0x92, 0x92, 0x96, 0x92, 0x96, 0x96, 0x9b, 0x9b, 0xa0, 0xa0, 0xa0, 0xa0, 0xa0, 0xa7, 0xa7, 0xa7, 0xab, 0xab, 0xab, 0xab, 0xab, 0xab, 0xab, 0xab, 0xab, 0xab, 0xae, 0xab, 0xae, 0xab, 0xae, 0xab, 0xae, 0xab, 0xae, 0xab, 0xab, 0xab, 0xab, 0xab, 0xab, 0xa7, 0xab, 0xa7, 0xa7, 0xa7, 0xa7, 0xa7, 0xa0, 0xa0, 0xa0, 0xa0, 0xa0, 0xa0, 0xa0, 0x9b, 0xa0, 0x9b, 0x9b, 0x9b, 0x9b, 0x9b, 0x9b, 0x9b, 0x9b, 0x9b, 0x9b, 0x9b, 0x9b, 0x6c, 0x60, 0x58, 0x58, 0x4d, 0x4d, 0x4d, 0x3f, 0x6d, 0x77, 0x71, 0x67, 0x5d, 0x50, 0xaa, 0x00, 
  0x00, 0xe4, 0x56, 0x2c, 0x32, 0x36, 0x36, 0x3e, 0x32, 0x0d, 0x13, 0x18, 0x18, 0x21, 0x21, 0x26, 0x2c, 0x2c, 0x32, 0x36, 0x3b, 0x3e, 0x3e, 0x44, 0x44, 0x50, 0x50, 0x57, 0x57, 0x5d, 0x61, 0x61, 0x67, 0x67, 0x6e, 0x6e, 0x6e, 0x71, 0x77, 0x77, 0x77, 0x77, 0x81, 0x81, 0x81, 0x81, 0x8b, 0x87, 0x92, 0x87, 0x96, 0x92, 0x96, 0x96, 0x96, 0x96, 0x96, 0xa0, 0xa0, 0xa0, 0xa0, 0xa7, 0xa7, 0xa7, 0xa7, 0xab, 0xab, 0xab, 0xab, 0xab, 0xab, 0xae, 0xab, 0xae, 0xae, 0xae, 0xae, 0xae, 0xae, 0xae, 0xae, 0xae, 0xae, 0xae, 0xae, 0xae, 0xae, 0xae, 0xae, 0xab, 0xae, 0xab, 0xab, 0xab, 0xab, 0xa7, 0xab, 0xa7, 0xa7, 0xa7, 0xa7, 0xa7, 0xa7, 0xa7, 0xa0, 0xa7, 0xa0, 0xa7, 0xa0, 0xa0, 0xa0, 0x9b, 0xa0, 0x9b, 0x9b, 0x9b, 0x9b, 0x9b, 0x92, 0x6c, 0x60, 0x58, 0x58, 0x4d, 0x4d, 0x4d, 0x4d, 0x8b, 0x77, 0x6e, 0x67, 0x57, 0x59, 0xd2, 0x00, 
  0x00, 0xe4, 0x5f, 0x26, 0x2c, 0x32, 0x3b, 0x3e, 0x44, 0x16, 0x16, 0x16, 0x1b, 0x21, 0x21, 0x26, 0x2c, 0x32, 0x32, 0x36, 0x3b, 0x3e, 0x44, 0x44, 0x50, 0x50, 0x50, 0x57, 0x57, 0x61, 0x61, 0x67, 0x67, 0x67, 0x6e, 0x6e, 0x71, 0x71, 0x77, 0x77, 0x81, 0x81, 0x81, 0x81, 0x8b, 0x87, 0x8b, 0x92, 0x92, 0x96, 0x96, 0x96, 0x96, 0x96, 0x96, 0xa0, 0xa0, 0xa0, 0xa0, 0xa0, 0xa7, 0xa7, 0xa7, 0xab, 0xab, 0xab, 0xab, 0xab, 0xae, 0xab, 0xae, 0xae, 0xae, 0xae, 0xae, 0xae, 0xae, 0xae, 0xb4, 0xae, 0xae, 0xb4, 0xae, 0xb4, 0xae, 0xae, 0xae, 0xae, 0xae, 0xae, 0xae, 0xae, 0xae, 0xae, 0xab, 0xad, 0xab, 0xab, 0xab, 0xab, 0xab, 0xa7, 0xab, 0xa7, 0xa7, 0xa7, 0xa7, 0xa7, 0xa7, 0xa0, 0xa0, 0xa0, 0xa0, 0xa0, 0xa0, 0xa0, 0x9b, 0xa0, 0x75, 0x60, 0x60, 0x60, 0x58, 0x58, 0x4d, 0x4d, 0x64, 0x8b, 0x77, 0x6e, 0x5d, 0x50, 0x6b, 0xe4, 0xe4, 
  0x00, 0xe4, 0x7c, 0x26, 0x2c, 0x36, 0x36, 0x3e, 0x3e, 0x32, 0x16, 0x18, 0x1b, 0x21, 0x26, 0x26, 0x2c, 0x32, 0x36, 0x36, 0x3e, 0x3e, 0x44, 0x4a, 0x4a, 0x50, 0x57, 0x57, 0x57, 0x61, 0x61, 0x67, 0x67, 0x6e, 0x6e, 0x71, 0x71, 0x77, 0x77, 0x81, 0x77, 0x81, 0x81, 0x87, 0x87, 0x87, 0x87, 0x92, 0x92, 0x92, 0x96, 0x96, 0x96, 0x96, 0xa0, 0x9b, 0xa0, 0xa0, 0xa0, 0xa7, 0xa0, 0xab, 0xa7, 0xab, 0xab, 0xab, 0xae, 0xab, 0xae, 0xae, 0xae, 0xae, 0xae, 0xb4, 0xae, 0xb4, 0xb4, 0xb4, 0xb4, 0xb4, 0xb4, 0xae, 0xb4, 0xae, 0xb4, 0xb4, 0xb4, 0xb4, 0xb4, 0xb4, 0xae, 0xb4, 0xae, 0xae, 0xae, 0xae, 0xab, 0xae, 0xab, 0xab, 0xab, 0xab, 0xab, 0xab, 0xab, 0xab, 0xab, 0xa7, 0xa7, 0xa7, 0xa7, 0xa7, 0xa0, 0xa7, 0xa0, 0xa0, 0xa0, 0xa0, 0x6c, 0x6c, 0x60, 0x58, 0x58, 0x58, 0x4d, 0x4d, 0x84, 0x84, 0x71, 0x6e, 0x57, 0x44, 0xa3, 0x00, 0x00, 
  0x00, 0xe4, 0xc2, 0x26, 0x2c, 0x32, 0x36, 0x3e, 0x3e, 0x44, 0x16, 0x18, 0x1b, 0x21, 0x21, 0x2c, 0x2d, 0x32, 0x36, 0x36, 0x3e, 0x3e, 0x44, 0x4a, 0x50, 0x50, 0x57, 0x57, 0x61, 0x61, 0x61, 0x67, 0x67, 0x6e, 0x6e, 0x71, 0x71, 0x77, 0x77, 0x77, 0x81, 0x81, 0x87, 0x8b, 0x87, 0x92, 0x92, 0x92, 0x96, 0x96, 0x96, 0x9b, 0x9b, 0xa0, 0x9b, 0xa0, 0xa0, 0xa0, 0xa7, 0xa7, 0xa7, 0xab, 0xab, 0xab, 0xab, 0xab, 0xae, 0xab, 0xae, 0xae, 0xae, 0xb4, 0xae, 0xb4, 0xb4, 0xb4, 0xb4, 0xb4, 0xb4, 0xb4, 0xb4, 0xb7, 0xb4, 0xb4, 0xb4, 0xb4, 0xb4, 0xb4, 0xb4, 0xb4, 0xb7, 0xb4, 0xb4, 0xb4, 0xb4, 0xae, 0xb4, 0xae, 0xae, 0xae, 0xae, 0xad, 0xae, 0xad, 0xab, 0xad, 0xab, 0xab, 0xab, 0xab, 0xa7, 0xab, 0xa7, 0xa7, 0xa7, 0xa7, 0xa0, 0xa0, 0x6c, 0x6c, 0x60, 0x60, 0x58, 0x58, 0x4d, 0x60, 0x84, 0x81, 0x6e, 0x65, 0x54, 0x45, 0xd2, 0xe4, 0x00, 
  0x00, 0x00, 0xe1, 0x46, 0x2c, 0x32, 0x36, 0x3e, 0x44, 0x44, 0x1b, 0x18, 0x1b, 0x21, 0x26, 0x26, 0x32, 0x32, 0x36, 0x3b, 0x3e, 0x44, 0x44, 0x4a, 0x50, 0x57, 0x57, 0x57, 0x61, 0x61, 0x67, 0x67, 0x6e, 0x6e, 0x71, 0x71, 0x77, 0x77, 0x77, 0x81, 0x81, 0x81, 0x87, 0x87, 0x87, 0x92, 0x92, 0x96, 0x92, 0x96, 0x9b, 0x96, 0xa0, 0x9b, 0xa0, 0xa0, 0xa0, 0xa7, 0xa7, 0xab, 0xa7, 0xab, 0xab, 0xab, 0xab, 0xae, 0xae, 0xae, 0xae, 0xb4, 0xae, 0xb4, 0xb4, 0xb4, 0xb4, 0xb4, 0xb4, 0xb7, 0xb4, 0xb7, 0xb4, 0xb7, 0xb4, 0xb7, 0xb7, 0xb7, 0xb7, 0xb7, 0xb7, 0xb7, 0xb7, 0xb7, 0xb7, 0xb4, 0xb4, 0xb4, 0xb4, 0xb4, 0xb4, 0xae, 0xb4, 0xae, 0xae, 0xae, 0xae, 0xad, 0xab, 0xad, 0xab, 0xab, 0xab, 0xab, 0xab, 0xa7, 0xa7, 0xa7, 0xa7, 0x90, 0x6c, 0x6c, 0x60, 0x60, 0x58, 0x58, 0x4d, 0x64, 0x84, 0x72, 0x6e, 0x5d, 0x50, 0x59, 0xe4, 0x00, 0x00, 
  0x00, 0xe4, 0x00, 0x8d, 0x2c, 0x32, 0x36, 0x36, 0x44, 0x44, 0x36, 0x16, 0x1b, 0x21, 0x26, 0x2c, 0x2d, 0x32, 0x36, 0x3e, 0x3e, 0x44, 0x44, 0x50, 0x50, 0x57, 0x57, 0x61, 0x61, 0x61, 0x67, 0x67, 0x6e, 0x71, 0x6e, 0x77, 0x71, 0x77, 0x81, 0x81, 0x81, 0x87, 0x8b, 0x92, 0x92, 0x92, 0x92, 0x96, 0x96, 0x96, 0x96, 0x9b, 0xa0, 0xa0, 0xa0, 0xa0, 0xa7, 0xa0, 0xa7, 0xa7, 0xab, 0xab, 0xab, 0xae, 0xae, 0xae, 0xae, 0xae, 0xae, 0xb4, 0xae, 0xb7, 0xb4, 0xb4, 0xb7, 0xb4, 0xb7, 0xb7, 0xb7, 0xb7, 0xb7, 0xb7, 0xb7, 0xb7, 0xb7, 0xb7, 0xb7, 0xb7, 0xb7, 0xba, 0xb7, 0xb7, 0xb7, 0xb7, 0xb7, 0xb7, 0xb4, 0xb4, 0xb4, 0xb4, 0xb4, 0xb4, 0xb4, 0xad, 0xb4, 0xae, 0xad, 0xae, 0xad, 0xab, 0xad, 0xab, 0xab, 0xab, 0xa7, 0xa7, 0xa0, 0x75, 0x75, 0x6c, 0x60, 0x60, 0x58, 0x58, 0x4d, 0x84, 0x78, 0x71, 0x65, 0x57, 0x4a, 0x70, 0xe4, 0x00, 0x00, 
  0x00, 0x00, 0x00, 0xb2, 0x2c, 0x32, 0x32, 0x3e, 0x3e, 0x44, 0x44, 0x21, 0x1b, 0x21, 0x26, 0x2c, 0x32, 0x32, 0x36, 0x3b, 0x3e, 0x44, 0x44, 0x50, 0x50, 0x57, 0x5d, 0x5d, 0x61, 0x67, 0x67, 0x6e, 0x6e, 0x71, 0x71, 0x77, 0x77, 0x81, 0x77, 0x81, 0x87, 0x81, 0x92, 0x87, 0x92, 0x92, 0x92, 0x96, 0x96, 0x9b, 0x9b, 0x9b, 0xa0, 0xa0, 0xa0, 0xa0, 0xa7, 0xa7, 0xa7, 0xab, 0xab, 0xab, 0xab, 0xae, 0xae, 0xae, 0xae, 0xae, 0xb4, 0xb4, 0xb4, 0xb4, 0xb4, 0xb7, 0xb7, 0xb7, 0xb7, 0xb7, 0xb7, 0xb7, 0xb7, 0xba, 0xb7, 0xba, 0xba, 0xba, 0xba, 0xba, 0xba, 0xba, 0xba, 0xba, 0xba, 0xb7, 0xb7, 0xb7, 0xb7, 0xb7, 0xb7, 0xb7, 0xb7, 0xb4, 0xb1, 0xb4, 0xae, 0xb4, 0xae, 0xad, 0xae, 0xad, 0xab, 0xad, 0xab, 0xab, 0xa7, 0xa7, 0x86, 0x75, 0x6c, 0x6c, 0x60, 0x58, 0x58, 0x4d, 0x64, 0x84, 0x78, 0x6f, 0x5d, 0x54, 0x43, 0xc5, 0xe4, 0x00, 0x00, 
  0x00, 0x00, 0xe4, 0xd8, 0x3c, 0x32, 0x36, 0x36, 0x3e, 0x3e, 0x44, 0x32, 0x1b, 0x21, 0x26, 0x2c, 0x2d, 0x32, 0x3b, 0x3e, 0x3e, 0x44, 0x4a, 0x50, 0x50, 0x57, 0x57, 0x61, 0x61, 0x67, 0x67, 0x6e, 0x6e, 0x71, 0x71, 0x77, 0x77, 0x77, 0x81, 0x81, 0x87, 0x8b, 0x87, 0x92, 0x92, 0x92, 0x96, 0x96, 0x9b, 0x9b, 0xa0, 0xa0, 0xa0, 0xa0, 0xa0, 0xa7, 0xa7, 0xa7, 0xab, 0xab, 0xab, 0xae, 0xae, 0xae, 0xae, 0xae, 0xb4, 0xb4, 0xb4, 0xb4, 0xb4, 0xb7, 0xb7, 0xb7, 0xb7, 0xb7, 0xba, 0xba, 0xba, 0xba, 0xba, 0xba, 0xba, 0xba, 0xba, 0xba, 0xbc, 0xba, 0xbd, 0xba, 0xba, 0xba, 0xba, 0xba, 0xba, 0xba, 0xba, 0xb7, 0xb7, 0xb7, 0xb7, 0xb7, 0xb7, 0xb4, 0xb3, 0xb4, 0xb1, 0xae, 0xad, 0xad, 0xad, 0xad, 0xab, 0xad, 0xa7, 0xa7, 0x7b, 0x75, 0x6c, 0x6c, 0x60, 0x60, 0x58, 0x4d, 0x73, 0x78, 0x72, 0x65, 0x5d, 0x4e, 0x5e, 0xe4, 0x00, 0x00, 0x00, 
  0x00, 0x00, 0x00, 0x00, 0x7c, 0x30, 0x36, 0x36, 0x36, 0x3e, 0x3e, 0x44, 0x21, 0x21, 0x26, 0x2c, 0x32, 0x36, 0x36, 0x3e, 0x44, 0x44, 0x4a, 0x50, 0x57, 0x57, 0x5d, 0x61, 0x61, 0x67, 0x67, 0x6e, 0x71, 0x71, 0x71, 0x77, 0x77, 0x81, 0x81, 0x87, 0x87, 0x87, 0x92, 0x92, 0x96, 0x96, 0x9b, 0x96, 0xa0, 0x9b, 0xa0, 0xa0, 0xa0, 0xa0, 0xa7, 0xa7, 0xa7, 0xab, 0xab, 0xab, 0xab, 0xae, 0xae, 0xae, 0xae, 0xb4, 0xb4, 0xb4, 0xb4, 0xb7, 0xb7, 0xb7, 0xb7, 0xb7, 0xb7, 0xba, 0xba, 0xba, 0xba, 0xba, 0xba, 0xba, 0xbc, 0xba, 0xbc, 0xbc, 0xbd, 0xbc, 0xba, 0xbd, 0xbd, 0xbc, 0xba, 0xbb, 0xba, 0xba, 0xba, 0xba, 0xba, 0xba, 0xba, 0xb7, 0xb7, 0xb7, 0xb4, 0xb4, 0xb4, 0xb4, 0xad, 0xb4, 0xad, 0xad, 0xad, 0xab, 0xad, 0x98, 0x75, 0x75, 0x6c, 0x6c, 0x60, 0x60, 0x58, 0x58, 0x78, 0x72, 0x6f, 0x65, 0x54, 0x4a, 0x95, 0xe4, 0x00, 0x00, 0x00, 
  0x00, 0x00, 0x00, 0x00, 0xd2, 0x3c, 0x32, 0x32, 0x36, 0x3e, 0x44, 0x44, 0x36, 0x21, 0x26, 0x2c, 0x32, 0x32, 0x36, 0x3e, 0x3e, 0x4a, 0x4a, 0x50, 0x50, 0x57, 0x5d, 0x61, 0x61, 0x67, 0x67, 0x6e, 0x71, 0x71, 0x77, 0x77, 0x81, 0x81, 0x81, 0x87, 0x8b, 0x92, 0x92, 0x92, 0x96, 0x96, 0x9b, 0x9b, 0x9b, 0xa0, 0xa0, 0xa0, 0xa0, 0xa7, 0xa7, 0xa7, 0xab, 0xab, 0xab, 0xae, 0xae, 0xae, 0xae, 0xae, 0xb4, 0xb4, 0xb4, 0xb7, 0xb7, 0xb7, 0xb7, 0xb7, 0xb7, 0xba, 0xba, 0xba, 0xba, 0xba, 0xbc, 0xba, 0xbc, 0xbc, 0xbc, 0xbc, 0xbc, 0xbd, 0xbc, 0xbc, 0xbd, 0xbc, 0xbc, 0xbd, 0xbc, 0xbc, 0xbb, 0xbc, 0xba, 0xba, 0xba, 0xba, 0xba, 0xb7, 0xba, 0xb3, 0xb7, 0xb3, 0xb4, 0xb1, 0xb4, 0xad, 0xad, 0xad, 0xad, 0xad, 0xab, 0x86, 0x75, 0x75, 0x6c, 0x6c, 0x60, 0x60, 0x58, 0x6d, 0x78, 0x6f, 0x65, 0x5d, 0x4e, 0x45, 0xc5, 0x00, 0x00, 0x00, 0x00, 
  0x00, 0x00, 0x00, 0x00, 0x00, 0x56, 0x2c, 0x32, 0x36, 0x3e, 0x44, 0x44, 0x4a, 0x21, 0x26, 0x2c, 0x32, 0x32, 0x36, 0x3e, 0x3e, 0x44, 0x4a, 0x50, 0x57, 0x57, 0x57, 0x61, 0x61, 0x67, 0x6e, 0x6e, 0x71, 0x71, 0x77, 0x77, 0x77, 0x81, 0x81, 0x87, 0x87, 0x87, 0x92, 0x92, 0x96, 0x96, 0x9b, 0x9b, 0xa0, 0xa0, 0xa0, 0xa0, 0xa7, 0xa0, 0xab, 0xa7, 0xab, 0xab, 0xab, 0xae, 0xae, 0xae, 0xae, 0xb4, 0xb4, 0xb7, 0xb4, 0xb7, 0xb7, 0xb7, 0xb7, 0xba, 0xba, 0xba, 0xba, 0xba, 0xbc, 0xba, 0xbc, 0xbc, 0xbd, 0xbd, 0xbc, 0xbc, 0xbc, 0xbc, 0xbd, 0xbc, 0xbd, 0xbd, 0xbc, 0xbc, 0xbc, 0xbd, 0xbc, 0xbb, 0xbc, 0xbb, 0xbc, 0xbb, 0xba, 0xba, 0xba, 0xb7, 0xb7, 0xb7, 0xb3, 0xb4, 0xb1, 0xb4, 0xb1, 0xad, 0xad, 0xab, 0x9d, 0x7b, 0x75, 0x75, 0x6c, 0x6c, 0x60, 0x60, 0x64, 0x84, 0x73, 0x6e, 0x64, 0x54, 0x45, 0x70, 0xe4, 0x00, 0x00, 0x00, 0x00, 
  0x00, 0x00, 0x00, 0x00, 0xe4, 0x8d, 0x26, 0x32, 0x36, 0x3e, 0x3e, 0x44, 0x44, 0x36, 0x26, 0x2c, 0x2d, 0x32, 0x36, 0x3b, 0x3e, 0x44, 0x4a, 0x50, 0x50, 0x57, 0x5d, 0x61, 0x61, 0x67, 0x67, 0x71, 0x71, 0x71, 0x77, 0x77, 0x81, 0x81, 0x87, 0x87, 0x87, 0x92, 0x92, 0x96, 0x96, 0x96, 0x9b, 0xa0, 0x9b, 0xa0, 0xa0, 0xa7, 0xa7, 0xa7, 0xab, 0xa7, 0xab, 0xab, 0xae, 0xae, 0xae, 0xb4, 0xae, 0xb4, 0xb4, 0xb4, 0xb7, 0xb7, 0xb7, 0xba, 0xba, 0xba, 0xba, 0xba, 0xbc, 0xba, 0xbc, 0xbc, 0xbc, 0xbc, 0xbc, 0xbf, 0xbd, 0xbf, 0xbc, 0xbf, 0xbc, 0xbf, 0xbf, 0xbf, 0xbc, 0xbf, 0xbd, 0xbc, 0xbd, 0xbc, 0xbd, 0xbd, 0xbd, 0xba, 0xbb, 0xba, 0xb9, 0xba, 0xb3, 0xb7, 0xb4, 0xb3, 0xb4, 0xad, 0xad, 0xad, 0xad, 0xad, 0x86, 0x75, 0x75, 0x75, 0x6c, 0x6c, 0x60, 0x60, 0x73, 0x7e, 0x72, 0x64, 0x5d, 0x51, 0x45, 0xcf, 0xe4, 0x00, 0x00, 0x00, 0x00, 
  0x00, 0x00, 0x00, 0x00, 0xe4, 0xd8, 0x3c, 0x32, 0x32, 0x3e, 0x3e, 0x3e, 0x44, 0x50, 0x32, 0x2c, 0x2c, 0x32, 0x36, 0x3e, 0x3e, 0x44, 0x4a, 0x50, 0x57, 0x57, 0x5d, 0x61, 0x61, 0x67, 0x6e, 0x6e, 0x71, 0x71, 0x77, 0x77, 0x81, 0x81, 0x81, 0x87, 0x87, 0x92, 0x92, 0x96, 0x96, 0x9b, 0x9b, 0x9b, 0xa0, 0xa0, 0xa7, 0xa0, 0xa7, 0xa7, 0xab, 0xab, 0xae, 0xab, 0xae, 0xae, 0xae, 0xb4, 0xb4, 0xb4, 0xb7, 0xb7, 0xb7, 0xb7, 0xba, 0xb7, 0xba, 0xba, 0xbc, 0xba, 0xbc, 0xbc, 0xbc, 0xbc, 0xbd, 0xbf, 0xbd, 0xbf, 0xbf, 0xbf, 0xbf, 0xbf, 0xbf, 0xbf, 0xc0, 0xbf, 0xbd, 0xbf, 0xbc, 0xc0, 0xbc, 0xc0, 0xbc, 0xbd, 0xbb, 0xbd, 0xbd, 0xba, 0xba, 0xba, 0xb9, 0xb7, 0xb3, 0xb4, 0xb1, 0xb1, 0xad, 0xad, 0xab, 0x91, 0x7b, 0x7b, 0x75, 0x75, 0x6c, 0x6c, 0x60, 0x60, 0x7e, 0x72, 0x65, 0x65, 0x51, 0x4e, 0x5c, 0xe4, 0x00, 0x00, 0x00, 0x00, 0x00, 
  0x00, 0x00, 0x00, 0x00, 0x00, 0xe4, 0x9c, 0x2c, 0x36, 0x36, 0x3e, 0x3e, 0x44, 0x50, 0x44, 0x26, 0x2c, 0x32, 0x36, 0x3b, 0x3e, 0x44, 0x44, 0x50, 0x50, 0x57, 0x5d, 0x61, 0x61, 0x67, 0x6e, 0x6e, 0x71, 0x71, 0x77, 0x77, 0x81, 0x81, 0x87, 0x87, 0x92, 0x87, 0x96, 0x92, 0x96, 0x96, 0xa0, 0xa0, 0xa0, 0xa0, 0xa0, 0xa7, 0xa7, 0xab, 0xa7, 0xab, 0xab, 0xae, 0xae, 0xae, 0xb4, 0xae, 0xb4, 0xb7, 0xb4, 0xb7, 0xb7, 0xb7, 0xba, 0xba, 0xbc, 0xba, 0xbc, 0xbc, 0xbc, 0xbc, 0xbc, 0xbc, 0xbf, 0xbc, 0xbf, 0xbf, 0xbf, 0xbf, 0xbf, 0xbf, 0xbf, 0xbf, 0xbf, 0xbf, 0xbf, 0xbf, 0xbf, 0xbf, 0xc0, 0xbf, 0xc0, 0xbc, 0xbd, 0xbc, 0xbb, 0xbd, 0xb9, 0xba, 0xb9, 0xb7, 0xb3, 0xb4, 0xb1, 0xb4, 0xad, 0xad, 0xad, 0x86, 0x86, 0x75, 0x75, 0x6c, 0x6c, 0x60, 0x60, 0x7e, 0x72, 0x6f, 0x64, 0x5a, 0x4e, 0x42, 0xaa, 0xe4, 0x00, 0x00, 0x00, 0x00, 0x00, 
  0x00, 0x00, 0x00, 0x00, 0x00, 0xe4, 0xd2, 0x2d, 0x30, 0x36, 0x3e, 0x44, 0x44, 0x4a, 0x4a, 0x36, 0x2c, 0x30, 0x36, 0x3b, 0x3e, 0x3e, 0x4a, 0x4a, 0x57, 0x57, 0x5d, 0x61, 0x67, 0x67, 0x6e, 0x6e, 0x71, 0x71, 0x77, 0x77, 0x7f, 0x81, 0x87, 0x87, 0x87, 0x92, 0x96, 0x96, 0x96, 0x9b, 0x9b, 0xa0, 0xa0, 0xa0, 0xa7, 0xa7, 0xa7, 0xab, 0xab, 0xab, 0xae, 0xae, 0xae, 0xae, 0xb4, 0xb4, 0xb4, 0xb7, 0xb7, 0xb7, 0xb7, 0xba, 0xba, 0xba, 0xba, 0xbc, 0xbc, 0xbc, 0xbc, 0xbc, 0xbc, 0xbf, 0xbf, 0xbf, 0xbf, 0xbf, 0xbf, 0xbf, 0xbf, 0xbf, 0xbf, 0xbf, 0xbf, 0xbf, 0xbf, 0xc0, 0xbf, 0xc0, 0xbf, 0xc0, 0xbd, 0xc0, 0xbc, 0xbb, 0xbc, 0xb9, 0xbc, 0xb9, 0xba, 0xb9, 0xb7, 0xb3, 0xb1, 0xb1, 0xb1, 0xad, 0x91, 0x86, 0x86, 0x75, 0x75, 0x75, 0x6c, 0x6c, 0x6d, 0x7e, 0x6f, 0x65, 0x5a, 0x51, 0x4a, 0x70, 0xe4, 0x00, 0x00, 0x00, 0x00, 0x00, 0x00, 
  0x00, 0x00, 0x00, 0x00, 0x00, 0x00, 0xe4, 0x7c, 0x32, 0x36, 0x3e, 0x3e, 0x44, 0x44, 0x44, 0x50, 0x2d, 0x32, 0x36, 0x3b, 0x3e, 0x3e, 0x44, 0x4a, 0x50, 0x57, 0x5d, 0x5d, 0x61, 0x67, 0x67, 0x6e, 0x71, 0x71, 0x77, 0x77, 0x81, 0x81, 0x87, 0x87, 0x92, 0x92, 0x96, 0x96, 0x96, 0x9b, 0xa0, 0xa0, 0xa0, 0xa7, 0xa0, 0xa7, 0xab, 0xab, 0xab, 0xae, 0xae, 0xae, 0xae, 0xb4, 0xb4, 0xb4, 0xb7, 0xb7, 0xb7, 0xb7, 0xba, 0xba, 0xba, 0xba, 0xbc, 0xbc, 0xbc, 0xbc, 0xbc, 0xbf, 0xbf, 0xbf, 0xbf, 0xbf, 0xbf, 0xbf, 0xbf, 0xc4, 0xc4, 0xc4, 0xc4, 0xbf, 0xc4, 0xbf, 0xbf, 0xbf, 0xbf, 0xc0, 0xbf, 0xc0, 0xbf, 0xbd, 0xbf, 0xbd, 0xbd, 0xbd, 0xbb, 0xba, 0xb9, 0xb7, 0xb3, 0xb4, 0xb1, 0xb1, 0xad, 0xa5, 0x86, 0x86, 0x7b, 0x75, 0x75, 0x6c, 0x6c, 0x6c, 0x7e, 0x78, 0x64, 0x64, 0x54, 0x4c, 0x42, 0xb2, 0xe4, 0x00, 0x00, 0x00, 0x00, 0x00, 0x00, 
  0x00, 0x00, 0x00, 0x00, 0x00, 0x00, 0x00, 0xd8, 0x56, 0x36, 0x36, 0x3e, 0x3e, 0x44, 0x44, 0x50, 0x44, 0x2d, 0x32, 0x36, 0x3b, 0x3e, 0x44, 0x4a, 0x50, 0x57, 0x57, 0x61, 0x61, 0x67, 0x6e, 0x6e, 0x71, 0x71, 0x77, 0x77, 0x7f, 0x81, 0x87, 0x87, 0x87, 0x92, 0x96, 0x96, 0x9b, 0x96, 0xa0, 0xa0, 0xa0, 0xa0, 0xa7, 0xa7, 0xa7, 0xab, 0xae, 0xab, 0xae, 0xae, 0xae, 0xb4, 0xb4, 0xb7, 0xb4, 0xb7, 0xb7, 0xb7, 0xba, 0xba, 0xba, 0xbc, 0xba, 0xbc, 0xbc, 0xbc, 0xbf, 0xbc, 0xbf, 0xbf, 0xbf, 0xbf, 0xbf, 0xbf, 0xc4, 0xbf, 0xc4, 0xc4, 0xc4, 0xbf, 0xc4, 0xc4, 0xc4, 0xc4, 0xc4, 0xbf, 0xc0, 0xbf, 0xc0, 0xbf, 0xbb, 0xbd, 0xbd, 0xbd, 0xbd, 0xb9, 0xb9, 0xb9, 0xb3, 0xb1, 0xb1, 0xb1, 0xad, 0x99, 0x86, 0x86, 0x7b, 0x75, 0x75, 0x6c, 0x64, 0x73, 0x7e, 0x6d, 0x65, 0x5a, 0x4c, 0x45, 0x5c, 0xe1, 0x00, 0x00, 0x00, 0x00, 0x00, 0x00, 0x00, 
  0x00, 0x00, 0x00, 0x00, 0x00, 0x00, 0x00, 0x00, 0x9c, 0x32, 0x36, 0x36, 0x3b, 0x44, 0x44, 0x50, 0x50, 0x44, 0x32, 0x32, 0x36, 0x3e, 0x43, 0x44, 0x50, 0x54, 0x57, 0x5d, 0x61, 0x67, 0x67, 0x6e, 0x71, 0x71, 0x77, 0x77, 0x81, 0x81, 0x87, 0x87, 0x92, 0x92, 0x92, 0x96, 0x96, 0xa0, 0xa0, 0xa0, 0xa0, 0xa7, 0xa7, 0xa7, 0xab, 0xab, 0xab, 0xae, 0xae, 0xae, 0xb4, 0xb4, 0xb4, 0xb4, 0xb7, 0xb7, 0xb7, 0xba, 0xba, 0xba, 0xbc, 0xba, 0xbc, 0xbc, 0xbc, 0xbf, 0xbf, 0xbf, 0xbf, 0xbf, 0xbf, 0xbf, 0xbf, 0xc4, 0xbf, 0xc4, 0xc4, 0xc4, 0xc4, 0xc4, 0xc4, 0xbf, 0xc4, 0xbf, 0xc4, 0xc0, 0xbf, 0xc0, 0xc0, 0xbd, 0xc0, 0xbd, 0xbd, 0xbb, 0xb9, 0xba, 0xb9, 0xb7, 0xb3, 0xb1, 0xb1, 0xad, 0x99, 0x86, 0x86, 0x7b, 0x75, 0x75, 0x6c, 0x75, 0x6d, 0x7e, 0x6f, 0x6f, 0x5a, 0x5a, 0x42, 0x42, 0xd8, 0xe4, 0x00, 0x00, 0x00, 0x00, 0x00, 0x00, 0x00, 
  0x00, 0x00, 0x00, 0x00, 0x00, 0x00, 0x00, 0xe4, 0xe1, 0x56, 0x2c, 0x32, 0x36, 0x44, 0x44, 0x4a, 0x50, 0x50, 0x35, 0x32, 0x35, 0x3e, 0x44, 0x43, 0x50, 0x50, 0x57, 0x5d, 0x61, 0x61, 0x67, 0x6e, 0x6e, 0x71, 0x77, 0x77, 0x78, 0x81, 0x87, 0x87, 0x90, 0x87, 0x96, 0x96, 0x9b, 0x96, 0x9b, 0xa0, 0xa0, 0xa0, 0xa7, 0xa7, 0xab, 0xab, 0xab, 0xae, 0xae, 0xae, 0xb4, 0xb4, 0xb4, 0xb7, 0xb7, 0xb7, 0xb7, 0xb7, 0xba, 0xba, 0xba, 0xbc, 0xbc, 0xbc, 0xbc, 0xc0, 0xbf, 0xbf, 0xbf, 0xbf, 0xbf, 0xbf, 0xc4, 0xbf, 0xc4, 0xc4, 0xc4, 0xc4, 0xc4, 0xc4, 0xc4, 0xc4, 0xbf, 0xc4, 0xbf, 0xc4, 0xc0, 0xbf, 0xc0, 0xc0, 0xbd, 0xbd, 0xbb, 0xbd, 0xba, 0xb9, 0xb3, 0xb3, 0xb1, 0xb1, 0xb1, 0x9f, 0x91, 0x91, 0x86, 0x86, 0x7b, 0x75, 0x73, 0x6c, 0x7e, 0x73, 0x6f, 0x64, 0x5a, 0x51, 0x3d, 0x7c, 0xe4, 0x00, 0x00, 0x00, 0x00, 0x00, 0x00, 0x00, 0x00, 
  0x00, 0x00, 0x00, 0x00, 0x00, 0x00, 0x00, 0x00, 0xe4, 0xd2, 0x2c, 0x2d, 0x36, 0x3e, 0x44, 0x44, 0x4a, 0x50, 0x50, 0x36, 0x32, 0x3b, 0x43, 0x43, 0x4a, 0x50, 0x54, 0x57, 0x5d, 0x61, 0x67, 0x67, 0x71, 0x71, 0x71, 0x77, 0x77, 0x81, 0x7f, 0x87, 0x87, 0x92, 0x90, 0x96, 0x96, 0xa0, 0xa0, 0xa0, 0xa0, 0xa7, 0xa7, 0xa7, 0xab, 0xab, 0xae, 0xab, 0xae, 0xb4, 0xb4, 0xb4, 0xb7, 0xb4, 0xb7, 0xb7, 0xba, 0xba, 0xba, 0xba, 0xbc, 0xba, 0xbc, 0xbc, 0xbf, 0xbf, 0xc0, 0xbf, 0xbf, 0xbf, 0xbf, 0xbf, 0xc4, 0xc4, 0xc4, 0xc4, 0xc4, 0xc4, 0xc4, 0xc4, 0xc4, 0xc4, 0xc4, 0xc4, 0xc0, 0xc4, 0xc0, 0xc0, 0xc0, 0xbd, 0xc0, 0xbb, 0xbd, 0xbb, 0xb9, 0xb9, 0xb7, 0xb3, 0xb3, 0xb1, 0xa5, 0x91, 0x91, 0x86, 0x86, 0x7b, 0x75, 0x75, 0x6c, 0x7e, 0x7e, 0x6f, 0x64, 0x5a, 0x51, 0x4c, 0x5e, 0xd2, 0x00, 0x00, 0x00, 0x00, 0x00, 0x00, 0x00, 0x00, 0x00, 
  0x00, 0x00, 0x00, 0x00, 0x00, 0x00, 0x00, 0x00, 0x00, 0xe1, 0x7c, 0x30, 0x36, 0x3e, 0x3e, 0x44, 0x44, 0x50, 0x57, 0x50, 0x30, 0x36, 0x3e, 0x43, 0x43, 0x4a, 0x50, 0x57, 0x5d, 0x61, 0x61, 0x67, 0x67, 0x71, 0x71, 0x77, 0x78, 0x7f, 0x81, 0x87, 0x87, 0x90, 0x92, 0x96, 0x96, 0x96, 0xa0, 0xa0, 0xa0, 0xa7, 0xa7, 0xa7, 0xab, 0xab, 0xab, 0xae, 0xae, 0xb4, 0xb4, 0xb4, 0xb4, 0xb7, 0xb7, 0xb7, 0xb7, 0xba, 0xba, 0xba, 0xba, 0xbc, 0xbd, 0xbc, 0xbc, 0xbf, 0xbf, 0xbf, 0xbf, 0xbf, 0xbf, 0xc4, 0xc4, 0xc4, 0xc4, 0xc4, 0xc4, 0xc4, 0xc4, 0xc4, 0xc4, 0xc4, 0xc0, 0xc4, 0xbf, 0xc0, 0xbf, 0xc0, 0xbd, 0xc0, 0xbd, 0xbb, 0xbb, 0xb9, 0xba, 0xb3, 0xb9, 0xb1, 0xb3, 0xb1, 0x99, 0x91, 0x91, 0x91, 0x86, 0x86, 0x7b, 0x6d, 0x7e, 0x7e, 0x73, 0x6f, 0x64, 0x51, 0x51, 0x42, 0xc5, 0xe4, 0x00, 0x00, 0x00, 0x00, 0x00, 0x00, 0x00, 0x00, 0x00, 
  0x00, 0x00, 0x00, 0x00, 0x00, 0x00, 0x00, 0x00, 0x00, 0x00, 0xd8, 0x56, 0x3b, 0x3b, 0x3e, 0x44, 0x44, 0x50, 0x50, 0x57, 0x50, 0x35, 0x3b, 0x3e, 0x43, 0x4a, 0x4e, 0x57, 0x57, 0x5d, 0x61, 0x67, 0x67, 0x6e, 0x71, 0x71, 0x77, 0x78, 0x81, 0x87, 0x87, 0x87, 0x96, 0x90, 0x96, 0x96, 0xa0, 0xa0, 0xa0, 0xa7, 0xa7, 0xab, 0xab, 0xab, 0xae, 0xae, 0xae, 0xb4, 0xb4, 0xb4, 0xb7, 0xb4, 0xb7, 0xba, 0xba, 0xba, 0xba, 0xba, 0xbc, 0xba, 0xbc, 0xbc, 0xbf, 0xbf, 0xc0, 0xbf, 0xbf, 0xbf, 0xc4, 0xbf, 0xc4, 0xc4, 0xc4, 0xc4, 0xc4, 0xc4, 0xc4, 0xc4, 0xc4, 0xc4, 0xc4, 0xc4, 0xc0, 0xc4, 0xc0, 0xc0, 0xc0, 0xbd, 0xbb, 0xbb, 0xb9, 0xbb, 0xb9, 0xb9, 0xb3, 0xb3, 0xb3, 0x9f, 0x99, 0x91, 0x91, 0x86, 0x86, 0x7b, 0x75, 0x7b, 0x7e, 0x73, 0x6f, 0x64, 0x5a, 0x51, 0x3f, 0x74, 0xe1, 0x00, 0x00, 0x00, 0x00, 0x00, 0x00, 0x00, 0x00, 0x00, 0x00, 
  0x00, 0x00, 0x00, 0x00, 0x00, 0x00, 0x00, 0x00, 0x00, 0x00, 0xe4, 0xcf, 0x3c, 0x36, 0x3b, 0x3e, 0x44, 0x44, 0x50, 0x50, 0x57, 0x50, 0x36, 0x3b, 0x3e, 0x43, 0x4a, 0x50, 0x54, 0x57, 0x5d, 0x61, 0x65, 0x67, 0x71, 0x71, 0x77, 0x77, 0x81, 0x7f, 0x87, 0x90, 0x92, 0x90, 0x96, 0x98, 0x96, 0xa0, 0xa0, 0xa7, 0xa7, 0xa7, 0xab, 0xab, 0xab, 0xae, 0xae, 0xb4, 0xb4, 0xb4, 0xb4, 0xb7, 0xb7, 0xb7, 0xb7, 0xba, 0xba, 0xba, 0xba, 0xbc, 0xbd, 0xbf, 0xbd, 0xbf, 0xbf, 0xbf, 0xbf, 0xc4, 0xbf, 0xc4, 0xc4, 0xc4, 0xc4, 0xc4, 0xc4, 0xc4, 0xc4, 0xc4, 0xc4, 0xc4, 0xc0, 0xc4, 0xbf, 0xc0, 0xc0, 0xc0, 0xbb, 0xbb, 0xbd, 0xb9, 0xbb, 0xb9, 0xb9, 0xb3, 0xb3, 0xb3, 0xa8, 0x99, 0x99, 0x91, 0x86, 0x86, 0x86, 0x7b, 0x75, 0x7e, 0x73, 0x72, 0x64, 0x60, 0x51, 0x4c, 0x5e, 0xe1, 0xe4, 0x00, 0x00, 0x00, 0x00, 0x00, 0x00, 0x00, 0x00, 0x00, 0x00, 
  0x00, 0x00, 0x00, 0x00, 0x00, 0x00, 0x00, 0x00, 0x00, 0x00, 0x00, 0xe4, 0xb2, 0x36, 0x3b, 0x3e, 0x3e, 0x44, 0x44, 0x50, 0x57, 0x57, 0x50, 0x35, 0x3b, 0x43, 0x43, 0x4e, 0x50, 0x57, 0x5d, 0x5d, 0x61, 0x65, 0x6e, 0x6e, 0x71, 0x77, 0x78, 0x7f, 0x87, 0x87, 0x90, 0x90, 0x96, 0x96, 0xa0, 0x98, 0xa0, 0xa7, 0xa7, 0xab, 0xab, 0xab, 0xae, 0xae, 0xae, 0xb4, 0xb4, 0xb4, 0xb7, 0xb7, 0xb7, 0xba, 0xba, 0xba, 0xba, 0xba, 0xbc, 0xba, 0xbc, 0xbc, 0xbf, 0xbc, 0xc0, 0xbf, 0xc4, 0xbf, 0xc4, 0xc4, 0xc4, 0xc4, 0xc4, 0xc4, 0xc4, 0xc4, 0xc4, 0xc4, 0xc4, 0xc4, 0xc0, 0xc4, 0xc0, 0xc0, 0xc0, 0xbb, 0xc0, 0xbb, 0xbb, 0xb9, 0xb9, 0xb9, 0xb9, 0xb3, 0xb3, 0x9f, 0x99, 0x99, 0x91, 0x91, 0x86, 0x86, 0x7b, 0x7b, 0x7e, 0x73, 0x6f, 0x64, 0x5a, 0x51, 0x4c, 0x42, 0xcf, 0xe4, 0x00, 0x00, 0x00, 0x00, 0x00, 0x00, 0x00, 0x00, 0x00, 0x00, 0x00, 
  0x00, 0x00, 0x00, 0x00, 0x00, 0x00, 0x00, 0x00, 0x00, 0x00, 0x00, 0x00, 0xe4, 0x56, 0x36, 0x3b, 0x3b, 0x3e, 0x44, 0x4a, 0x57, 0x57, 0x5d, 0x50, 0x36, 0x3e, 0x43, 0x4a, 0x4e, 0x54, 0x54, 0x5d, 0x61, 0x61, 0x6e, 0x6e, 0x71, 0x71, 0x78, 0x81, 0x7f, 0x88, 0x87, 0x90, 0x90, 0x96, 0x98, 0xa0, 0xa0, 0xa0, 0xa7, 0xa7, 0xab, 0xab, 0xab, 0xad, 0xae, 0xae, 0xb4, 0xb4, 0xb4, 0xb7, 0xb7, 0xb7, 0xb7, 0xb7, 0xba, 0xba, 0xba, 0xbd, 0xbd, 0xbc, 0xbd, 0xbc, 0xbf, 0xbf, 0xbf, 0xc4, 0xc4, 0xc0, 0xc4, 0xc4, 0xc4, 0xc4, 0xc4, 0xc4, 0xc4, 0xc4, 0xc4, 0xbf, 0xc0, 0xc0, 0xc0, 0xc0, 0xc0, 0xbb, 0xbd, 0xb9, 0xbb, 0xb9, 0xb9, 0xb3, 0xb9, 0xb1, 0xa8, 0x99, 0x99, 0x91, 0x91, 0x86, 0x86, 0x7b, 0x75, 0x7e, 0x75, 0x6f, 0x64, 0x64, 0x58, 0x4c, 0x42, 0x95, 0xe4, 0x00, 0x00, 0x00, 0x00, 0x00, 0x00, 0x00, 0x00, 0x00, 0x00, 0x00, 0x00, 
  0x00, 0x00, 0x00, 0x00, 0x00, 0x00, 0x00, 0x00, 0x00, 0x00, 0x00, 0x00, 0x00, 0xe1, 0x56, 0x32, 0x36, 0x36, 0x43, 0x4a, 0x50, 0x57, 0x57, 0x61, 0x54, 0x3b, 0x3e, 0x43, 0x4a, 0x4e, 0x54, 0x57, 0x5d, 0x61, 0x65, 0x67, 0x72, 0x71, 0x77, 0x7a, 0x81, 0x7f, 0x90, 0x87, 0x90, 0x90, 0x96, 0x98, 0xa0, 0xa7, 0xa7, 0xa7, 0xab, 0xab, 0xad, 0xae, 0xad, 0xb4, 0xae, 0xb4, 0xb7, 0xb7, 0xb7, 0xb7, 0xba, 0xba, 0xba, 0xba, 0xbd, 0xbc, 0xbd, 0xbc, 0xbd, 0xbf, 0xbd, 0xbf, 0xc4, 0xbf, 0xc4, 0xc4, 0xbf, 0xc4, 0xc4, 0xc4, 0xc4, 0xc4, 0xc0, 0xc4, 0xc0, 0xc0, 0xc0, 0xc0, 0xc0, 0xc0, 0xbb, 0xbb, 0xbb, 0xbb, 0xb9, 0xb9, 0xb9, 0xb3, 0xb3, 0xa8, 0x99, 0x99, 0x91, 0x91, 0x91, 0x86, 0x86, 0x7b, 0x7b, 0x73, 0x73, 0x64, 0x64, 0x5a, 0x4c, 0x42, 0x5c, 0xe1, 0x00, 0x00, 0x00, 0x00, 0x00, 0x00, 0x00, 0x00, 0x00, 0x00, 0x00, 0x00, 0x00, 
  0x00, 0x00, 0x00, 0x00, 0x00, 0x00, 0x00, 0x00, 0x00, 0x00, 0x00, 0x00, 0x00, 0x00, 0xd8, 0x34, 0x2d, 0x36, 0x3e, 0x44, 0x4a, 0x50, 0x57, 0x57, 0x61, 0x5d, 0x3e, 0x3e, 0x43, 0x4a, 0x54, 0x54, 0x5d, 0x5d, 0x61, 0x67, 0x65, 0x71, 0x72, 0x77, 0x7f, 0x7f, 0x87, 0x88, 0x90, 0x90, 0x98, 0x96, 0xa0, 0x98, 0xa7, 0xa7, 0xab, 0xab, 0xab, 0xad, 0xae, 0xae, 0xb1, 0xb4, 0xb3, 0xb4, 0xb7, 0xb7, 0xb7, 0xb7, 0xba, 0xba, 0xbb, 0xba, 0xbd, 0xbc, 0xbd, 0xbc, 0xc0, 0xbf, 0xbf, 0xc4, 0xc0, 0xc4, 0xc4, 0xc4, 0xc0, 0xc4, 0xc0, 0xc0, 0xc0, 0xc0, 0xc0, 0xc0, 0xc0, 0xc0, 0xbb, 0xbd, 0xbb, 0xbb, 0xb9, 0xb9, 0xb9, 0xb9, 0xb3, 0xb3, 0xa8, 0x9f, 0x99, 0x99, 0x91, 0x91, 0x86, 0x86, 0x86, 0x7b, 0x73, 0x73, 0x6d, 0x60, 0x58, 0x4c, 0x42, 0x74, 0xe4, 0x00, 0x00, 0x00, 0x00, 0x00, 0x00, 0x00, 0x00, 0x00, 0x00, 0x00, 0x00, 0x00, 0x00, 
  0x00, 0x00, 0x00, 0x00, 0x00, 0x00, 0x00, 0x00, 0x00, 0x00, 0x00, 0x00, 0x00, 0x00, 0xe4, 0xc5, 0x34, 0x36, 0x3b, 0x3e, 0x44, 0x4a, 0x50, 0x57, 0x5d, 0x61, 0x61, 0x43, 0x3e, 0x43, 0x4e, 0x54, 0x54, 0x5d, 0x5d, 0x65, 0x67, 0x6e, 0x71, 0x78, 0x78, 0x78, 0x7f, 0x88, 0x87, 0x90, 0x90, 0x98, 0x96, 0xa7, 0xa0, 0xab, 0xa7, 0xab, 0xad, 0xab, 0xad, 0xae, 0xae, 0xb4, 0xb4, 0xb3, 0xb7, 0xb7, 0xb9, 0xba, 0xba, 0xba, 0xba, 0xbd, 0xbd, 0xbc, 0xbd, 0xbf, 0xbf, 0xbf, 0xc0, 0xbf, 0xc0, 0xbf, 0xc4, 0xc0, 0xc4, 0xc0, 0xc4, 0xc0, 0xc0, 0xc0, 0xc0, 0xc0, 0xc0, 0xbb, 0xc0, 0xbb, 0xbb, 0xbb, 0xb9, 0xb9, 0xb9, 0xb3, 0xb3, 0xa8, 0x9f, 0x9f, 0x99, 0x99, 0x91, 0x91, 0x86, 0x86, 0x86, 0x7b, 0x73, 0x6d, 0x64, 0x5a, 0x4c, 0x42, 0x4f, 0xd2, 0xe4, 0x00, 0x00, 0x00, 0x00, 0x00, 0x00, 0x00, 0x00, 0x00, 0x00, 0x00, 0x00, 0x00, 0x00, 
  0x00, 0x00, 0x00, 0x00, 0x00, 0x00, 0x00, 0x00, 0x00, 0x00, 0x00, 0x00, 0x00, 0x00, 0x00, 0xe4, 0xaa, 0x30, 0x30, 0x3e, 0x3e, 0x4a, 0x4a, 0x50, 0x57, 0x5d, 0x61, 0x67, 0x4e, 0x3e, 0x4a, 0x4a, 0x54, 0x54, 0x5d, 0x5d, 0x65, 0x6e, 0x6e, 0x71, 0x72, 0x7f, 0x78, 0x7f, 0x88, 0x90, 0x90, 0x96, 0x98, 0x98, 0x98, 0xa7, 0x9d, 0xab, 0xab, 0xad, 0xad, 0xad, 0xb1, 0xb4, 0xb1, 0xb4, 0xb3, 0xb7, 0xb7, 0xb7, 0xb9, 0xba, 0xbb, 0xba, 0xba, 0xbb, 0xbc, 0xc0, 0xbc, 0xc0, 0xbf, 0xc0, 0xc0, 0xc0, 0xc0, 0xc0, 0xc0, 0xc0, 0xc0, 0xc0, 0xc0, 0xbb, 0xc0, 0xbb, 0xc0, 0xbb, 0xbb, 0xbb, 0xbb, 0xbb, 0xb9, 0xb9, 0xb9, 0xb3, 0xa8, 0x9f, 0x9f, 0x99, 0x99, 0x91, 0x91, 0x91, 0x86, 0x86, 0x73, 0x73, 0x6d, 0x64, 0x58, 0x58, 0x42, 0x3f, 0xd8, 0xe4, 0x00, 0x00, 0x00, 0x00, 0x00, 0x00, 0x00, 0x00, 0x00, 0x00, 0x00, 0x00, 0x00, 0x00, 0x00, 
  0x00, 0x00, 0x00, 0x00, 0x00, 0x00, 0x00, 0x00, 0x00, 0x00, 0x00, 0x00, 0x00, 0x00, 0x00, 0x00, 0xe4, 0xd2, 0x2d, 0x35, 0x3b, 0x43, 0x44, 0x50, 0x50, 0x57, 0x5d, 0x61, 0x67, 0x67, 0x43, 0x43, 0x4e, 0x4e, 0x54, 0x5d, 0x5d, 0x65, 0x65, 0x72, 0x71, 0x72, 0x78, 0x7f, 0x7f, 0x88, 0x90, 0x90, 0x90, 0x98, 0xa0, 0x9d, 0xa7, 0x9d, 0xab, 0xa5, 0xab, 0xad, 0xae, 0xad, 0xb1, 0xb4, 0xb1, 0xb7, 0xb3, 0xba, 0xba, 0xba, 0xba, 0xba, 0xbb, 0xba, 0xbd, 0xbb, 0xbc, 0xc0, 0xbd, 0xc0, 0xbf, 0xc0, 0xc0, 0xc0, 0xc0, 0xc0, 0xc0, 0xbb, 0xc0, 0xbb, 0xc0, 0xbb, 0xbb, 0xbb, 0xbb, 0xbb, 0xb9, 0xb9, 0xb9, 0xb0, 0xb0, 0xa8, 0x9f, 0x9f, 0x99, 0x99, 0x91, 0x91, 0x86, 0x86, 0x86, 0x73, 0x73, 0x6d, 0x64, 0x58, 0x4c, 0x3f, 0x49, 0xd8, 0xe4, 0x00, 0x00, 0x00, 0x00, 0x00, 0x00, 0x00, 0x00, 0x00, 0x00, 0x00, 0x00, 0x00, 0x00, 0x00, 0x00, 
  0x00, 0x00, 0x00, 0x00, 0x00, 0x00, 0x00, 0x00, 0x00, 0x00, 0x00, 0x00, 0x00, 0x00, 0x00, 0x00, 0x00, 0xe4, 0x95, 0x3c, 0x36, 0x3b, 0x43, 0x43, 0x4a, 0x50, 0x57, 0x5d, 0x61, 0x67, 0x61, 0x4e, 0x43, 0x4a, 0x4e, 0x54, 0x5d, 0x5d, 0x65, 0x65, 0x6e, 0x72, 0x71, 0x7a, 0x7a, 0x7f, 0x88, 0x90, 0x98, 0x90, 0x98, 0x98, 0x98, 0xa7, 0x9d, 0xab, 0xa5, 0xad, 0xad, 0xb1, 0xae, 0xb1, 0xb4, 0xb3, 0xb7, 0xb7, 0xb9, 0xba, 0xb9, 0xba, 0xbb, 0xba, 0xbb, 0xbc, 0xbb, 0xbd, 0xc0, 0xbd, 0xc0, 0xbf, 0xc0, 0xc0, 0xbb, 0xc0, 0xbb, 0xc0, 0xbb, 0xbb, 0xbb, 0xbb, 0xbb, 0xbb, 0xbb, 0xb9, 0xbb, 0xb0, 0xb9, 0xb0, 0xa8, 0xa8, 0x9f, 0x9f, 0x99, 0x99, 0x91, 0x91, 0x86, 0x86, 0x73, 0x73, 0x6d, 0x64, 0x60, 0x4c, 0x42, 0x4f, 0xc2, 0xe4, 0x00, 0x00, 0x00, 0x00, 0x00, 0x00, 0x00, 0x00, 0x00, 0x00, 0x00, 0x00, 0x00, 0x00, 0x00, 0x00, 0x00, 
  0x00, 0x00, 0x00, 0x00, 0x00, 0x00, 0x00, 0x00, 0x00, 0x00, 0x00, 0x00, 0x00, 0x00, 0x00, 0x00, 0x00, 0x00, 0xe4, 0x95, 0x30, 0x30, 0x3b, 0x3e, 0x43, 0x4a, 0x50, 0x54, 0x5d, 0x61, 0x67, 0x67, 0x61, 0x45, 0x4a, 0x4e, 0x54, 0x54, 0x61, 0x65, 0x65, 0x6e, 0x72, 0x72, 0x7f, 0x7a, 0x7f, 0x88, 0x88, 0x98, 0x90, 0x98, 0x98, 0x9d, 0xa7, 0x9d, 0xab, 0xa5, 0xae, 0xa5, 0xb1, 0xb1, 0xb1, 0xb4, 0xb3, 0xb7, 0xb3, 0xba, 0xba, 0xb9, 0xba, 0xb9, 0xba, 0xbb, 0xbb, 0xbd, 0xbb, 0xc0, 0xbb, 0xc0, 0xbb, 0xbd, 0xc0, 0xbb, 0xc0, 0xbb, 0xbb, 0xbb, 0xbb, 0xbb, 0xb9, 0xbb, 0xb9, 0xb9, 0xb0, 0xb9, 0xa8, 0xa8, 0x9f, 0x9f, 0x9f, 0x99, 0x99, 0x91, 0x91, 0x86, 0x86, 0x73, 0x73, 0x64, 0x64, 0x58, 0x51, 0x4c, 0x3f, 0xd2, 0x00, 0x00, 0x00, 0x00, 0x00, 0x00, 0x00, 0x00, 0x00, 0x00, 0x00, 0x00, 0x00, 0x00, 0x00, 0x00, 0x00, 0x00, 0x00, 
  0x00, 0x00, 0x00, 0x00, 0x00, 0x00, 0x00, 0x00, 0x00, 0x00, 0x00, 0x00, 0x00, 0x00, 0x00, 0x00, 0x00, 0x00, 0x00, 0x00, 0xd2, 0x3c, 0x32, 0x35, 0x3e, 0x43, 0x4a, 0x50, 0x57, 0x57, 0x61, 0x61, 0x67, 0x6e, 0x61, 0x4e, 0x4e, 0x51, 0x54, 0x5d, 0x65, 0x65, 0x6e, 0x72, 0x72, 0x7a, 0x7f, 0x88, 0x88, 0x88, 0x90, 0x90, 0x98, 0x98, 0x98, 0x9d, 0xab, 0x9d, 0xad, 0xa5, 0xad, 0xb1, 0xb1, 0xb1, 0xb4, 0xb3, 0xb7, 0xb3, 0xb7, 0xb9, 0xba, 0xb9, 0xba, 0xbb, 0xba, 0xbb, 0xbb, 0xbb, 0xbb, 0xbb, 0xbd, 0xbb, 0xbb, 0xbb, 0xbb, 0xbb, 0xbb, 0xb9, 0xbb, 0xb9, 0xb9, 0xb9, 0xb0, 0xb9, 0xb0, 0xa8, 0xa8, 0x9f, 0x9f, 0x9f, 0x99, 0x99, 0x91, 0x91, 0x86, 0x86, 0x73, 0x73, 0x6d, 0x64, 0x58, 0x4c, 0x42, 0x70, 0xd8, 0x00, 0x00, 0x00, 0x00, 0x00, 0x00, 0x00, 0x00, 0x00, 0x00, 0x00, 0x00, 0x00, 0x00, 0x00, 0x00, 0x00, 0x00, 0x00, 0x00, 
  0x00, 0x00, 0x00, 0x00, 0x00, 0x00, 0x00, 0x00, 0x00, 0x00, 0x00, 0x00, 0x00, 0x00, 0x00, 0x00, 0x00, 0x00, 0x00, 0xe4, 0x00, 0xc5, 0x3c, 0x30, 0x36, 0x3d, 0x44, 0x4a, 0x4e, 0x54, 0x57, 0x61, 0x61, 0x6e, 0x6e, 0x6e, 0x54, 0x54, 0x4e, 0x54, 0x5a, 0x61, 0x65, 0x6f, 0x6e, 0x72, 0x7a, 0x7f, 0x88, 0x88, 0x88, 0x90, 0x94, 0x98, 0x98, 0x9d, 0x9d, 0x9d, 0xa5, 0xa5, 0xad, 0xb1, 0xad, 0xb1, 0xb1, 0xb1, 0xb7, 0xb3, 0xb7, 0xb9, 0xb9, 0xba, 0xb9, 0xb9, 0xbb, 0xbb, 0xba, 0xbb, 0xbb, 0xbb, 0xbb, 0xbb, 0xbb, 0xbb, 0xbb, 0xbb, 0xb9, 0xbb, 0xb9, 0xb9, 0xb9, 0xb0, 0xb9, 0xb0, 0xa8, 0xa8, 0x9f, 0x9f, 0x9f, 0x99, 0x99, 0x91, 0x91, 0x86, 0x86, 0x73, 0x73, 0x6d, 0x64, 0x60, 0x4c, 0x4c, 0x5e, 0xd8, 0xe4, 0x00, 0x00, 0x00, 0x00, 0x00, 0x00, 0x00, 0x00, 0x00, 0x00, 0x00, 0x00, 0x00, 0x00, 0x00, 0x00, 0x00, 0x00, 0x00, 0x00, 
  0x00, 0x00, 0x00, 0x00, 0x00, 0x00, 0x00, 0x00, 0x00, 0x00, 0x00, 0x00, 0x00, 0x00, 0x00, 0x00, 0x00, 0x00, 0x00, 0x00, 0x00, 0xe4, 0xd2, 0x46, 0x30, 0x36, 0x3d, 0x43, 0x4a, 0x4a, 0x54, 0x57, 0x5d, 0x61, 0x67, 0x6e, 0x71, 0x6e, 0x5a, 0x4e, 0x54, 0x5a, 0x5d, 0x65, 0x6f, 0x72, 0x72, 0x78, 0x7a, 0x7f, 0x88, 0x88, 0x88, 0x90, 0x98, 0x98, 0x98, 0x9d, 0x9d, 0xa5, 0xa5, 0xa5, 0xb1, 0xb1, 0xb1, 0xb1, 0xb1, 0xb3, 0xb3, 0xb7, 0xb3, 0xb3, 0xb9, 0xb9, 0xb9, 0xb9, 0xb9, 0xb9, 0xb9, 0xbb, 0xb9, 0xbb, 0xb9, 0xbb, 0xb9, 0xb9, 0xb9, 0xb9, 0xb9, 0xb9, 0xb0, 0xb0, 0xa8, 0xa8, 0xa8, 0x9f, 0x9f, 0x9f, 0x99, 0x91, 0x91, 0x86, 0x86, 0x7b, 0x73, 0x6d, 0x64, 0x60, 0x60, 0x4c, 0x3f, 0x5c, 0xe1, 0x00, 0x00, 0x00, 0x00, 0x00, 0x00, 0x00, 0x00, 0x00, 0x00, 0x00, 0x00, 0x00, 0x00, 0x00, 0x00, 0x00, 0x00, 0x00, 0x00, 0x00, 0x00, 
  0x00, 0x00, 0x00, 0x00, 0x00, 0x00, 0x00, 0x00, 0x00, 0x00, 0x00, 0x00, 0x00, 0x00, 0x00, 0x00, 0x00, 0x00, 0x00, 0x00, 0x00, 0x00, 0x00, 0xe1, 0x7c, 0x35, 0x36, 0x3b, 0x43, 0x43, 0x4a, 0x54, 0x57, 0x5d, 0x61, 0x65, 0x67, 0x71, 0x6e, 0x6e, 0x65, 0x54, 0x54, 0x5a, 0x65, 0x65, 0x72, 0x72, 0x72, 0x7a, 0x7a, 0x7f, 0x88, 0x88, 0x90, 0x91, 0x98, 0x98, 0x9d, 0x9d, 0xa5, 0xa5, 0xa5, 0xad, 0xa5, 0xb1, 0xb1, 0xb1, 0xb1, 0xb0, 0xb3, 0xb3, 0xb3, 0xb9, 0xb9, 0xb9, 0xb9, 0xb9, 0xb9, 0xb9, 0xb9, 0xb9, 0xb9, 0xb9, 0xb9, 0xb9, 0xb9, 0xb9, 0xb0, 0xb0, 0xb0, 0xa8, 0xa8, 0x9f, 0x9f, 0x9f, 0x99, 0x99, 0x91, 0x91, 0x86, 0x86, 0x7b, 0x73, 0x6d, 0x64, 0x60, 0x58, 0x4c, 0x4c, 0xc5, 0xe1, 0x00, 0x00, 0x00, 0x00, 0x00, 0x00, 0x00, 0x00, 0x00, 0x00, 0x00, 0x00, 0x00, 0x00, 0x00, 0x00, 0x00, 0x00, 0x00, 0x00, 0x00, 0x00, 0x00, 
  0x00, 0x00, 0x00, 0x00, 0x00, 0x00, 0x00, 0x00, 0x00, 0x00, 0x00, 0x00, 0x00, 0x00, 0x00, 0x00, 0x00, 0x00, 0x00, 0x00, 0x00, 0x00, 0x00, 0x00, 0xe4, 0x95, 0x3c, 0x35, 0x3b, 0x3e, 0x43, 0x4a, 0x54, 0x54, 0x5d, 0x61, 0x61, 0x65, 0x6e, 0x6f, 0x77, 0x72, 0x65, 0x5a, 0x65, 0x65, 0x65, 0x6f, 0x72, 0x72, 0x7a, 0x7a, 0x7a, 0x88, 0x88, 0x90, 0x91, 0x98, 0x98, 0x9d, 0x9d, 0x9d, 0xa5, 0xa5, 0xb1, 0xa5, 0xb1, 0xa8, 0xb1, 0xb1, 0xb3, 0xb3, 0xb0, 0xb3, 0xb9, 0xb0, 0xb9, 0xb3, 0xb0, 0xb9, 0xb0, 0xb9, 0xb0, 0xb9, 0xb0, 0xb9, 0xb0, 0xb0, 0xb0, 0xb0, 0xa8, 0xa8, 0x9f, 0x9f, 0x9f, 0x99, 0x99, 0x91, 0x91, 0x86, 0x86, 0x7b, 0x6d, 0x6d, 0x60, 0x60, 0x4c, 0x4c, 0xee, 0xb2, 0xe4, 0x00, 0x00, 0x00, 0x00, 0x00, 0x00, 0x00, 0x00, 0x00, 0x00, 0x00, 0x00, 0x00, 0x00, 0x00, 0x00, 0x00, 0x00, 0x00, 0x00, 0x00, 0x00, 0x00, 0x00, 
  0x00, 0x00, 0x00, 0x00, 0x00, 0x00, 0x00, 0x00, 0x00, 0x00, 0x00, 0x00, 0x00, 0x00, 0x00, 0x00, 0x00, 0x00, 0x00, 0x00, 0x00, 0x00, 0x00, 0x00, 0x00, 0xe4, 0xd8, 0x56, 0x30, 0x35, 0x3e, 0x43, 0x4a, 0x54, 0x54, 0x5d, 0x5d, 0x61, 0x65, 0x67, 0x72, 0x71, 0x78, 0x7f, 0x7f, 0x72, 0x65, 0x65, 0x65, 0x6f, 0x6f, 0x72, 0x7a, 0x7a, 0x88, 0x88, 0x88, 0x91, 0x94, 0x91, 0x9d, 0x9d, 0x9d, 0x9d, 0xa5, 0xa5, 0xa5, 0xb1, 0xa5, 0xb3, 0xb1, 0xb0, 0xb3, 0xb0, 0xb3, 0xb0, 0xb3, 0xb0, 0xb3, 0xb0, 0xb0, 0xb0, 0xb3, 0xb0, 0xb9, 0xb0, 0xb0, 0xb0, 0xa8, 0xa8, 0x9f, 0x9f, 0x9f, 0x99, 0x99, 0x91, 0x91, 0x86, 0x86, 0x86, 0x73, 0x73, 0x64, 0x64, 0x58, 0x4c, 0x42, 0x83, 0xd8, 0xe4, 0x00, 0x00, 0x00, 0x00, 0x00, 0x00, 0x00, 0x00, 0x00, 0x00, 0x00, 0x00, 0x00, 0x00, 0x00, 0x00, 0x00, 0x00, 0x00, 0x00, 0x00, 0x00, 0x00, 0x00, 0x00, 
  0x00, 0x00, 0x00, 0x00, 0x00, 0x00, 0x00, 0x00, 0x00, 0x00, 0x00, 0x00, 0x00, 0x00, 0x00, 0x00, 0x00, 0x00, 0x00, 0x00, 0x00, 0x00, 0x00, 0x00, 0x00, 0x00, 0x00, 0xd8, 0x9c, 0x30, 0x30, 0x3b, 0x43, 0x43, 0x4e, 0x54, 0x54, 0x5d, 0x5d, 0x65, 0x67, 0x6f, 0x71, 0x78, 0x78, 0x7a, 0x7f, 0x7a, 0x7a, 0x7a, 0x6f, 0x6f, 0x6f, 0x72, 0x7a, 0x7a, 0x88, 0x88, 0x86, 0x94, 0x91, 0x98, 0x9d, 0x9d, 0x9d, 0xa5, 0xa5, 0xa5, 0xa5, 0xa8, 0xb1, 0xa8, 0xb1, 0xb0, 0xb1, 0xb0, 0xb3, 0xb0, 0xb1, 0xb0, 0xb1, 0xb0, 0xb1, 0xb0, 0xa8, 0xb0, 0xa8, 0xa8, 0xa8, 0x9f, 0x9f, 0x99, 0x99, 0x99, 0x91, 0x91, 0x86, 0x86, 0x7b, 0x73, 0x6d, 0x64, 0x60, 0x58, 0x4c, 0x5e, 0xc5, 0xe4, 0x00, 0x00, 0x00, 0x00, 0x00, 0x00, 0x00, 0x00, 0x00, 0x00, 0x00, 0x00, 0x00, 0x00, 0x00, 0x00, 0x00, 0x00, 0x00, 0x00, 0x00, 0x00, 0x00, 0x00, 0x00, 0x00, 0x00, 
  0x00, 0x00, 0x00, 0x00, 0x00, 0x00, 0x00, 0x00, 0x00, 0x00, 0x00, 0x00, 0x00, 0x00, 0x00, 0x00, 0x00, 0x00, 0x00, 0x00, 0x00, 0x00, 0x00, 0x00, 0x00, 0x00, 0x00, 0x00, 0xe4, 0xcf, 0x49, 0x35, 0x3b, 0x3d, 0x4a, 0x4a, 0x4e, 0x54, 0x5d, 0x5d, 0x65, 0x65, 0x6e, 0x72, 0x71, 0x78, 0x78, 0x7f, 0x7f, 0x88, 0x8a, 0x90, 0x7f, 0x7a, 0x7a, 0x7a, 0x7a, 0x88, 0x88, 0x88, 0x91, 0x94, 0x91, 0x98, 0x99, 0x9d, 0x9d, 0xa5, 0xa5, 0xa8, 0xa5, 0xa8, 0xa8, 0xb1, 0xa8, 0xb1, 0xa8, 0xb1, 0xb0, 0xb1, 0xa8, 0xb1, 0xa8, 0xa8, 0xa8, 0xa8, 0x9f, 0xa8, 0x9f, 0x99, 0x99, 0x99, 0x91, 0x91, 0x86, 0x86, 0x7b, 0x7b, 0x6d, 0x6d, 0x64, 0x60, 0x58, 0x51, 0x70, 0xcf, 0x00, 0xe4, 0x00, 0x00, 0x00, 0x00, 0x00, 0x00, 0x00, 0x00, 0x00, 0x00, 0x00, 0x00, 0x00, 0x00, 0x00, 0x00, 0x00, 0x00, 0x00, 0x00, 0x00, 0x00, 0x00, 0x00, 0x00, 0x00, 0x00, 
  0x00, 0x00, 0x00, 0x00, 0x00, 0x00, 0x00, 0x00, 0x00, 0x00, 0x00, 0x00, 0x00, 0x00, 0x00, 0x00, 0x00, 0x00, 0x00, 0x00, 0x00, 0x00, 0x00, 0x00, 0x00, 0x00, 0x00, 0x00, 0x00, 0x00, 0xe4, 0xb2, 0x3c, 0x35, 0x3d, 0x43, 0x4a, 0x4e, 0x54, 0x5a, 0x5d, 0x65, 0x65, 0x65, 0x6f, 0x6e, 0x72, 0x78, 0x78, 0x7f, 0x7e, 0x87, 0x90, 0x90, 0x98, 0x98, 0x98, 0x98, 0x98, 0x98, 0x90, 0x91, 0x94, 0x98, 0x98, 0x9d, 0x9d, 0x9d, 0xa5, 0xa5, 0xa8, 0xad, 0xa8, 0xb1, 0xa8, 0xb1, 0xa8, 0xb1, 0xa8, 0xb1, 0xa8, 0xa8, 0xa8, 0x9f, 0x9f, 0x9f, 0x9f, 0x99, 0x99, 0x99, 0x91, 0x91, 0x86, 0x86, 0x7b, 0x7b, 0x6d, 0x6d, 0x64, 0x5a, 0x58, 0x4c, 0x70, 0xcf, 0x00, 0x00, 0x00, 0x00, 0x00, 0x00, 0x00, 0x00, 0x00, 0x00, 0x00, 0x00, 0x00, 0x00, 0x00, 0x00, 0x00, 0x00, 0x00, 0x00, 0x00, 0x00, 0x00, 0x00, 0x00, 0x00, 0x00, 0x00, 0x00, 0x00, 0x00, 
  0x00, 0x00, 0x00, 0x00, 0x00, 0x00, 0x00, 0x00, 0x00, 0x00, 0x00, 0x00, 0x00, 0x00, 0x00, 0x00, 0x00, 0x00, 0x00, 0x00, 0x00, 0x00, 0x00, 0x00, 0x00, 0x00, 0x00, 0x00, 0x00, 0x00, 0x00, 0xe4, 0xd8, 0xaa, 0x49, 0x3b, 0x3d, 0x43, 0x4e, 0x4e, 0x54, 0x54, 0x5d, 0x65, 0x65, 0x65, 0x6e, 0x72, 0x72, 0x78, 0x7a, 0x7f, 0x88, 0x88, 0x90, 0x90, 0x98, 0x90, 0x98, 0x98, 0x98, 0x98, 0x9d, 0x9d, 0x9d, 0x9d, 0xa5, 0xa5, 0xa5, 0xa5, 0xa5, 0xa5, 0xa5, 0xa5, 0xa5, 0xa5, 0xa5, 0xa5, 0xa5, 0x9f, 0xa5, 0x9f, 0xa5, 0x9f, 0x9d, 0x99, 0x99, 0x91, 0x91, 0x91, 0x86, 0x86, 0x7b, 0x7b, 0x6d, 0x6d, 0x64, 0x60, 0x51, 0x4d, 0x5e, 0xc5, 0xe1, 0x00, 0xe4, 0x00, 0x00, 0x00, 0x00, 0x00, 0x00, 0x00, 0x00, 0x00, 0x00, 0x00, 0x00, 0x00, 0x00, 0x00, 0x00, 0x00, 0x00, 0x00, 0x00, 0x00, 0x00, 0x00, 0x00, 0x00, 0x00, 0x00, 0x00, 0x00, 0x00, 
  0x00, 0x00, 0x00, 0x00, 0x00, 0x00, 0x00, 0x00, 0x00, 0x00, 0x00, 0x00, 0x00, 0x00, 0x00, 0x00, 0x00, 0x00, 0x00, 0x00, 0x00, 0x00, 0x00, 0x00, 0x00, 0x00, 0x00, 0x00, 0x00, 0x00, 0x00, 0x00, 0x00, 0xe4, 0xe1, 0x74, 0x3d, 0x3d, 0x45, 0x4a, 0x4e, 0x51, 0x54, 0x5a, 0x5d, 0x65, 0x65, 0x6f, 0x6e, 0x72, 0x78, 0x78, 0x7e, 0x7f, 0x88, 0x88, 0x88, 0x88, 0x90, 0x90, 0x90, 0x98, 0x98, 0x98, 0x98, 0x9d, 0x9d, 0x9d, 0x9d, 0xa5, 0x9d, 0xa5, 0x9d, 0xa5, 0x9f, 0xa5, 0x9f, 0xa5, 0x9f, 0x9f, 0x9f, 0x9d, 0x99, 0x99, 0x99, 0x91, 0x91, 0x91, 0x86, 0x86, 0x86, 0x7b, 0x73, 0x73, 0x6d, 0x64, 0x58, 0x51, 0x4d, 0xa3, 0xe1, 0xe4, 0x00, 0x00, 0x00, 0x00, 0x00, 0x00, 0x00, 0x00, 0x00, 0x00, 0x00, 0x00, 0x00, 0x00, 0x00, 0x00, 0x00, 0x00, 0x00, 0x00, 0x00, 0x00, 0x00, 0x00, 0x00, 0x00, 0x00, 0x00, 0x00, 0x00, 0x00, 0x00, 0x00, 
  0x00, 0x00, 0x00, 0x00, 0x00, 0x00, 0x00, 0x00, 0x00, 0x00, 0x00, 0x00, 0x00, 0x00, 0x00, 0x00, 0x00, 0x00, 0x00, 0x00, 0x00, 0x00, 0x00, 0x00, 0x00, 0x00, 0x00, 0x00, 0x00, 0x00, 0x00, 0x00, 0x00, 0x00, 0x00, 0xe4, 0xe1, 0x95, 0x4f, 0x45, 0x45, 0x45, 0x4e, 0x4e, 0x54, 0x5a, 0x5d, 0x5d, 0x65, 0x65, 0x6f, 0x6f, 0x78, 0x72, 0x78, 0x7a, 0x7a, 0x88, 0x88, 0x88, 0x88, 0x90, 0x90, 0x98, 0x98, 0x98, 0x98, 0x98, 0x98, 0x98, 0x98, 0x98, 0x99, 0x98, 0x99, 0x9d, 0x99, 0x99, 0x99, 0x99, 0x99, 0x91, 0x99, 0x91, 0x91, 0x86, 0x86, 0x7b, 0x7b, 0x7b, 0x73, 0x73, 0x6d, 0x64, 0x64, 0x60, 0xef, 0xc5, 0xe4, 0xe4, 0xe4, 0x00, 0x00, 0x00, 0x00, 0x00, 0x00, 0x00, 0x00, 0x00, 0x00, 0x00, 0x00, 0x00, 0x00, 0x00, 0x00, 0x00, 0x00, 0x00, 0x00, 0x00, 0x00, 0x00, 0x00, 0x00, 0x00, 0x00, 0x00, 0x00, 0x00, 0x00, 0x00, 0x00, 0x00, 
  0x00, 0x00, 0x00, 0x00, 0x00, 0x00, 0x00, 0x00, 0x00, 0x00, 0x00, 0x00, 0x00, 0x00, 0x00, 0x00, 0x00, 0x00, 0x00, 0x00, 0x00, 0x00, 0x00, 0x00, 0x00, 0x00, 0x00, 0x00, 0x00, 0x00, 0x00, 0x00, 0x00, 0x00, 0x00, 0x00, 0x00, 0x00, 0xd8, 0xb2, 0x74, 0x45, 0x3d, 0x45, 0x4e, 0x4e, 0x54, 0x51, 0x5d, 0x5a, 0x65, 0x65, 0x6f, 0x6f, 0x6f, 0x72, 0x72, 0x72, 0x7a, 0x7a, 0x88, 0x7a, 0x88, 0x88, 0x88, 0x91, 0x88, 0x91, 0x90, 0x91, 0x90, 0x91, 0x90, 0x91, 0x91, 0x91, 0x91, 0x91, 0x91, 0x91, 0x86, 0x91, 0x86, 0x86, 0x86, 0x7b, 0x73, 0x7b, 0x6d, 0x6d, 0x64, 0x64, 0x64, 0x6a, 0x9a, 0xc5, 0xe1, 0xe4, 0x00, 0x00, 0x00, 0x00, 0x00, 0x00, 0x00, 0x00, 0x00, 0x00, 0x00, 0x00, 0x00, 0x00, 0x00, 0x00, 0x00, 0x00, 0x00, 0x00, 0x00, 0x00, 0x00, 0x00, 0x00, 0x00, 0x00, 0x00, 0x00, 0x00, 0x00, 0x00, 0x00, 0x00, 0x00, 0x00, 0x00, 
  0x00, 0x00, 0x00, 0x00, 0x00, 0x00, 0x00, 0x00, 0x00, 0x00, 0x00, 0x00, 0x00, 0x00, 0x00, 0x00, 0x00, 0x00, 0x00, 0x00, 0x00, 0x00, 0x00, 0x00, 0x00, 0x00, 0x00, 0x00, 0x00, 0x00, 0x00, 0x00, 0x00, 0x00, 0x00, 0x00, 0x00, 0x00, 0x00, 0xe4, 0xe4, 0xcf, 0x70, 0x3d, 0x3d, 0x45, 0x4e, 0x51, 0x51, 0x5a, 0x5a, 0x5a, 0x65, 0x65, 0x65, 0x6f, 0x6f, 0x72, 0x72, 0x72, 0x72, 0x7a, 0x7a, 0x7a, 0x88, 0x7a, 0x88, 0x88, 0x86, 0x88, 0x86, 0x88, 0x86, 0x88, 0x88, 0x88, 0x86, 0x88, 0x86, 0x86, 0x86, 0x86, 0x7b, 0x7b, 0x73, 0x73, 0x6d, 0x6d, 0x64, 0x60, 0x58, 0x62, 0xf3, 0xd8, 0xe4, 0x00, 0x00, 0x00, 0x00, 0x00, 0x00, 0x00, 0x00, 0x00, 0x00, 0x00, 0x00, 0x00, 0x00, 0x00, 0x00, 0x00, 0x00, 0x00, 0x00, 0x00, 0x00, 0x00, 0x00, 0x00, 0x00, 0x00, 0x00, 0x00, 0x00, 0x00, 0x00, 0x00, 0x00, 0x00, 0x00, 0x00, 0x00, 0x00, 0x00, 
  0x00, 0x00, 0x00, 0x00, 0x00, 0x00, 0x00, 0x00, 0x00, 0x00, 0x00, 0x00, 0x00, 0x00, 0x00, 0x00, 0x00, 0x00, 0x00, 0x00, 0x00, 0x00, 0x00, 0x00, 0x00, 0x00, 0x00, 0x00, 0x00, 0x00, 0x00, 0x00, 0x00, 0x00, 0x00, 0x00, 0x00, 0x00, 0x00, 0x00, 0x00, 0xe4, 0xe4, 0xe1, 0xd2, 0x83, 0x55, 0x45, 0x45, 0x4e, 0x51, 0x54, 0x51, 0x54, 0x5a, 0x5a, 0x65, 0x65, 0x65, 0x6f, 0x6f, 0x72, 0x72, 0x7a, 0x72, 0x7b, 0x72, 0x73, 0x72, 0x7b, 0x7a, 0x7b, 0x7a, 0x7b, 0x7b, 0x7b, 0x7b, 0x7b, 0x7b, 0x73, 0x73, 0x6d, 0x73, 0x64, 0x64, 0x60, 0x60, 0x58, 0x76, 0xf5, 0xd8, 0xe4, 0xe4, 0xe4, 0x00, 0x00, 0x00, 0x00, 0x00, 0x00, 0x00, 0x00, 0x00, 0x00, 0x00, 0x00, 0x00, 0x00, 0x00, 0x00, 0x00, 0x00, 0x00, 0x00, 0x00, 0x00, 0x00, 0x00, 0x00, 0x00, 0x00, 0x00, 0x00, 0x00, 0x00, 0x00, 0x00, 0x00, 0x00, 0x00, 0x00, 0x00, 0x00, 0x00, 0x00, 
  0x00, 0x00, 0x00, 0x00, 0x00, 0x00, 0x00, 0x00, 0x00, 0x00, 0x00, 0x00, 0x00, 0x00, 0x00, 0x00, 0x00, 0x00, 0x00, 0x00, 0x00, 0x00, 0x00, 0x00, 0x00, 0x00, 0x00, 0x00, 0x00, 0x00, 0x00, 0x00, 0x00, 0x00, 0x00, 0x00, 0x00, 0x00, 0x00, 0x00, 0x00, 0x00, 0x00, 0x00, 0xe4, 0x00, 0xd8, 0xcf, 0xaa, 0x83, 0x5e, 0x45, 0x45, 0x51, 0x4e, 0x51, 0x51, 0x5a, 0x5a, 0x65, 0x64, 0x65, 0x6d, 0x6f, 0x6f, 0x6f, 0x6f, 0x6f, 0x6f, 0x6f, 0x73, 0x6f, 0x73, 0x6f, 0x73, 0x6f, 0x73, 0x6f, 0x73, 0x64, 0x64, 0x64, 0x60, 0x62, 0x76, 0x9a, 0xf6, 0xcf, 0xe1, 0x00, 0xe4, 0xe4, 0x00, 0x00, 0x00, 0x00, 0x00, 0x00, 0x00, 0x00, 0x00, 0x00, 0x00, 0x00, 0x00, 0x00, 0x00, 0x00, 0x00, 0x00, 0x00, 0x00, 0x00, 0x00, 0x00, 0x00, 0x00, 0x00, 0x00, 0x00, 0x00, 0x00, 0x00, 0x00, 0x00, 0x00, 0x00, 0x00, 0x00, 0x00, 0x00, 0x00, 0x00, 0x00, 0x00, 
  0x00, 0x00, 0x00, 0x00, 0x00, 0x00, 0x00, 0x00, 0x00, 0x00, 0x00, 0x00, 0x00, 0x00, 0x00, 0x00, 0x00, 0x00, 0x00, 0x00, 0x00, 0x00, 0x00, 0x00, 0x00, 0x00, 0x00, 0x00, 0x00, 0x00, 0x00, 0x00, 0x00, 0x00, 0x00, 0x00, 0x00, 0x00, 0x00, 0x00, 0x00, 0x00, 0x00, 0x00, 0x00, 0x00, 0x00, 0xe4, 0x00, 0xe4, 0xe1, 0xc5, 0x8e, 0x70, 0x4f, 0x4c, 0x45, 0x51, 0x51, 0x5a, 0x5a, 0x5a, 0x5a, 0x5a, 0x5a, 0x5a, 0x5a, 0x5a, 0x60, 0x64, 0x5a, 0x64, 0x64, 0x6d, 0x6d, 0x6d, 0x64, 0x64, 0x64, 0x64, 0xef, 0x8c, 0xf6, 0xd2, 0xe1, 0xe4, 0x00, 0xe4, 0x00, 0x00, 0x00, 0x00, 0x00, 0x00, 0x00, 0x00, 0x00, 0x00, 0x00, 0x00, 0x00, 0x00, 0x00, 0x00, 0x00, 0x00, 0x00, 0x00, 0x00, 0x00, 0x00, 0x00, 0x00, 0x00, 0x00, 0x00, 0x00, 0x00, 0x00, 0x00, 0x00, 0x00, 0x00, 0x00, 0x00, 0x00, 0x00, 0x00, 0x00, 0x00, 0x00, 0x00, 0x00, 0x00, 0x00, 
  0x00, 0x00, 0x00, 0x00, 0x00, 0x00, 0x00, 0x00, 0x00, 0x00, 0x00, 0x00, 0x00, 0x00, 0x00, 0x00, 0x00, 0x00, 0x00, 0x00, 0x00, 0x00, 0x00, 0x00, 0x00, 0x00, 0x00, 0x00, 0x00, 0x00, 0x00, 0x00, 0x00, 0x00, 0x00, 0x00, 0x00, 0x00, 0x00, 0x00, 0x00, 0x00, 0x00, 0x00, 0x00, 0x00, 0x00, 0x00, 0x00, 0x00, 0xe4, 0x00, 0x00, 0xe1, 0xe1, 0xd8, 0xd8, 0xcf, 0xc5, 0xf5, 0x8e, 0x79, 0x6b, 0x66, 0x62, 0x62, 0x62, 0x62, 0x62, 0x62, 0x62, 0x6a, 0x79, 0x8f, 0xa2, 0xf6, 0xca, 0xd2, 0xe2, 0xd8, 0xe1, 0xe1, 0x00, 0xe4, 0x00, 0x00, 0x00, 0x00, 0x00, 0x00, 0x00, 0x00, 0x00, 0x00, 0x00, 0x00, 0x00, 0x00, 0x00, 0x00, 0x00, 0x00, 0x00, 0x00, 0x00, 0x00, 0x00, 0x00, 0x00, 0x00, 0x00, 0x00, 0x00, 0x00, 0x00, 0x00, 0x00, 0x00, 0x00, 0x00, 0x00, 0x00, 0x00, 0x00, 0x00, 0x00, 0x00, 0x00, 0x00, 0x00, 0x00, 0x00, 0x00, 0x00, 0x00, 
};

const lv_img_dsc_t SpO2 = {
  .header.cf = LV_IMG_CF_INDEXED_8BIT,
  .header.always_zero = 0,
  .header.reserved = 0,
  .header.w = 135,
  .header.h = 180,
  .data_size = 25324,
  .data = SpO2_map,
};
